[Licensing::Module] Trying to connect to existing licensing client channel...
Built from '6000.6/staging' branch; Version is '6000.6.3f1 (45d8eee7de74) revision 4577518'; Using compiler version '194234433'; Build Type 'Release'
[Licensing::IpcConnector] Successfully connected to: "LicenseClient-Vili" at "2026-10-01T17:25:38.9617853Z"
OS: 'Windows 11  (10.0.26200) Core' Language: 'fi' Physical Memory: 32023 MB
BatchMode: 1, IsHumanControllingUs: 0, StartBugReporterOnCrash: 0, Is64bit: 1
System  architecture: x64
Process architecture: x64
Date: 2026-10-01T17:25:38Z

COMMAND LINE ARGUMENTS:
C:\Program Files\Unity\Hub\Editor\6000.6.3f1\Editor\Unity.exe
-adb2
-batchMode
-noUpm
-name
AssetImportWorkerHW0
-projectPath
C:/Users/Vili/Desktop/github/Grass-Cutting-Simulator/Grass Cutting Simulator
-logFile
Logs/AssetImportWorkerHW0.log
-srvPort
31172
-parentPid
21032
-analyticsCloudUserId
anonymous
-analyticsCloudProjectId
7d824529-088f-4f09-9f4c-c0d29d82a747
-analyticsLocalProjectId
387bd64261cf92e44b2bed5e80f963ff
-editorAnalyticsEnabled
1
-cbmEditorLicense
cb9776e15f345ce24656809293ac4ff9fbc95dd9
-cbmMachineId
PyBBTEDoBxvTxxwF9jJ6rtLMgCY=
-licensingIpc
LicenseClient-Vili
-noDiagnosticSwitchPersistentStore
-job-worker-count
9
-background-job-worker-count
8
-asset-garbage-collectors
1
-force-d3d12
-name
AssetImport
Successfully changed project path to: C:/Users/Vili/Desktop/github/Grass-Cutting-Simulator/Grass Cutting Simulator
C:/Users/Vili/Desktop/github/Grass-Cutting-Simulator/Grass Cutting Simulator
[UnityMemory] Configuration Parameters - Can be set up in boot.config
    "memorysetup-temp-allocator-size-gi-baking-worker=262144"
    "memorysetup-temp-allocator-size-gi-baking-worker=262144"
    "memorysetup-temp-allocator-size-gi-baking-worker=262144"
    "memorysetup-temp-allocator-size-gi-baking-worker=262144"
    "memorysetup-temp-allocator-size-gi-baking-worker=262144"
    "memorysetup-temp-allocator-size-nav-mesh-worker=65536"
    "memorysetup-temp-allocator-size-audio-worker=65536"
    "memorysetup-temp-allocator-size-cloud-worker=32768"
    "memorysetup-temp-allocator-size-gfx=262144"
    "memorysetup-remapper-allocator-initial-capacity=32768"
    "memorysetup-temp-allocator-size-preload-manager=33554432"
    "memorysetup-allocator-temp-initial-block-size-main=262144"
    "memorysetup-allocator-temp-initial-block-size-worker=262144"
    "memorysetup-temp-allocator-size-job-worker=262144"
    "memorysetup-temp-allocator-size-background-worker=32768"
    "memorysetup-bucket-allocator-granularity=16"
    "memorysetup-bucket-allocator-bucket-count=8"
    "memorysetup-bucket-allocator-block-size=33554432"
    "memorysetup-bucket-allocator-block-count=8"
    "memorysetup-main-allocator-block-size=16777216"
    "memorysetup-thread-allocator-block-size=16777216"
    "memorysetup-main-allocator-mimalloc-enabled=1"
    "memorysetup-gfx-main-allocator-block-size=16777216"
    "memorysetup-gfx-thread-allocator-block-size=16777216"
    "memorysetup-cache-allocator-block-size=4194304"
    "memorysetup-typetree-allocator-block-size=2097152"
    "memorysetup-profiler-bucket-allocator-granularity=16"
    "memorysetup-profiler-bucket-allocator-bucket-count=8"
    "memorysetup-profiler-bucket-allocator-block-size=33554432"
    "memorysetup-profiler-bucket-allocator-block-count=8"
    "memorysetup-profiler-allocator-block-size=16777216"
    "memorysetup-profiler-editor-allocator-block-size=1048576"
    "memorysetup-temp-allocator-size-main=16777216"
    "memorysetup-job-temp-allocator-block-size=2097152"
    "memorysetup-job-temp-allocator-block-size-background=1048576"
    "memorysetup-job-temp-allocator-reduction-small-platforms=262144"
Player connection [22792]  Target information:

Player connection [22792]  * "[IP] 192.168.1.217 [Port] 0 [Flags] 2 [Guid] 2158684625 [EditorId] 2158684625 [Version] 1048832 [Id] WindowsEditor(7,DESKTOP-9AEMHAV) [Debug] 1 [PackageName] WindowsEditor [ProjectName] Editor" 

Player connection [22792]  * "[IP] 192.168.56.1 [Port] 0 [Flags] 2 [Guid] 2158684625 [EditorId] 2158684625 [Version] 1048832 [Id] WindowsEditor(7,DESKTOP-9AEMHAV) [Debug] 1 [PackageName] WindowsEditor [ProjectName] Editor" 

Player connection [22792]  * "[IP] 169.254.123.238 [Port] 0 [Flags] 2 [Guid] 2158684625 [EditorId] 2158684625 [Version] 1048832 [Id] WindowsEditor(7,DESKTOP-9AEMHAV) [Debug] 1 [PackageName] WindowsEditor [ProjectName] Editor" 

Player connection [22792] Host joined multi-casting on [225.0.0.222:54997]...
Player connection [22792] Host joined alternative multi-casting on [225.0.0.222:34997]...
JobSystem: Creating JobQueue using job-worker-count value 9
Input System module state changed to: Initialized.
[Physics::Module] Initialized fallback backend.
[Physics::Module] Id: 0xdecafbad
Library Redirect Path: Library/
Initialising UDS system complete:
  - System type: Client
  - Resource namespace: dea073b6a550bc21f8c3db02f12f4e48
  - Shared memory size: 1073741824
  - Command buffer id: 1052576
  - Command buffer size: 8192
  - Hashmap size: 4194304
  - Service connected: true
  - Service working directory: Library/DataStore/
Refreshing native plugins compatible for Editor in 4.50 ms, found 4 plugins.
[Physics::Module] Selected backend (deferred post-plugins).
[Physics::Module] Name: PhysX
[Physics::Module] Id: 0xf2b8ea05
[Physics::Module] SDK Version: 4.1.2
[Physics::Module] Integration Version: 1.0.0
[Physics::Module] Threading Mode: Multi-Threaded
Initialize engine version: 6000.6.3f1 (45d8eee7de74)
[EntityIdStore] init: VM path (explicit commit), pageSize=4096, blockCount=1048576, entitiesPerBlock=256, slots reserved=4294967296 bytes
[Subsystems] Discovering subsystems at path C:/Program Files/Unity/Hub/Editor/6000.6.3f1/Editor/Data/Resources/UnitySubsystems
[Subsystems] Discovering subsystems at path C:/Users/Vili/Desktop/github/Grass-Cutting-Simulator/Grass Cutting Simulator/Assets
Forcing GfxDevice: Direct3D 12
GfxDevice: creating device client; kGfxThreadingModeNonThreaded
d3d12: failed to query info queue interface (0x80004002).
Direct3D:
    Version:         Direct3D 12 [level 12.2]
    Renderer:        NVIDIA GeForce RTX 5070 Ti (ID=0x2c05)
    Vendor:          NVIDIA
    VRAM:            15995 MB
    App VRAM Budget: 15227 MB
    Driver:          32.0.16.1074
Initialize mono
Mono path[0] = 'C:/Program Files/Unity/Hub/Editor/6000.6.3f1/Editor/Data/Managed'
Mono path[1] = 'C:/Program Files/Unity/Hub/Editor/6000.6.3f1/Editor/Data/BCLExtensions/runtime/netstandard2.1'
Mono path[2] = 'C:/Program Files/Unity/Hub/Editor/6000.6.3f1/Editor/Data/MonoBleedingEdge/lib/mono/unityjit-win32'
Mono config path = 'C:/Program Files/Unity/Hub/Editor/6000.6.3f1/Editor/Data/MonoBleedingEdge/etc'
Using monoOptions --debugger-agent=transport=dt_socket,embedding=1,server=y,suspend=n,address=127.0.0.1:56500
CodeReloadManager initialized
Begin MonoManager ReloadAssembly
[Licensing::Client] Error: HandshakeResponse reported an error:
	ResponseCode: 505
	ResponseStatus: Unsupported protocol version '1.18.3'.
[Licensing::Module] Error: Failed to handshake to channel: "LicenseClient-Vili"
[Licensing::IpcConnector] LicenseClient-Vili channel disconnected successfully.
[Licensing::IpcConnector] Successfully connected to: "LicenseClient-Vili-6000.6.3" at "2026-10-01T17:25:39.7671676Z"
[Licensing::Client] Code 10 while verifying Licensing Client signature (process Id: 16672, path: "C:/Program Files/Unity/Hub/Editor/6000.6.3f1/Editor/Data/Resources/Licensing/Client/Unity.Licensing.Client.exe")
[Licensing::Module] LicensingClient has failed validation; ignoring
Registering precompiled unity dll's ...
Register platform support module: C:/Program Files/Unity/Hub/Editor/6000.6.3f1/Editor/Data/PlaybackEngines/WindowsStandaloneSupport/UnityEditor.WindowsStandalone.Extensions.dll
[Licensing::Client] Handshaking with LicensingClient:
  Version:                 1.18.3+d7ffd15
  Session Id:              022d5512526a4799b2bc09a1502c5cda
  Correlation Id:          947898cfd82374f4dad27c0b7eaf9e4d
  External correlation Id: 5760997912820662157
  Machine Id:              PyBBTEDoBxvTxxwF9jJ6rtLMgCY=
[Licensing::Module] Successfully connected to LicensingClient on channel: "LicenseClient-Vili-6000.6.3" (connect: 0.00s, validation: 0.00s, handshake: 0.00s)
[Licensing::IpcConnector] Successfully connected to: "LicenseClient-Vili-6000.6.3-notifications" at "2026-10-01T17:25:39.7732233Z"
[Licensing::Module] Licensing Background thread has ended after 0.81s
Registered in 0.001252 seconds.
Native extension for WindowsStandalone target not found
Package Manager log level set to [2]
[Package Manager] Failed to launch server process. Reason: Unity was launched with the -noUpm command-line argument
[Package Manager] Unable to send message (not connected to server process).
[Package Manager] Cannot connect to Unity Package Manager local server
ScheduleIndexationOnStartup MainProcess:False IndexOnStartup:True
Scripting: successfully reloaded assembly
- Finished resetting the current domain, in  0.359 seconds
Domain Reload Profiling: 758ms
	BeginReloadAssembly (99ms)
	RebuildCommonClasses (4ms)
	RebuildNativeTypeToScriptingClass (12ms)
	initialDomainReloadingComplete (50ms)
	LoadAllAssembliesAndSetupDomain (234ms)
		LoadAssemblies (96ms)
		TypeCache.Refresh (161ms)
			TypeCache.ScanAssembly (149ms)
		AnalyzeDomain (1ms)
	FinalizeReload (360ms)
		SetupLoadedEditorAssemblies (0ms)
			BeforeProcessingInitializeOnLoad (82ms)
			ProcessInitializeOnLoadAttributes (73ms)
			ProcessInitializeOnLoadMethodAttributes (146ms)
Initializing Unity extensions:
[Licensing::Client] Successfully resolved entitlement details
[Licensing::Module] License group:
  Id: 5773977707800-UnityPersXXXX
  Product: Unity Personal
  Type: Assigned
  Expiration: Unlimited
========================================================================
Worker process is ready to serve import requests
Import Worker Mode flag is 0x00
Begin MonoManager ReloadAssembly
'Packages/com.unity.render-pipelines.core/Editor/Deprecated.cs' contains partial class of Unity.Object, exactly 1 of the partial classes needs to be in a file with the same filename. This is to know the one that can be referenced from ie. GameObjects
'Packages/com.unity.render-pipelines.core/Editor/Deprecated.cs' contains partial class of Unity.Object, exactly 1 of the partial classes needs to be in a file with the same filename. This is to know the one that can be referenced from ie. GameObjects
Native extension for WindowsStandalone target not found
[Package Manager] Failed to launch server process. Reason: Unity was launched with the -noUpm command-line argument
[Package Manager] Unable to send message (not connected to server process).
[Package Manager] Cannot connect to Unity Package Manager local server
[Package Manager] Failed to launch server process. Reason: Unity was launched with the -noUpm command-line argument
[Package Manager] Unable to send message (not connected to server process).
[Package Manager] Cannot connect to Unity Package Manager local server
ScheduleIndexationOnStartup MainProcess:False IndexOnStartup:True
Scripting: successfully reloaded assembly
- Finished resetting the current domain, in  0.907 seconds
Domain Reload Profiling: 1813ms
	BeginReloadAssembly (276ms)
		DisableScriptedObjects (18ms)
		CreateAndSetChildDomain (36ms)
	RebuildCommonClasses (7ms)
	RebuildNativeTypeToScriptingClass (15ms)
	initialDomainReloadingComplete (54ms)
	LoadAllAssembliesAndSetupDomain (553ms)
		LoadAssemblies (344ms)
		TypeCache.Refresh (142ms)
			TypeCache.ScanAssembly (129ms)
		AnalyzeDomain (62ms)
			BuildScriptInfoCaches (56ms)
			ResolveRequiredComponents (4ms)
	FinalizeReload (907ms)
		SetupLoadedEditorAssemblies (0ms)
			BeforeProcessingInitializeOnLoad (92ms)
			ProcessInitializeOnLoadAttributes (254ms)
			ProcessInitializeOnLoadMethodAttributes (95ms)
			AfterProcessingInitializeOnLoad (26ms)
			EditorAssembliesLoaded (8ms)
		AwakeInstancesAfterBackupRestoration (22ms)
AcceleratorClientConnectionCallback - disconnected - :0
Launched and connected shader compiler UnityShaderCompiler.exe after 0.05 seconds
Refreshing native plugins compatible for Editor in 2.94 ms, found 4 plugins.
Unloading 26 Unused Serialized files (Serialized files now loaded: 0)
Unloading 6580 unused Assets / (11.4 MB). Loaded Objects now: 7494.
Memory consumption went from 341.5 MB to 330.1 MB.
Total: 7.686500 ms (FindLiveObjects: 0.643700 ms CreateObjectMapping: 0.567600 ms MarkObjects: 4.247900 ms  DeleteObjects: 1.973000 ms)

========================================================================
Received Import Request.
  Time of request: 2026-10-01T17:25:52.3972771Z
  Time since last request: 257412.31814829999348 seconds.
  importAddress: GUID: 36986a7ae10be8447a485caceba8c0ab - Path: Assets/a_low_poly_3D_model_o_0928225801_refine.fbx - Importer: PreviewImporter
Importing 'GUID: 36986a7ae10be8447a485caceba8c0ab - Path: Assets/a_low_poly_3D_model_o_0928225801_refine.fbx - Importer: PreviewImporter' with importer (PreviewImporter)
Imported 'GUID: 36986a7ae10be8447a485caceba8c0ab' -> (Import Result ID: '8ad278048f55d0fea71c8143440f44e5') in 0.399 seconds [static and dynamic dependencies]. Details - ImportResultOutputID=cab8ca3cab69db54a996231339f48973 DependenciesID=7eca81bf95efd339ec4e091a752c9231 StaticDependenciesID=fb9ffdf78f3d3b9356c717d21252c7f6 
Number of updated asset objects reloaded before import = 0
Number of asset objects unloaded after import = 10
========================================================================
Received Import Request.
  Time of request: 2026-10-01T17:25:52.8076762Z
  Time since last request: 0.0000219 seconds.
  importAddress: GUID: a3da565160a7367429bc2fd058201787 - Path: Assets/New Terrain.asset - Importer: PreviewImporter
Importing 'GUID: a3da565160a7367429bc2fd058201787 - Path: Assets/New Terrain.asset - Importer: PreviewImporter' with importer (PreviewImporter)
Imported 'GUID: a3da565160a7367429bc2fd058201787' -> (Import Result ID: 'f5852a2daa92a8c51506a87a08c61281') in 0.027 seconds [static and dynamic dependencies]. Details - ImportResultOutputID=e39a291eb973b7314541235fdcf94315 DependenciesID=b5875c6f0df71a79809a191ffa110581 StaticDependenciesID=efac774f3715a769db444e46ee2312cc 
Number of updated asset objects reloaded before import = 0
Number of asset objects unloaded after import = 3
========================================================================
Received Prepare
AcceleratorClientConnectionCallback - disconnected - :0
Unloading 31 Unused Serialized files (Serialized files now loaded: 0)
Unloading 31 unused Assets / (18.0 MB). Loaded Objects now: 7656.
Memory consumption went from 371.4 MB to 353.4 MB.
Total: 5.942300 ms (FindLiveObjects: 0.376800 ms CreateObjectMapping: 0.105300 ms MarkObjects: 4.031600 ms  DeleteObjects: 1.208300 ms)

Prepare: number of updated asset objects reloaded= 0
========================================================================
Received Import Request.
  Time of request: 2026-10-01T17:25:55.2819335Z
  Time since last request: 2.4395793 seconds.
  importAddress: GUID: 268a14e7ef45f1542a7d335b0a20d200 - Path: Assets/Polytope Studio/Lowpoly_Environments/Sources/Meshes/Trees/PT_Fruit_Tree_01_logs.fbx - Importer: ScriptedImporter/UnityEditor.QuickSearchModule:UnityEditor.Search:ASIAI0B
Importing 'GUID: 268a14e7ef45f1542a7d335b0a20d200 - Path: Assets/Polytope Studio/Lowpoly_Environments/Sources/Meshes/Trees/PT_Fruit_Tree_01_logs.fbx - Importer: ScriptedImporter/UnityEditor.QuickSearchModule:UnityEditor.Search:ASIAI0B' with importer (ScriptedImporter : UnityEditor.QuickSearchModule:UnityEditor.Search:ASIAI0B)
MaterialLocation.External is obsolete. External Material Location is no longer supported. (Assets/Polytope Studio/Lowpoly_Environments/Sources/Meshes/Trees/PT_Fruit_Tree_01_logs.fbx)
Imported 'GUID: 268a14e7ef45f1542a7d335b0a20d200' -> (Import Result ID: '55929b5533fc0b25814bc15e61b46095') in 0.083 seconds [static and dynamic dependencies]. Details - ImportResultOutputID=e29cfb02d51cf2de24fc8b3ce1d9c420 DependenciesID=07df20f873aa796101a1c583c0d9443a StaticDependenciesID=5fcd6fcb8f96f8b556499d7182b491f1 
Number of updated asset objects reloaded before import = 0
Number of asset objects unloaded after import = 9
========================================================================
Received Import Request.
  Time of request: 2026-10-01T17:25:55.3737163Z
  Time since last request: 0.000018 seconds.
  importAddress: GUID: 194ffb9f0c5b86f4aaa6ac1ef3ade1ed - Path: Assets/Polytope Studio/Lowpoly_Environments/URP/PT_Nature_Free_URP_12.unitypackage - Importer: ScriptedImporter/UnityEditor.QuickSearchModule:UnityEditor.Search:ASIAI0B
Importing 'GUID: 194ffb9f0c5b86f4aaa6ac1ef3ade1ed - Path: Assets/Polytope Studio/Lowpoly_Environments/URP/PT_Nature_Free_URP_12.unitypackage - Importer: ScriptedImporter/UnityEditor.QuickSearchModule:UnityEditor.Search:ASIAI0B' with importer (ScriptedImporter : UnityEditor.QuickSearchModule:UnityEditor.Search:ASIAI0B)
Imported 'GUID: 194ffb9f0c5b86f4aaa6ac1ef3ade1ed' -> (Import Result ID: 'ad7b648f997bd7aeefeeaaa70d0fb348') in 0.003 seconds [static and dynamic dependencies]. Details - ImportResultOutputID=3fca2a038ae6dda71cb6164c49f8e089 DependenciesID=e491b1e9eedb803e04863dd47bdfe8d5 StaticDependenciesID=5e90dfb6cf0a62f8d5f34c2294251fcf 
Number of updated asset objects reloaded before import = 0
Number of asset objects unloaded after import = 1
========================================================================
Received Import Request.
  Time of request: 2026-10-01T17:25:55.3847595Z
  Time since last request: 0.00025 seconds.
  importAddress: GUID: d55b08511377b684395dab1b9fba6a16 - Path: Assets/Polytope Studio/Lowpoly_Village/Sources/Materials/PT_Buildings_mat.mat - Importer: ScriptedImporter/UnityEditor.QuickSearchModule:UnityEditor.Search:ASIAI0B
Importing 'GUID: d55b08511377b684395dab1b9fba6a16 - Path: Assets/Polytope Studio/Lowpoly_Village/Sources/Materials/PT_Buildings_mat.mat - Importer: ScriptedImporter/UnityEditor.QuickSearchModule:UnityEditor.Search:ASIAI0B' with importer (ScriptedImporter : UnityEditor.QuickSearchModule:UnityEditor.Search:ASIAI0B)
Imported 'GUID: d55b08511377b684395dab1b9fba6a16' -> (Import Result ID: 'd4f937ca3989ff3f1828e822dd8c8082') in 0.037 seconds [static and dynamic dependencies]. Details - ImportResultOutputID=40dde3287ccb75b5658a253ed66a4f58 DependenciesID=47d47ab191fa30bc282850a3293f50a7 StaticDependenciesID=2af379cdf55e82f02f7e3e8c48c05c89 
Number of updated asset objects reloaded before import = 0
Number of asset objects unloaded after import = 4
========================================================================
Received Import Request.
  Time of request: 2026-10-01T17:25:55.4302968Z
  Time since last request: 0.0000465 seconds.
  importAddress: GUID: 68d9417a84829c6459075121b8ac78bd - Path: Assets/Polytope Studio/Lowpoly_Environments/URP/PT_Nature_Free_URP_17.unitypackage - Importer: ScriptedImporter/UnityEditor.QuickSearchModule:UnityEditor.Search:ASIAI0B
Importing 'GUID: 68d9417a84829c6459075121b8ac78bd - Path: Assets/Polytope Studio/Lowpoly_Environments/URP/PT_Nature_Free_URP_17.unitypackage - Importer: ScriptedImporter/UnityEditor.QuickSearchModule:UnityEditor.Search:ASIAI0B' with importer (ScriptedImporter : UnityEditor.QuickSearchModule:UnityEditor.Search:ASIAI0B)
Imported 'GUID: 68d9417a84829c6459075121b8ac78bd' -> (Import Result ID: '442d9e5d1a86682dbf81168074943303') in 0.002 seconds [static and dynamic dependencies]. Details - ImportResultOutputID=b14254ee9777550fcfae39835d54fc79 DependenciesID=e566cc720654728ae24ea02791c60c1e StaticDependenciesID=cebd4dd2a81083fd4a3659ba451b5bbf 
Number of updated asset objects reloaded before import = 0
Number of asset objects unloaded after import = 1
========================================================================
Received Import Request.
  Time of request: 2026-10-01T17:25:55.4386105Z
  Time since last request: 0.0002792 seconds.
  importAddress: GUID: 443409fd0c41a114ea53fa917605b527 - Path: Assets/Polytope Studio/Welcome_Screen/Editor/Textures/icon_twitter.png - Importer: ScriptedImporter/UnityEditor.QuickSearchModule:UnityEditor.Search:ASIAI0B
Importing 'GUID: 443409fd0c41a114ea53fa917605b527 - Path: Assets/Polytope Studio/Welcome_Screen/Editor/Textures/icon_twitter.png - Importer: ScriptedImporter/UnityEditor.QuickSearchModule:UnityEditor.Search:ASIAI0B' with importer (ScriptedImporter : UnityEditor.QuickSearchModule:UnityEditor.Search:ASIAI0B)
Imported 'GUID: 443409fd0c41a114ea53fa917605b527' -> (Import Result ID: '14db23f4675e49ceb5ed552ee3119d8a') in 0.020 seconds [static and dynamic dependencies]. Details - ImportResultOutputID=680121f01e08c79015b06114b57b94d7 DependenciesID=23e957ef8ee8c2ca5935cb80cb16c43d StaticDependenciesID=34eec5f1be1646a81c1d15858dffdfe4 
Number of updated asset objects reloaded before import = 0
Number of asset objects unloaded after import = 1
========================================================================
Received Import Request.
  Time of request: 2026-10-01T17:25:55.465331Z
  Time since last request: 0.0003313 seconds.
  importAddress: GUID: aac20e0005fef5248bc0774a19a05e87 - Path: Assets/Polytope Studio/Lowpoly_Environments/Sources/Materials/PT_Generic_Leaf_mat.mat - Importer: ScriptedImporter/UnityEditor.QuickSearchModule:UnityEditor.Search:ASIAI0B
Importing 'GUID: aac20e0005fef5248bc0774a19a05e87 - Path: Assets/Polytope Studio/Lowpoly_Environments/Sources/Materials/PT_Generic_Leaf_mat.mat - Importer: ScriptedImporter/UnityEditor.QuickSearchModule:UnityEditor.Search:ASIAI0B' with importer (ScriptedImporter : UnityEditor.QuickSearchModule:UnityEditor.Search:ASIAI0B)
Imported 'GUID: aac20e0005fef5248bc0774a19a05e87' -> (Import Result ID: '9870059a5aa9d3a0946a13bf10b28de5') in 0.042 seconds [static and dynamic dependencies]. Details - ImportResultOutputID=ac8df51b9b340dfc08bdea0575c98d0c DependenciesID=971799f4a8e29febb28b9fca09f5ea14 StaticDependenciesID=466e6605ae000209ea15069044efd047 
Number of updated asset objects reloaded before import = 0
Number of asset objects unloaded after import = 2
========================================================================
Received Import Request.
  Time of request: 2026-10-01T17:25:55.5144783Z
  Time since last request: 0.0000872 seconds.
  importAddress: GUID: d9f3564d21751d046890366f3fc55400 - Path: Assets/Polytope Studio/Lowpoly_Demos/Environment_Free/Helpers/Terrain/TerrainData_c82c1fc5-a7ad-4f88-a7ff-c071a4dae8e5.asset - Importer: ScriptedImporter/UnityEditor.QuickSearchModule:UnityEditor.Search:ASIAI0B
Importing 'GUID: d9f3564d21751d046890366f3fc55400 - Path: Assets/Polytope Studio/Lowpoly_Demos/Environment_Free/Helpers/Terrain/TerrainData_c82c1fc5-a7ad-4f88-a7ff-c071a4dae8e5.asset - Importer: ScriptedImporter/UnityEditor.QuickSearchModule:UnityEditor.Search:ASIAI0B' with importer (ScriptedImporter : UnityEditor.QuickSearchModule:UnityEditor.Search:ASIAI0B)
Imported 'GUID: d9f3564d21751d046890366f3fc55400' -> (Import Result ID: '971d942e1a1ba2c189dea83145ad829f') in 0.023 seconds [static and dynamic dependencies]. Details - ImportResultOutputID=a94589969d8f1dfdb508f2ff7c48e005 DependenciesID=31fbee7bca175c509871b1bd8d7f4c91 StaticDependenciesID=eb2c21adba3c5ccc241a46e268e940a4 
Number of updated asset objects reloaded before import = 0
Number of asset objects unloaded after import = 97
========================================================================
Received Import Request.
  Time of request: 2026-10-01T17:25:55.546002Z
  Time since last request: 0.0000127 seconds.
  importAddress: GUID: e6ce4253a748b0849a04b87f33cc539d - Path: Assets/Polytope Studio/Lowpoly_Environments/Sources/Materials/PT_Generic_Tree_Trunk_mat.mat - Importer: ScriptedImporter/UnityEditor.QuickSearchModule:UnityEditor.Search:ASIAI0B
Importing 'GUID: e6ce4253a748b0849a04b87f33cc539d - Path: Assets/Polytope Studio/Lowpoly_Environments/Sources/Materials/PT_Generic_Tree_Trunk_mat.mat - Importer: ScriptedImporter/UnityEditor.QuickSearchModule:UnityEditor.Search:ASIAI0B' with importer (ScriptedImporter : UnityEditor.QuickSearchModule:UnityEditor.Search:ASIAI0B)
Imported 'GUID: e6ce4253a748b0849a04b87f33cc539d' -> (Import Result ID: 'f83cab31b974f0ce4517a369e31febdb') in 0.049 seconds [static and dynamic dependencies]. Details - ImportResultOutputID=4e482bb642d4b5137d2b7f78b4bc9575 DependenciesID=c9e2cfe19e517a26ec1eacadb85653b1 StaticDependenciesID=115bb6e78a2a49e9ed03ec5cc543d0c0 
Number of updated asset objects reloaded before import = 0
Number of asset objects unloaded after import = 3
========================================================================
Received Import Request.
  Time of request: 2026-10-01T17:25:55.6026221Z
  Time since last request: 0.0000665 seconds.
  importAddress: GUID: 3ade7fcf53c8246418eb3c493d6d2178 - Path: Assets/Polytope Studio/Lowpoly_Demos/Environment_Free/Helpers/PT_Grass_02_v2.prefab - Importer: ScriptedImporter/UnityEditor.QuickSearchModule:UnityEditor.Search:ASIAI0B
Importing 'GUID: 3ade7fcf53c8246418eb3c493d6d2178 - Path: Assets/Polytope Studio/Lowpoly_Demos/Environment_Free/Helpers/PT_Grass_02_v2.prefab - Importer: ScriptedImporter/UnityEditor.QuickSearchModule:UnityEditor.Search:ASIAI0B' with importer (ScriptedImporter : UnityEditor.QuickSearchModule:UnityEditor.Search:ASIAI0B)
Imported 'GUID: 3ade7fcf53c8246418eb3c493d6d2178' -> (Import Result ID: '395f84ba4ffbc66b5bf4779f62a0e684') in 0.005 seconds [static and dynamic dependencies]. Details - ImportResultOutputID=dde359c5110643271985c5e477649410 DependenciesID=f96550d5a10200abffb39fce99176064 StaticDependenciesID=489e69f4fff772e26f7f6a28f170707b 
Number of updated asset objects reloaded before import = 0
Number of asset objects unloaded after import = 9
========================================================================
Received Import Request.
  Time of request: 2026-10-01T17:25:55.6149098Z
  Time since last request: 0.0000683 seconds.
  importAddress: GUID: c79904a7cd1e74c488b60bd79b66ed54 - Path: Assets/Polytope Studio/Lowpoly_Environments/Sources/Materials - Importer: ScriptedImporter/UnityEditor.QuickSearchModule:UnityEditor.Search:ASIAI0B
Importing 'GUID: c79904a7cd1e74c488b60bd79b66ed54 - Path: Assets/Polytope Studio/Lowpoly_Environments/Sources/Materials - Importer: ScriptedImporter/UnityEditor.QuickSearchModule:UnityEditor.Search:ASIAI0B' with importer (ScriptedImporter : UnityEditor.QuickSearchModule:UnityEditor.Search:ASIAI0B)
Imported 'GUID: c79904a7cd1e74c488b60bd79b66ed54' -> (Import Result ID: 'bf55a74bc53b7c87a9925f1c4803b9cc') in 0.002 seconds [static and dynamic dependencies]. Details - ImportResultOutputID=d262d6cd350c680fa1254975d2b12eb8 DependenciesID=736d6b3cda225ac0e4a638f9fed4fb59 StaticDependenciesID=3452235eb2134521c6539ee9084cf552 
Number of updated asset objects reloaded before import = 0
Number of asset objects unloaded after import = 1
========================================================================
Received Import Request.
  Time of request: 2026-10-01T17:25:55.6234545Z
  Time since last request: 0.0002459 seconds.
  importAddress: GUID: e011a827265c38e44baeae9310a2a9e2 - Path: Assets/Polytope Studio/Lowpoly_Environments/Sources/Meshes/Rocks/PT_Ore_Rock_01_split.fbx - Importer: ScriptedImporter/UnityEditor.QuickSearchModule:UnityEditor.Search:ASIAI0B
Importing 'GUID: e011a827265c38e44baeae9310a2a9e2 - Path: Assets/Polytope Studio/Lowpoly_Environments/Sources/Meshes/Rocks/PT_Ore_Rock_01_split.fbx - Importer: ScriptedImporter/UnityEditor.QuickSearchModule:UnityEditor.Search:ASIAI0B' with importer (ScriptedImporter : UnityEditor.QuickSearchModule:UnityEditor.Search:ASIAI0B)
MaterialLocation.External is obsolete. External Material Location is no longer supported. (Assets/Polytope Studio/Lowpoly_Environments/Sources/Meshes/Rocks/PT_Ore_Rock_01_split.fbx)
Imported 'GUID: e011a827265c38e44baeae9310a2a9e2' -> (Import Result ID: '440c093591e44d448bacd4e352c626e1') in 0.007 seconds [static and dynamic dependencies]. Details - ImportResultOutputID=674690321fa9b5c03a90434064b079b6 DependenciesID=95f249173c4fef7a12656b3ce209eee6 StaticDependenciesID=8fbd1db5cfcb9767f5f08a7498ee1828 
Number of updated asset objects reloaded before import = 0
Number of asset objects unloaded after import = 20
========================================================================
Received Import Request.
  Time of request: 2026-10-01T17:25:55.6378241Z
  Time since last request: 0.0002868 seconds.
  importAddress: GUID: f7ce30ec9b280b34cacb1a1005349890 - Path: Assets/Polytope Studio/Lowpoly_Demos/Environment_Free/Helpers/Ground_Layer_02.terrainlayer - Importer: ScriptedImporter/UnityEditor.QuickSearchModule:UnityEditor.Search:ASIAI0B
Importing 'GUID: f7ce30ec9b280b34cacb1a1005349890 - Path: Assets/Polytope Studio/Lowpoly_Demos/Environment_Free/Helpers/Ground_Layer_02.terrainlayer - Importer: ScriptedImporter/UnityEditor.QuickSearchModule:UnityEditor.Search:ASIAI0B' with importer (ScriptedImporter : UnityEditor.QuickSearchModule:UnityEditor.Search:ASIAI0B)
Imported 'GUID: f7ce30ec9b280b34cacb1a1005349890' -> (Import Result ID: '3e0f0b20d5d2d2ade665dfc69cc8cfdf') in 0.005 seconds [static and dynamic dependencies]. Details - ImportResultOutputID=1797870fd0e61bfe10c4457289d6f309 DependenciesID=e4b11852e9a88ac49566db4d3a59d647 StaticDependenciesID=3ad5a49e2b115fcd3f37023c77bcadf9 
Number of updated asset objects reloaded before import = 0
Number of asset objects unloaded after import = 2
========================================================================
Received Import Request.
  Time of request: 2026-10-01T17:25:55.6507064Z
  Time since last request: 0.0003057 seconds.
  importAddress: GUID: 955f7ab7f12013b42b2aa2e494846f3a - Path: Assets/Polytope Studio/Lowpoly_Village/Sources/Meshes/Modular/Fence/PT_Modular_Fence_Wood_03.fbx - Importer: ScriptedImporter/UnityEditor.QuickSearchModule:UnityEditor.Search:ASIAI0B
Importing 'GUID: 955f7ab7f12013b42b2aa2e494846f3a - Path: Assets/Polytope Studio/Lowpoly_Village/Sources/Meshes/Modular/Fence/PT_Modular_Fence_Wood_03.fbx - Importer: ScriptedImporter/UnityEditor.QuickSearchModule:UnityEditor.Search:ASIAI0B' with importer (ScriptedImporter : UnityEditor.QuickSearchModule:UnityEditor.Search:ASIAI0B)
MaterialLocation.External is obsolete. External Material Location is no longer supported. (Assets/Polytope Studio/Lowpoly_Village/Sources/Meshes/Modular/Fence/PT_Modular_Fence_Wood_03.fbx)
Imported 'GUID: 955f7ab7f12013b42b2aa2e494846f3a' -> (Import Result ID: 'e45aba2053887a305db52888163d4555') in 0.008 seconds [static and dynamic dependencies]. Details - ImportResultOutputID=6bd479458239e947f67b8b314dfc67e2 DependenciesID=a327c9b480c4ffc449c34c72914183a3 StaticDependenciesID=4d05966d7bf2cc1b52be115f7a406981 
Number of updated asset objects reloaded before import = 0
Number of asset objects unloaded after import = 10
========================================================================
Received Import Request.
  Time of request: 2026-10-01T17:25:55.666377Z
  Time since last request: 0.0001017 seconds.
  importAddress: GUID: 233bc25dd4bfa8846b700d547592a78e - Path: Assets/Polytope Studio/Lowpoly_Environments/Sources/Meshes - Importer: ScriptedImporter/UnityEditor.QuickSearchModule:UnityEditor.Search:ASIAI0B
Importing 'GUID: 233bc25dd4bfa8846b700d547592a78e - Path: Assets/Polytope Studio/Lowpoly_Environments/Sources/Meshes - Importer: ScriptedImporter/UnityEditor.QuickSearchModule:UnityEditor.Search:ASIAI0B' with importer (ScriptedImporter : UnityEditor.QuickSearchModule:UnityEditor.Search:ASIAI0B)
Imported 'GUID: 233bc25dd4bfa8846b700d547592a78e' -> (Import Result ID: 'db2780f8fd76eb8c926dcfb91abef28e') in 0.001 seconds [static and dynamic dependencies]. Details - ImportResultOutputID=29f40996b4a636d330c17658f6bb9257 DependenciesID=5d9cd719b7e1c210d6440bcecf02ad87 StaticDependenciesID=61bd9cc802335d1108551ce00a473fad 
Number of updated asset objects reloaded before import = 0
Number of asset objects unloaded after import = 1
========================================================================
Received Import Request.
  Time of request: 2026-10-01T17:25:55.6749047Z
  Time since last request: 0.0002605 seconds.
  importAddress: GUID: c31bf8ec8e29cd74f9fb9a970fde7a53 - Path: Assets/Polytope Studio/Lowpoly_Environments/Prefabs/Trees/PT_Fruit_Tree_01_green.prefab - Importer: ScriptedImporter/UnityEditor.QuickSearchModule:UnityEditor.Search:ASIAI0B
Importing 'GUID: c31bf8ec8e29cd74f9fb9a970fde7a53 - Path: Assets/Polytope Studio/Lowpoly_Environments/Prefabs/Trees/PT_Fruit_Tree_01_green.prefab - Importer: ScriptedImporter/UnityEditor.QuickSearchModule:UnityEditor.Search:ASIAI0B' with importer (ScriptedImporter : UnityEditor.QuickSearchModule:UnityEditor.Search:ASIAI0B)
Imported 'GUID: c31bf8ec8e29cd74f9fb9a970fde7a53' -> (Import Result ID: 'f5da0f798cef8dfa9e694c9bca45541e') in 0.003 seconds [static and dynamic dependencies]. Details - ImportResultOutputID=2fe620d0f35d823d472c3043ad7ee0bd DependenciesID=54b7e8b45fd4906dec59fbb00c3a6f6d StaticDependenciesID=27b81b13c96c325cb476cd3cafb750f8 
Number of updated asset objects reloaded before import = 0
Number of asset objects unloaded after import = 20
========================================================================
Received Import Request.
  Time of request: 2026-10-01T17:25:55.6857371Z
  Time since last request: 0.0002979 seconds.
  importAddress: GUID: 759f0621eee5d054190312b280f3d0ef - Path: Assets/Polytope Studio/Lowpoly_Environments/Sources/Meshes/Trees - Importer: ScriptedImporter/UnityEditor.QuickSearchModule:UnityEditor.Search:ASIAI0B
Importing 'GUID: 759f0621eee5d054190312b280f3d0ef - Path: Assets/Polytope Studio/Lowpoly_Environments/Sources/Meshes/Trees - Importer: ScriptedImporter/UnityEditor.QuickSearchModule:UnityEditor.Search:ASIAI0B' with importer (ScriptedImporter : UnityEditor.QuickSearchModule:UnityEditor.Search:ASIAI0B)
Imported 'GUID: 759f0621eee5d054190312b280f3d0ef' -> (Import Result ID: '17cbb842a9b3eda2d9d3eea9d83de7fd') in 0.001 seconds [static and dynamic dependencies]. Details - ImportResultOutputID=503270d32d5672b4a142406ed85526c8 DependenciesID=30a86d889bd704f4c60e2ca5a76e9943 StaticDependenciesID=8eb319b2fb5a59bf2eb9c641d99992b8 
Number of updated asset objects reloaded before import = 0
Number of asset objects unloaded after import = 1
========================================================================
Received Import Request.
  Time of request: 2026-10-01T17:25:55.6942253Z
  Time since last request: 0.0002496 seconds.
  importAddress: GUID: f2e008cefb3ff674e8c681a3f961fb80 - Path: Assets/Polytope Studio/Lowpoly_Demos/Environment_Free/Helpers/Terrain/TerrainData_88efe361-6f68-4188-bcd0-e9554ca440b9.asset - Importer: ScriptedImporter/UnityEditor.QuickSearchModule:UnityEditor.Search:ASIAI0B
Importing 'GUID: f2e008cefb3ff674e8c681a3f961fb80 - Path: Assets/Polytope Studio/Lowpoly_Demos/Environment_Free/Helpers/Terrain/TerrainData_88efe361-6f68-4188-bcd0-e9554ca440b9.asset - Importer: ScriptedImporter/UnityEditor.QuickSearchModule:UnityEditor.Search:ASIAI0B' with importer (ScriptedImporter : UnityEditor.QuickSearchModule:UnityEditor.Search:ASIAI0B)
The tree PT_Caesars_Mushroom_01 must use the Nature/Soft Occlusion shader. Otherwise billboarding/lighting will not work correctly.
UnityEngine.Debug:ExtractStackTraceNoAlloc (byte*,int,string)
UnityEngine.StackTraceUtility:ExtractStackTrace ()
UnityEditor.AssetDatabase:LoadMainAssetAtPath (string)
UnityEditor.Search.AssetIndexer:IndexProperties (int&,string&,bool&)
UnityEditor.Search.AssetIndexer:IndexDocument (string,bool)
UnityEditor.Search.SearchIndexArtifactImporter:OnImportAsset (UnityEditor.AssetImporters.AssetImportContext)
UnityEditor.AssetImporters.ScriptedImporter:GenerateAssetData (UnityEditor.AssetImporters.AssetImportContext)

[C:\build\output\unity\unity\Modules\Terrain\Public\TreeDatabase.cpp line 355]

Imported 'GUID: f2e008cefb3ff674e8c681a3f961fb80' -> (Import Result ID: 'b20663ad24d3c14ae7b29c8eadbea942') in 0.050 seconds [static and dynamic dependencies]. Details - ImportResultOutputID=8b38c94c47bc79a5df4bf2a1104b53e7 DependenciesID=6a6b281755b670a696f2dfad40bcc3be StaticDependenciesID=ffe88a967462f251b097e598b1440b17 
Number of updated asset objects reloaded before import = 0
Number of asset objects unloaded after import = 142
========================================================================
Received Import Request.
  Time of request: 2026-10-01T17:25:55.7529437Z
  Time since last request: 0.0000146 seconds.
  importAddress: GUID: be41ee6ac43e67344981ef736f6e5ca2 - Path: Assets/Polytope Studio/Lowpoly_Environments - Importer: ScriptedImporter/UnityEditor.QuickSearchModule:UnityEditor.Search:ASIAI0B
Importing 'GUID: be41ee6ac43e67344981ef736f6e5ca2 - Path: Assets/Polytope Studio/Lowpoly_Environments - Importer: ScriptedImporter/UnityEditor.QuickSearchModule:UnityEditor.Search:ASIAI0B' with importer (ScriptedImporter : UnityEditor.QuickSearchModule:UnityEditor.Search:ASIAI0B)
Imported 'GUID: be41ee6ac43e67344981ef736f6e5ca2' -> (Import Result ID: '29b3e07aff1987eec2496ae025455ffc') in 0.003 seconds [static and dynamic dependencies]. Details - ImportResultOutputID=7d9dcb83870628da5611f1ca110bbfb1 DependenciesID=e34a9dd1ea7b68dc3450326352476700 StaticDependenciesID=1a2229f1a3015a7e644b6f8bbc2dd9aa 
Number of updated asset objects reloaded before import = 0
Number of asset objects unloaded after import = 1
========================================================================
Received Import Request.
  Time of request: 2026-10-01T17:25:55.7634446Z
  Time since last request: 0.0002514 seconds.
  importAddress: GUID: fa0c858bdcc96034db2d517c25f78cbc - Path: Assets/Polytope Studio/Welcome_Screen/Editor/Textures/demo2.png - Importer: ScriptedImporter/UnityEditor.QuickSearchModule:UnityEditor.Search:ASIAI0B
Importing 'GUID: fa0c858bdcc96034db2d517c25f78cbc - Path: Assets/Polytope Studio/Welcome_Screen/Editor/Textures/demo2.png - Importer: ScriptedImporter/UnityEditor.QuickSearchModule:UnityEditor.Search:ASIAI0B' with importer (ScriptedImporter : UnityEditor.QuickSearchModule:UnityEditor.Search:ASIAI0B)
Imported 'GUID: fa0c858bdcc96034db2d517c25f78cbc' -> (Import Result ID: '6a2eb9fdb7470876acddac27062a15bc') in 0.004 seconds [static and dynamic dependencies]. Details - ImportResultOutputID=ca886a641c08415bfe8db1da8fd213c8 DependenciesID=1f4e214f2188dffd8a83e82302ceb210 StaticDependenciesID=99178081acc5baa95c67283e16da280c 
Number of updated asset objects reloaded before import = 0
Number of asset objects unloaded after import = 1
========================================================================
Received Import Request.
  Time of request: 2026-10-01T17:25:55.7739106Z
  Time since last request: 0.0002625 seconds.
  importAddress: GUID: c074246cbfde8eb4bb1b1203417f3bf2 - Path: Assets/Polytope Studio/Lowpoly_Environments/Prefabs/Rocks - Importer: ScriptedImporter/UnityEditor.QuickSearchModule:UnityEditor.Search:ASIAI0B
Importing 'GUID: c074246cbfde8eb4bb1b1203417f3bf2 - Path: Assets/Polytope Studio/Lowpoly_Environments/Prefabs/Rocks - Importer: ScriptedImporter/UnityEditor.QuickSearchModule:UnityEditor.Search:ASIAI0B' with importer (ScriptedImporter : UnityEditor.QuickSearchModule:UnityEditor.Search:ASIAI0B)
Imported 'GUID: c074246cbfde8eb4bb1b1203417f3bf2' -> (Import Result ID: '4d8438cc5d5c861bae9a68266933bbcd') in 0.002 seconds [static and dynamic dependencies]. Details - ImportResultOutputID=d08cbbaecf4b7e9e4ee0f00dd71316e7 DependenciesID=9f8928217475e91dbfbad0959ab1acf2 StaticDependenciesID=be314a17a3ba628e88dce2292bbacadf 
Number of updated asset objects reloaded before import = 0
Number of asset objects unloaded after import = 1
========================================================================
Received Import Request.
  Time of request: 2026-10-01T17:25:55.7826583Z
  Time since last request: 0.0003849 seconds.
  importAddress: GUID: 2133ab72c9db7a848a24f4062c21aa18 - Path: Assets/Polytope Studio/Welcome_Screen/Editor/Textures/game5.png - Importer: ScriptedImporter/UnityEditor.QuickSearchModule:UnityEditor.Search:ASIAI0B
Importing 'GUID: 2133ab72c9db7a848a24f4062c21aa18 - Path: Assets/Polytope Studio/Welcome_Screen/Editor/Textures/game5.png - Importer: ScriptedImporter/UnityEditor.QuickSearchModule:UnityEditor.Search:ASIAI0B' with importer (ScriptedImporter : UnityEditor.QuickSearchModule:UnityEditor.Search:ASIAI0B)
Imported 'GUID: 2133ab72c9db7a848a24f4062c21aa18' -> (Import Result ID: '04e252d7ce969de31e0c65072775427a') in 0.004 seconds [static and dynamic dependencies]. Details - ImportResultOutputID=831cfaf1ffbd1b203755899223c91760 DependenciesID=f71d34f1a8d5926f11f2b175e61c4144 StaticDependenciesID=0139a0ebf36750d45314efe0dcdca263 
Number of updated asset objects reloaded before import = 0
Number of asset objects unloaded after import = 1
========================================================================
Received Import Request.
  Time of request: 2026-10-01T17:25:55.7965911Z
  Time since last request: 0.0032997 seconds.
  importAddress: GUID: 021e9eaa88033da4c94bcdeddffe6562 - Path: Assets/Polytope Studio/Lowpoly_Environments/Sources/Meshes/Trees/PT_Pine_Tree_03_dead.fbx - Importer: ScriptedImporter/UnityEditor.QuickSearchModule:UnityEditor.Search:ASIAI0B
Importing 'GUID: 021e9eaa88033da4c94bcdeddffe6562 - Path: Assets/Polytope Studio/Lowpoly_Environments/Sources/Meshes/Trees/PT_Pine_Tree_03_dead.fbx - Importer: ScriptedImporter/UnityEditor.QuickSearchModule:UnityEditor.Search:ASIAI0B' with importer (ScriptedImporter : UnityEditor.QuickSearchModule:UnityEditor.Search:ASIAI0B)
MaterialLocation.External is obsolete. External Material Location is no longer supported. (Assets/Polytope Studio/Lowpoly_Environments/Sources/Meshes/Trees/PT_Pine_Tree_03_dead.fbx)
Imported 'GUID: 021e9eaa88033da4c94bcdeddffe6562' -> (Import Result ID: '728b03b22b75a4b0b176da5df429758a') in 0.006 seconds [static and dynamic dependencies]. Details - ImportResultOutputID=da0cca130da525bb10a858f6d0bd2363 DependenciesID=8db2674cfded3985cfc4d9e5f580373c StaticDependenciesID=1b4cf23542bb5a6f1eb2031fb7467ae6 
Number of updated asset objects reloaded before import = 0
Number of asset objects unloaded after import = 20
========================================================================
Received Import Request.
  Time of request: 2026-10-01T17:25:55.8097619Z
  Time since last request: 0.0003282 seconds.
  importAddress: GUID: d2f321fff7f05aa49ad106541e997dd3 - Path: Assets/Polytope Studio/Lowpoly_Environments/Sources/Textures/PT_Fruit_Tree_Leaves_01.png - Importer: ScriptedImporter/UnityEditor.QuickSearchModule:UnityEditor.Search:ASIAI0B
Importing 'GUID: d2f321fff7f05aa49ad106541e997dd3 - Path: Assets/Polytope Studio/Lowpoly_Environments/Sources/Textures/PT_Fruit_Tree_Leaves_01.png - Importer: ScriptedImporter/UnityEditor.QuickSearchModule:UnityEditor.Search:ASIAI0B' with importer (ScriptedImporter : UnityEditor.QuickSearchModule:UnityEditor.Search:ASIAI0B)
Imported 'GUID: d2f321fff7f05aa49ad106541e997dd3' -> (Import Result ID: 'c32cb5b70c48ffbe94d24f21d8813eb9') in 0.007 seconds [static and dynamic dependencies]. Details - ImportResultOutputID=2a4c3279c45b1b6957605b9c00e7f4d3 DependenciesID=b92fc4ada4b5220e9358d3482e695569 StaticDependenciesID=fb394b30c79692e53753d595f0232887 
Number of updated asset objects reloaded before import = 0
Number of asset objects unloaded after import = 1
========================================================================
Received Import Request.
  Time of request: 2026-10-01T17:25:55.826305Z
  Time since last request: 0.0004036 seconds.
  importAddress: GUID: e5e1b3c0d2be60b47981235187af0936 - Path: Assets/Polytope Studio/Lowpoly_Environments/Sources/Meshes/Rocks/PT_River_Rock_Pile_02.fbx - Importer: ScriptedImporter/UnityEditor.QuickSearchModule:UnityEditor.Search:ASIAI0B
Importing 'GUID: e5e1b3c0d2be60b47981235187af0936 - Path: Assets/Polytope Studio/Lowpoly_Environments/Sources/Meshes/Rocks/PT_River_Rock_Pile_02.fbx - Importer: ScriptedImporter/UnityEditor.QuickSearchModule:UnityEditor.Search:ASIAI0B' with importer (ScriptedImporter : UnityEditor.QuickSearchModule:UnityEditor.Search:ASIAI0B)
MaterialLocation.External is obsolete. External Material Location is no longer supported. (Assets/Polytope Studio/Lowpoly_Environments/Sources/Meshes/Rocks/PT_River_Rock_Pile_02.fbx)
Imported 'GUID: e5e1b3c0d2be60b47981235187af0936' -> (Import Result ID: 'ef07743582ba93fbea4fc9d42be38c8d') in 0.006 seconds [static and dynamic dependencies]. Details - ImportResultOutputID=f8c834e197c9383347b1bb46c840bf73 DependenciesID=92832cd543f82cf80e75cb3efa00c4a9 StaticDependenciesID=05d394c93388c534b483d1c00684bc8a 
Number of updated asset objects reloaded before import = 0
Number of asset objects unloaded after import = 20
========================================================================
Received Import Request.
  Time of request: 2026-10-01T17:25:55.8390041Z
  Time since last request: 0.0002115 seconds.
  importAddress: GUID: a195a893970f3ab4990bd06e18a0b308 - Path: Assets/Polytope Studio/Lowpoly_Environments/Sources/Textures/PT_Rocks_01.png - Importer: ScriptedImporter/UnityEditor.QuickSearchModule:UnityEditor.Search:ASIAI0B
Importing 'GUID: a195a893970f3ab4990bd06e18a0b308 - Path: Assets/Polytope Studio/Lowpoly_Environments/Sources/Textures/PT_Rocks_01.png - Importer: ScriptedImporter/UnityEditor.QuickSearchModule:UnityEditor.Search:ASIAI0B' with importer (ScriptedImporter : UnityEditor.QuickSearchModule:UnityEditor.Search:ASIAI0B)
Imported 'GUID: a195a893970f3ab4990bd06e18a0b308' -> (Import Result ID: '6194f81360c62bf777d9d9cea6894469') in 0.011 seconds [static and dynamic dependencies]. Details - ImportResultOutputID=a7d12d8053e848d2945d763b35e0db39 DependenciesID=10e68b4a62560fcf8bdd5a7ec751c631 StaticDependenciesID=9e8e3502463f4b1dc64a45e2ae487d06 
Number of updated asset objects reloaded before import = 0
Number of asset objects unloaded after import = 1
========================================================================
Received Import Request.
  Time of request: 2026-10-01T17:25:55.8569458Z
  Time since last request: 0.0001701 seconds.
  importAddress: GUID: 14ce2d65946738f43a28d751e95a91c2 - Path: Assets/Polytope Studio/Lowpoly_Environments/Sources/Shaders - Importer: ScriptedImporter/UnityEditor.QuickSearchModule:UnityEditor.Search:ASIAI0B
Importing 'GUID: 14ce2d65946738f43a28d751e95a91c2 - Path: Assets/Polytope Studio/Lowpoly_Environments/Sources/Shaders - Importer: ScriptedImporter/UnityEditor.QuickSearchModule:UnityEditor.Search:ASIAI0B' with importer (ScriptedImporter : UnityEditor.QuickSearchModule:UnityEditor.Search:ASIAI0B)
Imported 'GUID: 14ce2d65946738f43a28d751e95a91c2' -> (Import Result ID: '59241643464cd9fa732d90106d522a2d') in 0.002 seconds [static and dynamic dependencies]. Details - ImportResultOutputID=806631d84cff8fe5263c834a07a6d818 DependenciesID=a016e46886d59a2f1ab9eb15dc369714 StaticDependenciesID=00644755c1e5804a8d7f23ae1a74a535 
Number of updated asset objects reloaded before import = 0
Number of asset objects unloaded after import = 1
========================================================================
Received Import Request.
  Time of request: 2026-10-01T17:25:55.8670972Z
  Time since last request: 0.0003023 seconds.
  importAddress: GUID: 3ebf65d3a6489594ca09a35d85d43b0a - Path: Assets/Polytope Studio/Lowpoly_Environments/Sources/Meshes/Trees/PT_Fruit_Tree_01_dead.fbx - Importer: ScriptedImporter/UnityEditor.QuickSearchModule:UnityEditor.Search:ASIAI0B
Importing 'GUID: 3ebf65d3a6489594ca09a35d85d43b0a - Path: Assets/Polytope Studio/Lowpoly_Environments/Sources/Meshes/Trees/PT_Fruit_Tree_01_dead.fbx - Importer: ScriptedImporter/UnityEditor.QuickSearchModule:UnityEditor.Search:ASIAI0B' with importer (ScriptedImporter : UnityEditor.QuickSearchModule:UnityEditor.Search:ASIAI0B)
MaterialLocation.External is obsolete. External Material Location is no longer supported. (Assets/Polytope Studio/Lowpoly_Environments/Sources/Meshes/Trees/PT_Fruit_Tree_01_dead.fbx)
Imported 'GUID: 3ebf65d3a6489594ca09a35d85d43b0a' -> (Import Result ID: '277522824e70419d330516ce5327ad53') in 0.006 seconds [static and dynamic dependencies]. Details - ImportResultOutputID=5dbb911359f7792a257f1fe65a211368 DependenciesID=2580a05490ecc07989f272690c32b95a StaticDependenciesID=3165a149dd18dfa5e67c8b9366f9b9e6 
Number of updated asset objects reloaded before import = 0
Number of asset objects unloaded after import = 20
========================================================================
Received Import Request.
  Time of request: 2026-10-01T17:25:55.8803803Z
  Time since last request: 0.0002428 seconds.
  importAddress: GUID: 52ac57c2c14c60b4d88913beb57dce00 - Path: Assets/Polytope Studio/Lowpoly_Demos/Environment_Free/Helpers/Ground_Layer_01.terrainlayer - Importer: ScriptedImporter/UnityEditor.QuickSearchModule:UnityEditor.Search:ASIAI0B
Importing 'GUID: 52ac57c2c14c60b4d88913beb57dce00 - Path: Assets/Polytope Studio/Lowpoly_Demos/Environment_Free/Helpers/Ground_Layer_01.terrainlayer - Importer: ScriptedImporter/UnityEditor.QuickSearchModule:UnityEditor.Search:ASIAI0B' with importer (ScriptedImporter : UnityEditor.QuickSearchModule:UnityEditor.Search:ASIAI0B)
Imported 'GUID: 52ac57c2c14c60b4d88913beb57dce00' -> (Import Result ID: '7832f1e62d08569283df3e37441d617c') in 0.004 seconds [static and dynamic dependencies]. Details - ImportResultOutputID=c572262afc23a0235db6ce67115dcdc4 DependenciesID=8bb9a3bef8cd9ead24641b3b548f14c4 StaticDependenciesID=8c33da4af41cedb8998c7d82a228be87 
Number of updated asset objects reloaded before import = 0
Number of asset objects unloaded after import = 2
========================================================================
Received Import Request.
  Time of request: 2026-10-01T17:25:55.8925197Z
  Time since last request: 0.0003121 seconds.
  importAddress: GUID: 0ef9f3b550a8ffd40ab0be1ae6034fe1 - Path: Assets/Polytope Studio/Lowpoly_Environments/Sources/Meshes/Trees/PT_Fruit_Tree_01_plums.fbx - Importer: ScriptedImporter/UnityEditor.QuickSearchModule:UnityEditor.Search:ASIAI0B
Importing 'GUID: 0ef9f3b550a8ffd40ab0be1ae6034fe1 - Path: Assets/Polytope Studio/Lowpoly_Environments/Sources/Meshes/Trees/PT_Fruit_Tree_01_plums.fbx - Importer: ScriptedImporter/UnityEditor.QuickSearchModule:UnityEditor.Search:ASIAI0B' with importer (ScriptedImporter : UnityEditor.QuickSearchModule:UnityEditor.Search:ASIAI0B)
MaterialLocation.External is obsolete. External Material Location is no longer supported. (Assets/Polytope Studio/Lowpoly_Environments/Sources/Meshes/Trees/PT_Fruit_Tree_01_plums.fbx)
Imported 'GUID: 0ef9f3b550a8ffd40ab0be1ae6034fe1' -> (Import Result ID: '3b49f0fcf318e9fe0d2d5a681a256b67') in 0.005 seconds [static and dynamic dependencies]. Details - ImportResultOutputID=ddabc5b2020c7c1822450962fab20c49 DependenciesID=577139dd9ba480af66f1bca57c1d6c4c StaticDependenciesID=2fc296b23d2ec28b56f84a40307c3881 
Number of updated asset objects reloaded before import = 0
Number of asset objects unloaded after import = 20
========================================================================
Received Import Request.
  Time of request: 2026-10-01T17:25:55.9058807Z
  Time since last request: 0.0001344 seconds.
  importAddress: GUID: 53e1939cdeda3f04caaa240bfd830e5e - Path: Assets/Polytope Studio/Lowpoly_Environments/Prefabs/Trees/PT_Pine_Tree_03_dead_cut.prefab - Importer: ScriptedImporter/UnityEditor.QuickSearchModule:UnityEditor.Search:ASIAI0B
Importing 'GUID: 53e1939cdeda3f04caaa240bfd830e5e - Path: Assets/Polytope Studio/Lowpoly_Environments/Prefabs/Trees/PT_Pine_Tree_03_dead_cut.prefab - Importer: ScriptedImporter/UnityEditor.QuickSearchModule:UnityEditor.Search:ASIAI0B' with importer (ScriptedImporter : UnityEditor.QuickSearchModule:UnityEditor.Search:ASIAI0B)
Imported 'GUID: 53e1939cdeda3f04caaa240bfd830e5e' -> (Import Result ID: '04eb90d4954b4f18bc62cbf541fc1d9f') in 0.006 seconds [static and dynamic dependencies]. Details - ImportResultOutputID=fcdea8bbc5e70bb9027f59fc84815d92 DependenciesID=f80fa9e7269a2b0333d7f2e5e4ad69f9 StaticDependenciesID=1ab239a57452d38ac823a8a66c43ae54 
Number of updated asset objects reloaded before import = 0
Number of asset objects unloaded after import = 9
========================================================================
Received Import Request.
  Time of request: 2026-10-01T17:25:55.9197419Z
  Time since last request: 0.0000415 seconds.
  importAddress: GUID: 21a364ddeffc797439f2a5721660b0e6 - Path: Assets/Polytope Studio/Lowpoly_Village/Prefabs/Modular/Fence/PT_Modular_Fence_Wood_01.prefab - Importer: ScriptedImporter/UnityEditor.QuickSearchModule:UnityEditor.Search:ASIAI0B
Importing 'GUID: 21a364ddeffc797439f2a5721660b0e6 - Path: Assets/Polytope Studio/Lowpoly_Village/Prefabs/Modular/Fence/PT_Modular_Fence_Wood_01.prefab - Importer: ScriptedImporter/UnityEditor.QuickSearchModule:UnityEditor.Search:ASIAI0B' with importer (ScriptedImporter : UnityEditor.QuickSearchModule:UnityEditor.Search:ASIAI0B)
Imported 'GUID: 21a364ddeffc797439f2a5721660b0e6' -> (Import Result ID: 'd8e0db060a76526f05974b819229c544') in 0.005 seconds [static and dynamic dependencies]. Details - ImportResultOutputID=023e346ae1a1e3ae29eb939342a022d4 DependenciesID=5ea301b0d77ee713533d627d4feda7c3 StaticDependenciesID=5b304724ba18a2c4cb60673f77a513b6 
Number of updated asset objects reloaded before import = 0
Number of asset objects unloaded after import = 10
========================================================================
Received Import Request.
  Time of request: 2026-10-01T17:25:55.9323224Z
  Time since last request: 0.0000123 seconds.
  importAddress: GUID: fb18d91a172a7f646a87b3d1b31e20e5 - Path: Assets/Polytope Studio/Welcome_Screen/Editor/Textures/icon_Youtube.png - Importer: ScriptedImporter/UnityEditor.QuickSearchModule:UnityEditor.Search:ASIAI0B
Importing 'GUID: fb18d91a172a7f646a87b3d1b31e20e5 - Path: Assets/Polytope Studio/Welcome_Screen/Editor/Textures/icon_Youtube.png - Importer: ScriptedImporter/UnityEditor.QuickSearchModule:UnityEditor.Search:ASIAI0B' with importer (ScriptedImporter : UnityEditor.QuickSearchModule:UnityEditor.Search:ASIAI0B)
Imported 'GUID: fb18d91a172a7f646a87b3d1b31e20e5' -> (Import Result ID: 'f3dcb5f6311491a6abc9beb8d081da15') in 0.003 seconds [static and dynamic dependencies]. Details - ImportResultOutputID=e97e405b61e5cd8ae7a6dcdebd84a531 DependenciesID=c1e6f946393c11c8d978c320f9a05f24 StaticDependenciesID=26dff069ac1abb9b7a45715e686b09f7 
Number of updated asset objects reloaded before import = 0
Number of asset objects unloaded after import = 1
========================================================================
Received Import Request.
  Time of request: 2026-10-01T17:25:55.9434312Z
  Time since last request: 0.0002611 seconds.
  importAddress: GUID: 8c71f03fcb0c13644a30696cafc5cda8 - Path: Assets/Polytope Studio/Lowpoly_Environments/Sources/Meshes/Plants/PT_Grass_02.fbx - Importer: ScriptedImporter/UnityEditor.QuickSearchModule:UnityEditor.Search:ASIAI0B
Importing 'GUID: 8c71f03fcb0c13644a30696cafc5cda8 - Path: Assets/Polytope Studio/Lowpoly_Environments/Sources/Meshes/Plants/PT_Grass_02.fbx - Importer: ScriptedImporter/UnityEditor.QuickSearchModule:UnityEditor.Search:ASIAI0B' with importer (ScriptedImporter : UnityEditor.QuickSearchModule:UnityEditor.Search:ASIAI0B)
MaterialLocation.External is obsolete. External Material Location is no longer supported. (Assets/Polytope Studio/Lowpoly_Environments/Sources/Meshes/Plants/PT_Grass_02.fbx)
Imported 'GUID: 8c71f03fcb0c13644a30696cafc5cda8' -> (Import Result ID: 'e5ac052828ba4fbdc03f4e0521486579') in 0.006 seconds [static and dynamic dependencies]. Details - ImportResultOutputID=c212beadba03e2f98df49aff8f9cce26 DependenciesID=48ad08a2b9031b02200407d37fca3b58 StaticDependenciesID=9abc3adbb5ae083989e4501d0cc615c0 
Number of updated asset objects reloaded before import = 0
Number of asset objects unloaded after import = 20
========================================================================
Received Import Request.
  Time of request: 2026-10-01T17:25:55.9612943Z
  Time since last request: 0.0044353 seconds.
  importAddress: GUID: 3b363c299ea09004da446d737b8dc988 - Path: Assets/Polytope Studio/Welcome_Screen/Editor/Textures/icon_artstation.png - Importer: ScriptedImporter/UnityEditor.QuickSearchModule:UnityEditor.Search:ASIAI0B
Importing 'GUID: 3b363c299ea09004da446d737b8dc988 - Path: Assets/Polytope Studio/Welcome_Screen/Editor/Textures/icon_artstation.png - Importer: ScriptedImporter/UnityEditor.QuickSearchModule:UnityEditor.Search:ASIAI0B' with importer (ScriptedImporter : UnityEditor.QuickSearchModule:UnityEditor.Search:ASIAI0B)
Imported 'GUID: 3b363c299ea09004da446d737b8dc988' -> (Import Result ID: 'e7b66d7a923d43f90f9a3e6ce0e99a26') in 0.005 seconds [static and dynamic dependencies]. Details - ImportResultOutputID=f35667a1f59e4eecbbd7dc3df7b0cf43 DependenciesID=ef608eb2547cd814077091484f3b702c StaticDependenciesID=5505a5ad4f38b809a96aad943d11bfba 
Number of updated asset objects reloaded before import = 0
Number of asset objects unloaded after import = 1
========================================================================
Received Import Request.
  Time of request: 2026-10-01T17:25:55.9746419Z
  Time since last request: 0.0003389 seconds.
  importAddress: GUID: d909ab474b336d64d92b2e7c7418929d - Path: Assets/Polytope Studio/Welcome_Screen/Editor/Textures/game2.png - Importer: ScriptedImporter/UnityEditor.QuickSearchModule:UnityEditor.Search:ASIAI0B
Importing 'GUID: d909ab474b336d64d92b2e7c7418929d - Path: Assets/Polytope Studio/Welcome_Screen/Editor/Textures/game2.png - Importer: ScriptedImporter/UnityEditor.QuickSearchModule:UnityEditor.Search:ASIAI0B' with importer (ScriptedImporter : UnityEditor.QuickSearchModule:UnityEditor.Search:ASIAI0B)
Imported 'GUID: d909ab474b336d64d92b2e7c7418929d' -> (Import Result ID: 'd9758a6ccf7da3132c6909ebd5b2ee3d') in 0.007 seconds [static and dynamic dependencies]. Details - ImportResultOutputID=adddf9822d9460754972d34c832b13ac DependenciesID=64c5f921a4c6801554ec9c52eb2238e9 StaticDependenciesID=1f823cedfa1ba699c1056d721266ea86 
Number of updated asset objects reloaded before import = 0
Number of asset objects unloaded after import = 1
========================================================================
Received Import Request.
  Time of request: 2026-10-01T17:25:55.9892605Z
  Time since last request: 0.0003079 seconds.
  importAddress: GUID: d250af4848f51154f9a2bf6a85b60ac2 - Path: Assets/Polytope Studio/Lowpoly_Environments/Prefabs/Trees/PT_Pine_Tree_03_green.prefab - Importer: ScriptedImporter/UnityEditor.QuickSearchModule:UnityEditor.Search:ASIAI0B
Importing 'GUID: d250af4848f51154f9a2bf6a85b60ac2 - Path: Assets/Polytope Studio/Lowpoly_Environments/Prefabs/Trees/PT_Pine_Tree_03_green.prefab - Importer: ScriptedImporter/UnityEditor.QuickSearchModule:UnityEditor.Search:ASIAI0B' with importer (ScriptedImporter : UnityEditor.QuickSearchModule:UnityEditor.Search:ASIAI0B)
Imported 'GUID: d250af4848f51154f9a2bf6a85b60ac2' -> (Import Result ID: '8c34e2a37cfc4fc7f0198646b9af11ad') in 0.003 seconds [static and dynamic dependencies]. Details - ImportResultOutputID=cfc7b590c0ec327e22b59924b83eb0f4 DependenciesID=46a6e0ba4ba32ec178035de0f766bd24 StaticDependenciesID=a16b2628e423e3af1b88bcee70206bbd 
Number of updated asset objects reloaded before import = 0
Number of asset objects unloaded after import = 20
========================================================================
Received Import Request.
  Time of request: 2026-10-01T17:25:55.9998351Z
  Time since last request: 0.0002124 seconds.
  importAddress: GUID: 7201153531db4b04e8c60b3351b1d959 - Path: Assets/Polytope Studio/Lowpoly_Environments/Sources/Meshes/Plants - Importer: ScriptedImporter/UnityEditor.QuickSearchModule:UnityEditor.Search:ASIAI0B
Importing 'GUID: 7201153531db4b04e8c60b3351b1d959 - Path: Assets/Polytope Studio/Lowpoly_Environments/Sources/Meshes/Plants - Importer: ScriptedImporter/UnityEditor.QuickSearchModule:UnityEditor.Search:ASIAI0B' with importer (ScriptedImporter : UnityEditor.QuickSearchModule:UnityEditor.Search:ASIAI0B)
Imported 'GUID: 7201153531db4b04e8c60b3351b1d959' -> (Import Result ID: '09f1830947f6f326db7a5e9634e88f48') in 0.002 seconds [static and dynamic dependencies]. Details - ImportResultOutputID=a2d1873a0ed755a0e0628ecfadf6e8f5 DependenciesID=67c06228682ac0ddb07ccac91ff41b05 StaticDependenciesID=3fd3db71a9862fccf096cc4c791a4a79 
Number of updated asset objects reloaded before import = 0
Number of asset objects unloaded after import = 1
========================================================================
Received Import Request.
  Time of request: 2026-10-01T17:25:56.0084781Z
  Time since last request: 0.0002875 seconds.
  importAddress: GUID: bee651b89d6b3ef48b19cfe8a4c9fa42 - Path: Assets/Polytope Studio/Lowpoly_Environments/Prefabs/Rocks/PT_River_Rock_Pile_02.prefab - Importer: ScriptedImporter/UnityEditor.QuickSearchModule:UnityEditor.Search:ASIAI0B
Importing 'GUID: bee651b89d6b3ef48b19cfe8a4c9fa42 - Path: Assets/Polytope Studio/Lowpoly_Environments/Prefabs/Rocks/PT_River_Rock_Pile_02.prefab - Importer: ScriptedImporter/UnityEditor.QuickSearchModule:UnityEditor.Search:ASIAI0B' with importer (ScriptedImporter : UnityEditor.QuickSearchModule:UnityEditor.Search:ASIAI0B)
Imported 'GUID: bee651b89d6b3ef48b19cfe8a4c9fa42' -> (Import Result ID: '1aab3107723de8711cdd3c2b80ac7773') in 0.003 seconds [static and dynamic dependencies]. Details - ImportResultOutputID=2eba809501c8d7614c596801a17d6ac0 DependenciesID=9f1f53dca3db34ca133289162b8731cb StaticDependenciesID=43ff7c6a715ba343c47af5f4f5bace20 
Number of updated asset objects reloaded before import = 0
Number of asset objects unloaded after import = 20
========================================================================
Received Import Request.
  Time of request: 2026-10-01T17:25:56.0181663Z
  Time since last request: 0.0003135 seconds.
  importAddress: GUID: be10e17a73c475f41849cedee3245fd3 - Path: Assets/Polytope Studio/Lowpoly_Village/Sources/Meshes/Modular/Fence/PT_Modular_Gate_Wood_01.fbx - Importer: ScriptedImporter/UnityEditor.QuickSearchModule:UnityEditor.Search:ASIAI0B
Importing 'GUID: be10e17a73c475f41849cedee3245fd3 - Path: Assets/Polytope Studio/Lowpoly_Village/Sources/Meshes/Modular/Fence/PT_Modular_Gate_Wood_01.fbx - Importer: ScriptedImporter/UnityEditor.QuickSearchModule:UnityEditor.Search:ASIAI0B' with importer (ScriptedImporter : UnityEditor.QuickSearchModule:UnityEditor.Search:ASIAI0B)
MaterialLocation.External is obsolete. External Material Location is no longer supported. (Assets/Polytope Studio/Lowpoly_Village/Sources/Meshes/Modular/Fence/PT_Modular_Gate_Wood_01.fbx)
Imported 'GUID: be10e17a73c475f41849cedee3245fd3' -> (Import Result ID: 'ef7b05c4b38f087ee6c99c4a74ef4500') in 0.005 seconds [static and dynamic dependencies]. Details - ImportResultOutputID=216ccc2ba2da49063db0a2fb52039f1f DependenciesID=f3813397e500f34a0d4c0b45ef3b2caf StaticDependenciesID=0b1938f1b278c70bf79da533e4424aba 
Number of updated asset objects reloaded before import = 0
Number of asset objects unloaded after import = 22
========================================================================
Received Import Request.
  Time of request: 2026-10-01T17:25:56.0313961Z
  Time since last request: 0.0002123 seconds.
  importAddress: GUID: db696abb7e2d76c409c7c5cdb95101a0 - Path: Assets/Polytope Studio/Lowpoly_Village/Sources - Importer: ScriptedImporter/UnityEditor.QuickSearchModule:UnityEditor.Search:ASIAI0B
Importing 'GUID: db696abb7e2d76c409c7c5cdb95101a0 - Path: Assets/Polytope Studio/Lowpoly_Village/Sources - Importer: ScriptedImporter/UnityEditor.QuickSearchModule:UnityEditor.Search:ASIAI0B' with importer (ScriptedImporter : UnityEditor.QuickSearchModule:UnityEditor.Search:ASIAI0B)
Imported 'GUID: db696abb7e2d76c409c7c5cdb95101a0' -> (Import Result ID: '5235880d13a3f961273e9575d1cde303') in 0.002 seconds [static and dynamic dependencies]. Details - ImportResultOutputID=5a74b1e0a7a0ac8946418c7a01d4f2fe DependenciesID=3870985e9420bdb0bc0dda736f343d33 StaticDependenciesID=e615c395aa7a4605e30355f2f34e05fe 
Number of updated asset objects reloaded before import = 0
Number of asset objects unloaded after import = 1
========================================================================
Received Import Request.
  Time of request: 2026-10-01T17:25:56.0417236Z
  Time since last request: 0.0003747 seconds.
  importAddress: GUID: 0ed9a6c5c2e1c8845a27b9272cc81405 - Path: Assets/Polytope Studio/Welcome_Screen/Editor/Textures/game6.png - Importer: ScriptedImporter/UnityEditor.QuickSearchModule:UnityEditor.Search:ASIAI0B
Importing 'GUID: 0ed9a6c5c2e1c8845a27b9272cc81405 - Path: Assets/Polytope Studio/Welcome_Screen/Editor/Textures/game6.png - Importer: ScriptedImporter/UnityEditor.QuickSearchModule:UnityEditor.Search:ASIAI0B' with importer (ScriptedImporter : UnityEditor.QuickSearchModule:UnityEditor.Search:ASIAI0B)
Imported 'GUID: 0ed9a6c5c2e1c8845a27b9272cc81405' -> (Import Result ID: 'b28e8cc75f50630eb3825f959062d4d8') in 0.005 seconds [static and dynamic dependencies]. Details - ImportResultOutputID=7fe01a5c6d92205eeb34eacaf78d3b99 DependenciesID=2dfc137f7d21b9e293f8def13493d087 StaticDependenciesID=6cb0b721a1d2b406328495eb2ce630b2 
Number of updated asset objects reloaded before import = 0
Number of asset objects unloaded after import = 1
========================================================================
Received Import Request.
  Time of request: 2026-10-01T17:25:56.0555104Z
  Time since last request: 0.0002567 seconds.
  importAddress: GUID: 58cd8dc8c2359174baa15aa31e302c8b - Path: Assets/Polytope Studio/Lowpoly_Environments/Prefabs/Rocks/PT_Generic_Rock_01.prefab - Importer: ScriptedImporter/UnityEditor.QuickSearchModule:UnityEditor.Search:ASIAI0B
Importing 'GUID: 58cd8dc8c2359174baa15aa31e302c8b - Path: Assets/Polytope Studio/Lowpoly_Environments/Prefabs/Rocks/PT_Generic_Rock_01.prefab - Importer: ScriptedImporter/UnityEditor.QuickSearchModule:UnityEditor.Search:ASIAI0B' with importer (ScriptedImporter : UnityEditor.QuickSearchModule:UnityEditor.Search:ASIAI0B)
Imported 'GUID: 58cd8dc8c2359174baa15aa31e302c8b' -> (Import Result ID: 'edfcfa6baea544516c336ee8b92d8216') in 0.003 seconds [static and dynamic dependencies]. Details - ImportResultOutputID=3a12cb00529246c8c438067a5adc2997 DependenciesID=909ac50a6494e4c8926c8de4cb8acf77 StaticDependenciesID=d2bad7e6decf61859aea54ecfb788810 
Number of updated asset objects reloaded before import = 0
Number of asset objects unloaded after import = 20
========================================================================
Received Import Request.
  Time of request: 2026-10-01T17:25:56.0665066Z
  Time since last request: 0.0002521 seconds.
  importAddress: GUID: 3dd97330b2ebd884e9f796894e026064 - Path: Assets/Polytope Studio/Lowpoly_Environments/Prefabs/Rocks/PT_Ore_Rock_01.prefab - Importer: ScriptedImporter/UnityEditor.QuickSearchModule:UnityEditor.Search:ASIAI0B
Importing 'GUID: 3dd97330b2ebd884e9f796894e026064 - Path: Assets/Polytope Studio/Lowpoly_Environments/Prefabs/Rocks/PT_Ore_Rock_01.prefab - Importer: ScriptedImporter/UnityEditor.QuickSearchModule:UnityEditor.Search:ASIAI0B' with importer (ScriptedImporter : UnityEditor.QuickSearchModule:UnityEditor.Search:ASIAI0B)
Imported 'GUID: 3dd97330b2ebd884e9f796894e026064' -> (Import Result ID: '9489ba1a566c8bf32f58948f63af2427') in 0.003 seconds [static and dynamic dependencies]. Details - ImportResultOutputID=d3966b031fdfdd487ad0e5f8a75edafa DependenciesID=a5b971abbf1e02b94f789622dc86c869 StaticDependenciesID=50ae2f587bc39bd876ff08050729cb87 
Number of updated asset objects reloaded before import = 0
Number of asset objects unloaded after import = 20
========================================================================
Received Import Request.
  Time of request: 2026-10-01T17:25:56.077338Z
  Time since last request: 0.0003971 seconds.
  importAddress: GUID: 255b400e6b8ac644588946664da1ff3f - Path: Assets/Polytope Studio/Lowpoly_Village/Sources/Shaders/PT_Buildings_Shader_PBR.shader - Importer: ScriptedImporter/UnityEditor.QuickSearchModule:UnityEditor.Search:ASIAI0B
Importing 'GUID: 255b400e6b8ac644588946664da1ff3f - Path: Assets/Polytope Studio/Lowpoly_Village/Sources/Shaders/PT_Buildings_Shader_PBR.shader - Importer: ScriptedImporter/UnityEditor.QuickSearchModule:UnityEditor.Search:ASIAI0B' with importer (ScriptedImporter : UnityEditor.QuickSearchModule:UnityEditor.Search:ASIAI0B)
Imported 'GUID: 255b400e6b8ac644588946664da1ff3f' -> (Import Result ID: '20b72b3d9b215ba222ed3a86fb7c0185') in 0.008 seconds [static and dynamic dependencies]. Details - ImportResultOutputID=31a0e5b5ced85b2e23bc14714755745d DependenciesID=31e16e6bd4598d7e56c22de743078b22 StaticDependenciesID=5a891b4cdfbd4ea944aa674ca694353a 
Number of updated asset objects reloaded before import = 0
Number of asset objects unloaded after import = 1
========================================================================
Received Import Request.
  Time of request: 2026-10-01T17:25:56.0927088Z
  Time since last request: 0.0002874 seconds.
  importAddress: GUID: 8f5721f45a4372242a249d3bb70958a8 - Path: Assets/Polytope Studio/Lowpoly_Demos/Environment_Free/Helpers/PT_PlayerMovement.cs - Importer: ScriptedImporter/UnityEditor.QuickSearchModule:UnityEditor.Search:ASIAI0B
Importing 'GUID: 8f5721f45a4372242a249d3bb70958a8 - Path: Assets/Polytope Studio/Lowpoly_Demos/Environment_Free/Helpers/PT_PlayerMovement.cs - Importer: ScriptedImporter/UnityEditor.QuickSearchModule:UnityEditor.Search:ASIAI0B' with importer (ScriptedImporter : UnityEditor.QuickSearchModule:UnityEditor.Search:ASIAI0B)
Imported 'GUID: 8f5721f45a4372242a249d3bb70958a8' -> (Import Result ID: '5f4979712fc9d48145ee17851e47d663') in 0.003 seconds [static and dynamic dependencies]. Details - ImportResultOutputID=83604956165879e9c9b2a8e3d5cd8133 DependenciesID=5375c56a8e1446862c58e5625bc8b194 StaticDependenciesID=781b47ef37edea0ad0792b5bf3d69fd9 
Number of updated asset objects reloaded before import = 0
Number of asset objects unloaded after import = 0
========================================================================
Received Import Request.
  Time of request: 2026-10-01T17:25:56.1035556Z
  Time since last request: 0.0003573 seconds.
  importAddress: GUID: 6cdd667aa0034cd4dadc8d58a65fb098 - Path: Assets/Polytope Studio/Lowpoly_Environments/Prefabs/Plants/PT_Grass_02.prefab - Importer: ScriptedImporter/UnityEditor.QuickSearchModule:UnityEditor.Search:ASIAI0B
Importing 'GUID: 6cdd667aa0034cd4dadc8d58a65fb098 - Path: Assets/Polytope Studio/Lowpoly_Environments/Prefabs/Plants/PT_Grass_02.prefab - Importer: ScriptedImporter/UnityEditor.QuickSearchModule:UnityEditor.Search:ASIAI0B' with importer (ScriptedImporter : UnityEditor.QuickSearchModule:UnityEditor.Search:ASIAI0B)
Imported 'GUID: 6cdd667aa0034cd4dadc8d58a65fb098' -> (Import Result ID: '8b3eaca805585a48d9075998ea1494a2') in 0.002 seconds [static and dynamic dependencies]. Details - ImportResultOutputID=81f6166ad43be2af15be963a9eb0da9a DependenciesID=97b2dd2123513e80a8d7bb3238e024ee StaticDependenciesID=350752761959aa9c3b3d226ac630db33 
Number of updated asset objects reloaded before import = 0
Number of asset objects unloaded after import = 20
========================================================================
Received Import Request.
  Time of request: 2026-10-01T17:25:56.1134955Z
  Time since last request: 0.000233 seconds.
  importAddress: GUID: a78adb8868cccbe4a92d9d81db916e6e - Path: Assets/Polytope Studio/Lowpoly_Environments/Sources/Textures/PT_Water_NM_01.png - Importer: ScriptedImporter/UnityEditor.QuickSearchModule:UnityEditor.Search:ASIAI0B
Importing 'GUID: a78adb8868cccbe4a92d9d81db916e6e - Path: Assets/Polytope Studio/Lowpoly_Environments/Sources/Textures/PT_Water_NM_01.png - Importer: ScriptedImporter/UnityEditor.QuickSearchModule:UnityEditor.Search:ASIAI0B' with importer (ScriptedImporter : UnityEditor.QuickSearchModule:UnityEditor.Search:ASIAI0B)
Imported 'GUID: a78adb8868cccbe4a92d9d81db916e6e' -> (Import Result ID: '51ef6f11c13ef46df7350e208e883e32') in 0.004 seconds [static and dynamic dependencies]. Details - ImportResultOutputID=3e0c28cf472e0ecb51989c20ba043c1d DependenciesID=820dbd1f5435c3cc7a3123f5732e98c8 StaticDependenciesID=9cbecc13fd8003032c743e8e43939bd7 
Number of updated asset objects reloaded before import = 0
Number of asset objects unloaded after import = 1
========================================================================
Received Import Request.
  Time of request: 2026-10-01T17:25:56.1249248Z
  Time since last request: 0.0003573 seconds.
  importAddress: GUID: 7917e70f5baa68944aad80732cb08b3d - Path: Assets/Polytope Studio/Lowpoly_Demos/Environment_Free/Helpers/PT_Poppy_02_v1.prefab - Importer: ScriptedImporter/UnityEditor.QuickSearchModule:UnityEditor.Search:ASIAI0B
Importing 'GUID: 7917e70f5baa68944aad80732cb08b3d - Path: Assets/Polytope Studio/Lowpoly_Demos/Environment_Free/Helpers/PT_Poppy_02_v1.prefab - Importer: ScriptedImporter/UnityEditor.QuickSearchModule:UnityEditor.Search:ASIAI0B' with importer (ScriptedImporter : UnityEditor.QuickSearchModule:UnityEditor.Search:ASIAI0B)
Imported 'GUID: 7917e70f5baa68944aad80732cb08b3d' -> (Import Result ID: '05519a7e1d55f0cb80eb2db689d5f937') in 0.005 seconds [static and dynamic dependencies]. Details - ImportResultOutputID=291a096b0ed9757c332c339171168965 DependenciesID=06609dee81f1cc06ae8ef98e3842312f StaticDependenciesID=b9e05f8fc3fc48b685293779f87c5a57 
Number of updated asset objects reloaded before import = 0
Number of asset objects unloaded after import = 9
========================================================================
Received Import Request.
  Time of request: 2026-10-01T17:25:56.1380557Z
  Time since last request: 0.000086 seconds.
  importAddress: GUID: 3922c043c1c52cb47a7b1bfed562a4b6 - Path: Assets/Polytope Studio/Lowpoly_Environments/Sources/Materials/PT_Fruit_Tree_Opaque_mat.mat - Importer: ScriptedImporter/UnityEditor.QuickSearchModule:UnityEditor.Search:ASIAI0B
Importing 'GUID: 3922c043c1c52cb47a7b1bfed562a4b6 - Path: Assets/Polytope Studio/Lowpoly_Environments/Sources/Materials/PT_Fruit_Tree_Opaque_mat.mat - Importer: ScriptedImporter/UnityEditor.QuickSearchModule:UnityEditor.Search:ASIAI0B' with importer (ScriptedImporter : UnityEditor.QuickSearchModule:UnityEditor.Search:ASIAI0B)
Imported 'GUID: 3922c043c1c52cb47a7b1bfed562a4b6' -> (Import Result ID: '216cd500d0ef347ba2b921d3da1a47c7') in 0.006 seconds [static and dynamic dependencies]. Details - ImportResultOutputID=23ee039948e009e49cb797bb00c17de6 DependenciesID=045537a1ab2e59bf21cb9d056d7b8fca StaticDependenciesID=e99f70f50e45eee72699f0b3f68abd7d 
Number of updated asset objects reloaded before import = 0
Number of asset objects unloaded after import = 3
========================================================================
Received Import Request.
  Time of request: 2026-10-01T17:25:56.1516078Z
  Time since last request: 0.0000387 seconds.
  importAddress: GUID: 1b92b31acbcdce24ba9dc6d01dbc2e84 - Path: Assets/Polytope Studio/Lowpoly_Environments/Sources/Textures/PT_Grass_01.png - Importer: ScriptedImporter/UnityEditor.QuickSearchModule:UnityEditor.Search:ASIAI0B
Importing 'GUID: 1b92b31acbcdce24ba9dc6d01dbc2e84 - Path: Assets/Polytope Studio/Lowpoly_Environments/Sources/Textures/PT_Grass_01.png - Importer: ScriptedImporter/UnityEditor.QuickSearchModule:UnityEditor.Search:ASIAI0B' with importer (ScriptedImporter : UnityEditor.QuickSearchModule:UnityEditor.Search:ASIAI0B)
Imported 'GUID: 1b92b31acbcdce24ba9dc6d01dbc2e84' -> (Import Result ID: '094405bf844a9c1c0c0d7aae075feec0') in 0.005 seconds [static and dynamic dependencies]. Details - ImportResultOutputID=049569fe978bfa8ab326ef0767d495b9 DependenciesID=95ccd5e42c03173b0243766c733c254f StaticDependenciesID=da434b92d56e97f707e1072db0738c18 
Number of updated asset objects reloaded before import = 0
Number of asset objects unloaded after import = 1
========================================================================
Received Import Request.
  Time of request: 2026-10-01T17:25:56.1637278Z
  Time since last request: 0.0003113 seconds.
  importAddress: GUID: 62117514495abd046b014d1c85ba4c7a - Path: Assets/Polytope Studio/Lowpoly_Environments/Sources/Meshes/Flowers - Importer: ScriptedImporter/UnityEditor.QuickSearchModule:UnityEditor.Search:ASIAI0B
Importing 'GUID: 62117514495abd046b014d1c85ba4c7a - Path: Assets/Polytope Studio/Lowpoly_Environments/Sources/Meshes/Flowers - Importer: ScriptedImporter/UnityEditor.QuickSearchModule:UnityEditor.Search:ASIAI0B' with importer (ScriptedImporter : UnityEditor.QuickSearchModule:UnityEditor.Search:ASIAI0B)
Imported 'GUID: 62117514495abd046b014d1c85ba4c7a' -> (Import Result ID: '1ca9d3345515898eb838179bc11de803') in 0.002 seconds [static and dynamic dependencies]. Details - ImportResultOutputID=8ab82b218f063783e83d95bb53fba8ae DependenciesID=9866b5cc5b2b9ebc122c8fc2ddb258b3 StaticDependenciesID=e09100e9b6aea1cc3eedf717b3fee6f3 
Number of updated asset objects reloaded before import = 0
Number of asset objects unloaded after import = 1
========================================================================
Received Import Request.
  Time of request: 2026-10-01T17:25:56.1725151Z
  Time since last request: 0.0002803 seconds.
  importAddress: GUID: f42a2ed0c78e45643bba339ed33235d4 - Path: Assets/Polytope Studio/Lowpoly_Environments/Sources/Meshes/Trees/PT_Fruit_Tree_01_stump.fbx - Importer: ScriptedImporter/UnityEditor.QuickSearchModule:UnityEditor.Search:ASIAI0B
Importing 'GUID: f42a2ed0c78e45643bba339ed33235d4 - Path: Assets/Polytope Studio/Lowpoly_Environments/Sources/Meshes/Trees/PT_Fruit_Tree_01_stump.fbx - Importer: ScriptedImporter/UnityEditor.QuickSearchModule:UnityEditor.Search:ASIAI0B' with importer (ScriptedImporter : UnityEditor.QuickSearchModule:UnityEditor.Search:ASIAI0B)
MaterialLocation.External is obsolete. External Material Location is no longer supported. (Assets/Polytope Studio/Lowpoly_Environments/Sources/Meshes/Trees/PT_Fruit_Tree_01_stump.fbx)
Imported 'GUID: f42a2ed0c78e45643bba339ed33235d4' -> (Import Result ID: '92d4eee1ff06d6dbe92c50448636ce5b') in 0.007 seconds [static and dynamic dependencies]. Details - ImportResultOutputID=afabc86c0269831689eeb5c4ffdf1bad DependenciesID=3abefd4b7d0e6f3cf2234c8c8b3abe71 StaticDependenciesID=ec100af697d6935887ef7c5349cc9367 
Number of updated asset objects reloaded before import = 0
Number of asset objects unloaded after import = 9
========================================================================
Received Import Request.
  Time of request: 2026-10-01T17:25:56.1871565Z
  Time since last request: 0.000066 seconds.
  importAddress: GUID: ac56f8aebac30674489c8b5741b0489a - Path: Assets/Polytope Studio/Lowpoly_Environments/URP/PT_Nature_Free_URP_16.unitypackage - Importer: ScriptedImporter/UnityEditor.QuickSearchModule:UnityEditor.Search:ASIAI0B
Importing 'GUID: ac56f8aebac30674489c8b5741b0489a - Path: Assets/Polytope Studio/Lowpoly_Environments/URP/PT_Nature_Free_URP_16.unitypackage - Importer: ScriptedImporter/UnityEditor.QuickSearchModule:UnityEditor.Search:ASIAI0B' with importer (ScriptedImporter : UnityEditor.QuickSearchModule:UnityEditor.Search:ASIAI0B)
Imported 'GUID: ac56f8aebac30674489c8b5741b0489a' -> (Import Result ID: 'c82c55d6ae988dba366e1b94135e5798') in 0.003 seconds [static and dynamic dependencies]. Details - ImportResultOutputID=d4bc3d08a9ce2ac859e59026dfb39f11 DependenciesID=19a85dcae5b7d0735ae2d32af3e81913 StaticDependenciesID=784f07725c8ad980bc91e3f6fb921db3 
Number of updated asset objects reloaded before import = 0
Number of asset objects unloaded after import = 1
========================================================================
Received Import Request.
  Time of request: 2026-10-01T17:25:56.1975266Z
  Time since last request: 0.0002746 seconds.
  importAddress: GUID: e807c876d0b15e1408d27b4ce183f39b - Path: Assets/Polytope Studio/Welcome_Screen/Editor/Textures/demo1.png - Importer: ScriptedImporter/UnityEditor.QuickSearchModule:UnityEditor.Search:ASIAI0B
Importing 'GUID: e807c876d0b15e1408d27b4ce183f39b - Path: Assets/Polytope Studio/Welcome_Screen/Editor/Textures/demo1.png - Importer: ScriptedImporter/UnityEditor.QuickSearchModule:UnityEditor.Search:ASIAI0B' with importer (ScriptedImporter : UnityEditor.QuickSearchModule:UnityEditor.Search:ASIAI0B)
Imported 'GUID: e807c876d0b15e1408d27b4ce183f39b' -> (Import Result ID: 'b9206be69d3eb9762ed317ad1c20e468') in 0.004 seconds [static and dynamic dependencies]. Details - ImportResultOutputID=b9577b76706806fd9ed9f8814814e8a7 DependenciesID=65dfc999282d62e70ec27c40554260d1 StaticDependenciesID=1f808533c219a1f6c2eb4ad7602845d4 
Number of updated asset objects reloaded before import = 0
Number of asset objects unloaded after import = 1
========================================================================
Received Import Request.
  Time of request: 2026-10-01T17:25:56.2085205Z
  Time since last request: 0.0002859 seconds.
  importAddress: GUID: 1caa73a6296593c46bb83d678ff6609b - Path: Assets/Polytope Studio/Lowpoly_Environments/Prefabs/Trees/PT_Pine_Tree_03_green_cut.prefab - Importer: ScriptedImporter/UnityEditor.QuickSearchModule:UnityEditor.Search:ASIAI0B
Importing 'GUID: 1caa73a6296593c46bb83d678ff6609b - Path: Assets/Polytope Studio/Lowpoly_Environments/Prefabs/Trees/PT_Pine_Tree_03_green_cut.prefab - Importer: ScriptedImporter/UnityEditor.QuickSearchModule:UnityEditor.Search:ASIAI0B' with importer (ScriptedImporter : UnityEditor.QuickSearchModule:UnityEditor.Search:ASIAI0B)
Imported 'GUID: 1caa73a6296593c46bb83d678ff6609b' -> (Import Result ID: '7e45961bfa16be869da902c48146ef3e') in 0.007 seconds [static and dynamic dependencies]. Details - ImportResultOutputID=4cc8a758de27c500914962a232aae15c DependenciesID=526b0e00baf8a3096e1565ff13874f42 StaticDependenciesID=e2c4f1196f0b9d836ae43dff091a33a6 
Number of updated asset objects reloaded before import = 0
Number of asset objects unloaded after import = 11
========================================================================
Received Import Request.
  Time of request: 2026-10-01T17:25:56.2235258Z
  Time since last request: 0.0000145 seconds.
  importAddress: GUID: 372b3a07e412e84429b47816bcf7d59b - Path: Assets/Polytope Studio/Lowpoly_Environments/Sources/Meshes/Shrubs - Importer: ScriptedImporter/UnityEditor.QuickSearchModule:UnityEditor.Search:ASIAI0B
Importing 'GUID: 372b3a07e412e84429b47816bcf7d59b - Path: Assets/Polytope Studio/Lowpoly_Environments/Sources/Meshes/Shrubs - Importer: ScriptedImporter/UnityEditor.QuickSearchModule:UnityEditor.Search:ASIAI0B' with importer (ScriptedImporter : UnityEditor.QuickSearchModule:UnityEditor.Search:ASIAI0B)
Imported 'GUID: 372b3a07e412e84429b47816bcf7d59b' -> (Import Result ID: '61aa88f9f0064644c88d72e15da12558') in 0.002 seconds [static and dynamic dependencies]. Details - ImportResultOutputID=89875693c8d9dfc2678b3ff856082171 DependenciesID=2c569e92aa27e7d3480dc6e1633ad1a3 StaticDependenciesID=8182767b8c3844ba45b9d39f50216036 
Number of updated asset objects reloaded before import = 0
Number of asset objects unloaded after import = 1
========================================================================
Received Import Request.
  Time of request: 2026-10-01T17:25:56.2325813Z
  Time since last request: 0.0002573 seconds.
  importAddress: GUID: 69e2e8c890f00e04e945ccd10e764372 - Path: Assets/Polytope Studio/Lowpoly_Environments/Sources/Shaders/PT_Vegetation_Flowers_Shader.shader - Importer: ScriptedImporter/UnityEditor.QuickSearchModule:UnityEditor.Search:ASIAI0B
Importing 'GUID: 69e2e8c890f00e04e945ccd10e764372 - Path: Assets/Polytope Studio/Lowpoly_Environments/Sources/Shaders/PT_Vegetation_Flowers_Shader.shader - Importer: ScriptedImporter/UnityEditor.QuickSearchModule:UnityEditor.Search:ASIAI0B' with importer (ScriptedImporter : UnityEditor.QuickSearchModule:UnityEditor.Search:ASIAI0B)
Imported 'GUID: 69e2e8c890f00e04e945ccd10e764372' -> (Import Result ID: 'aa599f482e791046eed57bda61c68f27') in 0.004 seconds [static and dynamic dependencies]. Details - ImportResultOutputID=9ab87ecf9cdf9132eef5b5c6f170536d DependenciesID=50d41f926b0e2ae0d91460abc3b75e92 StaticDependenciesID=cd883945c8b4beb240607eb1f8d6a077 
Number of updated asset objects reloaded before import = 0
Number of asset objects unloaded after import = 1
========================================================================
Received Import Request.
  Time of request: 2026-10-01T17:25:56.24391Z
  Time since last request: 0.0003583 seconds.
  importAddress: GUID: 33e92b212d568b844ae30511d6c23987 - Path: Assets/Polytope Studio/Lowpoly_Demos/Environment_Free/Helpers/PT_High_Grass_Mat.mat - Importer: ScriptedImporter/UnityEditor.QuickSearchModule:UnityEditor.Search:ASIAI0B
Importing 'GUID: 33e92b212d568b844ae30511d6c23987 - Path: Assets/Polytope Studio/Lowpoly_Demos/Environment_Free/Helpers/PT_High_Grass_Mat.mat - Importer: ScriptedImporter/UnityEditor.QuickSearchModule:UnityEditor.Search:ASIAI0B' with importer (ScriptedImporter : UnityEditor.QuickSearchModule:UnityEditor.Search:ASIAI0B)
Imported 'GUID: 33e92b212d568b844ae30511d6c23987' -> (Import Result ID: 'b4af6090cf041174333d6193c1ac0ba0') in 0.052 seconds [static and dynamic dependencies]. Details - ImportResultOutputID=ac732b4a3e516a81e861d890e9adc028 DependenciesID=6218cfabf170474f6ef597ada63e58f2 StaticDependenciesID=caa2cff69ac4192e76b4943853903690 
Number of updated asset objects reloaded before import = 0
Number of asset objects unloaded after import = 3
========================================================================
Received Import Request.
  Time of request: 2026-10-01T17:25:56.3146773Z
  Time since last request: 0.0096477 seconds.
  importAddress: GUID: 2c59246f075efff4eacdd481ad75421a - Path: Assets/Polytope Studio/Lowpoly_Village/Prefabs/Modular/Fence/PT_Modular_Fence_Wood_03.prefab - Importer: ScriptedImporter/UnityEditor.QuickSearchModule:UnityEditor.Search:ASIAI0B
Importing 'GUID: 2c59246f075efff4eacdd481ad75421a - Path: Assets/Polytope Studio/Lowpoly_Village/Prefabs/Modular/Fence/PT_Modular_Fence_Wood_03.prefab - Importer: ScriptedImporter/UnityEditor.QuickSearchModule:UnityEditor.Search:ASIAI0B' with importer (ScriptedImporter : UnityEditor.QuickSearchModule:UnityEditor.Search:ASIAI0B)
Imported 'GUID: 2c59246f075efff4eacdd481ad75421a' -> (Import Result ID: 'f8c4e70a40f6c98a619e96f7adecabd7') in 0.005 seconds [static and dynamic dependencies]. Details - ImportResultOutputID=30b388c7e4518ac54f5090436742101d DependenciesID=540608ac73a3d5daa41fe7d1ff475922 StaticDependenciesID=1a35383d558cc1ebde9cc083773ccf13 
Number of updated asset objects reloaded before import = 0
Number of asset objects unloaded after import = 10
========================================================================
Received Import Request.
  Time of request: 2026-10-01T17:25:56.326373Z
  Time since last request: 0.00005 seconds.
  importAddress: GUID: c7827efbbf7212f42803476ce3f9d082 - Path: Assets/Polytope Studio/Lowpoly_Environments/Prefabs/Trees/PT_Pine_Tree_03_dead.prefab - Importer: ScriptedImporter/UnityEditor.QuickSearchModule:UnityEditor.Search:ASIAI0B
Importing 'GUID: c7827efbbf7212f42803476ce3f9d082 - Path: Assets/Polytope Studio/Lowpoly_Environments/Prefabs/Trees/PT_Pine_Tree_03_dead.prefab - Importer: ScriptedImporter/UnityEditor.QuickSearchModule:UnityEditor.Search:ASIAI0B' with importer (ScriptedImporter : UnityEditor.QuickSearchModule:UnityEditor.Search:ASIAI0B)
Imported 'GUID: c7827efbbf7212f42803476ce3f9d082' -> (Import Result ID: '4aba54db0545422796352a0d2d4536a7') in 0.003 seconds [static and dynamic dependencies]. Details - ImportResultOutputID=9d6a57c387873a5fb35c9580c9a6e05b DependenciesID=0803d83291b26daa5aba7364b990511e StaticDependenciesID=645042c7bae447c01a74318269da98bb 
Number of updated asset objects reloaded before import = 0
Number of asset objects unloaded after import = 20
========================================================================
Received Import Request.
  Time of request: 2026-10-01T17:25:56.3354862Z
  Time since last request: 0.0001919 seconds.
  importAddress: GUID: 47c82777887e3fc46bc141849b1b3ccb - Path: Assets/Polytope Studio/Lowpoly_Environments/Sources/Textures/PT_Pine_Tree_01.png - Importer: ScriptedImporter/UnityEditor.QuickSearchModule:UnityEditor.Search:ASIAI0B
Importing 'GUID: 47c82777887e3fc46bc141849b1b3ccb - Path: Assets/Polytope Studio/Lowpoly_Environments/Sources/Textures/PT_Pine_Tree_01.png - Importer: ScriptedImporter/UnityEditor.QuickSearchModule:UnityEditor.Search:ASIAI0B' with importer (ScriptedImporter : UnityEditor.QuickSearchModule:UnityEditor.Search:ASIAI0B)
Imported 'GUID: 47c82777887e3fc46bc141849b1b3ccb' -> (Import Result ID: '39dbc5989b57070edcb7e39c7adcfd2c') in 0.008 seconds [static and dynamic dependencies]. Details - ImportResultOutputID=cff14e99c108da3e3c53f26bfcbfb75b DependenciesID=7f5e50a8a783d3b9be60194bd981f036 StaticDependenciesID=5b87dd5b62f623624d00c9475fe0cfc9 
Number of updated asset objects reloaded before import = 0
Number of asset objects unloaded after import = 1
========================================================================
Received Import Request.
  Time of request: 2026-10-01T17:25:56.3501057Z
  Time since last request: 0.0002666 seconds.
  importAddress: GUID: 06585c4a497d08f4591a54ccfdb05bcf - Path: Assets/Polytope Studio/Lowpoly_Village/Sources/Meshes/Modular/Bridge/PT_Wooden_Bridge_02.fbx - Importer: ScriptedImporter/UnityEditor.QuickSearchModule:UnityEditor.Search:ASIAI0B
Importing 'GUID: 06585c4a497d08f4591a54ccfdb05bcf - Path: Assets/Polytope Studio/Lowpoly_Village/Sources/Meshes/Modular/Bridge/PT_Wooden_Bridge_02.fbx - Importer: ScriptedImporter/UnityEditor.QuickSearchModule:UnityEditor.Search:ASIAI0B' with importer (ScriptedImporter : UnityEditor.QuickSearchModule:UnityEditor.Search:ASIAI0B)
MaterialLocation.External is obsolete. External Material Location is no longer supported. (Assets/Polytope Studio/Lowpoly_Village/Sources/Meshes/Modular/Bridge/PT_Wooden_Bridge_02.fbx)
Imported 'GUID: 06585c4a497d08f4591a54ccfdb05bcf' -> (Import Result ID: 'ee5ad14becc28f159363e8a454180ca3') in 0.005 seconds [static and dynamic dependencies]. Details - ImportResultOutputID=9dd581f93fc64b9b3ce31ef600bba1dd DependenciesID=202aceb341d66cac2012f939ba01443b StaticDependenciesID=e1bc0a193ec109a3a5cbd19b8168c6a0 
Number of updated asset objects reloaded before import = 0
Number of asset objects unloaded after import = 17
========================================================================
Received Import Request.
  Time of request: 2026-10-01T17:25:56.3626529Z
  Time since last request: 0.0002373 seconds.
  importAddress: GUID: c6a512d95615f534cbe31aba1aaa354c - Path: Assets/Polytope Studio/Lowpoly_Environments/Prefabs/Trees/PT_Fruit_Tree_01_dead.prefab - Importer: ScriptedImporter/UnityEditor.QuickSearchModule:UnityEditor.Search:ASIAI0B
Importing 'GUID: c6a512d95615f534cbe31aba1aaa354c - Path: Assets/Polytope Studio/Lowpoly_Environments/Prefabs/Trees/PT_Fruit_Tree_01_dead.prefab - Importer: ScriptedImporter/UnityEditor.QuickSearchModule:UnityEditor.Search:ASIAI0B' with importer (ScriptedImporter : UnityEditor.QuickSearchModule:UnityEditor.Search:ASIAI0B)
Imported 'GUID: c6a512d95615f534cbe31aba1aaa354c' -> (Import Result ID: '88c17d033c9b4edaf213586b1f3dcea3') in 0.003 seconds [static and dynamic dependencies]. Details - ImportResultOutputID=23eb726829da05f923e17a91d7d1fd3b DependenciesID=ded01dc9e049b0f2f054e00d2e1efea8 StaticDependenciesID=35e415967e603bcd4d83a6d6275acc2c 
Number of updated asset objects reloaded before import = 0
Number of asset objects unloaded after import = 20
========================================================================
Received Import Request.
  Time of request: 2026-10-01T17:25:56.3726667Z
  Time since last request: 0.0001542 seconds.
  importAddress: GUID: b62637568d07eb141b948ab45ea8c3d4 - Path: Assets/Polytope Studio/Lowpoly_Environments/Prefabs/Trees/PT_Fruit_Tree_01_pears.prefab - Importer: ScriptedImporter/UnityEditor.QuickSearchModule:UnityEditor.Search:ASIAI0B
Importing 'GUID: b62637568d07eb141b948ab45ea8c3d4 - Path: Assets/Polytope Studio/Lowpoly_Environments/Prefabs/Trees/PT_Fruit_Tree_01_pears.prefab - Importer: ScriptedImporter/UnityEditor.QuickSearchModule:UnityEditor.Search:ASIAI0B' with importer (ScriptedImporter : UnityEditor.QuickSearchModule:UnityEditor.Search:ASIAI0B)
Imported 'GUID: b62637568d07eb141b948ab45ea8c3d4' -> (Import Result ID: 'd0843f7af07fd901ad09778b290eaea9') in 0.003 seconds [static and dynamic dependencies]. Details - ImportResultOutputID=5a759600a6215365a703631f251e7ee8 DependenciesID=94f05c811a09f41ec43ae909a4a8f576 StaticDependenciesID=bd87ff6e44bfc4ddfda159f6654453df 
Number of updated asset objects reloaded before import = 0
Number of asset objects unloaded after import = 20
========================================================================
Received Import Request.
  Time of request: 2026-10-01T17:25:56.3828249Z
  Time since last request: 0.0002333 seconds.
  importAddress: GUID: 5c2928345bc8a9f4793d01e4fcd0b64d - Path: Assets/Polytope Studio/Lowpoly_Demos/Environment_Free - Importer: ScriptedImporter/UnityEditor.QuickSearchModule:UnityEditor.Search:ASIAI0B
Importing 'GUID: 5c2928345bc8a9f4793d01e4fcd0b64d - Path: Assets/Polytope Studio/Lowpoly_Demos/Environment_Free - Importer: ScriptedImporter/UnityEditor.QuickSearchModule:UnityEditor.Search:ASIAI0B' with importer (ScriptedImporter : UnityEditor.QuickSearchModule:UnityEditor.Search:ASIAI0B)
Imported 'GUID: 5c2928345bc8a9f4793d01e4fcd0b64d' -> (Import Result ID: '45ed9ea1b9239ae2820545fd1ce19ed9') in 0.002 seconds [static and dynamic dependencies]. Details - ImportResultOutputID=76213f1361708d678da567d56d06f4f6 DependenciesID=4011df9398006a1f4a525aa04df0cd6f StaticDependenciesID=e7b14f580681befb511e3ae489b68e82 
Number of updated asset objects reloaded before import = 0
Number of asset objects unloaded after import = 1
========================================================================
Received Import Request.
  Time of request: 2026-10-01T17:25:56.3917834Z
  Time since last request: 0.0003099 seconds.
  importAddress: GUID: 72f7e9b6836e7ee40b8f94a8acf784e6 - Path: Assets/Polytope Studio/Lowpoly_Environments/URP - Importer: ScriptedImporter/UnityEditor.QuickSearchModule:UnityEditor.Search:ASIAI0B
Importing 'GUID: 72f7e9b6836e7ee40b8f94a8acf784e6 - Path: Assets/Polytope Studio/Lowpoly_Environments/URP - Importer: ScriptedImporter/UnityEditor.QuickSearchModule:UnityEditor.Search:ASIAI0B' with importer (ScriptedImporter : UnityEditor.QuickSearchModule:UnityEditor.Search:ASIAI0B)
Imported 'GUID: 72f7e9b6836e7ee40b8f94a8acf784e6' -> (Import Result ID: 'bcbc83e81b8dfad5f2cc8957d91b6166') in 0.001 seconds [static and dynamic dependencies]. Details - ImportResultOutputID=8db06e8a6540808da38df3e11a1402b9 DependenciesID=614917e9607547b6af2315dd404727d9 StaticDependenciesID=36efd106996ccc322ae8f2d41297ff62 
Number of updated asset objects reloaded before import = 0
Number of asset objects unloaded after import = 1
========================================================================
Received Import Request.
  Time of request: 2026-10-01T17:25:56.4013499Z
  Time since last request: 0.0004499 seconds.
  importAddress: GUID: 15516ce43a134df489bc4818fe4f56a0 - Path: Assets/Polytope Studio/Lowpoly_Village/Sources/Materials - Importer: ScriptedImporter/UnityEditor.QuickSearchModule:UnityEditor.Search:ASIAI0B
Importing 'GUID: 15516ce43a134df489bc4818fe4f56a0 - Path: Assets/Polytope Studio/Lowpoly_Village/Sources/Materials - Importer: ScriptedImporter/UnityEditor.QuickSearchModule:UnityEditor.Search:ASIAI0B' with importer (ScriptedImporter : UnityEditor.QuickSearchModule:UnityEditor.Search:ASIAI0B)
Imported 'GUID: 15516ce43a134df489bc4818fe4f56a0' -> (Import Result ID: '5845ee74a276deefe7f36ada3c4d1fec') in 0.001 seconds [static and dynamic dependencies]. Details - ImportResultOutputID=411cff0aae09479e3458768fed9cccd7 DependenciesID=ebb13b6b5305e02e1b9574aa87798ed0 StaticDependenciesID=0e8f959a15ff42ce258bccad3ca2b803 
Number of updated asset objects reloaded before import = 0
Number of asset objects unloaded after import = 1
========================================================================
Received Import Request.
  Time of request: 2026-10-01T17:25:56.4102283Z
  Time since last request: 0.0003263 seconds.
  importAddress: GUID: 63f20a75401bcd4418b3dbe0f81337bf - Path: Assets/Polytope Studio/Welcome_Screen/Editor/Textures/game4.png - Importer: ScriptedImporter/UnityEditor.QuickSearchModule:UnityEditor.Search:ASIAI0B
Importing 'GUID: 63f20a75401bcd4418b3dbe0f81337bf - Path: Assets/Polytope Studio/Welcome_Screen/Editor/Textures/game4.png - Importer: ScriptedImporter/UnityEditor.QuickSearchModule:UnityEditor.Search:ASIAI0B' with importer (ScriptedImporter : UnityEditor.QuickSearchModule:UnityEditor.Search:ASIAI0B)
Imported 'GUID: 63f20a75401bcd4418b3dbe0f81337bf' -> (Import Result ID: 'f981965756cde56b9c7d56cc9ba4bc24') in 0.004 seconds [static and dynamic dependencies]. Details - ImportResultOutputID=79c404db0e47d6a3a676fae1b5050f31 DependenciesID=5903e3ba63e5034266449df46234b75c StaticDependenciesID=1ee7157560fa9cf0bad0c2f46660590b 
Number of updated asset objects reloaded before import = 0
Number of asset objects unloaded after import = 1
========================================================================
Received Import Request.
  Time of request: 2026-10-01T17:25:56.4228572Z
  Time since last request: 0.0003778 seconds.
  importAddress: GUID: c0fdfdeafe3a1404a8766f946dd531d0 - Path: Assets/Polytope Studio/Lowpoly_Environments/Prefabs/Trees/PT_Fruit_Tree_01_green_cut.prefab - Importer: ScriptedImporter/UnityEditor.QuickSearchModule:UnityEditor.Search:ASIAI0B
Importing 'GUID: c0fdfdeafe3a1404a8766f946dd531d0 - Path: Assets/Polytope Studio/Lowpoly_Environments/Prefabs/Trees/PT_Fruit_Tree_01_green_cut.prefab - Importer: ScriptedImporter/UnityEditor.QuickSearchModule:UnityEditor.Search:ASIAI0B' with importer (ScriptedImporter : UnityEditor.QuickSearchModule:UnityEditor.Search:ASIAI0B)
Imported 'GUID: c0fdfdeafe3a1404a8766f946dd531d0' -> (Import Result ID: '999530aa3a3286fa034235a8df3f2cc6') in 0.008 seconds [static and dynamic dependencies]. Details - ImportResultOutputID=67df130e7201211ddf4a462abba58f87 DependenciesID=3c895996698f84947561d12c5f7056c7 StaticDependenciesID=fea2c66f5420eba0ad9468ecc0cf5267 
Number of updated asset objects reloaded before import = 0
Number of asset objects unloaded after import = 11
========================================================================
Received Import Request.
  Time of request: 2026-10-01T17:25:56.440412Z
  Time since last request: 0.000014 seconds.
  importAddress: GUID: 7e2eff97b59cb8845ae00eafc9d66d45 - Path: Assets/Polytope Studio/Welcome_Screen/Editor/Textures - Importer: ScriptedImporter/UnityEditor.QuickSearchModule:UnityEditor.Search:ASIAI0B
Importing 'GUID: 7e2eff97b59cb8845ae00eafc9d66d45 - Path: Assets/Polytope Studio/Welcome_Screen/Editor/Textures - Importer: ScriptedImporter/UnityEditor.QuickSearchModule:UnityEditor.Search:ASIAI0B' with importer (ScriptedImporter : UnityEditor.QuickSearchModule:UnityEditor.Search:ASIAI0B)
Imported 'GUID: 7e2eff97b59cb8845ae00eafc9d66d45' -> (Import Result ID: '2deeaf70cc37229bbf9617f5e4dbcf00') in 0.002 seconds [static and dynamic dependencies]. Details - ImportResultOutputID=64fe27873a40df33d3bb7ace6df9ec22 DependenciesID=164d8f895351a22b17c6b33ddf32c579 StaticDependenciesID=8ad3eddabf052e3afdda52108360e8d9 
Number of updated asset objects reloaded before import = 0
Number of asset objects unloaded after import = 1
========================================================================
Received Import Request.
  Time of request: 2026-10-01T17:25:56.4492887Z
  Time since last request: 0.0000901 seconds.
  importAddress: GUID: 2a5e649cde00dd847885c694eb77f1fb - Path: Assets/Polytope Studio/Lowpoly_Environments/Sources/Meshes/Trees/PT_Pine_Tree_03_green_cut.fbx - Importer: ScriptedImporter/UnityEditor.QuickSearchModule:UnityEditor.Search:ASIAI0B
Importing 'GUID: 2a5e649cde00dd847885c694eb77f1fb - Path: Assets/Polytope Studio/Lowpoly_Environments/Sources/Meshes/Trees/PT_Pine_Tree_03_green_cut.fbx - Importer: ScriptedImporter/UnityEditor.QuickSearchModule:UnityEditor.Search:ASIAI0B' with importer (ScriptedImporter : UnityEditor.QuickSearchModule:UnityEditor.Search:ASIAI0B)
MaterialLocation.External is obsolete. External Material Location is no longer supported. (Assets/Polytope Studio/Lowpoly_Environments/Sources/Meshes/Trees/PT_Pine_Tree_03_green_cut.fbx)
Imported 'GUID: 2a5e649cde00dd847885c694eb77f1fb' -> (Import Result ID: '86675a5463dabe7c56d44eb5c790d4c3') in 0.009 seconds [static and dynamic dependencies]. Details - ImportResultOutputID=c99fc2bcf1dbe003bd9cf005317e8e6b DependenciesID=891740de1e87058b78c01b939463a611 StaticDependenciesID=4f554d9d52e2053de7943637709b075c 
Number of updated asset objects reloaded before import = 0
Number of asset objects unloaded after import = 11
========================================================================
Received Import Request.
  Time of request: 2026-10-01T17:25:56.4668839Z
  Time since last request: 0.0000183 seconds.
  importAddress: GUID: 1090dcf46ca02864fb89494b948e45c7 - Path: Assets/Polytope Studio/Lowpoly_Environments/Prefabs/Flowers - Importer: ScriptedImporter/UnityEditor.QuickSearchModule:UnityEditor.Search:ASIAI0B
Importing 'GUID: 1090dcf46ca02864fb89494b948e45c7 - Path: Assets/Polytope Studio/Lowpoly_Environments/Prefabs/Flowers - Importer: ScriptedImporter/UnityEditor.QuickSearchModule:UnityEditor.Search:ASIAI0B' with importer (ScriptedImporter : UnityEditor.QuickSearchModule:UnityEditor.Search:ASIAI0B)
Imported 'GUID: 1090dcf46ca02864fb89494b948e45c7' -> (Import Result ID: 'de6892801d7b3b68f5ef73b07b81843c') in 0.002 seconds [static and dynamic dependencies]. Details - ImportResultOutputID=f7454a4b7577c4961f8330ffe0bbeb45 DependenciesID=511777443735b46abca76c3d00d221c0 StaticDependenciesID=9ddf6c9d5be6f9f22aa375cd7fbebf47 
Number of updated asset objects reloaded before import = 0
Number of asset objects unloaded after import = 1
========================================================================
Received Import Request.
  Time of request: 2026-10-01T17:25:56.4757729Z
  Time since last request: 0.0002216 seconds.
  importAddress: GUID: a9129ae83f8faf646961b70c4b103833 - Path: Assets/Polytope Studio/Lowpoly_Environments/Sources/Meshes/Rocks/PT_Ore_Rock_01.fbx - Importer: ScriptedImporter/UnityEditor.QuickSearchModule:UnityEditor.Search:ASIAI0B
Importing 'GUID: a9129ae83f8faf646961b70c4b103833 - Path: Assets/Polytope Studio/Lowpoly_Environments/Sources/Meshes/Rocks/PT_Ore_Rock_01.fbx - Importer: ScriptedImporter/UnityEditor.QuickSearchModule:UnityEditor.Search:ASIAI0B' with importer (ScriptedImporter : UnityEditor.QuickSearchModule:UnityEditor.Search:ASIAI0B)
MaterialLocation.External is obsolete. External Material Location is no longer supported. (Assets/Polytope Studio/Lowpoly_Environments/Sources/Meshes/Rocks/PT_Ore_Rock_01.fbx)
Imported 'GUID: a9129ae83f8faf646961b70c4b103833' -> (Import Result ID: '1822becc0eedfed7f6c67b68ca946f4d') in 0.005 seconds [static and dynamic dependencies]. Details - ImportResultOutputID=c6236ab49d94e6230903b74c5b576cfc DependenciesID=05ffa2f8b738c90a162868e14185463c StaticDependenciesID=cb6b8ea18e1365d79c2f4a6b730d9ec3 
Number of updated asset objects reloaded before import = 0
Number of asset objects unloaded after import = 20
========================================================================
Received Import Request.
  Time of request: 2026-10-01T17:25:56.4876116Z
  Time since last request: 0.0003284 seconds.
  importAddress: GUID: 34892be16c52f1948b4b5666052d6bf5 - Path: Assets/Polytope Studio/Lowpoly_Village/Sources/Textures/PT_Medieval_Buildings_Texture_01.png - Importer: ScriptedImporter/UnityEditor.QuickSearchModule:UnityEditor.Search:ASIAI0B
Importing 'GUID: 34892be16c52f1948b4b5666052d6bf5 - Path: Assets/Polytope Studio/Lowpoly_Village/Sources/Textures/PT_Medieval_Buildings_Texture_01.png - Importer: ScriptedImporter/UnityEditor.QuickSearchModule:UnityEditor.Search:ASIAI0B' with importer (ScriptedImporter : UnityEditor.QuickSearchModule:UnityEditor.Search:ASIAI0B)
Imported 'GUID: 34892be16c52f1948b4b5666052d6bf5' -> (Import Result ID: 'a8789a8848e30a36a6d9968bd3ca572c') in 0.004 seconds [static and dynamic dependencies]. Details - ImportResultOutputID=843c2543fb8b96955ba17882c15c6d82 DependenciesID=18de8c8723e2a11d659c276eec2cf878 StaticDependenciesID=5c00f94a531ff910b9a815f66a2d7952 
Number of updated asset objects reloaded before import = 0
Number of asset objects unloaded after import = 1
========================================================================
Received Import Request.
  Time of request: 2026-10-01T17:25:56.4990981Z
  Time since last request: 0.0003097 seconds.
  importAddress: GUID: f222748f1796b2e49a56a2fbf7563247 - Path: Assets/Polytope Studio/Lowpoly_Environments/Sources/Meshes/Trees/PT_Fruit_Tree_01_green.fbx - Importer: ScriptedImporter/UnityEditor.QuickSearchModule:UnityEditor.Search:ASIAI0B
Importing 'GUID: f222748f1796b2e49a56a2fbf7563247 - Path: Assets/Polytope Studio/Lowpoly_Environments/Sources/Meshes/Trees/PT_Fruit_Tree_01_green.fbx - Importer: ScriptedImporter/UnityEditor.QuickSearchModule:UnityEditor.Search:ASIAI0B' with importer (ScriptedImporter : UnityEditor.QuickSearchModule:UnityEditor.Search:ASIAI0B)
MaterialLocation.External is obsolete. External Material Location is no longer supported. (Assets/Polytope Studio/Lowpoly_Environments/Sources/Meshes/Trees/PT_Fruit_Tree_01_green.fbx)
Imported 'GUID: f222748f1796b2e49a56a2fbf7563247' -> (Import Result ID: '534cebce56cc9239011947fb047ef722') in 0.006 seconds [static and dynamic dependencies]. Details - ImportResultOutputID=67d9778cef4e66bc4c9e8d638022d98e DependenciesID=d6b136f2733f7af0a1aabea46bd10680 StaticDependenciesID=c386b76c4d0daff33adcf3c20db4405c 
Number of updated asset objects reloaded before import = 0
Number of asset objects unloaded after import = 20
========================================================================
Received Import Request.
  Time of request: 2026-10-01T17:25:56.5122175Z
  Time since last request: 0.0003387 seconds.
  importAddress: GUID: ae358aa425fe140409d8a560f4492730 - Path: Assets/Polytope Studio/Lowpoly_Village/Prefabs/Modular/Fence/PT_Modular_Fence_Wood_02.prefab - Importer: ScriptedImporter/UnityEditor.QuickSearchModule:UnityEditor.Search:ASIAI0B
Importing 'GUID: ae358aa425fe140409d8a560f4492730 - Path: Assets/Polytope Studio/Lowpoly_Village/Prefabs/Modular/Fence/PT_Modular_Fence_Wood_02.prefab - Importer: ScriptedImporter/UnityEditor.QuickSearchModule:UnityEditor.Search:ASIAI0B' with importer (ScriptedImporter : UnityEditor.QuickSearchModule:UnityEditor.Search:ASIAI0B)
Imported 'GUID: ae358aa425fe140409d8a560f4492730' -> (Import Result ID: 'f27ad389e7038af7c5de0d3c8e721e2c') in 0.007 seconds [static and dynamic dependencies]. Details - ImportResultOutputID=8f21f0711c5d0fa8c069c38550185209 DependenciesID=77ae0513a4f3b4e284ca7d1f451268e8 StaticDependenciesID=82aa2ceb542067eeb1c43d7d5b1d1a54 
Number of updated asset objects reloaded before import = 0
Number of asset objects unloaded after import = 10
========================================================================
Received Import Request.
  Time of request: 2026-10-01T17:25:56.5276361Z
  Time since last request: 0.0000124 seconds.
  importAddress: GUID: 3a80f621645a05340824ecc31bbef546 - Path: Assets/Polytope Studio/Lowpoly_Village/Sources/Meshes/Modular/Fence - Importer: ScriptedImporter/UnityEditor.QuickSearchModule:UnityEditor.Search:ASIAI0B
Importing 'GUID: 3a80f621645a05340824ecc31bbef546 - Path: Assets/Polytope Studio/Lowpoly_Village/Sources/Meshes/Modular/Fence - Importer: ScriptedImporter/UnityEditor.QuickSearchModule:UnityEditor.Search:ASIAI0B' with importer (ScriptedImporter : UnityEditor.QuickSearchModule:UnityEditor.Search:ASIAI0B)
Imported 'GUID: 3a80f621645a05340824ecc31bbef546' -> (Import Result ID: '26dd35b62a711d26796e5ec2a23cf170') in 0.002 seconds [static and dynamic dependencies]. Details - ImportResultOutputID=42552a0b8dea907b1aa5778ef40cfa34 DependenciesID=abdeec05edc140189f29337888a065e7 StaticDependenciesID=2987de72be95de4ece5ea7141e34009d 
Number of updated asset objects reloaded before import = 0
Number of asset objects unloaded after import = 1
========================================================================
Received Import Request.
  Time of request: 2026-10-01T17:25:56.5362303Z
  Time since last request: 0.0003289 seconds.
  importAddress: GUID: 5228c984e5be7284d8d83c18096254dd - Path: Assets/Polytope Studio/Lowpoly_Environments/Prefabs/Mushrooms/PT_Caesars_Mushroom_01.prefab - Importer: ScriptedImporter/UnityEditor.QuickSearchModule:UnityEditor.Search:ASIAI0B
Importing 'GUID: 5228c984e5be7284d8d83c18096254dd - Path: Assets/Polytope Studio/Lowpoly_Environments/Prefabs/Mushrooms/PT_Caesars_Mushroom_01.prefab - Importer: ScriptedImporter/UnityEditor.QuickSearchModule:UnityEditor.Search:ASIAI0B' with importer (ScriptedImporter : UnityEditor.QuickSearchModule:UnityEditor.Search:ASIAI0B)
Imported 'GUID: 5228c984e5be7284d8d83c18096254dd' -> (Import Result ID: '36e045e2b754ae0d10399ee5dc8b3206') in 0.005 seconds [static and dynamic dependencies]. Details - ImportResultOutputID=2ed4fc8012ec86d0779aa7b4fe645bec DependenciesID=edcc4bd2900230e212654d1d9756fafa StaticDependenciesID=e767d1a46ca1fd5bab100306a45316dc 
Number of updated asset objects reloaded before import = 0
Number of asset objects unloaded after import = 9
========================================================================
Received Import Request.
  Time of request: 2026-10-01T17:25:56.5486368Z
  Time since last request: 0.0000137 seconds.
  importAddress: GUID: 5f16d7f0deffe2d44a0db2c9b5f0c409 - Path: Assets/Polytope Studio/Lowpoly_Village/Prefabs/Modular - Importer: ScriptedImporter/UnityEditor.QuickSearchModule:UnityEditor.Search:ASIAI0B
Importing 'GUID: 5f16d7f0deffe2d44a0db2c9b5f0c409 - Path: Assets/Polytope Studio/Lowpoly_Village/Prefabs/Modular - Importer: ScriptedImporter/UnityEditor.QuickSearchModule:UnityEditor.Search:ASIAI0B' with importer (ScriptedImporter : UnityEditor.QuickSearchModule:UnityEditor.Search:ASIAI0B)
Imported 'GUID: 5f16d7f0deffe2d44a0db2c9b5f0c409' -> (Import Result ID: 'dde1e7dac9179c884b4877c7884df947') in 0.002 seconds [static and dynamic dependencies]. Details - ImportResultOutputID=135ecfd50d4a672d0355f1c580bcee25 DependenciesID=dc43e11876d75fb87769ad1f190a0dae StaticDependenciesID=eafa5b9966ceffd3f0123fb988e1bbcb 
Number of updated asset objects reloaded before import = 0
Number of asset objects unloaded after import = 1
========================================================================
Received Import Request.
  Time of request: 2026-10-01T17:25:56.5586847Z
  Time since last request: 0.000313 seconds.
  importAddress: GUID: 8c75ba30e5f76df4fb30725e4c9bf38a - Path: Assets/Polytope Studio/Lowpoly_Environments/Sources/Textures/PT_Ground_Grass_Green_01.png - Importer: ScriptedImporter/UnityEditor.QuickSearchModule:UnityEditor.Search:ASIAI0B
Importing 'GUID: 8c75ba30e5f76df4fb30725e4c9bf38a - Path: Assets/Polytope Studio/Lowpoly_Environments/Sources/Textures/PT_Ground_Grass_Green_01.png - Importer: ScriptedImporter/UnityEditor.QuickSearchModule:UnityEditor.Search:ASIAI0B' with importer (ScriptedImporter : UnityEditor.QuickSearchModule:UnityEditor.Search:ASIAI0B)
Imported 'GUID: 8c75ba30e5f76df4fb30725e4c9bf38a' -> (Import Result ID: 'f37c799bf917c43f9a9c88b7cdd0fcfc') in 0.006 seconds [static and dynamic dependencies]. Details - ImportResultOutputID=e7ff8155756881b3324b54708116fc60 DependenciesID=bebd72209ef7e8d7bce8bc913c551662 StaticDependenciesID=ef4248e4b88d5448798f9ae868d4cf6a 
Number of updated asset objects reloaded before import = 0
Number of asset objects unloaded after import = 1
========================================================================
Received Import Request.
  Time of request: 2026-10-01T17:25:56.5736066Z
  Time since last request: 0.0003098 seconds.
  importAddress: GUID: f2ee3ef6a109f0f4b8bfd6f7c1e310f4 - Path: Assets/Polytope Studio/Lowpoly_Environments/Sources/Textures/PT_Generic_Tree_Leaves_01.png - Importer: ScriptedImporter/UnityEditor.QuickSearchModule:UnityEditor.Search:ASIAI0B
Importing 'GUID: f2ee3ef6a109f0f4b8bfd6f7c1e310f4 - Path: Assets/Polytope Studio/Lowpoly_Environments/Sources/Textures/PT_Generic_Tree_Leaves_01.png - Importer: ScriptedImporter/UnityEditor.QuickSearchModule:UnityEditor.Search:ASIAI0B' with importer (ScriptedImporter : UnityEditor.QuickSearchModule:UnityEditor.Search:ASIAI0B)
Imported 'GUID: f2ee3ef6a109f0f4b8bfd6f7c1e310f4' -> (Import Result ID: '752bf6d1d33a2119eac1611a41f55edb') in 0.008 seconds [static and dynamic dependencies]. Details - ImportResultOutputID=a1aedb8aa2e7eb390a0c7baceaa5e30d DependenciesID=82ff9c318fb7a90f8f3eb56337c4d25e StaticDependenciesID=20b3bd8aa04a57ed2dc0ab3690e3d5f5 
Number of updated asset objects reloaded before import = 0
Number of asset objects unloaded after import = 1
========================================================================
Received Import Request.
  Time of request: 2026-10-01T17:25:56.5892435Z
  Time since last request: 0.0002913 seconds.
  importAddress: GUID: 9a9ed1d4f54a1ce4a9331c6a1a926976 - Path: Assets/Polytope Studio/Lowpoly_Environments/Sources/Textures/PT_Mushrooms_01.png - Importer: ScriptedImporter/UnityEditor.QuickSearchModule:UnityEditor.Search:ASIAI0B
Importing 'GUID: 9a9ed1d4f54a1ce4a9331c6a1a926976 - Path: Assets/Polytope Studio/Lowpoly_Environments/Sources/Textures/PT_Mushrooms_01.png - Importer: ScriptedImporter/UnityEditor.QuickSearchModule:UnityEditor.Search:ASIAI0B' with importer (ScriptedImporter : UnityEditor.QuickSearchModule:UnityEditor.Search:ASIAI0B)
Imported 'GUID: 9a9ed1d4f54a1ce4a9331c6a1a926976' -> (Import Result ID: '491714a60d673801fbd793d5c0f71ef7') in 0.005 seconds [static and dynamic dependencies]. Details - ImportResultOutputID=783f4823ca43170547e8ad4c41ccf1b4 DependenciesID=a39d6aabcd1e1200820d783a06907587 StaticDependenciesID=5be2835528b5882b9202217d02ea093c 
Number of updated asset objects reloaded before import = 0
Number of asset objects unloaded after import = 1
========================================================================
Received Import Request.
  Time of request: 2026-10-01T17:25:56.6023533Z
  Time since last request: 0.0003391 seconds.
  importAddress: GUID: 4c216a70af6ef22419431af877580ddb - Path: Assets/Polytope Studio/Lowpoly_Demos/Environment_Free/Helpers/Plane mat.mat - Importer: ScriptedImporter/UnityEditor.QuickSearchModule:UnityEditor.Search:ASIAI0B
Importing 'GUID: 4c216a70af6ef22419431af877580ddb - Path: Assets/Polytope Studio/Lowpoly_Demos/Environment_Free/Helpers/Plane mat.mat - Importer: ScriptedImporter/UnityEditor.QuickSearchModule:UnityEditor.Search:ASIAI0B' with importer (ScriptedImporter : UnityEditor.QuickSearchModule:UnityEditor.Search:ASIAI0B)
Imported 'GUID: 4c216a70af6ef22419431af877580ddb' -> (Import Result ID: '9af3a73828bc4d7042c1f97837e4c872') in 0.004 seconds [static and dynamic dependencies]. Details - ImportResultOutputID=bfbb3984047520f78d5220eef8c2ec56 DependenciesID=621fa6d5a06c3a05f4bb168b1b56d83b StaticDependenciesID=a546d369647e5cbfdfa4366b19262215 
Number of updated asset objects reloaded before import = 0
Number of asset objects unloaded after import = 1
========================================================================
Received Import Request.
  Time of request: 2026-10-01T17:25:56.6148439Z
  Time since last request: 0.0003458 seconds.
  importAddress: GUID: 16357eda3fc18dd459a8218b92769643 - Path: Assets/Polytope Studio/Lowpoly_Village/Sources/Textures/PT_texture.tga - Importer: ScriptedImporter/UnityEditor.QuickSearchModule:UnityEditor.Search:ASIAI0B
Importing 'GUID: 16357eda3fc18dd459a8218b92769643 - Path: Assets/Polytope Studio/Lowpoly_Village/Sources/Textures/PT_texture.tga - Importer: ScriptedImporter/UnityEditor.QuickSearchModule:UnityEditor.Search:ASIAI0B' with importer (ScriptedImporter : UnityEditor.QuickSearchModule:UnityEditor.Search:ASIAI0B)
Imported 'GUID: 16357eda3fc18dd459a8218b92769643' -> (Import Result ID: '5b7b7f667568b48c5449c4118d9df1f8') in 0.004 seconds [static and dynamic dependencies]. Details - ImportResultOutputID=51635796f773883f60d7d15e8e2d106b DependenciesID=ca5db3c9dfef558b2417bbf36afd2d56 StaticDependenciesID=e20cc501c653f1871cc115d991f1cff6 
Number of updated asset objects reloaded before import = 0
Number of asset objects unloaded after import = 1
========================================================================
Received Import Request.
  Time of request: 2026-10-01T17:25:56.6276126Z
  Time since last request: 0.0002602 seconds.
  importAddress: GUID: 50084c0ced59c5243b289606ec1aaa1d - Path: Assets/Polytope Studio/Lowpoly_Environments/Sources - Importer: ScriptedImporter/UnityEditor.QuickSearchModule:UnityEditor.Search:ASIAI0B
Importing 'GUID: 50084c0ced59c5243b289606ec1aaa1d - Path: Assets/Polytope Studio/Lowpoly_Environments/Sources - Importer: ScriptedImporter/UnityEditor.QuickSearchModule:UnityEditor.Search:ASIAI0B' with importer (ScriptedImporter : UnityEditor.QuickSearchModule:UnityEditor.Search:ASIAI0B)
Imported 'GUID: 50084c0ced59c5243b289606ec1aaa1d' -> (Import Result ID: '659abcff550ac96ede01c046b1d073d8') in 0.002 seconds [static and dynamic dependencies]. Details - ImportResultOutputID=7cc612ec4003bda693053b812406d0b4 DependenciesID=fccf3efee8432b1b23847a2031c05390 StaticDependenciesID=5e9ae14ec1ecc8c37fda82424bb0c663 
Number of updated asset objects reloaded before import = 0
Number of asset objects unloaded after import = 1
========================================================================
Received Import Request.
  Time of request: 2026-10-01T17:25:56.6380941Z
  Time since last request: 0.0002785 seconds.
  importAddress: GUID: 3e36df56c6fa5f64085c14d9d4f6f8d9 - Path: Assets/Polytope Studio/Lowpoly_Environments/Sources/Materials/PT_Water_mat.mat - Importer: ScriptedImporter/UnityEditor.QuickSearchModule:UnityEditor.Search:ASIAI0B
Importing 'GUID: 3e36df56c6fa5f64085c14d9d4f6f8d9 - Path: Assets/Polytope Studio/Lowpoly_Environments/Sources/Materials/PT_Water_mat.mat - Importer: ScriptedImporter/UnityEditor.QuickSearchModule:UnityEditor.Search:ASIAI0B' with importer (ScriptedImporter : UnityEditor.QuickSearchModule:UnityEditor.Search:ASIAI0B)
Imported 'GUID: 3e36df56c6fa5f64085c14d9d4f6f8d9' -> (Import Result ID: '67cd833856f0adbc4b5eb40cfe5891ca') in 0.006 seconds [static and dynamic dependencies]. Details - ImportResultOutputID=194e1d35849f9692d565b14a165e7324 DependenciesID=8c1d550b51b32c609289574710ae5941 StaticDependenciesID=d34bccfc5172f35f7ed438a9e0330da6 
Number of updated asset objects reloaded before import = 0
Number of asset objects unloaded after import = 3
========================================================================
Received Import Request.
  Time of request: 2026-10-01T17:25:56.6515209Z
  Time since last request: 0.0002118 seconds.
  importAddress: GUID: 2ec966d90911a454c9760fa28789a4f8 - Path: Assets/Polytope Studio/Lowpoly_Environments/Sources/Meshes/Mushrooms/PT_Caesars_Mushroom_01.fbx - Importer: ScriptedImporter/UnityEditor.QuickSearchModule:UnityEditor.Search:ASIAI0B
Importing 'GUID: 2ec966d90911a454c9760fa28789a4f8 - Path: Assets/Polytope Studio/Lowpoly_Environments/Sources/Meshes/Mushrooms/PT_Caesars_Mushroom_01.fbx - Importer: ScriptedImporter/UnityEditor.QuickSearchModule:UnityEditor.Search:ASIAI0B' with importer (ScriptedImporter : UnityEditor.QuickSearchModule:UnityEditor.Search:ASIAI0B)
MaterialLocation.External is obsolete. External Material Location is no longer supported. (Assets/Polytope Studio/Lowpoly_Environments/Sources/Meshes/Mushrooms/PT_Caesars_Mushroom_01.fbx)
Imported 'GUID: 2ec966d90911a454c9760fa28789a4f8' -> (Import Result ID: '5a15df97255283a138bc8dff1b3fb101') in 0.006 seconds [static and dynamic dependencies]. Details - ImportResultOutputID=f31cf70c79c73c1522fe638d76e8f547 DependenciesID=d2f201771e5e2af57307e9e3704d1cdb StaticDependenciesID=7f9f40babed1bba49cef5057d588b58e 
Number of updated asset objects reloaded before import = 0
Number of asset objects unloaded after import = 9
========================================================================
Received Import Request.
  Time of request: 2026-10-01T17:25:56.6661705Z
  Time since last request: 0.0001271 seconds.
  importAddress: GUID: 5c7de3ea78afce6468d2ebe76dd0bf6d - Path: Assets/Polytope Studio/Lowpoly_Environments/Sources/Meshes/Flowers/PT_Poppy_02.fbx - Importer: ScriptedImporter/UnityEditor.QuickSearchModule:UnityEditor.Search:ASIAI0B
Importing 'GUID: 5c7de3ea78afce6468d2ebe76dd0bf6d - Path: Assets/Polytope Studio/Lowpoly_Environments/Sources/Meshes/Flowers/PT_Poppy_02.fbx - Importer: ScriptedImporter/UnityEditor.QuickSearchModule:UnityEditor.Search:ASIAI0B' with importer (ScriptedImporter : UnityEditor.QuickSearchModule:UnityEditor.Search:ASIAI0B)
MaterialLocation.External is obsolete. External Material Location is no longer supported. (Assets/Polytope Studio/Lowpoly_Environments/Sources/Meshes/Flowers/PT_Poppy_02.fbx)
Imported 'GUID: 5c7de3ea78afce6468d2ebe76dd0bf6d' -> (Import Result ID: '04fd908843f1172cf41e29065d87591e') in 0.005 seconds [static and dynamic dependencies]. Details - ImportResultOutputID=30964e5ae1b08d6dc40c7ba62e2e9d2d DependenciesID=3264ddf68854bc1b6dde5ad9cdfe9eae StaticDependenciesID=33f9164ba0f81cd3f9ab2fd7017e57af 
Number of updated asset objects reloaded before import = 0
Number of asset objects unloaded after import = 20
========================================================================
Received Import Request.
  Time of request: 2026-10-01T17:25:56.6785106Z
  Time since last request: 0.0002679 seconds.
  importAddress: GUID: f593bc20677ebf14abd27a4853408c68 - Path: Assets/Polytope Studio/Lowpoly_Environments/Prefabs/Flowers/PT_Poppy_02.prefab - Importer: ScriptedImporter/UnityEditor.QuickSearchModule:UnityEditor.Search:ASIAI0B
Importing 'GUID: f593bc20677ebf14abd27a4853408c68 - Path: Assets/Polytope Studio/Lowpoly_Environments/Prefabs/Flowers/PT_Poppy_02.prefab - Importer: ScriptedImporter/UnityEditor.QuickSearchModule:UnityEditor.Search:ASIAI0B' with importer (ScriptedImporter : UnityEditor.QuickSearchModule:UnityEditor.Search:ASIAI0B)
Imported 'GUID: f593bc20677ebf14abd27a4853408c68' -> (Import Result ID: '2a7f6bf0c67f3194dcdd7f2c37caae0e') in 0.003 seconds [static and dynamic dependencies]. Details - ImportResultOutputID=498bfdbedfff9fcc931b08933647e17d DependenciesID=4ce05f885c2aff2c265aa1d3ab141ca6 StaticDependenciesID=04c8bcdcfd551048beeb8aecdf82a834 
Number of updated asset objects reloaded before import = 0
Number of asset objects unloaded after import = 20
========================================================================
Received Import Request.
  Time of request: 2026-10-01T17:25:56.6888487Z
  Time since last request: 0.0000117 seconds.
  importAddress: GUID: 77e1a76a38ecd5a46a270afb12894dd5 - Path: Assets/Polytope Studio/Lowpoly_Environments/Sources/Shaders/PT_Vegetation_Foliage_Shader.shader - Importer: ScriptedImporter/UnityEditor.QuickSearchModule:UnityEditor.Search:ASIAI0B
Importing 'GUID: 77e1a76a38ecd5a46a270afb12894dd5 - Path: Assets/Polytope Studio/Lowpoly_Environments/Sources/Shaders/PT_Vegetation_Foliage_Shader.shader - Importer: ScriptedImporter/UnityEditor.QuickSearchModule:UnityEditor.Search:ASIAI0B' with importer (ScriptedImporter : UnityEditor.QuickSearchModule:UnityEditor.Search:ASIAI0B)
Imported 'GUID: 77e1a76a38ecd5a46a270afb12894dd5' -> (Import Result ID: 'b4128295bbbba7c9a6b3f43fae876a3d') in 0.006 seconds [static and dynamic dependencies]. Details - ImportResultOutputID=772a7c9a7c123f96e157fac59f14815d DependenciesID=180ba6628e3aa11ffe621101a7e472cc StaticDependenciesID=83af3b415597f7c256e27b89105d13c4 
Number of updated asset objects reloaded before import = 0
Number of asset objects unloaded after import = 1
========================================================================
Received Import Request.
  Time of request: 2026-10-01T17:25:56.7028453Z
  Time since last request: 0.000242 seconds.
  importAddress: GUID: c40d5572f8d7d6843bd8d20c21f1c0be - Path: Assets/Polytope Studio/Lowpoly_Demos/Environment_Free/Helpers/Terrain/TerrainData_6dc76592-a48a-4163-91df-c29ec1a99c66.asset - Importer: ScriptedImporter/UnityEditor.QuickSearchModule:UnityEditor.Search:ASIAI0B
Importing 'GUID: c40d5572f8d7d6843bd8d20c21f1c0be - Path: Assets/Polytope Studio/Lowpoly_Demos/Environment_Free/Helpers/Terrain/TerrainData_6dc76592-a48a-4163-91df-c29ec1a99c66.asset - Importer: ScriptedImporter/UnityEditor.QuickSearchModule:UnityEditor.Search:ASIAI0B' with importer (ScriptedImporter : UnityEditor.QuickSearchModule:UnityEditor.Search:ASIAI0B)
The tree PT_Caesars_Mushroom_01 must use the Nature/Soft Occlusion shader. Otherwise billboarding/lighting will not work correctly.
UnityEngine.Debug:ExtractStackTraceNoAlloc (byte*,int,string)
UnityEngine.StackTraceUtility:ExtractStackTrace ()
UnityEditor.AssetDatabase:LoadMainAssetAtPath (string)
UnityEditor.Search.AssetIndexer:IndexProperties (int&,string&,bool&)
UnityEditor.Search.AssetIndexer:IndexDocument (string,bool)
UnityEditor.Search.SearchIndexArtifactImporter:OnImportAsset (UnityEditor.AssetImporters.AssetImportContext)
UnityEditor.AssetImporters.ScriptedImporter:GenerateAssetData (UnityEditor.AssetImporters.AssetImportContext)

[C:\build\output\unity\unity\Modules\Terrain\Public\TreeDatabase.cpp line 355]

Imported 'GUID: c40d5572f8d7d6843bd8d20c21f1c0be' -> (Import Result ID: 'e083278a9d8164413d328e375624cc97') in 0.030 seconds [static and dynamic dependencies]. Details - ImportResultOutputID=e10fa3c7fccc8ba1fd5620aa30a83bb0 DependenciesID=cfd32bd4c5d4666606a83e8c3830e8e5 StaticDependenciesID=509678693911fd8f56cd598bd4c48b12 
Number of updated asset objects reloaded before import = 0
Number of asset objects unloaded after import = 142
========================================================================
Received Import Request.
  Time of request: 2026-10-01T17:25:56.7419705Z
  Time since last request: 0.0000161 seconds.
  importAddress: GUID: 55a083d549e055045948e2083099df16 - Path: Assets/Polytope Studio/Lowpoly_Environments/Sources/Textures/PT_Generic_Leaves_01.png - Importer: ScriptedImporter/UnityEditor.QuickSearchModule:UnityEditor.Search:ASIAI0B
Importing 'GUID: 55a083d549e055045948e2083099df16 - Path: Assets/Polytope Studio/Lowpoly_Environments/Sources/Textures/PT_Generic_Leaves_01.png - Importer: ScriptedImporter/UnityEditor.QuickSearchModule:UnityEditor.Search:ASIAI0B' with importer (ScriptedImporter : UnityEditor.QuickSearchModule:UnityEditor.Search:ASIAI0B)
Imported 'GUID: 55a083d549e055045948e2083099df16' -> (Import Result ID: 'b220aeee433681242c3802da3d562759') in 0.007 seconds [static and dynamic dependencies]. Details - ImportResultOutputID=962158909b3413d33e4baa4118bb0a03 DependenciesID=1ca3a80f205b1fbd69d9c6dffd0d4925 StaticDependenciesID=29fac988e7ed909f0e379848e94910a0 
Number of updated asset objects reloaded before import = 0
Number of asset objects unloaded after import = 1
========================================================================
Received Import Request.
  Time of request: 2026-10-01T17:25:56.7569095Z
  Time since last request: 0.0003427 seconds.
  importAddress: GUID: f226223b3a11d2d4b980aaa520301583 - Path: Assets/Polytope Studio/Lowpoly_Environments/Sources/Meshes/Rocks/PT_Generic_Rock_01.fbx - Importer: ScriptedImporter/UnityEditor.QuickSearchModule:UnityEditor.Search:ASIAI0B
Importing 'GUID: f226223b3a11d2d4b980aaa520301583 - Path: Assets/Polytope Studio/Lowpoly_Environments/Sources/Meshes/Rocks/PT_Generic_Rock_01.fbx - Importer: ScriptedImporter/UnityEditor.QuickSearchModule:UnityEditor.Search:ASIAI0B' with importer (ScriptedImporter : UnityEditor.QuickSearchModule:UnityEditor.Search:ASIAI0B)
MaterialLocation.External is obsolete. External Material Location is no longer supported. (Assets/Polytope Studio/Lowpoly_Environments/Sources/Meshes/Rocks/PT_Generic_Rock_01.fbx)
Imported 'GUID: f226223b3a11d2d4b980aaa520301583' -> (Import Result ID: '3b568e5de05d7811df233a5072c8c075') in 0.006 seconds [static and dynamic dependencies]. Details - ImportResultOutputID=5708a38d037f94ab2a6e77251b3e64bf DependenciesID=c7321a3f1db8a76d40b219f69e5b1427 StaticDependenciesID=1a6e242796803534d4e34b2ab4457e4d 
Number of updated asset objects reloaded before import = 0
Number of asset objects unloaded after import = 20
========================================================================
Received Import Request.
  Time of request: 2026-10-01T17:25:56.7699384Z
  Time since last request: 0.0002988 seconds.
  importAddress: GUID: e9a01d2a3de15954eb2cccf4df7f3d5b - Path: Assets/Polytope Studio/Lowpoly_Environments/Sources/Meshes/Trees/PT_Pine_Tree_03_logs.fbx - Importer: ScriptedImporter/UnityEditor.QuickSearchModule:UnityEditor.Search:ASIAI0B
Importing 'GUID: e9a01d2a3de15954eb2cccf4df7f3d5b - Path: Assets/Polytope Studio/Lowpoly_Environments/Sources/Meshes/Trees/PT_Pine_Tree_03_logs.fbx - Importer: ScriptedImporter/UnityEditor.QuickSearchModule:UnityEditor.Search:ASIAI0B' with importer (ScriptedImporter : UnityEditor.QuickSearchModule:UnityEditor.Search:ASIAI0B)
MaterialLocation.External is obsolete. External Material Location is no longer supported. (Assets/Polytope Studio/Lowpoly_Environments/Sources/Meshes/Trees/PT_Pine_Tree_03_logs.fbx)
Imported 'GUID: e9a01d2a3de15954eb2cccf4df7f3d5b' -> (Import Result ID: 'dfc432a8e6e2b8a9d7347450945793a5') in 0.006 seconds [static and dynamic dependencies]. Details - ImportResultOutputID=2dbe55ad3797db4e75d0fdf5e90a6e3e DependenciesID=74e818ef4b8b84abc4ddd5070e4ace0d StaticDependenciesID=a19e8807dfcea1b74914b2e4388f4375 
Number of updated asset objects reloaded before import = 0
Number of asset objects unloaded after import = 9
========================================================================
Received Import Request.
  Time of request: 2026-10-01T17:25:56.7840929Z
  Time since last request: 0.0000651 seconds.
  importAddress: GUID: abd9fc8a29ea3f549bf82c3d3b8c843f - Path: Assets/Polytope Studio/Lowpoly_Demos/Environment_Free/Helpers/Terrain/TerrainData_984456c3-d32f-475f-a118-27bb19f92a65.asset - Importer: ScriptedImporter/UnityEditor.QuickSearchModule:UnityEditor.Search:ASIAI0B
Importing 'GUID: abd9fc8a29ea3f549bf82c3d3b8c843f - Path: Assets/Polytope Studio/Lowpoly_Demos/Environment_Free/Helpers/Terrain/TerrainData_984456c3-d32f-475f-a118-27bb19f92a65.asset - Importer: ScriptedImporter/UnityEditor.QuickSearchModule:UnityEditor.Search:ASIAI0B' with importer (ScriptedImporter : UnityEditor.QuickSearchModule:UnityEditor.Search:ASIAI0B)
The tree PT_Fruit_Tree_01_logs must use the Nature/Soft Occlusion shader. Otherwise billboarding/lighting will not work correctly.
UnityEngine.Debug:ExtractStackTraceNoAlloc (byte*,int,string)
UnityEngine.StackTraceUtility:ExtractStackTrace ()
UnityEditor.AssetDatabase:LoadMainAssetAtPath (string)
UnityEditor.Search.AssetIndexer:IndexProperties (int&,string&,bool&)
UnityEditor.Search.AssetIndexer:IndexDocument (string,bool)
UnityEditor.Search.SearchIndexArtifactImporter:OnImportAsset (UnityEditor.AssetImporters.AssetImportContext)
UnityEditor.AssetImporters.ScriptedImporter:GenerateAssetData (UnityEditor.AssetImporters.AssetImportContext)

[C:\build\output\unity\unity\Modules\Terrain\Public\TreeDatabase.cpp line 355]

The tree PT_Caesars_Mushroom_01 must use the Nature/Soft Occlusion shader. Otherwise billboarding/lighting will not work correctly.
UnityEngine.Debug:ExtractStackTraceNoAlloc (byte*,int,string)
UnityEngine.StackTraceUtility:ExtractStackTrace ()
UnityEditor.AssetDatabase:LoadMainAssetAtPath (string)
UnityEditor.Search.AssetIndexer:IndexProperties (int&,string&,bool&)
UnityEditor.Search.AssetIndexer:IndexDocument (string,bool)
UnityEditor.Search.SearchIndexArtifactImporter:OnImportAsset (UnityEditor.AssetImporters.AssetImportContext)
UnityEditor.AssetImporters.ScriptedImporter:GenerateAssetData (UnityEditor.AssetImporters.AssetImportContext)

[C:\build\output\unity\unity\Modules\Terrain\Public\TreeDatabase.cpp line 355]

Imported 'GUID: abd9fc8a29ea3f549bf82c3d3b8c843f' -> (Import Result ID: '71fa0028017da0dc656859b28b1de740') in 0.027 seconds [static and dynamic dependencies]. Details - ImportResultOutputID=152ceb64302e018141992eb584a3b0f1 DependenciesID=2bf9bd21d1bff97a811c7bd87e827f4e StaticDependenciesID=e5e2f32f64f6c184854459e23377b7ce 
Number of updated asset objects reloaded before import = 0
Number of asset objects unloaded after import = 174
========================================================================
Received Import Request.
  Time of request: 2026-10-01T17:25:56.8228354Z
  Time since last request: 0.0005549 seconds.
  importAddress: GUID: 3d254d49ff5ec1f458f7a2fbae9555d2 - Path: Assets/Polytope Studio/Lowpoly_Village/Prefabs/Modular/Fence - Importer: ScriptedImporter/UnityEditor.QuickSearchModule:UnityEditor.Search:ASIAI0B
Importing 'GUID: 3d254d49ff5ec1f458f7a2fbae9555d2 - Path: Assets/Polytope Studio/Lowpoly_Village/Prefabs/Modular/Fence - Importer: ScriptedImporter/UnityEditor.QuickSearchModule:UnityEditor.Search:ASIAI0B' with importer (ScriptedImporter : UnityEditor.QuickSearchModule:UnityEditor.Search:ASIAI0B)
Imported 'GUID: 3d254d49ff5ec1f458f7a2fbae9555d2' -> (Import Result ID: '7dbd5b8ae109a9c581e7531542cbe8aa') in 0.002 seconds [static and dynamic dependencies]. Details - ImportResultOutputID=92f3cc89b740d9caf4c57627d429de02 DependenciesID=3827bdf666650773dbb0f1189d7af2ae StaticDependenciesID=2ee675e3550260d7808fd247ec7ca41e 
Number of updated asset objects reloaded before import = 0
Number of asset objects unloaded after import = 1
========================================================================
Received Import Request.
  Time of request: 2026-10-01T17:25:56.8325913Z
  Time since last request: 0.0003496 seconds.
  importAddress: GUID: ed920bad5318ee347ad3e34dd82e273f - Path: Assets/Polytope Studio/Lowpoly_Village/Sources/Meshes/Modular/Fence/PT_Modular_Fence_Wood_01.fbx - Importer: ScriptedImporter/UnityEditor.QuickSearchModule:UnityEditor.Search:ASIAI0B
Importing 'GUID: ed920bad5318ee347ad3e34dd82e273f - Path: Assets/Polytope Studio/Lowpoly_Village/Sources/Meshes/Modular/Fence/PT_Modular_Fence_Wood_01.fbx - Importer: ScriptedImporter/UnityEditor.QuickSearchModule:UnityEditor.Search:ASIAI0B' with importer (ScriptedImporter : UnityEditor.QuickSearchModule:UnityEditor.Search:ASIAI0B)
MaterialLocation.External is obsolete. External Material Location is no longer supported. (Assets/Polytope Studio/Lowpoly_Village/Sources/Meshes/Modular/Fence/PT_Modular_Fence_Wood_01.fbx)
Imported 'GUID: ed920bad5318ee347ad3e34dd82e273f' -> (Import Result ID: '653a9815244239ad6463b6da264c8eac') in 0.007 seconds [static and dynamic dependencies]. Details - ImportResultOutputID=310990501e94d8a16d697ec9280626f9 DependenciesID=07f6552d473238312ecee55dcdbff246 StaticDependenciesID=0d79784d1b2a996825fab933e7ce4386 
Number of updated asset objects reloaded before import = 0
Number of asset objects unloaded after import = 10
========================================================================
Received Import Request.
  Time of request: 2026-10-01T17:25:56.8467798Z
  Time since last request: 0.0000155 seconds.
  importAddress: GUID: 09473d06882d1414b84b1fdb7a095516 - Path: Assets/Polytope Studio/Lowpoly_Environments/Sources/Materials/PT_Grass_Mat.mat - Importer: ScriptedImporter/UnityEditor.QuickSearchModule:UnityEditor.Search:ASIAI0B
Importing 'GUID: 09473d06882d1414b84b1fdb7a095516 - Path: Assets/Polytope Studio/Lowpoly_Environments/Sources/Materials/PT_Grass_Mat.mat - Importer: ScriptedImporter/UnityEditor.QuickSearchModule:UnityEditor.Search:ASIAI0B' with importer (ScriptedImporter : UnityEditor.QuickSearchModule:UnityEditor.Search:ASIAI0B)
Imported 'GUID: 09473d06882d1414b84b1fdb7a095516' -> (Import Result ID: '86860d43b99579081c04e84d190c310d') in 0.047 seconds [static and dynamic dependencies]. Details - ImportResultOutputID=67e7c3da17da6ea30c09f8bf256b814b DependenciesID=1f389297847a7c43636936c3d3332bc5 StaticDependenciesID=ec7a6c3ab999a59e0ab07f1c169c85cf 
Number of updated asset objects reloaded before import = 0
Number of asset objects unloaded after import = 4
========================================================================
Received Import Request.
  Time of request: 2026-10-01T17:25:56.9017773Z
  Time since last request: 0.0000943 seconds.
  importAddress: GUID: 5733ec0c27e7c9d41a230d27ca7b85d4 - Path: Assets/Polytope Studio/Lowpoly_Environments/Sources/Textures/PT_Tree_Trunk_01.png - Importer: ScriptedImporter/UnityEditor.QuickSearchModule:UnityEditor.Search:ASIAI0B
Importing 'GUID: 5733ec0c27e7c9d41a230d27ca7b85d4 - Path: Assets/Polytope Studio/Lowpoly_Environments/Sources/Textures/PT_Tree_Trunk_01.png - Importer: ScriptedImporter/UnityEditor.QuickSearchModule:UnityEditor.Search:ASIAI0B' with importer (ScriptedImporter : UnityEditor.QuickSearchModule:UnityEditor.Search:ASIAI0B)
Imported 'GUID: 5733ec0c27e7c9d41a230d27ca7b85d4' -> (Import Result ID: 'a0cb23d6f10e05e6cf80d76d0e5d2269') in 0.004 seconds [static and dynamic dependencies]. Details - ImportResultOutputID=28bdbb62a780faefe7da990b5bd5ecf2 DependenciesID=ad7d2adb198e007322eb450c87d3ee6f StaticDependenciesID=497ac33832cee9cba3ffcc3e21d5aa78 
Number of updated asset objects reloaded before import = 0
Number of asset objects unloaded after import = 1
========================================================================
Received Import Request.
  Time of request: 2026-10-01T17:25:56.9127797Z
  Time since last request: 0.000119 seconds.
  importAddress: GUID: da4b5e2c1255f2e40bad4bd005f99f2c - Path: Assets/Polytope Studio/Lowpoly_Village/Sources/Textures/PT_Medieval_Buildings_Texture_01mask2.png - Importer: ScriptedImporter/UnityEditor.QuickSearchModule:UnityEditor.Search:ASIAI0B
Importing 'GUID: da4b5e2c1255f2e40bad4bd005f99f2c - Path: Assets/Polytope Studio/Lowpoly_Village/Sources/Textures/PT_Medieval_Buildings_Texture_01mask2.png - Importer: ScriptedImporter/UnityEditor.QuickSearchModule:UnityEditor.Search:ASIAI0B' with importer (ScriptedImporter : UnityEditor.QuickSearchModule:UnityEditor.Search:ASIAI0B)
Imported 'GUID: da4b5e2c1255f2e40bad4bd005f99f2c' -> (Import Result ID: '90a014f8dca8755ec3c4dacf03cac4f9') in 0.004 seconds [static and dynamic dependencies]. Details - ImportResultOutputID=211a4f5ebbcbc5001b6dd621b4ae5e87 DependenciesID=fa465ce2404dd61746687442296a4aeb StaticDependenciesID=6efc355d8827468580bc6cb81acbc47e 
Number of updated asset objects reloaded before import = 0
Number of asset objects unloaded after import = 1
========================================================================
Received Import Request.
  Time of request: 2026-10-01T17:25:56.9241091Z
  Time since last request: 0.0000139 seconds.
  importAddress: GUID: ddcbcdd7a43212c4d86fe33f77dac074 - Path: Assets/Polytope Studio/Lowpoly_Environments/Sources/Meshes/Trees/PT_Fruit_Tree_01_dead_cut.fbx - Importer: ScriptedImporter/UnityEditor.QuickSearchModule:UnityEditor.Search:ASIAI0B
Importing 'GUID: ddcbcdd7a43212c4d86fe33f77dac074 - Path: Assets/Polytope Studio/Lowpoly_Environments/Sources/Meshes/Trees/PT_Fruit_Tree_01_dead_cut.fbx - Importer: ScriptedImporter/UnityEditor.QuickSearchModule:UnityEditor.Search:ASIAI0B' with importer (ScriptedImporter : UnityEditor.QuickSearchModule:UnityEditor.Search:ASIAI0B)
MaterialLocation.External is obsolete. External Material Location is no longer supported. (Assets/Polytope Studio/Lowpoly_Environments/Sources/Meshes/Trees/PT_Fruit_Tree_01_dead_cut.fbx)
Imported 'GUID: ddcbcdd7a43212c4d86fe33f77dac074' -> (Import Result ID: '86542e4895bb45b6c3e23301e869396b') in 0.007 seconds [static and dynamic dependencies]. Details - ImportResultOutputID=7e58419fb09ac40bd2cb72efa0d36c89 DependenciesID=d49cc58e6ecda8f014920ecb61432820 StaticDependenciesID=4d48ec70e050369566fb869c92f7e7a4 
Number of updated asset objects reloaded before import = 0
Number of asset objects unloaded after import = 9
========================================================================
Received Import Request.
  Time of request: 2026-10-01T17:25:56.937688Z
  Time since last request: 0.0000142 seconds.
  importAddress: GUID: 8ce8268a24bfebc4ca972ae10f12aece - Path: Assets/Polytope Studio/Lowpoly_Demos/Environment_Free/Helpers/PT_Grass_Mat 1.mat - Importer: ScriptedImporter/UnityEditor.QuickSearchModule:UnityEditor.Search:ASIAI0B
Importing 'GUID: 8ce8268a24bfebc4ca972ae10f12aece - Path: Assets/Polytope Studio/Lowpoly_Demos/Environment_Free/Helpers/PT_Grass_Mat 1.mat - Importer: ScriptedImporter/UnityEditor.QuickSearchModule:UnityEditor.Search:ASIAI0B' with importer (ScriptedImporter : UnityEditor.QuickSearchModule:UnityEditor.Search:ASIAI0B)
Imported 'GUID: 8ce8268a24bfebc4ca972ae10f12aece' -> (Import Result ID: '6492c803b6f87f3bbc51b1b9c90fed2b') in 0.005 seconds [static and dynamic dependencies]. Details - ImportResultOutputID=02fabc69357899e8a4fe8ee5594fe61d DependenciesID=05704b94ddc3e228e5ae5456f7dd23f2 StaticDependenciesID=8d25081077f8f101debd187bd24019b3 
Number of updated asset objects reloaded before import = 0
Number of asset objects unloaded after import = 4
========================================================================
Received Import Request.
  Time of request: 2026-10-01T17:25:56.9498895Z
  Time since last request: 0.0000136 seconds.
  importAddress: GUID: b1d2d07a2fd7be646ab43c446a26a69e - Path: Assets/Polytope Studio/Welcome_Screen/Editor/Textures/banner_dark.png - Importer: ScriptedImporter/UnityEditor.QuickSearchModule:UnityEditor.Search:ASIAI0B
Importing 'GUID: b1d2d07a2fd7be646ab43c446a26a69e - Path: Assets/Polytope Studio/Welcome_Screen/Editor/Textures/banner_dark.png - Importer: ScriptedImporter/UnityEditor.QuickSearchModule:UnityEditor.Search:ASIAI0B' with importer (ScriptedImporter : UnityEditor.QuickSearchModule:UnityEditor.Search:ASIAI0B)
Imported 'GUID: b1d2d07a2fd7be646ab43c446a26a69e' -> (Import Result ID: '35176097dbbb9f67d57f9a18403df07f') in 0.004 seconds [static and dynamic dependencies]. Details - ImportResultOutputID=ef672c53ccb22fcf487628ba28eb9966 DependenciesID=00fed999f0868ed7fabe33867bc3b4f6 StaticDependenciesID=57e2334ec0202dfbc4d196df0381834c 
Number of updated asset objects reloaded before import = 0
Number of asset objects unloaded after import = 1
========================================================================
Received Import Request.
  Time of request: 2026-10-01T17:25:56.960733Z
  Time since last request: 0.00033 seconds.
  importAddress: GUID: 56532089e45dbc1479865e115cc8c637 - Path: Assets/Polytope Studio/Lowpoly_Village/Sources/Materials/PT_mat.mat - Importer: ScriptedImporter/UnityEditor.QuickSearchModule:UnityEditor.Search:ASIAI0B
Importing 'GUID: 56532089e45dbc1479865e115cc8c637 - Path: Assets/Polytope Studio/Lowpoly_Village/Sources/Materials/PT_mat.mat - Importer: ScriptedImporter/UnityEditor.QuickSearchModule:UnityEditor.Search:ASIAI0B' with importer (ScriptedImporter : UnityEditor.QuickSearchModule:UnityEditor.Search:ASIAI0B)
Imported 'GUID: 56532089e45dbc1479865e115cc8c637' -> (Import Result ID: '6f168a8319366890e910908d0407ed33') in 0.003 seconds [static and dynamic dependencies]. Details - ImportResultOutputID=d8757061e3cbd1d0810a2506115c72c5 DependenciesID=a77858c431c40f29d5534a4cad79776d StaticDependenciesID=ff5e359c8b8bf34b08fe3d20e91e6548 
Number of updated asset objects reloaded before import = 0
Number of asset objects unloaded after import = 2
========================================================================
Received Import Request.
  Time of request: 2026-10-01T17:25:56.9715213Z
  Time since last request: 0.0002358 seconds.
  importAddress: GUID: e4f62d5abc5742c4eabbbf96fe54193c - Path: Assets/Polytope Studio/Lowpoly_Demos/Environment_Free/Helpers/PT_River_Rock_Pile_02_v1.prefab - Importer: ScriptedImporter/UnityEditor.QuickSearchModule:UnityEditor.Search:ASIAI0B
Importing 'GUID: e4f62d5abc5742c4eabbbf96fe54193c - Path: Assets/Polytope Studio/Lowpoly_Demos/Environment_Free/Helpers/PT_River_Rock_Pile_02_v1.prefab - Importer: ScriptedImporter/UnityEditor.QuickSearchModule:UnityEditor.Search:ASIAI0B' with importer (ScriptedImporter : UnityEditor.QuickSearchModule:UnityEditor.Search:ASIAI0B)
Imported 'GUID: e4f62d5abc5742c4eabbbf96fe54193c' -> (Import Result ID: 'df303d72868c0033aec8536fb2eaa5ce') in 0.008 seconds [static and dynamic dependencies]. Details - ImportResultOutputID=54ea0c020fe85f752658d55fc6c89f42 DependenciesID=d238afe57749673fa39fea73db908e79 StaticDependenciesID=0b078fae2994829dbd8c620fa38a5670 
Number of updated asset objects reloaded before import = 0
Number of asset objects unloaded after import = 9
========================================================================
Received Import Request.
  Time of request: 2026-10-01T17:25:56.9864505Z
  Time since last request: 0.0000143 seconds.
  importAddress: GUID: d329461fd2714384088c78ea5f4c2765 - Path: Assets/Polytope Studio/Lowpoly_Environments/Sources/Textures/PT_Runes_02.png - Importer: ScriptedImporter/UnityEditor.QuickSearchModule:UnityEditor.Search:ASIAI0B
Importing 'GUID: d329461fd2714384088c78ea5f4c2765 - Path: Assets/Polytope Studio/Lowpoly_Environments/Sources/Textures/PT_Runes_02.png - Importer: ScriptedImporter/UnityEditor.QuickSearchModule:UnityEditor.Search:ASIAI0B' with importer (ScriptedImporter : UnityEditor.QuickSearchModule:UnityEditor.Search:ASIAI0B)
Imported 'GUID: d329461fd2714384088c78ea5f4c2765' -> (Import Result ID: 'fd8a67b0bd87f6aceebae7546a0227ba') in 0.004 seconds [static and dynamic dependencies]. Details - ImportResultOutputID=68264a433ff1a1cd0b354ccf40a3708c DependenciesID=6b661c7a4c533622cd06c6bf07436fe5 StaticDependenciesID=bf1f533c9e8670367f300fa50bd611e2 
Number of updated asset objects reloaded before import = 0
Number of asset objects unloaded after import = 1
========================================================================
Received Import Request.
  Time of request: 2026-10-01T17:25:56.9976102Z
  Time since last request: 0.0003594 seconds.
  importAddress: GUID: 46df1f2d8eb22a64fb03812d24ea1ffd - Path: Assets/Polytope Studio/Lowpoly_Village/Prefabs - Importer: ScriptedImporter/UnityEditor.QuickSearchModule:UnityEditor.Search:ASIAI0B
Importing 'GUID: 46df1f2d8eb22a64fb03812d24ea1ffd - Path: Assets/Polytope Studio/Lowpoly_Village/Prefabs - Importer: ScriptedImporter/UnityEditor.QuickSearchModule:UnityEditor.Search:ASIAI0B' with importer (ScriptedImporter : UnityEditor.QuickSearchModule:UnityEditor.Search:ASIAI0B)
Imported 'GUID: 46df1f2d8eb22a64fb03812d24ea1ffd' -> (Import Result ID: '4ac297691fe999ea1292c2a9ed6b5065') in 0.002 seconds [static and dynamic dependencies]. Details - ImportResultOutputID=45e4d78b5c4b07fef74955443c3ddd55 DependenciesID=f4d3f44aa3496b4c284b99592d81a653 StaticDependenciesID=dbd6d79aed405117610a7346b0108da3 
Number of updated asset objects reloaded before import = 0
Number of asset objects unloaded after import = 1
========================================================================
Received Import Request.
  Time of request: 2026-10-01T17:25:57.007418Z
  Time since last request: 0.0002381 seconds.
  importAddress: GUID: 96a08e9b3a862214b8c94c891f9b5a83 - Path: Assets/Polytope Studio/Lowpoly_Demos - Importer: ScriptedImporter/UnityEditor.QuickSearchModule:UnityEditor.Search:ASIAI0B
Importing 'GUID: 96a08e9b3a862214b8c94c891f9b5a83 - Path: Assets/Polytope Studio/Lowpoly_Demos - Importer: ScriptedImporter/UnityEditor.QuickSearchModule:UnityEditor.Search:ASIAI0B' with importer (ScriptedImporter : UnityEditor.QuickSearchModule:UnityEditor.Search:ASIAI0B)
Imported 'GUID: 96a08e9b3a862214b8c94c891f9b5a83' -> (Import Result ID: '846078b673b10348592915298ce971bf') in 0.002 seconds [static and dynamic dependencies]. Details - ImportResultOutputID=2608587eaa81102e831726693b172e65 DependenciesID=76fa6bc6fa956a3a5b2fcd982d54479a StaticDependenciesID=49338c4b683fb07d4f4b3d265dc8e2f1 
Number of updated asset objects reloaded before import = 0
Number of asset objects unloaded after import = 1
========================================================================
Received Import Request.
  Time of request: 2026-10-01T17:25:57.0166788Z
  Time since last request: 0.0003821 seconds.
  importAddress: GUID: ab5654911e4a8494190af9551d81ea81 - Path: Assets/Polytope Studio/Lowpoly_Environments/Sources/Meshes/Trees/PT_Fruit_Tree_01_pears.fbx - Importer: ScriptedImporter/UnityEditor.QuickSearchModule:UnityEditor.Search:ASIAI0B
Importing 'GUID: ab5654911e4a8494190af9551d81ea81 - Path: Assets/Polytope Studio/Lowpoly_Environments/Sources/Meshes/Trees/PT_Fruit_Tree_01_pears.fbx - Importer: ScriptedImporter/UnityEditor.QuickSearchModule:UnityEditor.Search:ASIAI0B' with importer (ScriptedImporter : UnityEditor.QuickSearchModule:UnityEditor.Search:ASIAI0B)
MaterialLocation.External is obsolete. External Material Location is no longer supported. (Assets/Polytope Studio/Lowpoly_Environments/Sources/Meshes/Trees/PT_Fruit_Tree_01_pears.fbx)
Imported 'GUID: ab5654911e4a8494190af9551d81ea81' -> (Import Result ID: 'f4beee3e4ef7258cc0d09f9ce1674c70') in 0.005 seconds [static and dynamic dependencies]. Details - ImportResultOutputID=c4da92f2b6b716824433d50d23277919 DependenciesID=e0371b59343d5711bbd24282022a94a3 StaticDependenciesID=0a8f34456b52c936eb862abe2042f7b0 
Number of updated asset objects reloaded before import = 0
Number of asset objects unloaded after import = 20
========================================================================
Received Import Request.
  Time of request: 2026-10-01T17:25:57.0294116Z
  Time since last request: 0.0002315 seconds.
  importAddress: GUID: a76d56770814df042a1b794d9ecb8972 - Path: Assets/Polytope Studio/Welcome_Screen/Editor/Textures/icon_Instagram.png - Importer: ScriptedImporter/UnityEditor.QuickSearchModule:UnityEditor.Search:ASIAI0B
Importing 'GUID: a76d56770814df042a1b794d9ecb8972 - Path: Assets/Polytope Studio/Welcome_Screen/Editor/Textures/icon_Instagram.png - Importer: ScriptedImporter/UnityEditor.QuickSearchModule:UnityEditor.Search:ASIAI0B' with importer (ScriptedImporter : UnityEditor.QuickSearchModule:UnityEditor.Search:ASIAI0B)
Imported 'GUID: a76d56770814df042a1b794d9ecb8972' -> (Import Result ID: 'a86fc4607e95829847ca2d63aa214755') in 0.004 seconds [static and dynamic dependencies]. Details - ImportResultOutputID=c859b9f4c19d36a6034c7a0809ef05bc DependenciesID=27ccab0347d88302e59017bd10032252 StaticDependenciesID=18e9db3662717e28c2926fe3bbb3216d 
Number of updated asset objects reloaded before import = 0
Number of asset objects unloaded after import = 1
========================================================================
Received Import Request.
  Time of request: 2026-10-01T17:25:57.0413881Z
  Time since last request: 0.0002395 seconds.
  importAddress: GUID: a4be55d94a4745c489dca6d060068259 - Path: Assets/Polytope Studio/Welcome_Screen/Editor/Textures/icon_facebook.png - Importer: ScriptedImporter/UnityEditor.QuickSearchModule:UnityEditor.Search:ASIAI0B
Importing 'GUID: a4be55d94a4745c489dca6d060068259 - Path: Assets/Polytope Studio/Welcome_Screen/Editor/Textures/icon_facebook.png - Importer: ScriptedImporter/UnityEditor.QuickSearchModule:UnityEditor.Search:ASIAI0B' with importer (ScriptedImporter : UnityEditor.QuickSearchModule:UnityEditor.Search:ASIAI0B)
Imported 'GUID: a4be55d94a4745c489dca6d060068259' -> (Import Result ID: '07ab30f69577d552988ae11770d58b02') in 0.004 seconds [static and dynamic dependencies]. Details - ImportResultOutputID=7574a7ea4b4f78ad64d6aaa21659f2b5 DependenciesID=8a03c383ab4173d9ede106231b8bc2ec StaticDependenciesID=fb0a0cf1ad87147cd4a6d46e79c9df05 
Number of updated asset objects reloaded before import = 0
Number of asset objects unloaded after import = 1
========================================================================
Received Import Request.
  Time of request: 2026-10-01T17:25:57.0532564Z
  Time since last request: 0.0000981 seconds.
  importAddress: GUID: a3da565160a7367429bc2fd058201787 - Path: Assets/New Terrain.asset - Importer: ScriptedImporter/UnityEditor.QuickSearchModule:UnityEditor.Search:ASIAI0B
Importing 'GUID: a3da565160a7367429bc2fd058201787 - Path: Assets/New Terrain.asset - Importer: ScriptedImporter/UnityEditor.QuickSearchModule:UnityEditor.Search:ASIAI0B' with importer (ScriptedImporter : UnityEditor.QuickSearchModule:UnityEditor.Search:ASIAI0B)
Imported 'GUID: a3da565160a7367429bc2fd058201787' -> (Import Result ID: '68d04c1c71ac45c16951cc1d6f65ba27') in 0.005 seconds [static and dynamic dependencies]. Details - ImportResultOutputID=16aeed098c67bfcfdc8a4dcbc50b47ef DependenciesID=d4a760c9fe15be5bd4091925020a117d StaticDependenciesID=dea45e118751479962bd47eeabcfb51f 
Number of updated asset objects reloaded before import = 0
Number of asset objects unloaded after import = 2
========================================================================
Received Import Request.
  Time of request: 2026-10-01T17:25:57.0657707Z
  Time since last request: 0.0002439 seconds.
  importAddress: GUID: 0a1f44318dd467a45bfef81ad0e8855a - Path: Assets/Polytope Studio/Lowpoly_Environments/Sources/Materials/PT_Fruit_Tree_Foliage_Mat.mat - Importer: ScriptedImporter/UnityEditor.QuickSearchModule:UnityEditor.Search:ASIAI0B
Importing 'GUID: 0a1f44318dd467a45bfef81ad0e8855a - Path: Assets/Polytope Studio/Lowpoly_Environments/Sources/Materials/PT_Fruit_Tree_Foliage_Mat.mat - Importer: ScriptedImporter/UnityEditor.QuickSearchModule:UnityEditor.Search:ASIAI0B' with importer (ScriptedImporter : UnityEditor.QuickSearchModule:UnityEditor.Search:ASIAI0B)
Imported 'GUID: 0a1f44318dd467a45bfef81ad0e8855a' -> (Import Result ID: '53a211cc9eb0794121eca9f448731a70') in 0.051 seconds [static and dynamic dependencies]. Details - ImportResultOutputID=3270fecdc673ebd477fb6c849aa98dad DependenciesID=18a32169b19acfb81ecb1e1432ec7f63 StaticDependenciesID=f7d5202b53ff05dace4511016f773750 
Number of updated asset objects reloaded before import = 0
Number of asset objects unloaded after import = 3
========================================================================
Received Import Request.
  Time of request: 2026-10-01T17:25:57.1244574Z
  Time since last request: 0.0000148 seconds.
  importAddress: GUID: e4243f8d0fc95cf46b99b24ef7a05c79 - Path: Assets/Polytope Studio/Lowpoly_Environments/Prefabs/Trees - Importer: ScriptedImporter/UnityEditor.QuickSearchModule:UnityEditor.Search:ASIAI0B
Importing 'GUID: e4243f8d0fc95cf46b99b24ef7a05c79 - Path: Assets/Polytope Studio/Lowpoly_Environments/Prefabs/Trees - Importer: ScriptedImporter/UnityEditor.QuickSearchModule:UnityEditor.Search:ASIAI0B' with importer (ScriptedImporter : UnityEditor.QuickSearchModule:UnityEditor.Search:ASIAI0B)
Imported 'GUID: e4243f8d0fc95cf46b99b24ef7a05c79' -> (Import Result ID: 'c2997fe38a5c6bdf3b14d46adef07a15') in 0.002 seconds [static and dynamic dependencies]. Details - ImportResultOutputID=ba4ec04988560c40e0dd285d2a26a057 DependenciesID=46ffc6d8894e0392e6ee86a557b8677a StaticDependenciesID=4f72d5aa8d759fcb6689895d64022ae4 
Number of updated asset objects reloaded before import = 0
Number of asset objects unloaded after import = 1
========================================================================
Received Import Request.
  Time of request: 2026-10-01T17:25:57.133703Z
  Time since last request: 0.0003796 seconds.
  importAddress: GUID: 38004d1b0c9563f4a9a518dcee0bb83d - Path: Assets/Polytope Studio/Lowpoly_Village/Sources/Shaders - Importer: ScriptedImporter/UnityEditor.QuickSearchModule:UnityEditor.Search:ASIAI0B
Importing 'GUID: 38004d1b0c9563f4a9a518dcee0bb83d - Path: Assets/Polytope Studio/Lowpoly_Village/Sources/Shaders - Importer: ScriptedImporter/UnityEditor.QuickSearchModule:UnityEditor.Search:ASIAI0B' with importer (ScriptedImporter : UnityEditor.QuickSearchModule:UnityEditor.Search:ASIAI0B)
Imported 'GUID: 38004d1b0c9563f4a9a518dcee0bb83d' -> (Import Result ID: 'e1a7aad43130b49451dcbfb7737f7c7f') in 0.002 seconds [static and dynamic dependencies]. Details - ImportResultOutputID=ea7fc5e081048b40e0fdee49c86d5e4d DependenciesID=aefd45f18f92717e881055196f6f3040 StaticDependenciesID=6565d14103246507ebfea8c1443e19fc 
Number of updated asset objects reloaded before import = 0
Number of asset objects unloaded after import = 1
========================================================================
Received Import Request.
  Time of request: 2026-10-01T17:25:57.1423776Z
  Time since last request: 0.0002364 seconds.
  importAddress: GUID: c522ec7c62be0c145bc320ad11705a67 - Path: Assets/Polytope Studio/Lowpoly_Environments/Sources/Materials/PT_Mushrooms_mat.mat - Importer: ScriptedImporter/UnityEditor.QuickSearchModule:UnityEditor.Search:ASIAI0B
Importing 'GUID: c522ec7c62be0c145bc320ad11705a67 - Path: Assets/Polytope Studio/Lowpoly_Environments/Sources/Materials/PT_Mushrooms_mat.mat - Importer: ScriptedImporter/UnityEditor.QuickSearchModule:UnityEditor.Search:ASIAI0B' with importer (ScriptedImporter : UnityEditor.QuickSearchModule:UnityEditor.Search:ASIAI0B)
Imported 'GUID: c522ec7c62be0c145bc320ad11705a67' -> (Import Result ID: 'ab935d87f7cc62157279a140d31a18a3') in 0.005 seconds [static and dynamic dependencies]. Details - ImportResultOutputID=af8586cdccda54886bb7bacb66cbfea8 DependenciesID=85dd7e73ffadb48ff34339e2508ffd1d StaticDependenciesID=f6e58ebb683b476d97e8db1d27c15572 
Number of updated asset objects reloaded before import = 0
Number of asset objects unloaded after import = 3
========================================================================
Received Import Request.
  Time of request: 2026-10-01T17:25:57.1539504Z
  Time since last request: 0.0000152 seconds.
  importAddress: GUID: b273ce15435a60644bcd2c174476a708 - Path: Assets/Polytope Studio/Lowpoly_Demos/Environment_Free/Helpers/Terrain/TerrainData_832163fb-b19c-4118-97c2-cf0a3b224fca.asset - Importer: ScriptedImporter/UnityEditor.QuickSearchModule:UnityEditor.Search:ASIAI0B
Importing 'GUID: b273ce15435a60644bcd2c174476a708 - Path: Assets/Polytope Studio/Lowpoly_Demos/Environment_Free/Helpers/Terrain/TerrainData_832163fb-b19c-4118-97c2-cf0a3b224fca.asset - Importer: ScriptedImporter/UnityEditor.QuickSearchModule:UnityEditor.Search:ASIAI0B' with importer (ScriptedImporter : UnityEditor.QuickSearchModule:UnityEditor.Search:ASIAI0B)
The tree PT_Fruit_Tree_01_logs must use the Nature/Soft Occlusion shader. Otherwise billboarding/lighting will not work correctly.
UnityEngine.Debug:ExtractStackTraceNoAlloc (byte*,int,string)
UnityEngine.StackTraceUtility:ExtractStackTrace ()
UnityEditor.AssetDatabase:LoadMainAssetAtPath (string)
UnityEditor.Search.AssetIndexer:IndexProperties (int&,string&,bool&)
UnityEditor.Search.AssetIndexer:IndexDocument (string,bool)
UnityEditor.Search.SearchIndexArtifactImporter:OnImportAsset (UnityEditor.AssetImporters.AssetImportContext)
UnityEditor.AssetImporters.ScriptedImporter:GenerateAssetData (UnityEditor.AssetImporters.AssetImportContext)

[C:\build\output\unity\unity\Modules\Terrain\Public\TreeDatabase.cpp line 355]

The tree PT_Caesars_Mushroom_01 must use the Nature/Soft Occlusion shader. Otherwise billboarding/lighting will not work correctly.
UnityEngine.Debug:ExtractStackTraceNoAlloc (byte*,int,string)
UnityEngine.StackTraceUtility:ExtractStackTrace ()
UnityEditor.AssetDatabase:LoadMainAssetAtPath (string)
UnityEditor.Search.AssetIndexer:IndexProperties (int&,string&,bool&)
UnityEditor.Search.AssetIndexer:IndexDocument (string,bool)
UnityEditor.Search.SearchIndexArtifactImporter:OnImportAsset (UnityEditor.AssetImporters.AssetImportContext)
UnityEditor.AssetImporters.ScriptedImporter:GenerateAssetData (UnityEditor.AssetImporters.AssetImportContext)

[C:\build\output\unity\unity\Modules\Terrain\Public\TreeDatabase.cpp line 355]

Imported 'GUID: b273ce15435a60644bcd2c174476a708' -> (Import Result ID: '8e261b7c6f00e5520e46af52e8d5962c') in 0.034 seconds [static and dynamic dependencies]. Details - ImportResultOutputID=31fd9cdfd868828d8420b02d10514cfc DependenciesID=b58f907dfeb7f84625b69d44b8c64a5c StaticDependenciesID=3d29edda189b0e296ec871bf40736fdd 
Number of updated asset objects reloaded before import = 0
Number of asset objects unloaded after import = 174
========================================================================
Received Import Request.
  Time of request: 2026-10-01T17:25:57.1958879Z
  Time since last request: 0.0000167 seconds.
  importAddress: GUID: 1500a5535a073af4797d5ba960824cb3 - Path: Assets/Polytope Studio/Lowpoly_Environments/Sources/Meshes/Trees/PT_Fruit_Tree_01_green_cut.fbx - Importer: ScriptedImporter/UnityEditor.QuickSearchModule:UnityEditor.Search:ASIAI0B
Importing 'GUID: 1500a5535a073af4797d5ba960824cb3 - Path: Assets/Polytope Studio/Lowpoly_Environments/Sources/Meshes/Trees/PT_Fruit_Tree_01_green_cut.fbx - Importer: ScriptedImporter/UnityEditor.QuickSearchModule:UnityEditor.Search:ASIAI0B' with importer (ScriptedImporter : UnityEditor.QuickSearchModule:UnityEditor.Search:ASIAI0B)
MaterialLocation.External is obsolete. External Material Location is no longer supported. (Assets/Polytope Studio/Lowpoly_Environments/Sources/Meshes/Trees/PT_Fruit_Tree_01_green_cut.fbx)
Imported 'GUID: 1500a5535a073af4797d5ba960824cb3' -> (Import Result ID: '6e249f17abedb9cf756703a253ad1f81') in 0.009 seconds [static and dynamic dependencies]. Details - ImportResultOutputID=3da3fa5a3f5007f6ac2543527bf30972 DependenciesID=43d130e1827908a9758e9a3057de303e StaticDependenciesID=286be57de18ed1db2a13b9142acc16d3 
Number of updated asset objects reloaded before import = 0
Number of asset objects unloaded after import = 11
========================================================================
Received Import Request.
  Time of request: 2026-10-01T17:25:57.2127194Z
  Time since last request: 0.0000143 seconds.
  importAddress: GUID: 115939fafdaab3542ac9de578833169e - Path: Assets/Polytope Studio - Importer: ScriptedImporter/UnityEditor.QuickSearchModule:UnityEditor.Search:ASIAI0B
Importing 'GUID: 115939fafdaab3542ac9de578833169e - Path: Assets/Polytope Studio - Importer: ScriptedImporter/UnityEditor.QuickSearchModule:UnityEditor.Search:ASIAI0B' with importer (ScriptedImporter : UnityEditor.QuickSearchModule:UnityEditor.Search:ASIAI0B)
Imported 'GUID: 115939fafdaab3542ac9de578833169e' -> (Import Result ID: 'f64e409a5f8b7c5c642f82bbf04c2d3b') in 0.002 seconds [static and dynamic dependencies]. Details - ImportResultOutputID=e5744b0eecea3c54b641b52bab689c80 DependenciesID=40007d774a65abd559eca99854fe2f69 StaticDependenciesID=d41a80d54fbb2fa42ad2952e2a5d6977 
Number of updated asset objects reloaded before import = 0
Number of asset objects unloaded after import = 1
========================================================================
Received Import Request.
  Time of request: 2026-10-01T17:25:57.2224998Z
  Time since last request: 0.0003617 seconds.
  importAddress: GUID: 710655db3a8505840bbf816762a7887b - Path: Assets/Polytope Studio/Lowpoly_Environments/Sources/Meshes/Rocks - Importer: ScriptedImporter/UnityEditor.QuickSearchModule:UnityEditor.Search:ASIAI0B
Importing 'GUID: 710655db3a8505840bbf816762a7887b - Path: Assets/Polytope Studio/Lowpoly_Environments/Sources/Meshes/Rocks - Importer: ScriptedImporter/UnityEditor.QuickSearchModule:UnityEditor.Search:ASIAI0B' with importer (ScriptedImporter : UnityEditor.QuickSearchModule:UnityEditor.Search:ASIAI0B)
Imported 'GUID: 710655db3a8505840bbf816762a7887b' -> (Import Result ID: '2166b4003670a733f622562eb3787231') in 0.001 seconds [static and dynamic dependencies]. Details - ImportResultOutputID=909407cbc0ad28d4d3061961a57eba04 DependenciesID=7f5be5ecd08da60ca51fdfa19c53890d StaticDependenciesID=1f381b84255c1487b0c75a85d35869a5 
Number of updated asset objects reloaded before import = 0
Number of asset objects unloaded after import = 1
========================================================================
Received Import Request.
  Time of request: 2026-10-01T17:25:57.232197Z
  Time since last request: 0.0003012 seconds.
  importAddress: GUID: 1587ce82db2499e4185b7701bf0d532b - Path: Assets/Polytope Studio/Lowpoly_Demos/Environment_Free/Helpers/Terrain/TerrainData_445999c2-5240-4b5c-9394-4cacb62d7eec.asset - Importer: ScriptedImporter/UnityEditor.QuickSearchModule:UnityEditor.Search:ASIAI0B
Importing 'GUID: 1587ce82db2499e4185b7701bf0d532b - Path: Assets/Polytope Studio/Lowpoly_Demos/Environment_Free/Helpers/Terrain/TerrainData_445999c2-5240-4b5c-9394-4cacb62d7eec.asset - Importer: ScriptedImporter/UnityEditor.QuickSearchModule:UnityEditor.Search:ASIAI0B' with importer (ScriptedImporter : UnityEditor.QuickSearchModule:UnityEditor.Search:ASIAI0B)
Imported 'GUID: 1587ce82db2499e4185b7701bf0d532b' -> (Import Result ID: 'cf5837acca4a41b01dd8f7c0c178ca9a') in 0.023 seconds [static and dynamic dependencies]. Details - ImportResultOutputID=0c259439060065d46c12f7e971a37546 DependenciesID=e45c371e740c1fd27c59300271837a5c StaticDependenciesID=438db46a95edc2e36cc92353dc290aab 
Number of updated asset objects reloaded before import = 0
Number of asset objects unloaded after import = 89
========================================================================
Received Import Request.
  Time of request: 2026-10-01T17:25:57.2647993Z
  Time since last request: 0.0000147 seconds.
  importAddress: GUID: 48c26796e9175d14a9b2eccded92bb92 - Path: Assets/Polytope Studio/Lowpoly_Environments/Sources/Materials/PT_Terrain_mat.mat - Importer: ScriptedImporter/UnityEditor.QuickSearchModule:UnityEditor.Search:ASIAI0B
Importing 'GUID: 48c26796e9175d14a9b2eccded92bb92 - Path: Assets/Polytope Studio/Lowpoly_Environments/Sources/Materials/PT_Terrain_mat.mat - Importer: ScriptedImporter/UnityEditor.QuickSearchModule:UnityEditor.Search:ASIAI0B' with importer (ScriptedImporter : UnityEditor.QuickSearchModule:UnityEditor.Search:ASIAI0B)
Imported 'GUID: 48c26796e9175d14a9b2eccded92bb92' -> (Import Result ID: 'f8829043797ceb2c478db19f5db4fed3') in 0.043 seconds [static and dynamic dependencies]. Details - ImportResultOutputID=219a23e16d4c14ab3ba5a2f9ef2c1c6f DependenciesID=88d2b3f861d7b15445c7f71170ee3999 StaticDependenciesID=5a3733941e746dbeaad4347f465b4bac 
Number of updated asset objects reloaded before import = 0
Number of asset objects unloaded after import = 1
========================================================================
Received Import Request.
  Time of request: 2026-10-01T17:26:00.2973218Z
  Time since last request: 2.9817863 seconds.
  importAddress: GUID: 3ebf65d3a6489594ca09a35d85d43b0a - Path: Assets/Polytope Studio/Lowpoly_Environments/Sources/Meshes/Trees/PT_Fruit_Tree_01_dead.fbx - Importer: PreviewImporter
Importing 'GUID: 3ebf65d3a6489594ca09a35d85d43b0a - Path: Assets/Polytope Studio/Lowpoly_Environments/Sources/Meshes/Trees/PT_Fruit_Tree_01_dead.fbx - Importer: PreviewImporter' with importer (PreviewImporter)
MaterialLocation.External is obsolete. External Material Location is no longer supported. (Assets/Polytope Studio/Lowpoly_Environments/Sources/Meshes/Trees/PT_Fruit_Tree_01_dead.fbx)
Imported 'GUID: 3ebf65d3a6489594ca09a35d85d43b0a' -> (Import Result ID: 'c9e7499144dd9c019eb9380be2bc1a66') in 0.043 seconds [static and dynamic dependencies]. Details - ImportResultOutputID=8f925589e8d0d27ac084a61a1d90b557 DependenciesID=d75e2f1f7784df7768169a0f17d4801a StaticDependenciesID=f8c938e97760b407e1638cd44c11102c 
Number of updated asset objects reloaded before import = 0
Number of asset objects unloaded after import = 23
========================================================================
Received Import Request.
  Time of request: 2026-10-01T17:26:00.3478552Z
  Time since last request: 0.000201 seconds.
  importAddress: GUID: f42a2ed0c78e45643bba339ed33235d4 - Path: Assets/Polytope Studio/Lowpoly_Environments/Sources/Meshes/Trees/PT_Fruit_Tree_01_stump.fbx - Importer: PreviewImporter
Importing 'GUID: f42a2ed0c78e45643bba339ed33235d4 - Path: Assets/Polytope Studio/Lowpoly_Environments/Sources/Meshes/Trees/PT_Fruit_Tree_01_stump.fbx - Importer: PreviewImporter' with importer (PreviewImporter)
MaterialLocation.External is obsolete. External Material Location is no longer supported. (Assets/Polytope Studio/Lowpoly_Environments/Sources/Meshes/Trees/PT_Fruit_Tree_01_stump.fbx)
Imported 'GUID: f42a2ed0c78e45643bba339ed33235d4' -> (Import Result ID: '1a8ae7a7c0932e52fef85dc2238fff83') in 0.013 seconds [static and dynamic dependencies]. Details - ImportResultOutputID=2a9788f71b453e56c51bb121de5c9ea9 DependenciesID=8e08b243cf97f7a39dd6c309c2c45523 StaticDependenciesID=5b162287cda7ad993c1a439bd8ab689f 
Number of updated asset objects reloaded before import = 0
Number of asset objects unloaded after import = 10
========================================================================
Received Import Request.
  Time of request: 2026-10-01T17:26:00.3692768Z
  Time since last request: 0.0001414 seconds.
  importAddress: GUID: 955f7ab7f12013b42b2aa2e494846f3a - Path: Assets/Polytope Studio/Lowpoly_Village/Sources/Meshes/Modular/Fence/PT_Modular_Fence_Wood_03.fbx - Importer: PreviewImporter
Importing 'GUID: 955f7ab7f12013b42b2aa2e494846f3a - Path: Assets/Polytope Studio/Lowpoly_Village/Sources/Meshes/Modular/Fence/PT_Modular_Fence_Wood_03.fbx - Importer: PreviewImporter' with importer (PreviewImporter)
MaterialLocation.External is obsolete. External Material Location is no longer supported. (Assets/Polytope Studio/Lowpoly_Village/Sources/Meshes/Modular/Fence/PT_Modular_Fence_Wood_03.fbx)
Imported 'GUID: 955f7ab7f12013b42b2aa2e494846f3a' -> (Import Result ID: '3cf673326cbc50bd2df4d54db826a662') in 0.013 seconds [static and dynamic dependencies]. Details - ImportResultOutputID=9f62afa7abe6464d96bdb5685f509d6d DependenciesID=a9d94d1ae806d78c369abcc8331a8aa1 StaticDependenciesID=236c731a7eaca116a1e76377c8b14c92 
Number of updated asset objects reloaded before import = 0
Number of asset objects unloaded after import = 12
========================================================================
Received Import Request.
  Time of request: 2026-10-01T17:26:00.3889828Z
  Time since last request: 0.0001929 seconds.
  importAddress: GUID: e9a01d2a3de15954eb2cccf4df7f3d5b - Path: Assets/Polytope Studio/Lowpoly_Environments/Sources/Meshes/Trees/PT_Pine_Tree_03_logs.fbx - Importer: PreviewImporter
Importing 'GUID: e9a01d2a3de15954eb2cccf4df7f3d5b - Path: Assets/Polytope Studio/Lowpoly_Environments/Sources/Meshes/Trees/PT_Pine_Tree_03_logs.fbx - Importer: PreviewImporter' with importer (PreviewImporter)
MaterialLocation.External is obsolete. External Material Location is no longer supported. (Assets/Polytope Studio/Lowpoly_Environments/Sources/Meshes/Trees/PT_Pine_Tree_03_logs.fbx)
Imported 'GUID: e9a01d2a3de15954eb2cccf4df7f3d5b' -> (Import Result ID: '7e24c59df8722a69d5399d1464262a8e') in 0.015 seconds [static and dynamic dependencies]. Details - ImportResultOutputID=af50f71b8c4c0f288956b4498e8e93d0 DependenciesID=e05b35fe71450ad84e0368e51b2161fd StaticDependenciesID=9b220877c52035c901b4ad89a2f8d701 
Number of updated asset objects reloaded before import = 0
Number of asset objects unloaded after import = 10
========================================================================
Received Import Request.
  Time of request: 2026-10-01T17:26:00.4114137Z
  Time since last request: 0.0001053 seconds.
  importAddress: GUID: 0ef9f3b550a8ffd40ab0be1ae6034fe1 - Path: Assets/Polytope Studio/Lowpoly_Environments/Sources/Meshes/Trees/PT_Fruit_Tree_01_plums.fbx - Importer: PreviewImporter
Importing 'GUID: 0ef9f3b550a8ffd40ab0be1ae6034fe1 - Path: Assets/Polytope Studio/Lowpoly_Environments/Sources/Meshes/Trees/PT_Fruit_Tree_01_plums.fbx - Importer: PreviewImporter' with importer (PreviewImporter)
MaterialLocation.External is obsolete. External Material Location is no longer supported. (Assets/Polytope Studio/Lowpoly_Environments/Sources/Meshes/Trees/PT_Fruit_Tree_01_plums.fbx)
Imported 'GUID: 0ef9f3b550a8ffd40ab0be1ae6034fe1' -> (Import Result ID: '47f3d2cfac074dbc9a5df56964335783') in 0.038 seconds [static and dynamic dependencies]. Details - ImportResultOutputID=877505b42d8ab6e8b93cfaa20ab30ca9 DependenciesID=d94a6f6b53d2f49373498693c0be6469 StaticDependenciesID=23f993651b05d9f63ac083b108fcc71a 
Number of updated asset objects reloaded before import = 0
Number of asset objects unloaded after import = 26
========================================================================
Received Import Request.
  Time of request: 2026-10-01T17:26:00.4577757Z
  Time since last request: 0.0000142 seconds.
  importAddress: GUID: 2a5e649cde00dd847885c694eb77f1fb - Path: Assets/Polytope Studio/Lowpoly_Environments/Sources/Meshes/Trees/PT_Pine_Tree_03_green_cut.fbx - Importer: PreviewImporter
Importing 'GUID: 2a5e649cde00dd847885c694eb77f1fb - Path: Assets/Polytope Studio/Lowpoly_Environments/Sources/Meshes/Trees/PT_Pine_Tree_03_green_cut.fbx - Importer: PreviewImporter' with importer (PreviewImporter)
MaterialLocation.External is obsolete. External Material Location is no longer supported. (Assets/Polytope Studio/Lowpoly_Environments/Sources/Meshes/Trees/PT_Pine_Tree_03_green_cut.fbx)
Imported 'GUID: 2a5e649cde00dd847885c694eb77f1fb' -> (Import Result ID: '98651359d9144eb8d9504dee5bf81b59') in 0.016 seconds [static and dynamic dependencies]. Details - ImportResultOutputID=6420ce9549a9fa38d945a3c06e0c0eed DependenciesID=4fdbb2e606d705766c770ba7082e458f StaticDependenciesID=82532cc935cdb0beba8931efad361d47 
Number of updated asset objects reloaded before import = 0
Number of asset objects unloaded after import = 13
========================================================================
Received Import Request.
  Time of request: 2026-10-01T17:26:00.4829071Z
  Time since last request: 0.0002237 seconds.
  importAddress: GUID: e0fe1b80592a0144babd1bf297ad32ad - Path: Assets/Polytope Studio/Lowpoly_Environments/Sources/Meshes/Rocks/PT_Menhir_Rock_02.fbx - Importer: PreviewImporter
Importing 'GUID: e0fe1b80592a0144babd1bf297ad32ad - Path: Assets/Polytope Studio/Lowpoly_Environments/Sources/Meshes/Rocks/PT_Menhir_Rock_02.fbx - Importer: PreviewImporter' with importer (PreviewImporter)
MaterialLocation.External is obsolete. External Material Location is no longer supported. (Assets/Polytope Studio/Lowpoly_Environments/Sources/Meshes/Rocks/PT_Menhir_Rock_02.fbx)
Imported 'GUID: e0fe1b80592a0144babd1bf297ad32ad' -> (Import Result ID: 'db12b2267a7f8ac8a10a3a38e25d78f3') in 0.058 seconds [static and dynamic dependencies]. Details - ImportResultOutputID=a460848d6cb7565489ea9b8d8b3efccd DependenciesID=31904cb8ac29854d5eb3b41ff2fe3e5f StaticDependenciesID=5738e6e6b16881f46fab60d2c02c762c 
Number of updated asset objects reloaded before import = 0
Number of asset objects unloaded after import = 24
========================================================================
Received Import Request.
  Time of request: 2026-10-01T17:26:00.5498911Z
  Time since last request: 0.0004003 seconds.
  importAddress: GUID: cc43ed905f6a9d24a86d3eb531265e85 - Path: Assets/Polytope Studio/Lowpoly_Environments/Sources/Meshes/Shrubs/PT_Generic_Shrub_01_green.fbx - Importer: PreviewImporter
Importing 'GUID: cc43ed905f6a9d24a86d3eb531265e85 - Path: Assets/Polytope Studio/Lowpoly_Environments/Sources/Meshes/Shrubs/PT_Generic_Shrub_01_green.fbx - Importer: PreviewImporter' with importer (PreviewImporter)
MaterialLocation.External is obsolete. External Material Location is no longer supported. (Assets/Polytope Studio/Lowpoly_Environments/Sources/Meshes/Shrubs/PT_Generic_Shrub_01_green.fbx)
Imported 'GUID: cc43ed905f6a9d24a86d3eb531265e85' -> (Import Result ID: '0944d26b9c9f4398cad31681af4e6df2') in 0.037 seconds [static and dynamic dependencies]. Details - ImportResultOutputID=6f004af6a3abf06c3b165d1c7c9fb6e9 DependenciesID=f665ff45f3846000e2c8487657ee0ab2 StaticDependenciesID=fac6ca5928f90e7deda85c7a673dc098 
Number of updated asset objects reloaded before import = 0
Number of asset objects unloaded after import = 26
========================================================================
Received Import Request.
  Time of request: 2026-10-01T17:26:00.5953857Z
  Time since last request: 0.0005656 seconds.
  importAddress: GUID: 0101712be5ca1c7449afe15d548c8817 - Path: Assets/Polytope Studio/Lowpoly_Environments/Sources/Meshes/Shrubs/PT_Generic_Shrub_01_dead.fbx - Importer: PreviewImporter
Importing 'GUID: 0101712be5ca1c7449afe15d548c8817 - Path: Assets/Polytope Studio/Lowpoly_Environments/Sources/Meshes/Shrubs/PT_Generic_Shrub_01_dead.fbx - Importer: PreviewImporter' with importer (PreviewImporter)
MaterialLocation.External is obsolete. External Material Location is no longer supported. (Assets/Polytope Studio/Lowpoly_Environments/Sources/Meshes/Shrubs/PT_Generic_Shrub_01_dead.fbx)
Imported 'GUID: 0101712be5ca1c7449afe15d548c8817' -> (Import Result ID: 'b15d9106113e8efad1f66250077bdf2e') in 0.033 seconds [static and dynamic dependencies]. Details - ImportResultOutputID=2dc0135eb0ab67fe83ddbe4511d839ff DependenciesID=10148dc7bc5feb4a457e3c6572c2be16 StaticDependenciesID=2f362505c316257fc57081ac087a1049 
Number of updated asset objects reloaded before import = 0
Number of asset objects unloaded after import = 23
========================================================================
Received Import Request.
  Time of request: 2026-10-01T17:26:00.6366547Z
  Time since last request: 0.000893 seconds.
  importAddress: GUID: 3b8d3c0077d69eb4db5ee5754518f067 - Path: Assets/Polytope Studio/Lowpoly_Environments/Sources/Meshes/Trees/PT_Pine_Tree_03_dead_cut.fbx - Importer: PreviewImporter
Importing 'GUID: 3b8d3c0077d69eb4db5ee5754518f067 - Path: Assets/Polytope Studio/Lowpoly_Environments/Sources/Meshes/Trees/PT_Pine_Tree_03_dead_cut.fbx - Importer: PreviewImporter' with importer (PreviewImporter)
MaterialLocation.External is obsolete. External Material Location is no longer supported. (Assets/Polytope Studio/Lowpoly_Environments/Sources/Meshes/Trees/PT_Pine_Tree_03_dead_cut.fbx)
Imported 'GUID: 3b8d3c0077d69eb4db5ee5754518f067' -> (Import Result ID: '45c146cfd1fe17f204dffb1aae009e98') in 0.012 seconds [static and dynamic dependencies]. Details - ImportResultOutputID=bf7e2177bc79ab06557e09d851655e45 DependenciesID=3c7a144140b8a17cec97faca04d45c6c StaticDependenciesID=6a969f3bf09c25af01fdcc0879cef189 
Number of updated asset objects reloaded before import = 0
Number of asset objects unloaded after import = 10
========================================================================
Received Import Request.
  Time of request: 2026-10-01T17:26:00.6563239Z
  Time since last request: 0.0007437 seconds.
  importAddress: GUID: ed920bad5318ee347ad3e34dd82e273f - Path: Assets/Polytope Studio/Lowpoly_Village/Sources/Meshes/Modular/Fence/PT_Modular_Fence_Wood_01.fbx - Importer: PreviewImporter
Importing 'GUID: ed920bad5318ee347ad3e34dd82e273f - Path: Assets/Polytope Studio/Lowpoly_Village/Sources/Meshes/Modular/Fence/PT_Modular_Fence_Wood_01.fbx - Importer: PreviewImporter' with importer (PreviewImporter)
MaterialLocation.External is obsolete. External Material Location is no longer supported. (Assets/Polytope Studio/Lowpoly_Village/Sources/Meshes/Modular/Fence/PT_Modular_Fence_Wood_01.fbx)
Imported 'GUID: ed920bad5318ee347ad3e34dd82e273f' -> (Import Result ID: '8e5d58e28a209941bd8a901ce82812bb') in 0.012 seconds [static and dynamic dependencies]. Details - ImportResultOutputID=8bc2ddd3a60892d7a4ac08c57e40d8fd DependenciesID=688678b0d3b1899df10078de0193fe8d StaticDependenciesID=2f8340b97384e95a5034cb67c7d6aaa2 
Number of updated asset objects reloaded before import = 0
Number of asset objects unloaded after import = 12
========================================================================
Received Import Request.
  Time of request: 2026-10-01T17:26:00.6778716Z
  Time since last request: 0.0007709 seconds.
  importAddress: GUID: f222748f1796b2e49a56a2fbf7563247 - Path: Assets/Polytope Studio/Lowpoly_Environments/Sources/Meshes/Trees/PT_Fruit_Tree_01_green.fbx - Importer: PreviewImporter
Importing 'GUID: f222748f1796b2e49a56a2fbf7563247 - Path: Assets/Polytope Studio/Lowpoly_Environments/Sources/Meshes/Trees/PT_Fruit_Tree_01_green.fbx - Importer: PreviewImporter' with importer (PreviewImporter)
MaterialLocation.External is obsolete. External Material Location is no longer supported. (Assets/Polytope Studio/Lowpoly_Environments/Sources/Meshes/Trees/PT_Fruit_Tree_01_green.fbx)
Imported 'GUID: f222748f1796b2e49a56a2fbf7563247' -> (Import Result ID: '3f24db1095064ef4d4f0a351c5a7efca') in 0.039 seconds [static and dynamic dependencies]. Details - ImportResultOutputID=a6def07d71df134e9130352789ff3026 DependenciesID=731592d0e34242b6bf54180827b50540 StaticDependenciesID=8cc1c8980fe10c3662d3e7f1f38b1b22 
Number of updated asset objects reloaded before import = 0
Number of asset objects unloaded after import = 26
========================================================================
Received Import Request.
  Time of request: 2026-10-01T17:26:00.7251262Z
  Time since last request: 0.0004272 seconds.
  importAddress: GUID: c2dcabc4d03cc9b4098225e59529d20d - Path: Assets/Polytope Studio/Lowpoly_Environments/Sources/Meshes/Trees/PT_Pine_Tree_03_green.fbx - Importer: PreviewImporter
Importing 'GUID: c2dcabc4d03cc9b4098225e59529d20d - Path: Assets/Polytope Studio/Lowpoly_Environments/Sources/Meshes/Trees/PT_Pine_Tree_03_green.fbx - Importer: PreviewImporter' with importer (PreviewImporter)
MaterialLocation.External is obsolete. External Material Location is no longer supported. (Assets/Polytope Studio/Lowpoly_Environments/Sources/Meshes/Trees/PT_Pine_Tree_03_green.fbx)
Imported 'GUID: c2dcabc4d03cc9b4098225e59529d20d' -> (Import Result ID: '0a194dbadc302b4eb2d16a5eeaff0ce9') in 0.036 seconds [static and dynamic dependencies]. Details - ImportResultOutputID=a35215de860b243078496bd9e5e9008f DependenciesID=b36f209aacadac877f1a310cc6725361 StaticDependenciesID=c20892ac90a64a29d1b55ab1a2075d46 
Number of updated asset objects reloaded before import = 0
Number of asset objects unloaded after import = 26
========================================================================
Received Import Request.
  Time of request: 2026-10-01T17:26:00.7700042Z
  Time since last request: 0.0004062 seconds.
  importAddress: GUID: e011a827265c38e44baeae9310a2a9e2 - Path: Assets/Polytope Studio/Lowpoly_Environments/Sources/Meshes/Rocks/PT_Ore_Rock_01_split.fbx - Importer: PreviewImporter
Importing 'GUID: e011a827265c38e44baeae9310a2a9e2 - Path: Assets/Polytope Studio/Lowpoly_Environments/Sources/Meshes/Rocks/PT_Ore_Rock_01_split.fbx - Importer: PreviewImporter' with importer (PreviewImporter)
MaterialLocation.External is obsolete. External Material Location is no longer supported. (Assets/Polytope Studio/Lowpoly_Environments/Sources/Meshes/Rocks/PT_Ore_Rock_01_split.fbx)
Imported 'GUID: e011a827265c38e44baeae9310a2a9e2' -> (Import Result ID: '60e03b9211218b8333df8d9581e96ef8') in 0.034 seconds [static and dynamic dependencies]. Details - ImportResultOutputID=142994f35635cb553ce04f8f697f9ee3 DependenciesID=d6c195cce89398cd008de8ee16aa28b2 StaticDependenciesID=84360e57ade6fc093e6e86df38a89d56 
Number of updated asset objects reloaded before import = 0
Number of asset objects unloaded after import = 24
========================================================================
Received Import Request.
  Time of request: 2026-10-01T17:26:00.8139067Z
  Time since last request: 0.000735 seconds.
  importAddress: GUID: e5e1b3c0d2be60b47981235187af0936 - Path: Assets/Polytope Studio/Lowpoly_Environments/Sources/Meshes/Rocks/PT_River_Rock_Pile_02.fbx - Importer: PreviewImporter
Importing 'GUID: e5e1b3c0d2be60b47981235187af0936 - Path: Assets/Polytope Studio/Lowpoly_Environments/Sources/Meshes/Rocks/PT_River_Rock_Pile_02.fbx - Importer: PreviewImporter' with importer (PreviewImporter)
MaterialLocation.External is obsolete. External Material Location is no longer supported. (Assets/Polytope Studio/Lowpoly_Environments/Sources/Meshes/Rocks/PT_River_Rock_Pile_02.fbx)
Imported 'GUID: e5e1b3c0d2be60b47981235187af0936' -> (Import Result ID: '9cc03053888fbe5d68e07e28b15dc248') in 0.048 seconds [static and dynamic dependencies]. Details - ImportResultOutputID=acc443a5d4e7987e4ec5983ad99dd379 DependenciesID=47e708c680c60a4d20330738030e564a StaticDependenciesID=4d6ea0540b1ed95d406df2c11815a8ec 
Number of updated asset objects reloaded before import = 0
Number of asset objects unloaded after import = 24
========================================================================
Received Import Request.
  Time of request: 2026-10-01T17:26:00.87043Z
  Time since last request: 0.0008718 seconds.
  importAddress: GUID: 268a14e7ef45f1542a7d335b0a20d200 - Path: Assets/Polytope Studio/Lowpoly_Environments/Sources/Meshes/Trees/PT_Fruit_Tree_01_logs.fbx - Importer: PreviewImporter
Importing 'GUID: 268a14e7ef45f1542a7d335b0a20d200 - Path: Assets/Polytope Studio/Lowpoly_Environments/Sources/Meshes/Trees/PT_Fruit_Tree_01_logs.fbx - Importer: PreviewImporter' with importer (PreviewImporter)
MaterialLocation.External is obsolete. External Material Location is no longer supported. (Assets/Polytope Studio/Lowpoly_Environments/Sources/Meshes/Trees/PT_Fruit_Tree_01_logs.fbx)
Imported 'GUID: 268a14e7ef45f1542a7d335b0a20d200' -> (Import Result ID: 'e2d25f471de49ecad1e017fbb3aa0b9b') in 0.014 seconds [static and dynamic dependencies]. Details - ImportResultOutputID=c636314ce0c5eea45bc0b9af2a40b48c DependenciesID=ace9b54a4cc8ded82b62116eedec8744 StaticDependenciesID=b18db60685db56c95989aabeed858077 
Number of updated asset objects reloaded before import = 0
Number of asset objects unloaded after import = 10
========================================================================
Received Import Request.
  Time of request: 2026-10-01T17:26:00.8937133Z
  Time since last request: 0.0008831 seconds.
  importAddress: GUID: 021e9eaa88033da4c94bcdeddffe6562 - Path: Assets/Polytope Studio/Lowpoly_Environments/Sources/Meshes/Trees/PT_Pine_Tree_03_dead.fbx - Importer: PreviewImporter
Importing 'GUID: 021e9eaa88033da4c94bcdeddffe6562 - Path: Assets/Polytope Studio/Lowpoly_Environments/Sources/Meshes/Trees/PT_Pine_Tree_03_dead.fbx - Importer: PreviewImporter' with importer (PreviewImporter)
MaterialLocation.External is obsolete. External Material Location is no longer supported. (Assets/Polytope Studio/Lowpoly_Environments/Sources/Meshes/Trees/PT_Pine_Tree_03_dead.fbx)
Imported 'GUID: 021e9eaa88033da4c94bcdeddffe6562' -> (Import Result ID: '0a2564b513ccee49282402e9ac3a805b') in 0.043 seconds [static and dynamic dependencies]. Details - ImportResultOutputID=4b1cbdd4d8a5b4b343f41342cd11412c DependenciesID=1bcf3327d877d3400e001663512dafac StaticDependenciesID=01a422b0b7a8827e63eeb4084357f30d 
Number of updated asset objects reloaded before import = 0
Number of asset objects unloaded after import = 23
========================================================================
Received Import Request.
  Time of request: 2026-10-01T17:26:14.4973211Z
  Time since last request: 13.5534574 seconds.
  importAddress: GUID: 53083e9d6ba91ba4cad309a95b8c8f20 - Path: Assets/Polytope Studio/Lowpoly_Demos/Environment_Free/Helpers/PT_Grass_02_v1.prefab - Importer: PreviewImporter
Importing 'GUID: 53083e9d6ba91ba4cad309a95b8c8f20 - Path: Assets/Polytope Studio/Lowpoly_Demos/Environment_Free/Helpers/PT_Grass_02_v1.prefab - Importer: PreviewImporter' with importer (PreviewImporter)
Imported 'GUID: 53083e9d6ba91ba4cad309a95b8c8f20' -> (Import Result ID: 'f7f37c636207d93b08113fcd8a38cc12') in 0.010 seconds [static and dynamic dependencies]. Details - ImportResultOutputID=121b923eefd36b57e6ba522c611b2dd5 DependenciesID=10761feaa8789aa009633e7a7711d4b9 StaticDependenciesID=4dc170153dbe89871e5e84b3f20e6320 
Number of updated asset objects reloaded before import = 0
Number of asset objects unloaded after import = 12
========================================================================
Received Import Request.
  Time of request: 2026-10-01T17:26:14.515286Z
  Time since last request: 0.0000488 seconds.
  importAddress: GUID: 33e92b212d568b844ae30511d6c23987 - Path: Assets/Polytope Studio/Lowpoly_Demos/Environment_Free/Helpers/PT_High_Grass_Mat.mat - Importer: PreviewImporter
Importing 'GUID: 33e92b212d568b844ae30511d6c23987 - Path: Assets/Polytope Studio/Lowpoly_Demos/Environment_Free/Helpers/PT_High_Grass_Mat.mat - Importer: PreviewImporter' with importer (PreviewImporter)
Imported 'GUID: 33e92b212d568b844ae30511d6c23987' -> (Import Result ID: '0ac746540f23ffd2b30d7b515b697990') in 0.010 seconds [static and dynamic dependencies]. Details - ImportResultOutputID=17428a6e0558cc8e31375c3a2c030887 DependenciesID=801d536f685c28077e0f8437369bc702 StaticDependenciesID=044a0495475caa596b49eea1e481d18a 
Number of updated asset objects reloaded before import = 0
Number of asset objects unloaded after import = 4
========================================================================
Received Import Request.
  Time of request: 2026-10-01T17:26:14.5322074Z
  Time since last request: 0.0000496 seconds.
  importAddress: GUID: e4f62d5abc5742c4eabbbf96fe54193c - Path: Assets/Polytope Studio/Lowpoly_Demos/Environment_Free/Helpers/PT_River_Rock_Pile_02_v1.prefab - Importer: PreviewImporter
Importing 'GUID: e4f62d5abc5742c4eabbbf96fe54193c - Path: Assets/Polytope Studio/Lowpoly_Demos/Environment_Free/Helpers/PT_River_Rock_Pile_02_v1.prefab - Importer: PreviewImporter' with importer (PreviewImporter)
Imported 'GUID: e4f62d5abc5742c4eabbbf96fe54193c' -> (Import Result ID: '6055301ebb3da8f395514e93dde4e8b9') in 0.012 seconds [static and dynamic dependencies]. Details - ImportResultOutputID=eebad31185c283a14ab6619ac3f7a84f DependenciesID=bcca06b4f6b37bc2e929cb7284aa6ebc StaticDependenciesID=2bed60721e0ec1f6f4621e5b3e71fb69 
Number of updated asset objects reloaded before import = 0
Number of asset objects unloaded after import = 11
Editor requested this worker to shutdown with reason: Scaling down because of idle timeout
AcceleratorClientConnectionCallback - disconnected - :0
AssetImportWorker is now disconnected from the server
Process exiting
[ExitDontLaunchBugReporter] Exiting without the bug reporter. Application will exit with return code 0
