[Licensing::Module] Trying to connect to existing licensing client channel...
Built from '6000.6/staging' branch; Version is '6000.6.3f1 (45d8eee7de74) revision 4577518'; Using compiler version '194234433'; Build Type 'Release'
[Licensing::IpcConnector] Successfully connected to: "LicenseClient-ARA" at "2026-10-01T17:29:12.7386119Z"
OS: 'Windows 11  (10.0.26200) Professional' Language: 'en' Physical Memory: 32451 MB
BatchMode: 1, IsHumanControllingUs: 0, StartBugReporterOnCrash: 0, Is64bit: 1
System  architecture: x64
Process architecture: x64
Date: 2026-10-01T17:29:12Z
[Licensing::Client] Code 10 while verifying Licensing Client signature (process Id: 17596, path: "C:/Program Files/Unity Hub/UnityLicensingClient_V1/Unity.Licensing.Client.exe")
[Licensing::Module] LicensingClient has failed validation; ignoring
[Licensing::Client] Handshaking with LicensingClient:
  Version:                 1.18.3+d7ffd15
  Session Id:              09ee7f71778f4cc29231485ef065f137
  Correlation Id:          d115a782ca8968c2ff33704db9d6d565
  External correlation Id: 156558313937565455
  Machine Id:              FsxY2Qad/u72lkyk2UQIeosbrXw=
[Licensing::Module] Successfully connected to LicensingClient on channel: "LicenseClient-ARA" (connect: 0.00s, validation: 0.00s, handshake: 0.02s)
[Licensing::IpcConnector] Successfully connected to: "LicenseClient-ARA-notifications" at "2026-10-01T17:29:12.7629898Z"
[Licensing::Module] Licensing Background thread has ended after 0.02s

COMMAND LINE ARGUMENTS:
C:\Program Files\Unity\Hub\Editor\6000.6.3f1\Editor\Unity.exe
-adb2
-batchMode
-noUpm
-name
AssetImportWorkerHW1
-projectPath
C:/Users/ARA/Documents/GitHub/Grass-Cutting-Simulator/Grass Cutting Simulator
-logFile
Logs/AssetImportWorkerHW1.log
-srvPort
54356
-parentPid
40628
-analyticsCloudUserId
anonymous
-analyticsCloudProjectId
7d824529-088f-4f09-9f4c-c0d29d82a747
-analyticsLocalProjectId
387bd64261cf92e44b2bed5e80f963ff
-editorAnalyticsEnabled
1
-cbmEditorLicense
dc8ef1aa223a41a0a2db34631f8bf1d604cf272a
-cbmMachineId
FsxY2Qad/u72lkyk2UQIeosbrXw=
-licensingIpc
LicenseClient-ARA
-noDiagnosticSwitchPersistentStore
-job-worker-count
13
-background-job-worker-count
8
-asset-garbage-collectors
1
-force-d3d12
-name
AssetImport
Successfully changed project path to: C:/Users/ARA/Documents/GitHub/Grass-Cutting-Simulator/Grass Cutting Simulator
C:/Users/ARA/Documents/GitHub/Grass-Cutting-Simulator/Grass Cutting Simulator
[UnityMemory] Configuration Parameters - Can be set up in boot.config
    "memorysetup-temp-allocator-size-gi-baking-worker=262144"
    "memorysetup-temp-allocator-size-gi-baking-worker=262144"
    "memorysetup-temp-allocator-size-gi-baking-worker=262144"
    "memorysetup-temp-allocator-size-gi-baking-worker=262144"
    "memorysetup-temp-allocator-size-gi-baking-worker=262144"
    "memorysetup-temp-allocator-size-nav-mesh-worker=65536"
    "memorysetup-temp-allocator-size-audio-worker=65536"
    "memorysetup-temp-allocator-size-cloud-worker=32768"
    "memorysetup-temp-allocator-size-gfx=262144"
    "memorysetup-remapper-allocator-initial-capacity=32768"
    "memorysetup-temp-allocator-size-preload-manager=33554432"
    "memorysetup-allocator-temp-initial-block-size-main=262144"
    "memorysetup-allocator-temp-initial-block-size-worker=262144"
    "memorysetup-temp-allocator-size-job-worker=262144"
    "memorysetup-temp-allocator-size-background-worker=32768"
    "memorysetup-bucket-allocator-granularity=16"
    "memorysetup-bucket-allocator-bucket-count=8"
    "memorysetup-bucket-allocator-block-size=33554432"
    "memorysetup-bucket-allocator-block-count=8"
    "memorysetup-main-allocator-block-size=16777216"
    "memorysetup-thread-allocator-block-size=16777216"
    "memorysetup-main-allocator-mimalloc-enabled=1"
    "memorysetup-gfx-main-allocator-block-size=16777216"
    "memorysetup-gfx-thread-allocator-block-size=16777216"
    "memorysetup-cache-allocator-block-size=4194304"
    "memorysetup-typetree-allocator-block-size=2097152"
    "memorysetup-profiler-bucket-allocator-granularity=16"
    "memorysetup-profiler-bucket-allocator-bucket-count=8"
    "memorysetup-profiler-bucket-allocator-block-size=33554432"
    "memorysetup-profiler-bucket-allocator-block-count=8"
    "memorysetup-profiler-allocator-block-size=16777216"
    "memorysetup-profiler-editor-allocator-block-size=1048576"
    "memorysetup-temp-allocator-size-main=16777216"
    "memorysetup-job-temp-allocator-block-size=2097152"
    "memorysetup-job-temp-allocator-block-size-background=1048576"
    "memorysetup-job-temp-allocator-reduction-small-platforms=262144"
Player connection [11052]  Target information:

Player connection [11052]  * "[IP] 192.168.100.24 [Port] 0 [Flags] 2 [Guid] 1177565806 [EditorId] 1177565806 [Version] 1048832 [Id] WindowsEditor(7,DESKTOP-FH60KNT) [Debug] 1 [PackageName] WindowsEditor [ProjectName] Editor" 

Player connection [11052] Host joined multi-casting on [225.0.0.222:54997]...
Player connection [11052] Host joined alternative multi-casting on [225.0.0.222:34997]...
JobSystem: Creating JobQueue using job-worker-count value 13
Input System module state changed to: Initialized.
[Physics::Module] Initialized fallback backend.
[Physics::Module] Id: 0xdecafbad
Library Redirect Path: Library/
Initialising UDS system complete:
  - System type: Client
  - Resource namespace: cc13ed0f4855ae4f5477f0ef9e7797cf
  - Shared memory size: 1073741824
  - Command buffer id: 1052576
  - Command buffer size: 8192
  - Hashmap size: 4194304
  - Service connected: true
  - Service working directory: Library/DataStore/
Refreshing native plugins compatible for Editor in 2.50 ms, found 4 plugins.
[Physics::Module] Selected backend (deferred post-plugins).
[Physics::Module] Name: PhysX
[Physics::Module] Id: 0xf2b8ea05
[Physics::Module] SDK Version: 4.1.2
[Physics::Module] Integration Version: 1.0.0
[Physics::Module] Threading Mode: Multi-Threaded
Initialize engine version: 6000.6.3f1 (45d8eee7de74)
[EntityIdStore] init: VM path (explicit commit), pageSize=4096, blockCount=1048576, entitiesPerBlock=256, slots reserved=4294967296 bytes
[Subsystems] Discovering subsystems at path C:/Program Files/Unity/Hub/Editor/6000.6.3f1/Editor/Data/Resources/UnitySubsystems
[Subsystems] Discovering subsystems at path C:/Users/ARA/Documents/GitHub/Grass-Cutting-Simulator/Grass Cutting Simulator/Assets
Forcing GfxDevice: Direct3D 12
GfxDevice: creating device client; kGfxThreadingModeNonThreaded
d3d12: failed to query info queue interface (0x80004002).
Direct3D:
    Version:         Direct3D 12 [level 12.2]
    Renderer:        NVIDIA GeForce RTX 4070 (ID=0x2786)
    Vendor:          NVIDIA
    VRAM:            12010 MB
    App VRAM Budget: 11242 MB
    Driver:          32.0.16.1088
Initialize mono
Mono path[0] = 'C:/Program Files/Unity/Hub/Editor/6000.6.3f1/Editor/Data/Managed'
Mono path[1] = 'C:/Program Files/Unity/Hub/Editor/6000.6.3f1/Editor/Data/BCLExtensions/runtime/netstandard2.1'
Mono path[2] = 'C:/Program Files/Unity/Hub/Editor/6000.6.3f1/Editor/Data/MonoBleedingEdge/lib/mono/unityjit-win32'
Mono config path = 'C:/Program Files/Unity/Hub/Editor/6000.6.3f1/Editor/Data/MonoBleedingEdge/etc'
Using monoOptions --debugger-agent=transport=dt_socket,embedding=1,server=y,suspend=n,address=127.0.0.1:56760
CodeReloadManager initialized
Begin MonoManager ReloadAssembly
Registering precompiled unity dll's ...
Register platform support module: C:/Program Files/Unity/Hub/Editor/6000.6.3f1/Editor/Data/PlaybackEngines/WebGLSupport/UnityEditor.WebGL.Extensions.dll
Register platform support module: C:/Program Files/Unity/Hub/Editor/6000.6.3f1/Editor/Data/PlaybackEngines/WindowsStandaloneSupport/UnityEditor.WindowsStandalone.Extensions.dll
Registered in 0.001432 seconds.
Native extension for WindowsStandalone target not found
Native extension for WebGL target not found
Package Manager log level set to [2]
[Package Manager] Failed to launch server process. Reason: Unity was launched with the -noUpm command-line argument
[Package Manager] Unable to send message (not connected to server process).
[Package Manager] Cannot connect to Unity Package Manager local server
ScheduleIndexationOnStartup MainProcess:False IndexOnStartup:True
Scripting: successfully reloaded assembly
- Finished resetting the current domain, in  0.356 seconds
Domain Reload Profiling: 752ms
	BeginReloadAssembly (93ms)
	RebuildCommonClasses (4ms)
	RebuildNativeTypeToScriptingClass (12ms)
	initialDomainReloadingComplete (50ms)
	LoadAllAssembliesAndSetupDomain (237ms)
		LoadAssemblies (91ms)
		TypeCache.Refresh (160ms)
			TypeCache.ScanAssembly (149ms)
		AnalyzeDomain (1ms)
	FinalizeReload (357ms)
		SetupLoadedEditorAssemblies (0ms)
			BeforeProcessingInitializeOnLoad (81ms)
			ProcessInitializeOnLoadAttributes (74ms)
			ProcessInitializeOnLoadMethodAttributes (140ms)
Initializing Unity extensions:
[Licensing::Client] Successfully resolved entitlement details
[Licensing::Module] License group:
  Id: 5774129977459-UnityPersXXXX
  Product: Unity Personal
  Type: Assigned
  Expiration: Unlimited
========================================================================
Worker process is ready to serve import requests
Import Worker Mode flag is 0x00
Begin MonoManager ReloadAssembly
'Packages/com.unity.render-pipelines.core/Editor/Deprecated.cs' contains partial class of Unity.Object, exactly 1 of the partial classes needs to be in a file with the same filename. This is to know the one that can be referenced from ie. GameObjects
'Packages/com.unity.render-pipelines.core/Editor/Deprecated.cs' contains partial class of Unity.Object, exactly 1 of the partial classes needs to be in a file with the same filename. This is to know the one that can be referenced from ie. GameObjects
Native extension for WindowsStandalone target not found
Native extension for WebGL target not found
[Package Manager] Failed to launch server process. Reason: Unity was launched with the -noUpm command-line argument
[Package Manager] Unable to send message (not connected to server process).
[Package Manager] Cannot connect to Unity Package Manager local server
[Package Manager] Failed to launch server process. Reason: Unity was launched with the -noUpm command-line argument
[Package Manager] Unable to send message (not connected to server process).
[Package Manager] Cannot connect to Unity Package Manager local server
ScheduleIndexationOnStartup MainProcess:False IndexOnStartup:True
Scripting: successfully reloaded assembly
- Finished resetting the current domain, in  0.673 seconds
Domain Reload Profiling: 1493ms
	BeginReloadAssembly (181ms)
		DisableScriptedObjects (7ms)
		CreateAndSetChildDomain (23ms)
	RebuildCommonClasses (7ms)
	RebuildNativeTypeToScriptingClass (14ms)
	initialDomainReloadingComplete (57ms)
	LoadAllAssembliesAndSetupDomain (560ms)
		LoadAssemblies (310ms)
		TypeCache.Refresh (146ms)
			TypeCache.ScanAssembly (130ms)
		AnalyzeDomain (70ms)
			BuildScriptInfoCaches (65ms)
			ResolveRequiredComponents (4ms)
	FinalizeReload (674ms)
		SetupLoadedEditorAssemblies (0ms)
			BeforeProcessingInitializeOnLoad (96ms)
			ProcessInitializeOnLoadAttributes (246ms)
			ProcessInitializeOnLoadMethodAttributes (80ms)
			AfterProcessingInitializeOnLoad (6ms)
		AwakeInstancesAfterBackupRestoration (7ms)
AcceleratorClientConnectionCallback - disconnected - :0
Launched and connected shader compiler UnityShaderCompiler.exe after 0.01 seconds
Unloading 60 Unused Serialized files (Serialized files now loaded: 0)
Unloading 6614 unused Assets / (10.7 MB). Loaded Objects now: 7467.
Memory consumption went from 353.9 MB to 343.3 MB.
Total: 7.244000 ms (FindLiveObjects: 0.454700 ms CreateObjectMapping: 0.295300 ms MarkObjects: 4.289200 ms  DeleteObjects: 1.975100 ms)

========================================================================
Received Prepare
AcceleratorClientConnectionCallback - disconnected - :0
Unloading 60 Unused Serialized files (Serialized files now loaded: 0)
Unloading 60 unused Assets / (5.5 MB). Loaded Objects now: 7467.
Memory consumption went from 346.4 MB to 340.9 MB.
Total: 5.832900 ms (FindLiveObjects: 0.404000 ms CreateObjectMapping: 0.097200 ms MarkObjects: 4.096600 ms  DeleteObjects: 1.037400 ms)

Prepare: number of updated asset objects reloaded= 0
========================================================================
Received Import Request.
  Time of request: 2026-10-01T17:29:24.4533257Z
  Time since last request: 607968.07487050001509 seconds.
  importAddress: GUID: e011a827265c38e44baeae9310a2a9e2 - Path: Assets/Polytope Studio/Lowpoly_Environments/Sources/Meshes/Rocks/PT_Ore_Rock_01_split.fbx - Importer: ScriptedImporter/UnityEditor.QuickSearchModule:UnityEditor.Search:ASIAI0B
Importing 'GUID: e011a827265c38e44baeae9310a2a9e2 - Path: Assets/Polytope Studio/Lowpoly_Environments/Sources/Meshes/Rocks/PT_Ore_Rock_01_split.fbx - Importer: ScriptedImporter/UnityEditor.QuickSearchModule:UnityEditor.Search:ASIAI0B' with importer (ScriptedImporter : UnityEditor.QuickSearchModule:UnityEditor.Search:ASIAI0B)
MaterialLocation.External is obsolete. External Material Location is no longer supported. (Assets/Polytope Studio/Lowpoly_Environments/Sources/Meshes/Rocks/PT_Ore_Rock_01_split.fbx)
Imported 'GUID: e011a827265c38e44baeae9310a2a9e2' -> (Import Result ID: '953a4020b9647f9a35d89923079f590b') in 0.093 seconds [static and dynamic dependencies]. Details - ImportResultOutputID=43a72daa8c5c0e7a0371bb2a85d4e6fb DependenciesID=d357cb40e47f042825baa9b0d25a12cf StaticDependenciesID=ee8c22cb9d423e70be0b7310ffa27191 
Number of updated asset objects reloaded before import = 0
Number of asset objects unloaded after import = 20
========================================================================
Received Import Request.
  Time of request: 2026-10-01T17:29:24.5554412Z
  Time since last request: 0.0000811 seconds.
  importAddress: GUID: be41ee6ac43e67344981ef736f6e5ca2 - Path: Assets/Polytope Studio/Lowpoly_Environments - Importer: ScriptedImporter/UnityEditor.QuickSearchModule:UnityEditor.Search:ASIAI0B
Importing 'GUID: be41ee6ac43e67344981ef736f6e5ca2 - Path: Assets/Polytope Studio/Lowpoly_Environments - Importer: ScriptedImporter/UnityEditor.QuickSearchModule:UnityEditor.Search:ASIAI0B' with importer (ScriptedImporter : UnityEditor.QuickSearchModule:UnityEditor.Search:ASIAI0B)
Imported 'GUID: be41ee6ac43e67344981ef736f6e5ca2' -> (Import Result ID: '48dcccedda857a533cd562b9c2f29d01') in 0.003 seconds [static and dynamic dependencies]. Details - ImportResultOutputID=042b467e33eba2e8d4f7da9dad1dd39a DependenciesID=7a31489dd2f53c90608d2047ba724810 StaticDependenciesID=fb226db4866d5fd5be82f6fd8248d973 
Number of updated asset objects reloaded before import = 0
Number of asset objects unloaded after import = 1
========================================================================
Received Import Request.
  Time of request: 2026-10-01T17:29:24.5656032Z
  Time since last request: 0.0002593 seconds.
  importAddress: GUID: 2133ab72c9db7a848a24f4062c21aa18 - Path: Assets/Polytope Studio/Welcome_Screen/Editor/Textures/game5.png - Importer: ScriptedImporter/UnityEditor.QuickSearchModule:UnityEditor.Search:ASIAI0B
Importing 'GUID: 2133ab72c9db7a848a24f4062c21aa18 - Path: Assets/Polytope Studio/Welcome_Screen/Editor/Textures/game5.png - Importer: ScriptedImporter/UnityEditor.QuickSearchModule:UnityEditor.Search:ASIAI0B' with importer (ScriptedImporter : UnityEditor.QuickSearchModule:UnityEditor.Search:ASIAI0B)
Imported 'GUID: 2133ab72c9db7a848a24f4062c21aa18' -> (Import Result ID: 'd09894e2e82f71a465b8567c9c01fd06') in 0.024 seconds [static and dynamic dependencies]. Details - ImportResultOutputID=97d0107b58e528e6d7dbeebe3a21b084 DependenciesID=5f0c532d937eb1f5cbcad1488d096cd5 StaticDependenciesID=8a569c93447bb1ca928a74f6f8548511 
Number of updated asset objects reloaded before import = 0
Number of asset objects unloaded after import = 1
========================================================================
Received Import Request.
  Time of request: 2026-10-01T17:29:24.5971229Z
  Time since last request: 0.0002554 seconds.
  importAddress: GUID: a195a893970f3ab4990bd06e18a0b308 - Path: Assets/Polytope Studio/Lowpoly_Environments/Sources/Textures/PT_Rocks_01.png - Importer: ScriptedImporter/UnityEditor.QuickSearchModule:UnityEditor.Search:ASIAI0B
Importing 'GUID: a195a893970f3ab4990bd06e18a0b308 - Path: Assets/Polytope Studio/Lowpoly_Environments/Sources/Textures/PT_Rocks_01.png - Importer: ScriptedImporter/UnityEditor.QuickSearchModule:UnityEditor.Search:ASIAI0B' with importer (ScriptedImporter : UnityEditor.QuickSearchModule:UnityEditor.Search:ASIAI0B)
Imported 'GUID: a195a893970f3ab4990bd06e18a0b308' -> (Import Result ID: 'faf6e06771ed2855efa0e97dd8735d60') in 0.009 seconds [static and dynamic dependencies]. Details - ImportResultOutputID=b7c503ee19ddc6959ee17618e39b5c33 DependenciesID=7bb0ca96898cae5d6238767727c74aa0 StaticDependenciesID=0b1e099ee64863cb6dbafc9e27cf6489 
Number of updated asset objects reloaded before import = 0
Number of asset objects unloaded after import = 1
========================================================================
Received Import Request.
  Time of request: 2026-10-01T17:29:24.6134602Z
  Time since last request: 0.0002485 seconds.
  importAddress: GUID: 0ef9f3b550a8ffd40ab0be1ae6034fe1 - Path: Assets/Polytope Studio/Lowpoly_Environments/Sources/Meshes/Trees/PT_Fruit_Tree_01_plums.fbx - Importer: ScriptedImporter/UnityEditor.QuickSearchModule:UnityEditor.Search:ASIAI0B
Importing 'GUID: 0ef9f3b550a8ffd40ab0be1ae6034fe1 - Path: Assets/Polytope Studio/Lowpoly_Environments/Sources/Meshes/Trees/PT_Fruit_Tree_01_plums.fbx - Importer: ScriptedImporter/UnityEditor.QuickSearchModule:UnityEditor.Search:ASIAI0B' with importer (ScriptedImporter : UnityEditor.QuickSearchModule:UnityEditor.Search:ASIAI0B)
MaterialLocation.External is obsolete. External Material Location is no longer supported. (Assets/Polytope Studio/Lowpoly_Environments/Sources/Meshes/Trees/PT_Fruit_Tree_01_plums.fbx)
Imported 'GUID: 0ef9f3b550a8ffd40ab0be1ae6034fe1' -> (Import Result ID: '4640ad14188908aa39cfbbb4243826cc') in 0.007 seconds [static and dynamic dependencies]. Details - ImportResultOutputID=bcd2eee2e6600dd60a76514cd235eace DependenciesID=da11a5423bc9f782d12501228ff699df StaticDependenciesID=3396e46e4efddf843fd7c1cc17d3a29f 
Number of updated asset objects reloaded before import = 0
Number of asset objects unloaded after import = 20
========================================================================
Received Import Request.
  Time of request: 2026-10-01T17:29:24.6275094Z
  Time since last request: 0.0002238 seconds.
  importAddress: GUID: fb18d91a172a7f646a87b3d1b31e20e5 - Path: Assets/Polytope Studio/Welcome_Screen/Editor/Textures/icon_Youtube.png - Importer: ScriptedImporter/UnityEditor.QuickSearchModule:UnityEditor.Search:ASIAI0B
Importing 'GUID: fb18d91a172a7f646a87b3d1b31e20e5 - Path: Assets/Polytope Studio/Welcome_Screen/Editor/Textures/icon_Youtube.png - Importer: ScriptedImporter/UnityEditor.QuickSearchModule:UnityEditor.Search:ASIAI0B' with importer (ScriptedImporter : UnityEditor.QuickSearchModule:UnityEditor.Search:ASIAI0B)
Imported 'GUID: fb18d91a172a7f646a87b3d1b31e20e5' -> (Import Result ID: '90c5f21e33fe8b3442a731ede3081ba1') in 0.005 seconds [static and dynamic dependencies]. Details - ImportResultOutputID=9e0dc215e59e9bcb47c12683c42c48e9 DependenciesID=e8e3af5058498a386a6d146543c1e53d StaticDependenciesID=e4e513625154b7ed80fdabff12574c8e 
Number of updated asset objects reloaded before import = 0
Number of asset objects unloaded after import = 1
========================================================================
Received Import Request.
  Time of request: 2026-10-01T17:29:24.6402675Z
  Time since last request: 0.0002232 seconds.
  importAddress: GUID: d909ab474b336d64d92b2e7c7418929d - Path: Assets/Polytope Studio/Welcome_Screen/Editor/Textures/game2.png - Importer: ScriptedImporter/UnityEditor.QuickSearchModule:UnityEditor.Search:ASIAI0B
Importing 'GUID: d909ab474b336d64d92b2e7c7418929d - Path: Assets/Polytope Studio/Welcome_Screen/Editor/Textures/game2.png - Importer: ScriptedImporter/UnityEditor.QuickSearchModule:UnityEditor.Search:ASIAI0B' with importer (ScriptedImporter : UnityEditor.QuickSearchModule:UnityEditor.Search:ASIAI0B)
Imported 'GUID: d909ab474b336d64d92b2e7c7418929d' -> (Import Result ID: '269c861ad06b2fb41bf2103841ea7528') in 0.004 seconds [static and dynamic dependencies]. Details - ImportResultOutputID=ebadcfcbaf913125f3b81d10242047e6 DependenciesID=1c49b0d3fa7a4314e6db63148990503c StaticDependenciesID=ca305e4d5a21d8e236588bad07c1b394 
Number of updated asset objects reloaded before import = 0
Number of asset objects unloaded after import = 1
========================================================================
Received Import Request.
  Time of request: 2026-10-01T17:29:24.6508689Z
  Time since last request: 0.0002595 seconds.
  importAddress: GUID: bee651b89d6b3ef48b19cfe8a4c9fa42 - Path: Assets/Polytope Studio/Lowpoly_Environments/Prefabs/Rocks/PT_River_Rock_Pile_02.prefab - Importer: ScriptedImporter/UnityEditor.QuickSearchModule:UnityEditor.Search:ASIAI0B
Importing 'GUID: bee651b89d6b3ef48b19cfe8a4c9fa42 - Path: Assets/Polytope Studio/Lowpoly_Environments/Prefabs/Rocks/PT_River_Rock_Pile_02.prefab - Importer: ScriptedImporter/UnityEditor.QuickSearchModule:UnityEditor.Search:ASIAI0B' with importer (ScriptedImporter : UnityEditor.QuickSearchModule:UnityEditor.Search:ASIAI0B)
Imported 'GUID: bee651b89d6b3ef48b19cfe8a4c9fa42' -> (Import Result ID: 'c6fb1f70f9e787681186a78e7427b674') in 0.003 seconds [static and dynamic dependencies]. Details - ImportResultOutputID=d626e79b1bdfa15b7a52deff6cfcf364 DependenciesID=8113c8bde088b40c5fa26a78ced95f37 StaticDependenciesID=13b4efce013d6852e1947fc64bc6197e 
Number of updated asset objects reloaded before import = 0
Number of asset objects unloaded after import = 20
========================================================================
Received Import Request.
  Time of request: 2026-10-01T17:29:24.6616186Z
  Time since last request: 0.0002495 seconds.
  importAddress: GUID: 0ed9a6c5c2e1c8845a27b9272cc81405 - Path: Assets/Polytope Studio/Welcome_Screen/Editor/Textures/game6.png - Importer: ScriptedImporter/UnityEditor.QuickSearchModule:UnityEditor.Search:ASIAI0B
Importing 'GUID: 0ed9a6c5c2e1c8845a27b9272cc81405 - Path: Assets/Polytope Studio/Welcome_Screen/Editor/Textures/game6.png - Importer: ScriptedImporter/UnityEditor.QuickSearchModule:UnityEditor.Search:ASIAI0B' with importer (ScriptedImporter : UnityEditor.QuickSearchModule:UnityEditor.Search:ASIAI0B)
Imported 'GUID: 0ed9a6c5c2e1c8845a27b9272cc81405' -> (Import Result ID: '211c1cb83ca9adf3771d0e3b81a57a88') in 0.004 seconds [static and dynamic dependencies]. Details - ImportResultOutputID=776155f910527aaf8f6ee0e5c4921776 DependenciesID=9bf37a3dba8c22f769e418881ce0f7a6 StaticDependenciesID=585dbc0f1176056b4f19eb15565fc0b7 
Number of updated asset objects reloaded before import = 0
Number of asset objects unloaded after import = 1
========================================================================
Received Import Request.
  Time of request: 2026-10-01T17:29:24.6730544Z
  Time since last request: 0.0001425 seconds.
  importAddress: GUID: 8f5721f45a4372242a249d3bb70958a8 - Path: Assets/Polytope Studio/Lowpoly_Demos/Environment_Free/Helpers/PT_PlayerMovement.cs - Importer: ScriptedImporter/UnityEditor.QuickSearchModule:UnityEditor.Search:ASIAI0B
Importing 'GUID: 8f5721f45a4372242a249d3bb70958a8 - Path: Assets/Polytope Studio/Lowpoly_Demos/Environment_Free/Helpers/PT_PlayerMovement.cs - Importer: ScriptedImporter/UnityEditor.QuickSearchModule:UnityEditor.Search:ASIAI0B' with importer (ScriptedImporter : UnityEditor.QuickSearchModule:UnityEditor.Search:ASIAI0B)
Imported 'GUID: 8f5721f45a4372242a249d3bb70958a8' -> (Import Result ID: 'db4de42c8c831fb80ea288aa98f647b9') in 0.002 seconds [static and dynamic dependencies]. Details - ImportResultOutputID=14df601fe6572ba7a142718f8a5350e7 DependenciesID=da0b6081f3d9dfe396aae8ea39f67fbe StaticDependenciesID=9d699a818f4f567340d8e41a73072712 
Number of updated asset objects reloaded before import = 0
Number of asset objects unloaded after import = 0
========================================================================
Received Import Request.
  Time of request: 2026-10-01T17:29:24.6811248Z
  Time since last request: 0.000278 seconds.
  importAddress: GUID: a78adb8868cccbe4a92d9d81db916e6e - Path: Assets/Polytope Studio/Lowpoly_Environments/Sources/Textures/PT_Water_NM_01.png - Importer: ScriptedImporter/UnityEditor.QuickSearchModule:UnityEditor.Search:ASIAI0B
Importing 'GUID: a78adb8868cccbe4a92d9d81db916e6e - Path: Assets/Polytope Studio/Lowpoly_Environments/Sources/Textures/PT_Water_NM_01.png - Importer: ScriptedImporter/UnityEditor.QuickSearchModule:UnityEditor.Search:ASIAI0B' with importer (ScriptedImporter : UnityEditor.QuickSearchModule:UnityEditor.Search:ASIAI0B)
Imported 'GUID: a78adb8868cccbe4a92d9d81db916e6e' -> (Import Result ID: '6ced26723fd377eb222ad87f3d47851f') in 0.004 seconds [static and dynamic dependencies]. Details - ImportResultOutputID=18987a8bd76f2129c02c3b3a1337e819 DependenciesID=c8cd8c35a5d60bb43daec0eda609322e StaticDependenciesID=9e60836c36a114f99d6c6926207ad5c1 
Number of updated asset objects reloaded before import = 0
Number of asset objects unloaded after import = 1
========================================================================
Received Import Request.
  Time of request: 2026-10-01T17:29:24.6921912Z
  Time since last request: 0.0002505 seconds.
  importAddress: GUID: 3922c043c1c52cb47a7b1bfed562a4b6 - Path: Assets/Polytope Studio/Lowpoly_Environments/Sources/Materials/PT_Fruit_Tree_Opaque_mat.mat - Importer: ScriptedImporter/UnityEditor.QuickSearchModule:UnityEditor.Search:ASIAI0B
Importing 'GUID: 3922c043c1c52cb47a7b1bfed562a4b6 - Path: Assets/Polytope Studio/Lowpoly_Environments/Sources/Materials/PT_Fruit_Tree_Opaque_mat.mat - Importer: ScriptedImporter/UnityEditor.QuickSearchModule:UnityEditor.Search:ASIAI0B' with importer (ScriptedImporter : UnityEditor.QuickSearchModule:UnityEditor.Search:ASIAI0B)
Imported 'GUID: 3922c043c1c52cb47a7b1bfed562a4b6' -> (Import Result ID: '4f4c0e273f1da56b253ce0172cdc0e48') in 0.014 seconds [static and dynamic dependencies]. Details - ImportResultOutputID=266ddbba70c9fdcf6fcfb8cf2e532242 DependenciesID=a5d3fbb4fdb5cea790851084a5a95a08 StaticDependenciesID=eff21c0bfcf81a08aa67f815deef21c0 
Number of updated asset objects reloaded before import = 0
Number of asset objects unloaded after import = 2
========================================================================
Received Import Request.
  Time of request: 2026-10-01T17:29:24.7124974Z
  Time since last request: 0.0003384 seconds.
  importAddress: GUID: ac56f8aebac30674489c8b5741b0489a - Path: Assets/Polytope Studio/Lowpoly_Environments/URP/PT_Nature_Free_URP_16.unitypackage - Importer: ScriptedImporter/UnityEditor.QuickSearchModule:UnityEditor.Search:ASIAI0B
Importing 'GUID: ac56f8aebac30674489c8b5741b0489a - Path: Assets/Polytope Studio/Lowpoly_Environments/URP/PT_Nature_Free_URP_16.unitypackage - Importer: ScriptedImporter/UnityEditor.QuickSearchModule:UnityEditor.Search:ASIAI0B' with importer (ScriptedImporter : UnityEditor.QuickSearchModule:UnityEditor.Search:ASIAI0B)
Imported 'GUID: ac56f8aebac30674489c8b5741b0489a' -> (Import Result ID: 'd431739ab609412c85002a5f92a2484f') in 0.003 seconds [static and dynamic dependencies]. Details - ImportResultOutputID=276151e9732f20512d13e15900046686 DependenciesID=40b1a7bceabc71b307b5b38babcbe005 StaticDependenciesID=7f58341ee0f2e22be6a096a8e3aec302 
Number of updated asset objects reloaded before import = 0
Number of asset objects unloaded after import = 1
========================================================================
Received Import Request.
  Time of request: 2026-10-01T17:29:24.7228502Z
  Time since last request: 0.0002635 seconds.
  importAddress: GUID: 372b3a07e412e84429b47816bcf7d59b - Path: Assets/Polytope Studio/Lowpoly_Environments/Sources/Meshes/Shrubs - Importer: ScriptedImporter/UnityEditor.QuickSearchModule:UnityEditor.Search:ASIAI0B
Importing 'GUID: 372b3a07e412e84429b47816bcf7d59b - Path: Assets/Polytope Studio/Lowpoly_Environments/Sources/Meshes/Shrubs - Importer: ScriptedImporter/UnityEditor.QuickSearchModule:UnityEditor.Search:ASIAI0B' with importer (ScriptedImporter : UnityEditor.QuickSearchModule:UnityEditor.Search:ASIAI0B)
Imported 'GUID: 372b3a07e412e84429b47816bcf7d59b' -> (Import Result ID: 'e9dc99f57c5f24d19f515a2281413fe5') in 0.002 seconds [static and dynamic dependencies]. Details - ImportResultOutputID=e024120e72cea271103304cd7c85ae55 DependenciesID=5c34daaf116976fe222c744d0b6d5c65 StaticDependenciesID=4db6945981b19536647da2f7d95a8ec4 
Number of updated asset objects reloaded before import = 0
Number of asset objects unloaded after import = 1
========================================================================
Received Import Request.
  Time of request: 2026-10-01T17:29:24.7306111Z
  Time since last request: 0.0002164 seconds.
  importAddress: GUID: 33e92b212d568b844ae30511d6c23987 - Path: Assets/Polytope Studio/Lowpoly_Demos/Environment_Free/Helpers/PT_High_Grass_Mat.mat - Importer: ScriptedImporter/UnityEditor.QuickSearchModule:UnityEditor.Search:ASIAI0B
Importing 'GUID: 33e92b212d568b844ae30511d6c23987 - Path: Assets/Polytope Studio/Lowpoly_Demos/Environment_Free/Helpers/PT_High_Grass_Mat.mat - Importer: ScriptedImporter/UnityEditor.QuickSearchModule:UnityEditor.Search:ASIAI0B' with importer (ScriptedImporter : UnityEditor.QuickSearchModule:UnityEditor.Search:ASIAI0B)
Imported 'GUID: 33e92b212d568b844ae30511d6c23987' -> (Import Result ID: '20441bef4b24a25eccfbbd3fa4f44ee8') in 0.060 seconds [static and dynamic dependencies]. Details - ImportResultOutputID=f612d1a7e24f82c9705335dbe53367b4 DependenciesID=64523e2b637ce87e785a69b3f4b7afe4 StaticDependenciesID=8bfc821375061ec5c9b16d92658dbf10 
Number of updated asset objects reloaded before import = 0
Number of asset objects unloaded after import = 2
========================================================================
Received Import Request.
  Time of request: 2026-10-01T17:29:24.8106093Z
  Time since last request: 0.013678 seconds.
  importAddress: GUID: 632a57aaa44e49240a71dacd26348c8d - Path: Assets/Polytope Studio/Lowpoly_Environments/Prefabs/Mushrooms - Importer: ScriptedImporter/UnityEditor.QuickSearchModule:UnityEditor.Search:ASIAI0B
Importing 'GUID: 632a57aaa44e49240a71dacd26348c8d - Path: Assets/Polytope Studio/Lowpoly_Environments/Prefabs/Mushrooms - Importer: ScriptedImporter/UnityEditor.QuickSearchModule:UnityEditor.Search:ASIAI0B' with importer (ScriptedImporter : UnityEditor.QuickSearchModule:UnityEditor.Search:ASIAI0B)
Imported 'GUID: 632a57aaa44e49240a71dacd26348c8d' -> (Import Result ID: '84b08153e805d4fd14061adf5e5798fc') in 0.002 seconds [static and dynamic dependencies]. Details - ImportResultOutputID=beb752264ca7ed5be12614e6149e2724 DependenciesID=c74e7dcd5c903e236629fbe244dd6cf7 StaticDependenciesID=88f69d468fba2fdc0152e3f5c181eed4 
Number of updated asset objects reloaded before import = 0
Number of asset objects unloaded after import = 1
========================================================================
Received Import Request.
  Time of request: 2026-10-01T17:29:24.8194498Z
  Time since last request: 0.0003424 seconds.
  importAddress: GUID: b62637568d07eb141b948ab45ea8c3d4 - Path: Assets/Polytope Studio/Lowpoly_Environments/Prefabs/Trees/PT_Fruit_Tree_01_pears.prefab - Importer: ScriptedImporter/UnityEditor.QuickSearchModule:UnityEditor.Search:ASIAI0B
Importing 'GUID: b62637568d07eb141b948ab45ea8c3d4 - Path: Assets/Polytope Studio/Lowpoly_Environments/Prefabs/Trees/PT_Fruit_Tree_01_pears.prefab - Importer: ScriptedImporter/UnityEditor.QuickSearchModule:UnityEditor.Search:ASIAI0B' with importer (ScriptedImporter : UnityEditor.QuickSearchModule:UnityEditor.Search:ASIAI0B)
Imported 'GUID: b62637568d07eb141b948ab45ea8c3d4' -> (Import Result ID: '06eae3132113a53f9306b2fe1b373f10') in 0.003 seconds [static and dynamic dependencies]. Details - ImportResultOutputID=df32365111b637ab67f2dc0353645ac4 DependenciesID=b8156b9fbb02ac451acaa3e566db4e76 StaticDependenciesID=40adf047687edab400c9e3ade4662b7b 
Number of updated asset objects reloaded before import = 0
Number of asset objects unloaded after import = 20
========================================================================
Received Import Request.
  Time of request: 2026-10-01T17:29:24.8295365Z
  Time since last request: 0.0002558 seconds.
  importAddress: GUID: 72f7e9b6836e7ee40b8f94a8acf784e6 - Path: Assets/Polytope Studio/Lowpoly_Environments/URP - Importer: ScriptedImporter/UnityEditor.QuickSearchModule:UnityEditor.Search:ASIAI0B
Importing 'GUID: 72f7e9b6836e7ee40b8f94a8acf784e6 - Path: Assets/Polytope Studio/Lowpoly_Environments/URP - Importer: ScriptedImporter/UnityEditor.QuickSearchModule:UnityEditor.Search:ASIAI0B' with importer (ScriptedImporter : UnityEditor.QuickSearchModule:UnityEditor.Search:ASIAI0B)
Imported 'GUID: 72f7e9b6836e7ee40b8f94a8acf784e6' -> (Import Result ID: '2d5215ec117e8e5baaae22f1c6d2d9fc') in 0.001 seconds [static and dynamic dependencies]. Details - ImportResultOutputID=3e4363679e9baa6f70893c8193246f48 DependenciesID=c59a7e18459f55c0aa2c44c7e464a30d StaticDependenciesID=b6d38c850e754fdc066016fd145084b5 
Number of updated asset objects reloaded before import = 0
Number of asset objects unloaded after import = 1
========================================================================
Received Import Request.
  Time of request: 2026-10-01T17:29:24.8371597Z
  Time since last request: 0.0002232 seconds.
  importAddress: GUID: 1090dcf46ca02864fb89494b948e45c7 - Path: Assets/Polytope Studio/Lowpoly_Environments/Prefabs/Flowers - Importer: ScriptedImporter/UnityEditor.QuickSearchModule:UnityEditor.Search:ASIAI0B
Importing 'GUID: 1090dcf46ca02864fb89494b948e45c7 - Path: Assets/Polytope Studio/Lowpoly_Environments/Prefabs/Flowers - Importer: ScriptedImporter/UnityEditor.QuickSearchModule:UnityEditor.Search:ASIAI0B' with importer (ScriptedImporter : UnityEditor.QuickSearchModule:UnityEditor.Search:ASIAI0B)
Imported 'GUID: 1090dcf46ca02864fb89494b948e45c7' -> (Import Result ID: 'd949d7e2ed55f6a6422818c925f3d1c6') in 0.001 seconds [static and dynamic dependencies]. Details - ImportResultOutputID=42a20c5c6f33508a1c04833205d78cb0 DependenciesID=63067a2f042ac84657a43fdbf48f0846 StaticDependenciesID=4db7e8e1e1626eedb9e15d4337cf7dbf 
Number of updated asset objects reloaded before import = 0
Number of asset objects unloaded after import = 1
========================================================================
Received Import Request.
  Time of request: 2026-10-01T17:29:24.845147Z
  Time since last request: 0.0002615 seconds.
  importAddress: GUID: 233be0623027421449b81f7423abaf79 - Path: Assets/Polytope Studio/Lowpoly_Environments/Sources/Shaders/PT_Vegetation_Plants_Shader.shader - Importer: ScriptedImporter/UnityEditor.QuickSearchModule:UnityEditor.Search:ASIAI0B
Importing 'GUID: 233be0623027421449b81f7423abaf79 - Path: Assets/Polytope Studio/Lowpoly_Environments/Sources/Shaders/PT_Vegetation_Plants_Shader.shader - Importer: ScriptedImporter/UnityEditor.QuickSearchModule:UnityEditor.Search:ASIAI0B' with importer (ScriptedImporter : UnityEditor.QuickSearchModule:UnityEditor.Search:ASIAI0B)
Imported 'GUID: 233be0623027421449b81f7423abaf79' -> (Import Result ID: 'b57588a3324c196e26987e03c74ac345') in 0.006 seconds [static and dynamic dependencies]. Details - ImportResultOutputID=eb03cf4f53c5cc6c77bd678b67fe2fd2 DependenciesID=c692899d5e4ad1c4ecddc2cccd9f4f99 StaticDependenciesID=4f22a2bed25715226d4ed31cce558c32 
Number of updated asset objects reloaded before import = 0
Number of asset objects unloaded after import = 1
========================================================================
Received Import Request.
  Time of request: 2026-10-01T17:29:24.8582874Z
  Time since last request: 0.0003125 seconds.
  importAddress: GUID: 3a80f621645a05340824ecc31bbef546 - Path: Assets/Polytope Studio/Lowpoly_Village/Sources/Meshes/Modular/Fence - Importer: ScriptedImporter/UnityEditor.QuickSearchModule:UnityEditor.Search:ASIAI0B
Importing 'GUID: 3a80f621645a05340824ecc31bbef546 - Path: Assets/Polytope Studio/Lowpoly_Village/Sources/Meshes/Modular/Fence - Importer: ScriptedImporter/UnityEditor.QuickSearchModule:UnityEditor.Search:ASIAI0B' with importer (ScriptedImporter : UnityEditor.QuickSearchModule:UnityEditor.Search:ASIAI0B)
Imported 'GUID: 3a80f621645a05340824ecc31bbef546' -> (Import Result ID: 'acb6a0ea84aacffb524819a7a87c9f42') in 0.001 seconds [static and dynamic dependencies]. Details - ImportResultOutputID=ec11a6c34452ab48118faccdf1e9e0c6 DependenciesID=fbadc9537171d5541f3b1f11dde22070 StaticDependenciesID=c2e4ab4c5ee84482de4de5215062693b 
Number of updated asset objects reloaded before import = 0
Number of asset objects unloaded after import = 1
========================================================================
Received Import Request.
  Time of request: 2026-10-01T17:29:24.8663106Z
  Time since last request: 0.0002704 seconds.
  importAddress: GUID: 8c75ba30e5f76df4fb30725e4c9bf38a - Path: Assets/Polytope Studio/Lowpoly_Environments/Sources/Textures/PT_Ground_Grass_Green_01.png - Importer: ScriptedImporter/UnityEditor.QuickSearchModule:UnityEditor.Search:ASIAI0B
Importing 'GUID: 8c75ba30e5f76df4fb30725e4c9bf38a - Path: Assets/Polytope Studio/Lowpoly_Environments/Sources/Textures/PT_Ground_Grass_Green_01.png - Importer: ScriptedImporter/UnityEditor.QuickSearchModule:UnityEditor.Search:ASIAI0B' with importer (ScriptedImporter : UnityEditor.QuickSearchModule:UnityEditor.Search:ASIAI0B)
Imported 'GUID: 8c75ba30e5f76df4fb30725e4c9bf38a' -> (Import Result ID: 'c01834d986b506ddca87d25a28c2ac1d') in 0.007 seconds [static and dynamic dependencies]. Details - ImportResultOutputID=069df96a27a7c738ce6c9ea14f5bd84e DependenciesID=a6257ba8a0d0aa48f238f82ba958f6e5 StaticDependenciesID=d860272086805a9af6a2474a39bb086a 
Number of updated asset objects reloaded before import = 0
Number of asset objects unloaded after import = 1
========================================================================
Received Import Request.
  Time of request: 2026-10-01T17:29:24.8814174Z
  Time since last request: 0.0007056 seconds.
  importAddress: GUID: 5bc3cd71938c078458115fcd4b2ab6f1 - Path: Assets/Polytope Studio/Welcome_Screen/Editor/Textures/game3.png - Importer: ScriptedImporter/UnityEditor.QuickSearchModule:UnityEditor.Search:ASIAI0B
Importing 'GUID: 5bc3cd71938c078458115fcd4b2ab6f1 - Path: Assets/Polytope Studio/Welcome_Screen/Editor/Textures/game3.png - Importer: ScriptedImporter/UnityEditor.QuickSearchModule:UnityEditor.Search:ASIAI0B' with importer (ScriptedImporter : UnityEditor.QuickSearchModule:UnityEditor.Search:ASIAI0B)
Imported 'GUID: 5bc3cd71938c078458115fcd4b2ab6f1' -> (Import Result ID: '3b98b52c09719ab7abec126627b49997') in 0.003 seconds [static and dynamic dependencies]. Details - ImportResultOutputID=f6a5b5532536c8f3ccde9859ccf9ba4d DependenciesID=9453a94b65ddc48d2896493fcb4e727c StaticDependenciesID=bba08324322f21291ee4bf814693aaee 
Number of updated asset objects reloaded before import = 0
Number of asset objects unloaded after import = 1
========================================================================
Received Import Request.
  Time of request: 2026-10-01T17:29:24.8925701Z
  Time since last request: 0.0002344 seconds.
  importAddress: GUID: 1a6585c188f2f4c4685a8a43c7f945c2 - Path: Assets/Polytope Studio/Lowpoly_Environments/Prefabs/Shrubs - Importer: ScriptedImporter/UnityEditor.QuickSearchModule:UnityEditor.Search:ASIAI0B
Importing 'GUID: 1a6585c188f2f4c4685a8a43c7f945c2 - Path: Assets/Polytope Studio/Lowpoly_Environments/Prefabs/Shrubs - Importer: ScriptedImporter/UnityEditor.QuickSearchModule:UnityEditor.Search:ASIAI0B' with importer (ScriptedImporter : UnityEditor.QuickSearchModule:UnityEditor.Search:ASIAI0B)
Imported 'GUID: 1a6585c188f2f4c4685a8a43c7f945c2' -> (Import Result ID: '598654c9e62dc47ed51b130c218f26b6') in 0.003 seconds [static and dynamic dependencies]. Details - ImportResultOutputID=b1f4aeee5ad791f907719122d84bee64 DependenciesID=c510e340336b551c6f9fcf9a5e474bb7 StaticDependenciesID=8dd950fff51a168463be013da5b9949d 
Number of updated asset objects reloaded before import = 0
Number of asset objects unloaded after import = 1
========================================================================
Received Import Request.
  Time of request: 2026-10-01T17:29:24.9046043Z
  Time since last request: 0.0004863 seconds.
  importAddress: GUID: dbe8ee5abb1344a4e8a8b80348f13db8 - Path: Assets/Polytope Studio/Lowpoly_Demos/Environment_Free/Helpers/Terrain/TerrainData_d3c37e8d-6092-48f4-b81e-93b97326e4d2.asset - Importer: ScriptedImporter/UnityEditor.QuickSearchModule:UnityEditor.Search:ASIAI0B
Importing 'GUID: dbe8ee5abb1344a4e8a8b80348f13db8 - Path: Assets/Polytope Studio/Lowpoly_Demos/Environment_Free/Helpers/Terrain/TerrainData_d3c37e8d-6092-48f4-b81e-93b97326e4d2.asset - Importer: ScriptedImporter/UnityEditor.QuickSearchModule:UnityEditor.Search:ASIAI0B' with importer (ScriptedImporter : UnityEditor.QuickSearchModule:UnityEditor.Search:ASIAI0B)
Imported 'GUID: dbe8ee5abb1344a4e8a8b80348f13db8' -> (Import Result ID: '7c3e91530d84ede98caec8d11294eb1c') in 0.022 seconds [static and dynamic dependencies]. Details - ImportResultOutputID=93db75734de415f929c01dfaeaa23006 DependenciesID=7a89c3e29f012c1a315b54ba2854e670 StaticDependenciesID=56bb21173039ae802b82182ba7026209 
Number of updated asset objects reloaded before import = 0
Number of asset objects unloaded after import = 92
========================================================================
Received Import Request.
  Time of request: 2026-10-01T17:29:24.9337181Z
  Time since last request: 0.000015 seconds.
  importAddress: GUID: b67d2b761d3397348831d776dbb33e03 - Path: Assets/Polytope Studio/Lowpoly_Village/Sources/Meshes/Modular/Fence/PT_Modular_Fence_Wood_02.fbx - Importer: ScriptedImporter/UnityEditor.QuickSearchModule:UnityEditor.Search:ASIAI0B
Importing 'GUID: b67d2b761d3397348831d776dbb33e03 - Path: Assets/Polytope Studio/Lowpoly_Village/Sources/Meshes/Modular/Fence/PT_Modular_Fence_Wood_02.fbx - Importer: ScriptedImporter/UnityEditor.QuickSearchModule:UnityEditor.Search:ASIAI0B' with importer (ScriptedImporter : UnityEditor.QuickSearchModule:UnityEditor.Search:ASIAI0B)
MaterialLocation.External is obsolete. External Material Location is no longer supported. (Assets/Polytope Studio/Lowpoly_Village/Sources/Meshes/Modular/Fence/PT_Modular_Fence_Wood_02.fbx)
Imported 'GUID: b67d2b761d3397348831d776dbb33e03' -> (Import Result ID: 'ebd5d592db804c3975c8b865a54299aa') in 0.018 seconds [static and dynamic dependencies]. Details - ImportResultOutputID=e80a197833d884489fb435280ca4f19f DependenciesID=e92e7d4e05fe4fba678bf14daf85d731 StaticDependenciesID=7f27554d0a4de1536d79962489927561 
Number of updated asset objects reloaded before import = 0
Number of asset objects unloaded after import = 9
========================================================================
Received Import Request.
  Time of request: 2026-10-01T17:29:24.9579233Z
  Time since last request: 0.0000135 seconds.
  importAddress: GUID: c6a512d95615f534cbe31aba1aaa354c - Path: Assets/Polytope Studio/Lowpoly_Environments/Prefabs/Trees/PT_Fruit_Tree_01_dead.prefab - Importer: ScriptedImporter/UnityEditor.QuickSearchModule:UnityEditor.Search:ASIAI0B
Importing 'GUID: c6a512d95615f534cbe31aba1aaa354c - Path: Assets/Polytope Studio/Lowpoly_Environments/Prefabs/Trees/PT_Fruit_Tree_01_dead.prefab - Importer: ScriptedImporter/UnityEditor.QuickSearchModule:UnityEditor.Search:ASIAI0B' with importer (ScriptedImporter : UnityEditor.QuickSearchModule:UnityEditor.Search:ASIAI0B)
Imported 'GUID: c6a512d95615f534cbe31aba1aaa354c' -> (Import Result ID: '8fb035d1d32c015eeb9cb6872e1ec867') in 0.003 seconds [static and dynamic dependencies]. Details - ImportResultOutputID=5ca604b32a4bc101a08e820e1fe74a0f DependenciesID=84951a70876e20b204413c5ceaa9fe28 StaticDependenciesID=af7351d9d14c112d590c8941194a141e 
Number of updated asset objects reloaded before import = 0
Number of asset objects unloaded after import = 20
========================================================================
Received Import Request.
  Time of request: 2026-10-01T17:29:24.9673296Z
  Time since last request: 0.0002973 seconds.
  importAddress: GUID: 0a8cb9de01d10dc45b2e1f6d52738d76 - Path: Assets/Polytope Studio/Welcome_Screen/Editor/PT_Welcome_Screen.cs - Importer: ScriptedImporter/UnityEditor.QuickSearchModule:UnityEditor.Search:ASIAI0B
Importing 'GUID: 0a8cb9de01d10dc45b2e1f6d52738d76 - Path: Assets/Polytope Studio/Welcome_Screen/Editor/PT_Welcome_Screen.cs - Importer: ScriptedImporter/UnityEditor.QuickSearchModule:UnityEditor.Search:ASIAI0B' with importer (ScriptedImporter : UnityEditor.QuickSearchModule:UnityEditor.Search:ASIAI0B)
Imported 'GUID: 0a8cb9de01d10dc45b2e1f6d52738d76' -> (Import Result ID: '9ccffffdfb17bb21ca9069654f9c07c2') in 0.002 seconds [static and dynamic dependencies]. Details - ImportResultOutputID=6148bc0c5441eafb31d8f937f8e1f3bb DependenciesID=23b0b6c32817d729091668e92f9c49ae StaticDependenciesID=ed0f348fce6c7f42107a8d2ae3098269 
Number of updated asset objects reloaded before import = 0
Number of asset objects unloaded after import = 0
========================================================================
Received Import Request.
  Time of request: 2026-10-01T17:29:24.9759588Z
  Time since last request: 0.0002709 seconds.
  importAddress: GUID: 2a5e649cde00dd847885c694eb77f1fb - Path: Assets/Polytope Studio/Lowpoly_Environments/Sources/Meshes/Trees/PT_Pine_Tree_03_green_cut.fbx - Importer: ScriptedImporter/UnityEditor.QuickSearchModule:UnityEditor.Search:ASIAI0B
Importing 'GUID: 2a5e649cde00dd847885c694eb77f1fb - Path: Assets/Polytope Studio/Lowpoly_Environments/Sources/Meshes/Trees/PT_Pine_Tree_03_green_cut.fbx - Importer: ScriptedImporter/UnityEditor.QuickSearchModule:UnityEditor.Search:ASIAI0B' with importer (ScriptedImporter : UnityEditor.QuickSearchModule:UnityEditor.Search:ASIAI0B)
MaterialLocation.External is obsolete. External Material Location is no longer supported. (Assets/Polytope Studio/Lowpoly_Environments/Sources/Meshes/Trees/PT_Pine_Tree_03_green_cut.fbx)
Imported 'GUID: 2a5e649cde00dd847885c694eb77f1fb' -> (Import Result ID: '6616e1710f7a8b57dd95b7d7eeb03a76') in 0.007 seconds [static and dynamic dependencies]. Details - ImportResultOutputID=c99f478eeb4ea2b8317ef826f1726bd5 DependenciesID=a9e914cc9b4aee7a13a60f61fcf022b8 StaticDependenciesID=6150401667a98cff9a73e5bd1acc183a 
Number of updated asset objects reloaded before import = 0
Number of asset objects unloaded after import = 9
========================================================================
Received Import Request.
  Time of request: 2026-10-01T17:29:24.9906398Z
  Time since last request: 0.0002102 seconds.
  importAddress: GUID: 34892be16c52f1948b4b5666052d6bf5 - Path: Assets/Polytope Studio/Lowpoly_Village/Sources/Textures/PT_Medieval_Buildings_Texture_01.png - Importer: ScriptedImporter/UnityEditor.QuickSearchModule:UnityEditor.Search:ASIAI0B
Importing 'GUID: 34892be16c52f1948b4b5666052d6bf5 - Path: Assets/Polytope Studio/Lowpoly_Village/Sources/Textures/PT_Medieval_Buildings_Texture_01.png - Importer: ScriptedImporter/UnityEditor.QuickSearchModule:UnityEditor.Search:ASIAI0B' with importer (ScriptedImporter : UnityEditor.QuickSearchModule:UnityEditor.Search:ASIAI0B)
Imported 'GUID: 34892be16c52f1948b4b5666052d6bf5' -> (Import Result ID: '74d94f7d6913c331dd403ba37405d9e5') in 0.004 seconds [static and dynamic dependencies]. Details - ImportResultOutputID=2c2759c6e40155d5685a702429a01266 DependenciesID=010a9cc07f13c4cee22c4e946a74b4f4 StaticDependenciesID=420602b5d249b7ea46c11aef2ec882e9 
Number of updated asset objects reloaded before import = 0
Number of asset objects unloaded after import = 1
========================================================================
Received Import Request.
  Time of request: 2026-10-01T17:29:25.0022897Z
  Time since last request: 0.0003047 seconds.
  importAddress: GUID: 823cb446423dd7747b7454d5cf133e75 - Path: Assets/Polytope Studio/Lowpoly_Environments/Sources/Materials/PT_Pine_Tree_Leaves_Mat.mat - Importer: ScriptedImporter/UnityEditor.QuickSearchModule:UnityEditor.Search:ASIAI0B
Importing 'GUID: 823cb446423dd7747b7454d5cf133e75 - Path: Assets/Polytope Studio/Lowpoly_Environments/Sources/Materials/PT_Pine_Tree_Leaves_Mat.mat - Importer: ScriptedImporter/UnityEditor.QuickSearchModule:UnityEditor.Search:ASIAI0B' with importer (ScriptedImporter : UnityEditor.QuickSearchModule:UnityEditor.Search:ASIAI0B)
Imported 'GUID: 823cb446423dd7747b7454d5cf133e75' -> (Import Result ID: 'cbf8f7f3aa8be221b243666c49e36b34') in 0.059 seconds [static and dynamic dependencies]. Details - ImportResultOutputID=36027be6ad9dce706d55edec76933bf2 DependenciesID=338b759254a42ab3a67e1bf6e4e4905a StaticDependenciesID=c552e17217eb0ecf471a563ea4aa0c1a 
Number of updated asset objects reloaded before import = 0
Number of asset objects unloaded after import = 2
========================================================================
Received Import Request.
  Time of request: 2026-10-01T17:29:25.0686557Z
  Time since last request: 0.0001049 seconds.
  importAddress: GUID: c91055552562c3941a1c318e8d5bc5c5 - Path: Assets/Polytope Studio/Lowpoly_Village/Sources/Textures/PT_Medieval_Buildings_Texture_Mask_01.png - Importer: ScriptedImporter/UnityEditor.QuickSearchModule:UnityEditor.Search:ASIAI0B
Importing 'GUID: c91055552562c3941a1c318e8d5bc5c5 - Path: Assets/Polytope Studio/Lowpoly_Village/Sources/Textures/PT_Medieval_Buildings_Texture_Mask_01.png - Importer: ScriptedImporter/UnityEditor.QuickSearchModule:UnityEditor.Search:ASIAI0B' with importer (ScriptedImporter : UnityEditor.QuickSearchModule:UnityEditor.Search:ASIAI0B)
Imported 'GUID: c91055552562c3941a1c318e8d5bc5c5' -> (Import Result ID: 'd2d15e927c5c2b0e26bcf23239b87122') in 0.004 seconds [static and dynamic dependencies]. Details - ImportResultOutputID=04215aa1af209598f1e61e908e2313f3 DependenciesID=7b522a97d074495445b1a7db3ccd63f3 StaticDependenciesID=59bb47196b2fb7b7fd6f056c1023ff87 
Number of updated asset objects reloaded before import = 0
Number of asset objects unloaded after import = 1
========================================================================
Received Import Request.
  Time of request: 2026-10-01T17:29:25.0795904Z
  Time since last request: 0.000397 seconds.
  importAddress: GUID: 5c7de3ea78afce6468d2ebe76dd0bf6d - Path: Assets/Polytope Studio/Lowpoly_Environments/Sources/Meshes/Flowers/PT_Poppy_02.fbx - Importer: ScriptedImporter/UnityEditor.QuickSearchModule:UnityEditor.Search:ASIAI0B
Importing 'GUID: 5c7de3ea78afce6468d2ebe76dd0bf6d - Path: Assets/Polytope Studio/Lowpoly_Environments/Sources/Meshes/Flowers/PT_Poppy_02.fbx - Importer: ScriptedImporter/UnityEditor.QuickSearchModule:UnityEditor.Search:ASIAI0B' with importer (ScriptedImporter : UnityEditor.QuickSearchModule:UnityEditor.Search:ASIAI0B)
MaterialLocation.External is obsolete. External Material Location is no longer supported. (Assets/Polytope Studio/Lowpoly_Environments/Sources/Meshes/Flowers/PT_Poppy_02.fbx)
Imported 'GUID: 5c7de3ea78afce6468d2ebe76dd0bf6d' -> (Import Result ID: 'edd4984cfafd8049d16a97242daa54a8') in 0.006 seconds [static and dynamic dependencies]. Details - ImportResultOutputID=fece8f642152cdcfd890dc86ae48a318 DependenciesID=92971729f8bb76c322b73615cf85df61 StaticDependenciesID=7b7c51d4a1d699e66c21a43738adf345 
Number of updated asset objects reloaded before import = 0
Number of asset objects unloaded after import = 20
========================================================================
Received Import Request.
  Time of request: 2026-10-01T17:29:25.0922573Z
  Time since last request: 0.0003373 seconds.
  importAddress: GUID: c40d5572f8d7d6843bd8d20c21f1c0be - Path: Assets/Polytope Studio/Lowpoly_Demos/Environment_Free/Helpers/Terrain/TerrainData_6dc76592-a48a-4163-91df-c29ec1a99c66.asset - Importer: ScriptedImporter/UnityEditor.QuickSearchModule:UnityEditor.Search:ASIAI0B
Importing 'GUID: c40d5572f8d7d6843bd8d20c21f1c0be - Path: Assets/Polytope Studio/Lowpoly_Demos/Environment_Free/Helpers/Terrain/TerrainData_6dc76592-a48a-4163-91df-c29ec1a99c66.asset - Importer: ScriptedImporter/UnityEditor.QuickSearchModule:UnityEditor.Search:ASIAI0B' with importer (ScriptedImporter : UnityEditor.QuickSearchModule:UnityEditor.Search:ASIAI0B)
The tree PT_Caesars_Mushroom_01 must use the Nature/Soft Occlusion shader. Otherwise billboarding/lighting will not work correctly.
UnityEngine.Debug:ExtractStackTraceNoAlloc (byte*,int,string)
UnityEngine.StackTraceUtility:ExtractStackTrace ()
UnityEditor.AssetDatabase:LoadMainAssetAtPath (string)
UnityEditor.Search.AssetIndexer:IndexProperties (int&,string&,bool&)
UnityEditor.Search.AssetIndexer:IndexDocument (string,bool)
UnityEditor.Search.SearchIndexArtifactImporter:OnImportAsset (UnityEditor.AssetImporters.AssetImportContext)
UnityEditor.AssetImporters.ScriptedImporter:GenerateAssetData (UnityEditor.AssetImporters.AssetImportContext)

[C:\build\output\unity\unity\Modules\Terrain\Public\TreeDatabase.cpp line 355]

Imported 'GUID: c40d5572f8d7d6843bd8d20c21f1c0be' -> (Import Result ID: '28d71ea5b12b4e80340c0fbe13287920') in 0.023 seconds [static and dynamic dependencies]. Details - ImportResultOutputID=393ed9a032f6a04770af2910d17399fd DependenciesID=b4598eb7f88b853773aa01b1a064a59e StaticDependenciesID=8f743f8240b6a0ab53d383c1072066e9 
Number of updated asset objects reloaded before import = 0
Number of asset objects unloaded after import = 137
========================================================================
Received Import Request.
  Time of request: 2026-10-01T17:29:25.1638389Z
  Time since last request: 0.0411395 seconds.
  importAddress: GUID: 09473d06882d1414b84b1fdb7a095516 - Path: Assets/Polytope Studio/Lowpoly_Environments/Sources/Materials/PT_Grass_Mat.mat - Importer: ScriptedImporter/UnityEditor.QuickSearchModule:UnityEditor.Search:ASIAI0B
Importing 'GUID: 09473d06882d1414b84b1fdb7a095516 - Path: Assets/Polytope Studio/Lowpoly_Environments/Sources/Materials/PT_Grass_Mat.mat - Importer: ScriptedImporter/UnityEditor.QuickSearchModule:UnityEditor.Search:ASIAI0B' with importer (ScriptedImporter : UnityEditor.QuickSearchModule:UnityEditor.Search:ASIAI0B)
Imported 'GUID: 09473d06882d1414b84b1fdb7a095516' -> (Import Result ID: '10cc7035e273c3c1cd60df2d3cb68857') in 0.048 seconds [static and dynamic dependencies]. Details - ImportResultOutputID=2118a96b901c738136f9a76adfc5bf85 DependenciesID=da13cecbe4788e482513daeedd910af9 StaticDependenciesID=a163bad2c764335509f5d6f162137a0a 
Number of updated asset objects reloaded before import = 0
Number of asset objects unloaded after import = 3
========================================================================
Received Import Request.
  Time of request: 2026-10-01T17:29:25.2190717Z
  Time since last request: 0.0002057 seconds.
  importAddress: GUID: 367ab66e2689a8345a8fb8fd14a4f90c - Path: Assets/Polytope Studio/Lowpoly_Environments/Prefabs/Trees/PT_Fruit_Tree_01_plums.prefab - Importer: ScriptedImporter/UnityEditor.QuickSearchModule:UnityEditor.Search:ASIAI0B
Importing 'GUID: 367ab66e2689a8345a8fb8fd14a4f90c - Path: Assets/Polytope Studio/Lowpoly_Environments/Prefabs/Trees/PT_Fruit_Tree_01_plums.prefab - Importer: ScriptedImporter/UnityEditor.QuickSearchModule:UnityEditor.Search:ASIAI0B' with importer (ScriptedImporter : UnityEditor.QuickSearchModule:UnityEditor.Search:ASIAI0B)
Imported 'GUID: 367ab66e2689a8345a8fb8fd14a4f90c' -> (Import Result ID: '0469ab354a7844eaab5b199ee560fb28') in 0.003 seconds [static and dynamic dependencies]. Details - ImportResultOutputID=0954523b4f707c18b4264c261046a778 DependenciesID=a868a6d1b37a413df4b8419c14104870 StaticDependenciesID=a10cdb7aedf5e5efdf6aed659ef0019a 
Number of updated asset objects reloaded before import = 0
Number of asset objects unloaded after import = 20
========================================================================
Received Import Request.
  Time of request: 2026-10-01T17:29:25.2297814Z
  Time since last request: 0.0002312 seconds.
  importAddress: GUID: 96a08e9b3a862214b8c94c891f9b5a83 - Path: Assets/Polytope Studio/Lowpoly_Demos - Importer: ScriptedImporter/UnityEditor.QuickSearchModule:UnityEditor.Search:ASIAI0B
Importing 'GUID: 96a08e9b3a862214b8c94c891f9b5a83 - Path: Assets/Polytope Studio/Lowpoly_Demos - Importer: ScriptedImporter/UnityEditor.QuickSearchModule:UnityEditor.Search:ASIAI0B' with importer (ScriptedImporter : UnityEditor.QuickSearchModule:UnityEditor.Search:ASIAI0B)
Imported 'GUID: 96a08e9b3a862214b8c94c891f9b5a83' -> (Import Result ID: '7295ca24cab30281ef5de7145d13b4f8') in 0.001 seconds [static and dynamic dependencies]. Details - ImportResultOutputID=1174c13b9ae03fb119d1782bde115564 DependenciesID=c460247ffc87d844315ad1d24f9f0c98 StaticDependenciesID=2b5cf4d892439d58a238177c6aa87db0 
Number of updated asset objects reloaded before import = 0
Number of asset objects unloaded after import = 1
========================================================================
Received Import Request.
  Time of request: 2026-10-01T17:29:25.2377752Z
  Time since last request: 0.0004456 seconds.
  importAddress: GUID: 0a1f44318dd467a45bfef81ad0e8855a - Path: Assets/Polytope Studio/Lowpoly_Environments/Sources/Materials/PT_Fruit_Tree_Foliage_Mat.mat - Importer: ScriptedImporter/UnityEditor.QuickSearchModule:UnityEditor.Search:ASIAI0B
Importing 'GUID: 0a1f44318dd467a45bfef81ad0e8855a - Path: Assets/Polytope Studio/Lowpoly_Environments/Sources/Materials/PT_Fruit_Tree_Foliage_Mat.mat - Importer: ScriptedImporter/UnityEditor.QuickSearchModule:UnityEditor.Search:ASIAI0B' with importer (ScriptedImporter : UnityEditor.QuickSearchModule:UnityEditor.Search:ASIAI0B)
Imported 'GUID: 0a1f44318dd467a45bfef81ad0e8855a' -> (Import Result ID: '09c5cd3b2eebb4487e2136b8e8069306') in 0.006 seconds [static and dynamic dependencies]. Details - ImportResultOutputID=55d6e20e0cf2ed7395f66b51ca4f87ba DependenciesID=3404fe5dceda1c01cb1f086df3471562 StaticDependenciesID=fdc77110d91171c0371a279ed1cb69f2 
Number of updated asset objects reloaded before import = 0
Number of asset objects unloaded after import = 2
========================================================================
Received Import Request.
  Time of request: 2026-10-01T17:29:25.2514003Z
  Time since last request: 0.0002407 seconds.
  importAddress: GUID: c2dcabc4d03cc9b4098225e59529d20d - Path: Assets/Polytope Studio/Lowpoly_Environments/Sources/Meshes/Trees/PT_Pine_Tree_03_green.fbx - Importer: ScriptedImporter/UnityEditor.QuickSearchModule:UnityEditor.Search:ASIAI0B
Importing 'GUID: c2dcabc4d03cc9b4098225e59529d20d - Path: Assets/Polytope Studio/Lowpoly_Environments/Sources/Meshes/Trees/PT_Pine_Tree_03_green.fbx - Importer: ScriptedImporter/UnityEditor.QuickSearchModule:UnityEditor.Search:ASIAI0B' with importer (ScriptedImporter : UnityEditor.QuickSearchModule:UnityEditor.Search:ASIAI0B)
MaterialLocation.External is obsolete. External Material Location is no longer supported. (Assets/Polytope Studio/Lowpoly_Environments/Sources/Meshes/Trees/PT_Pine_Tree_03_green.fbx)
Imported 'GUID: c2dcabc4d03cc9b4098225e59529d20d' -> (Import Result ID: 'f6edbb2ee4209b04d5256d0f575afc32') in 0.005 seconds [static and dynamic dependencies]. Details - ImportResultOutputID=1fca920759842588b097d0996752d429 DependenciesID=26d60b7f3455fb5ebfcbab3d4ec1ff7c StaticDependenciesID=d41b37eb23e765977787b3c413ad78ff 
Number of updated asset objects reloaded before import = 0
Number of asset objects unloaded after import = 20
========================================================================
Received Import Request.
  Time of request: 2026-10-01T17:29:25.2630459Z
  Time since last request: 0.0002464 seconds.
  importAddress: GUID: 6250bab4ccf188c4d97251a33d790370 - Path: Assets/Polytope Studio/Lowpoly_Village/Sources/Meshes - Importer: ScriptedImporter/UnityEditor.QuickSearchModule:UnityEditor.Search:ASIAI0B
Importing 'GUID: 6250bab4ccf188c4d97251a33d790370 - Path: Assets/Polytope Studio/Lowpoly_Village/Sources/Meshes - Importer: ScriptedImporter/UnityEditor.QuickSearchModule:UnityEditor.Search:ASIAI0B' with importer (ScriptedImporter : UnityEditor.QuickSearchModule:UnityEditor.Search:ASIAI0B)
Imported 'GUID: 6250bab4ccf188c4d97251a33d790370' -> (Import Result ID: 'c5917ef3d2b83b42d1b93a956ded9e40') in 0.002 seconds [static and dynamic dependencies]. Details - ImportResultOutputID=477aa58fb2d703ba5e0e5018b70aa71a DependenciesID=11d6fef7854f7f421715543a0a49cf40 StaticDependenciesID=c140ad57299e575944d81c524273ee1f 
Number of updated asset objects reloaded before import = 0
Number of asset objects unloaded after import = 1
========================================================================
Received Import Request.
  Time of request: 2026-10-01T17:29:25.2717238Z
  Time since last request: 0.0003272 seconds.
  importAddress: GUID: 115939fafdaab3542ac9de578833169e - Path: Assets/Polytope Studio - Importer: ScriptedImporter/UnityEditor.QuickSearchModule:UnityEditor.Search:ASIAI0B
Importing 'GUID: 115939fafdaab3542ac9de578833169e - Path: Assets/Polytope Studio - Importer: ScriptedImporter/UnityEditor.QuickSearchModule:UnityEditor.Search:ASIAI0B' with importer (ScriptedImporter : UnityEditor.QuickSearchModule:UnityEditor.Search:ASIAI0B)
Imported 'GUID: 115939fafdaab3542ac9de578833169e' -> (Import Result ID: '85e2a6d210d4f9d4732a63f93e5f04a8') in 0.002 seconds [static and dynamic dependencies]. Details - ImportResultOutputID=09d5f9f2e89e649314039054efd25c2a DependenciesID=f866c020bbd5b2abd6ad01ca007954aa StaticDependenciesID=a745ddf6fcaede5f2f46292a97c8917a 
Number of updated asset objects reloaded before import = 0
Number of asset objects unloaded after import = 1
========================================================================
Received Import Request.
  Time of request: 2026-10-01T17:29:25.2800217Z
  Time since last request: 0.0002694 seconds.
  importAddress: GUID: 1587ce82db2499e4185b7701bf0d532b - Path: Assets/Polytope Studio/Lowpoly_Demos/Environment_Free/Helpers/Terrain/TerrainData_445999c2-5240-4b5c-9394-4cacb62d7eec.asset - Importer: ScriptedImporter/UnityEditor.QuickSearchModule:UnityEditor.Search:ASIAI0B
Importing 'GUID: 1587ce82db2499e4185b7701bf0d532b - Path: Assets/Polytope Studio/Lowpoly_Demos/Environment_Free/Helpers/Terrain/TerrainData_445999c2-5240-4b5c-9394-4cacb62d7eec.asset - Importer: ScriptedImporter/UnityEditor.QuickSearchModule:UnityEditor.Search:ASIAI0B' with importer (ScriptedImporter : UnityEditor.QuickSearchModule:UnityEditor.Search:ASIAI0B)
Imported 'GUID: 1587ce82db2499e4185b7701bf0d532b' -> (Import Result ID: 'c03828dcdfee7a1808e344843c19c051') in 0.015 seconds [static and dynamic dependencies]. Details - ImportResultOutputID=fb9edabb679f3cf4aedfa72cb1a9a3fb DependenciesID=b165b9aac6afd7683936d3be4eff0468 StaticDependenciesID=a988dd5ebf9bc57688d7d3a72fd035df 
Number of updated asset objects reloaded before import = 0
Number of asset objects unloaded after import = 85
========================================================================
Received Import Request.
  Time of request: 2026-10-01T17:29:25.3014517Z
  Time since last request: 0.0000303 seconds.
  importAddress: GUID: aa8ea3d66a87ed449832e8709ec90517 - Path: Assets/Polytope Studio/Lowpoly_Demos/Environment_Free/Helpers/PT_High_Grass_02_v1.prefab - Importer: ScriptedImporter/UnityEditor.QuickSearchModule:UnityEditor.Search:ASIAI0B
Importing 'GUID: aa8ea3d66a87ed449832e8709ec90517 - Path: Assets/Polytope Studio/Lowpoly_Demos/Environment_Free/Helpers/PT_High_Grass_02_v1.prefab - Importer: ScriptedImporter/UnityEditor.QuickSearchModule:UnityEditor.Search:ASIAI0B' with importer (ScriptedImporter : UnityEditor.QuickSearchModule:UnityEditor.Search:ASIAI0B)
Imported 'GUID: aa8ea3d66a87ed449832e8709ec90517' -> (Import Result ID: '4394451ec67748fe888f1936f88f05b3') in 0.004 seconds [static and dynamic dependencies]. Details - ImportResultOutputID=abd715095ec5b9946b39a33708521e05 DependenciesID=dd3e888ec825b0d0e6e5a7ba80603916 StaticDependenciesID=2a88ba403a9ca2bbc97d5e6fbdfaad7c 
Number of updated asset objects reloaded before import = 0
Number of asset objects unloaded after import = 8
========================================================================
Received Import Request.
  Time of request: 2026-10-01T17:29:25.3109445Z
  Time since last request: 0.0001634 seconds.
  importAddress: GUID: ddcbcdd7a43212c4d86fe33f77dac074 - Path: Assets/Polytope Studio/Lowpoly_Environments/Sources/Meshes/Trees/PT_Fruit_Tree_01_dead_cut.fbx - Importer: ScriptedImporter/UnityEditor.QuickSearchModule:UnityEditor.Search:ASIAI0B
Importing 'GUID: ddcbcdd7a43212c4d86fe33f77dac074 - Path: Assets/Polytope Studio/Lowpoly_Environments/Sources/Meshes/Trees/PT_Fruit_Tree_01_dead_cut.fbx - Importer: ScriptedImporter/UnityEditor.QuickSearchModule:UnityEditor.Search:ASIAI0B' with importer (ScriptedImporter : UnityEditor.QuickSearchModule:UnityEditor.Search:ASIAI0B)
MaterialLocation.External is obsolete. External Material Location is no longer supported. (Assets/Polytope Studio/Lowpoly_Environments/Sources/Meshes/Trees/PT_Fruit_Tree_01_dead_cut.fbx)
Imported 'GUID: ddcbcdd7a43212c4d86fe33f77dac074' -> (Import Result ID: 'f673a9ffdf132fd3fd3dfe2632603162') in 0.005 seconds [static and dynamic dependencies]. Details - ImportResultOutputID=6e8b5cdb6662da1395d39456b3089071 DependenciesID=46acada9e102448d46b04c65b957a3e5 StaticDependenciesID=b8b56b1dc046ea7742aebb61fdc83efa 
Number of updated asset objects reloaded before import = 0
Number of asset objects unloaded after import = 8
========================================================================
Received Import Request.
  Time of request: 2026-10-01T17:29:25.3217206Z
  Time since last request: 0.0001874 seconds.
  importAddress: GUID: 56532089e45dbc1479865e115cc8c637 - Path: Assets/Polytope Studio/Lowpoly_Village/Sources/Materials/PT_mat.mat - Importer: ScriptedImporter/UnityEditor.QuickSearchModule:UnityEditor.Search:ASIAI0B
Importing 'GUID: 56532089e45dbc1479865e115cc8c637 - Path: Assets/Polytope Studio/Lowpoly_Village/Sources/Materials/PT_mat.mat - Importer: ScriptedImporter/UnityEditor.QuickSearchModule:UnityEditor.Search:ASIAI0B' with importer (ScriptedImporter : UnityEditor.QuickSearchModule:UnityEditor.Search:ASIAI0B)
Imported 'GUID: 56532089e45dbc1479865e115cc8c637' -> (Import Result ID: 'b962adf5f0c44931151193c8dc5b26ae') in 0.005 seconds [static and dynamic dependencies]. Details - ImportResultOutputID=a677b875745c8be1d7901b8a0340572f DependenciesID=c5dc2ad9a36b919f15b747bfe8c115d0 StaticDependenciesID=e572d4d746c3279140ea5b45ac3be289 
Number of updated asset objects reloaded before import = 0
Number of asset objects unloaded after import = 2
========================================================================
Received Import Request.
  Time of request: 2026-10-01T17:29:25.3333751Z
  Time since last request: 0.0003759 seconds.
  importAddress: GUID: 46df1f2d8eb22a64fb03812d24ea1ffd - Path: Assets/Polytope Studio/Lowpoly_Village/Prefabs - Importer: ScriptedImporter/UnityEditor.QuickSearchModule:UnityEditor.Search:ASIAI0B
Importing 'GUID: 46df1f2d8eb22a64fb03812d24ea1ffd - Path: Assets/Polytope Studio/Lowpoly_Village/Prefabs - Importer: ScriptedImporter/UnityEditor.QuickSearchModule:UnityEditor.Search:ASIAI0B' with importer (ScriptedImporter : UnityEditor.QuickSearchModule:UnityEditor.Search:ASIAI0B)
Imported 'GUID: 46df1f2d8eb22a64fb03812d24ea1ffd' -> (Import Result ID: 'a24c14a136ee45f02c353943c569c56c') in 0.002 seconds [static and dynamic dependencies]. Details - ImportResultOutputID=f5069bba8d7031de6b16c9647f789871 DependenciesID=c67cacf78e2462c232b0aafe6916b22a StaticDependenciesID=5b87e8f9b987e455fa3a84b22c768f05 
Number of updated asset objects reloaded before import = 0
Number of asset objects unloaded after import = 1
========================================================================
Received Import Request.
  Time of request: 2026-10-01T17:29:25.3416924Z
  Time since last request: 0.0002369 seconds.
  importAddress: GUID: d8b9a114dc91e7d4e9885d54ca9d957f - Path: Assets/Polytope Studio/Lowpoly_Environments/Sources/Textures/PT_Skybox_Texture_01.png - Importer: ScriptedImporter/UnityEditor.QuickSearchModule:UnityEditor.Search:ASIAI0B
Importing 'GUID: d8b9a114dc91e7d4e9885d54ca9d957f - Path: Assets/Polytope Studio/Lowpoly_Environments/Sources/Textures/PT_Skybox_Texture_01.png - Importer: ScriptedImporter/UnityEditor.QuickSearchModule:UnityEditor.Search:ASIAI0B' with importer (ScriptedImporter : UnityEditor.QuickSearchModule:UnityEditor.Search:ASIAI0B)
Imported 'GUID: d8b9a114dc91e7d4e9885d54ca9d957f' -> (Import Result ID: 'c805f7bf1a9fa6e501074c2d36e5845b') in 0.024 seconds [static and dynamic dependencies]. Details - ImportResultOutputID=6efd8d0a91c3bb3d199f2e3108e6568a DependenciesID=aa9291a1624a531fdcc53eeb7ec7be5b StaticDependenciesID=0906380f9403eb01ba999e1f696cf609 
Number of updated asset objects reloaded before import = 0
Number of asset objects unloaded after import = 1
========================================================================
Received Import Request.
  Time of request: 2026-10-01T17:29:25.372513Z
  Time since last request: 0.0003121 seconds.
  importAddress: GUID: e9a01d2a3de15954eb2cccf4df7f3d5b - Path: Assets/Polytope Studio/Lowpoly_Environments/Sources/Meshes/Trees/PT_Pine_Tree_03_logs.fbx - Importer: PreviewImporter
Importing 'GUID: e9a01d2a3de15954eb2cccf4df7f3d5b - Path: Assets/Polytope Studio/Lowpoly_Environments/Sources/Meshes/Trees/PT_Pine_Tree_03_logs.fbx - Importer: PreviewImporter' with importer (PreviewImporter)
MaterialLocation.External is obsolete. External Material Location is no longer supported. (Assets/Polytope Studio/Lowpoly_Environments/Sources/Meshes/Trees/PT_Pine_Tree_03_logs.fbx)
Imported 'GUID: e9a01d2a3de15954eb2cccf4df7f3d5b' -> (Import Result ID: '492cef31ea2dcde326c7f88f8d81e41f') in 0.306 seconds [static and dynamic dependencies]. Details - ImportResultOutputID=af50f71b8c4c0f288956b4498e8e93d0 DependenciesID=492c6a0bdd6068ed7b67df7de0ed04d8 StaticDependenciesID=b096f1cdbe3d3f1198fdd545bbb03e1e 
Number of updated asset objects reloaded before import = 0
Number of asset objects unloaded after import = 11
========================================================================
Received Import Request.
  Time of request: 2026-10-01T17:29:25.6869424Z
  Time since last request: 0.000575 seconds.
  importAddress: GUID: f222748f1796b2e49a56a2fbf7563247 - Path: Assets/Polytope Studio/Lowpoly_Environments/Sources/Meshes/Trees/PT_Fruit_Tree_01_green.fbx - Importer: PreviewImporter
Importing 'GUID: f222748f1796b2e49a56a2fbf7563247 - Path: Assets/Polytope Studio/Lowpoly_Environments/Sources/Meshes/Trees/PT_Fruit_Tree_01_green.fbx - Importer: PreviewImporter' with importer (PreviewImporter)
MaterialLocation.External is obsolete. External Material Location is no longer supported. (Assets/Polytope Studio/Lowpoly_Environments/Sources/Meshes/Trees/PT_Fruit_Tree_01_green.fbx)
Imported 'GUID: f222748f1796b2e49a56a2fbf7563247' -> (Import Result ID: '692ce6304514d64471aedb824a100729') in 0.038 seconds [static and dynamic dependencies]. Details - ImportResultOutputID=a6def07d71df134e9130352789ff3026 DependenciesID=c33046bda13f43df15f297501bf49ebc StaticDependenciesID=b2629f1e66ec1073b32a7801489d49b8 
Number of updated asset objects reloaded before import = 0
Number of asset objects unloaded after import = 24
========================================================================
Received Import Request.
  Time of request: 2026-10-01T17:29:25.731351Z
  Time since last request: 0.0006017 seconds.
  importAddress: GUID: b67d2b761d3397348831d776dbb33e03 - Path: Assets/Polytope Studio/Lowpoly_Village/Sources/Meshes/Modular/Fence/PT_Modular_Fence_Wood_02.fbx - Importer: PreviewImporter
Importing 'GUID: b67d2b761d3397348831d776dbb33e03 - Path: Assets/Polytope Studio/Lowpoly_Village/Sources/Meshes/Modular/Fence/PT_Modular_Fence_Wood_02.fbx - Importer: PreviewImporter' with importer (PreviewImporter)
MaterialLocation.External is obsolete. External Material Location is no longer supported. (Assets/Polytope Studio/Lowpoly_Village/Sources/Meshes/Modular/Fence/PT_Modular_Fence_Wood_02.fbx)
Imported 'GUID: b67d2b761d3397348831d776dbb33e03' -> (Import Result ID: 'ecf0d5e6079dc61b36b27754ed9f7349') in 0.013 seconds [static and dynamic dependencies]. Details - ImportResultOutputID=7f85f1de79dd0fa0ec612c8762c8f6d2 DependenciesID=3ec4e0a7118cc7c6bd77d6f9f84e18bb StaticDependenciesID=69791871ee93dc300bf16181ea72851d 
Number of updated asset objects reloaded before import = 0
Number of asset objects unloaded after import = 11
========================================================================
Received Import Request.
  Time of request: 2026-10-01T17:29:25.7515827Z
  Time since last request: 0.0006717 seconds.
  importAddress: GUID: 13bd9962aed9bef41bc2dd73a559c317 - Path: Assets/Polytope Studio/Lowpoly_Environments/Sources/Meshes/Trees/PT_Pine_Tree_03_stump.fbx - Importer: PreviewImporter
Importing 'GUID: 13bd9962aed9bef41bc2dd73a559c317 - Path: Assets/Polytope Studio/Lowpoly_Environments/Sources/Meshes/Trees/PT_Pine_Tree_03_stump.fbx - Importer: PreviewImporter' with importer (PreviewImporter)
MaterialLocation.External is obsolete. External Material Location is no longer supported. (Assets/Polytope Studio/Lowpoly_Environments/Sources/Meshes/Trees/PT_Pine_Tree_03_stump.fbx)
Imported 'GUID: 13bd9962aed9bef41bc2dd73a559c317' -> (Import Result ID: 'c987326927e1bf7b17a4122c67c4b249') in 0.013 seconds [static and dynamic dependencies]. Details - ImportResultOutputID=e53fb4e9ad293d2b0fb1562b4b58fc8a DependenciesID=c1fd4eb487ca8ab0bf611810f9346ea3 StaticDependenciesID=6f38ab7c319dfc77e42a6a9a2475bc6b 
Number of updated asset objects reloaded before import = 0
Number of asset objects unloaded after import = 9
========================================================================
Received Import Request.
  Time of request: 2026-10-01T17:29:25.772563Z
  Time since last request: 0.0012888 seconds.
  importAddress: GUID: fb0559a36ae9650449b6e3c26d5076a5 - Path: Assets/Polytope Studio/Lowpoly_Environments/Sources/Meshes/Trees/PT_Fruit_Tree_01_apples.fbx - Importer: PreviewImporter
Importing 'GUID: fb0559a36ae9650449b6e3c26d5076a5 - Path: Assets/Polytope Studio/Lowpoly_Environments/Sources/Meshes/Trees/PT_Fruit_Tree_01_apples.fbx - Importer: PreviewImporter' with importer (PreviewImporter)
MaterialLocation.External is obsolete. External Material Location is no longer supported. (Assets/Polytope Studio/Lowpoly_Environments/Sources/Meshes/Trees/PT_Fruit_Tree_01_apples.fbx)
Imported 'GUID: fb0559a36ae9650449b6e3c26d5076a5' -> (Import Result ID: '0b13dad289519da9fda37ff71abaa149') in 0.040 seconds [static and dynamic dependencies]. Details - ImportResultOutputID=bf1fabdba9b0f8d021df46e8aa5f3780 DependenciesID=846152421b89b64223b79702e65f2ed7 StaticDependenciesID=49945dc6bd4a5702148f8b1b763e6efd 
Number of updated asset objects reloaded before import = 0
Number of asset objects unloaded after import = 24
========================================================================
Received Import Request.
  Time of request: 2026-10-01T17:29:25.8203944Z
  Time since last request: 0.000701 seconds.
  importAddress: GUID: e011a827265c38e44baeae9310a2a9e2 - Path: Assets/Polytope Studio/Lowpoly_Environments/Sources/Meshes/Rocks/PT_Ore_Rock_01_split.fbx - Importer: PreviewImporter
Importing 'GUID: e011a827265c38e44baeae9310a2a9e2 - Path: Assets/Polytope Studio/Lowpoly_Environments/Sources/Meshes/Rocks/PT_Ore_Rock_01_split.fbx - Importer: PreviewImporter' with importer (PreviewImporter)
MaterialLocation.External is obsolete. External Material Location is no longer supported. (Assets/Polytope Studio/Lowpoly_Environments/Sources/Meshes/Rocks/PT_Ore_Rock_01_split.fbx)
Imported 'GUID: e011a827265c38e44baeae9310a2a9e2' -> (Import Result ID: 'ac7cdfa3c94962b8e5193067b30e319e') in 0.061 seconds [static and dynamic dependencies]. Details - ImportResultOutputID=142994f35635cb553ce04f8f697f9ee3 DependenciesID=58c90ff21ad9dc7a0099872055ed5425 StaticDependenciesID=ab3f7a9e060b48996e5d9f39270cc1fe 
Number of updated asset objects reloaded before import = 0
Number of asset objects unloaded after import = 23
========================================================================
Received Import Request.
  Time of request: 2026-10-01T17:29:25.889896Z
  Time since last request: 0.0008813 seconds.
  importAddress: GUID: e5e1b3c0d2be60b47981235187af0936 - Path: Assets/Polytope Studio/Lowpoly_Environments/Sources/Meshes/Rocks/PT_River_Rock_Pile_02.fbx - Importer: PreviewImporter
Importing 'GUID: e5e1b3c0d2be60b47981235187af0936 - Path: Assets/Polytope Studio/Lowpoly_Environments/Sources/Meshes/Rocks/PT_River_Rock_Pile_02.fbx - Importer: PreviewImporter' with importer (PreviewImporter)
MaterialLocation.External is obsolete. External Material Location is no longer supported. (Assets/Polytope Studio/Lowpoly_Environments/Sources/Meshes/Rocks/PT_River_Rock_Pile_02.fbx)
Imported 'GUID: e5e1b3c0d2be60b47981235187af0936' -> (Import Result ID: '2c1d11dff308d3ab8099d5d8a25e0c92') in 0.032 seconds [static and dynamic dependencies]. Details - ImportResultOutputID=acc443a5d4e7987e4ec5983ad99dd379 DependenciesID=a87c50d298312856c643c872185f4f3d StaticDependenciesID=c0451f20795a4c2e2d3123d22bb0ab54 
Number of updated asset objects reloaded before import = 0
Number of asset objects unloaded after import = 23
========================================================================
Received Import Request.
  Time of request: 2026-10-01T17:29:25.9306429Z
  Time since last request: 0.0010965 seconds.
  importAddress: GUID: 268a14e7ef45f1542a7d335b0a20d200 - Path: Assets/Polytope Studio/Lowpoly_Environments/Sources/Meshes/Trees/PT_Fruit_Tree_01_logs.fbx - Importer: PreviewImporter
Importing 'GUID: 268a14e7ef45f1542a7d335b0a20d200 - Path: Assets/Polytope Studio/Lowpoly_Environments/Sources/Meshes/Trees/PT_Fruit_Tree_01_logs.fbx - Importer: PreviewImporter' with importer (PreviewImporter)
MaterialLocation.External is obsolete. External Material Location is no longer supported. (Assets/Polytope Studio/Lowpoly_Environments/Sources/Meshes/Trees/PT_Fruit_Tree_01_logs.fbx)
Imported 'GUID: 268a14e7ef45f1542a7d335b0a20d200' -> (Import Result ID: '4d8ebdbd08436e4ba8287bc1f662d2c0') in 0.011 seconds [static and dynamic dependencies]. Details - ImportResultOutputID=c636314ce0c5eea45bc0b9af2a40b48c DependenciesID=efc43118ec25365c6fea55cd784dece4 StaticDependenciesID=5e9947f50f2e529ddbce25183ba61580 
Number of updated asset objects reloaded before import = 0
Number of asset objects unloaded after import = 9
========================================================================
Received Import Request.
  Time of request: 2026-10-01T17:29:25.9501304Z
  Time since last request: 0.001447 seconds.
  importAddress: GUID: 021e9eaa88033da4c94bcdeddffe6562 - Path: Assets/Polytope Studio/Lowpoly_Environments/Sources/Meshes/Trees/PT_Pine_Tree_03_dead.fbx - Importer: PreviewImporter
Importing 'GUID: 021e9eaa88033da4c94bcdeddffe6562 - Path: Assets/Polytope Studio/Lowpoly_Environments/Sources/Meshes/Trees/PT_Pine_Tree_03_dead.fbx - Importer: PreviewImporter' with importer (PreviewImporter)
MaterialLocation.External is obsolete. External Material Location is no longer supported. (Assets/Polytope Studio/Lowpoly_Environments/Sources/Meshes/Trees/PT_Pine_Tree_03_dead.fbx)
Imported 'GUID: 021e9eaa88033da4c94bcdeddffe6562' -> (Import Result ID: 'fcc605894667adfef776bca448bbd4f6') in 0.033 seconds [static and dynamic dependencies]. Details - ImportResultOutputID=4b1cbdd4d8a5b4b343f41342cd11412c DependenciesID=4a51b7877594629341b276cb3ee71061 StaticDependenciesID=fd3c3c061e0fc7d8830e1218e4adaae8 
Number of updated asset objects reloaded before import = 0
Number of asset objects unloaded after import = 22
========================================================================
Received Import Request.
  Time of request: 2026-10-01T17:29:25.9917643Z
  Time since last request: 0.0006649 seconds.
  importAddress: GUID: e0fe1b80592a0144babd1bf297ad32ad - Path: Assets/Polytope Studio/Lowpoly_Environments/Sources/Meshes/Rocks/PT_Menhir_Rock_02.fbx - Importer: PreviewImporter
Importing 'GUID: e0fe1b80592a0144babd1bf297ad32ad - Path: Assets/Polytope Studio/Lowpoly_Environments/Sources/Meshes/Rocks/PT_Menhir_Rock_02.fbx - Importer: PreviewImporter' with importer (PreviewImporter)
MaterialLocation.External is obsolete. External Material Location is no longer supported. (Assets/Polytope Studio/Lowpoly_Environments/Sources/Meshes/Rocks/PT_Menhir_Rock_02.fbx)
Imported 'GUID: e0fe1b80592a0144babd1bf297ad32ad' -> (Import Result ID: '486fdc712ae1bde694f8d3f8aab73933') in 0.035 seconds [static and dynamic dependencies]. Details - ImportResultOutputID=a460848d6cb7565489ea9b8d8b3efccd DependenciesID=f7b2384f0da56a00f0cdf2325e71daf9 StaticDependenciesID=62de2c8e372351f03c6d07cfbd04dc81 
Number of updated asset objects reloaded before import = 0
Number of asset objects unloaded after import = 23
========================================================================
Received Import Request.
  Time of request: 2026-10-01T17:29:26.0362734Z
  Time since last request: 0.0017958 seconds.
  importAddress: GUID: 9c17ca59c125f404a92f9cf48eab6dab - Path: Assets/Polytope Studio/Lowpoly_Environments/Prefabs/Plants - Importer: ScriptedImporter/UnityEditor.QuickSearchModule:UnityEditor.Search:ASIAI0B
Importing 'GUID: 9c17ca59c125f404a92f9cf48eab6dab - Path: Assets/Polytope Studio/Lowpoly_Environments/Prefabs/Plants - Importer: ScriptedImporter/UnityEditor.QuickSearchModule:UnityEditor.Search:ASIAI0B' with importer (ScriptedImporter : UnityEditor.QuickSearchModule:UnityEditor.Search:ASIAI0B)
Imported 'GUID: 9c17ca59c125f404a92f9cf48eab6dab' -> (Import Result ID: '283f24e7c4a8e9cb81d71dfb4a7db7ac') in 0.002 seconds [static and dynamic dependencies]. Details - ImportResultOutputID=c27a208eecdf35734db2d02676dbd2e3 DependenciesID=51d25f419011dc2d5f487b1ab823b573 StaticDependenciesID=1a5cfb900d8ce618ad8d79ec21f98015 
Number of updated asset objects reloaded before import = 0
Number of asset objects unloaded after import = 1
========================================================================
Received Import Request.
  Time of request: 2026-10-01T17:29:26.0455225Z
  Time since last request: 0.0004182 seconds.
  importAddress: GUID: ab5654911e4a8494190af9551d81ea81 - Path: Assets/Polytope Studio/Lowpoly_Environments/Sources/Meshes/Trees/PT_Fruit_Tree_01_pears.fbx - Importer: ScriptedImporter/UnityEditor.QuickSearchModule:UnityEditor.Search:ASIAI0B
Importing 'GUID: ab5654911e4a8494190af9551d81ea81 - Path: Assets/Polytope Studio/Lowpoly_Environments/Sources/Meshes/Trees/PT_Fruit_Tree_01_pears.fbx - Importer: ScriptedImporter/UnityEditor.QuickSearchModule:UnityEditor.Search:ASIAI0B' with importer (ScriptedImporter : UnityEditor.QuickSearchModule:UnityEditor.Search:ASIAI0B)
MaterialLocation.External is obsolete. External Material Location is no longer supported. (Assets/Polytope Studio/Lowpoly_Environments/Sources/Meshes/Trees/PT_Fruit_Tree_01_pears.fbx)
Imported 'GUID: ab5654911e4a8494190af9551d81ea81' -> (Import Result ID: '39aa9bfbcf73f9d2218cac807d97baa4') in 0.006 seconds [static and dynamic dependencies]. Details - ImportResultOutputID=5d7be7d00e2d1c33ab3d65c91e921e87 DependenciesID=e1b47ef610c545ace52863b94cd98024 StaticDependenciesID=49f1d0018eab574e02a8665aa191725b 
Number of updated asset objects reloaded before import = 0
Number of asset objects unloaded after import = 20
========================================================================
Received Import Request.
  Time of request: 2026-10-01T17:29:26.0578695Z
  Time since last request: 0.0003191 seconds.
  importAddress: GUID: a76d56770814df042a1b794d9ecb8972 - Path: Assets/Polytope Studio/Welcome_Screen/Editor/Textures/icon_Instagram.png - Importer: ScriptedImporter/UnityEditor.QuickSearchModule:UnityEditor.Search:ASIAI0B
Importing 'GUID: a76d56770814df042a1b794d9ecb8972 - Path: Assets/Polytope Studio/Welcome_Screen/Editor/Textures/icon_Instagram.png - Importer: ScriptedImporter/UnityEditor.QuickSearchModule:UnityEditor.Search:ASIAI0B' with importer (ScriptedImporter : UnityEditor.QuickSearchModule:UnityEditor.Search:ASIAI0B)
Imported 'GUID: a76d56770814df042a1b794d9ecb8972' -> (Import Result ID: '787b93ce6be84db6a1c43f3684835e6a') in 0.005 seconds [static and dynamic dependencies]. Details - ImportResultOutputID=9f222d16b6f44a5aa7f2306611319e3f DependenciesID=014c6ebe265135a280198230fda373b8 StaticDependenciesID=019fc90f20cbe2720d8ee98fb6102aff 
Number of updated asset objects reloaded before import = 0
Number of asset objects unloaded after import = 1
========================================================================
Received Import Request.
  Time of request: 2026-10-01T17:29:26.0699739Z
  Time since last request: 0.0002556 seconds.
  importAddress: GUID: 18b253117ba5d2f43955dc773b562525 - Path: Assets/Polytope Studio/Welcome_Screen - Importer: ScriptedImporter/UnityEditor.QuickSearchModule:UnityEditor.Search:ASIAI0B
Importing 'GUID: 18b253117ba5d2f43955dc773b562525 - Path: Assets/Polytope Studio/Welcome_Screen - Importer: ScriptedImporter/UnityEditor.QuickSearchModule:UnityEditor.Search:ASIAI0B' with importer (ScriptedImporter : UnityEditor.QuickSearchModule:UnityEditor.Search:ASIAI0B)
Imported 'GUID: 18b253117ba5d2f43955dc773b562525' -> (Import Result ID: 'c0faa8daea7e194248a599a4a25c87bb') in 0.002 seconds [static and dynamic dependencies]. Details - ImportResultOutputID=2b83d1de77d6177d2241d64615c3490c DependenciesID=e3747ee61e1f6af027953173740892ad StaticDependenciesID=3ff6d2a6590a80e2815d64af2ab290b5 
Number of updated asset objects reloaded before import = 0
Number of asset objects unloaded after import = 1
========================================================================
Received Import Request.
  Time of request: 2026-10-01T17:29:26.0782682Z
  Time since last request: 0.0003559 seconds.
  importAddress: GUID: 83479e57b987f8244994f67684484983 - Path: Assets/Polytope Studio/Welcome_Screen/Editor - Importer: ScriptedImporter/UnityEditor.QuickSearchModule:UnityEditor.Search:ASIAI0B
Importing 'GUID: 83479e57b987f8244994f67684484983 - Path: Assets/Polytope Studio/Welcome_Screen/Editor - Importer: ScriptedImporter/UnityEditor.QuickSearchModule:UnityEditor.Search:ASIAI0B' with importer (ScriptedImporter : UnityEditor.QuickSearchModule:UnityEditor.Search:ASIAI0B)
Imported 'GUID: 83479e57b987f8244994f67684484983' -> (Import Result ID: 'a8bcf67bec406398b19ee6f548a21763') in 0.002 seconds [static and dynamic dependencies]. Details - ImportResultOutputID=0d32a9ca04d77808bf6beafc746ded14 DependenciesID=091d8580adff97616a4b2fdf2c47b5aa StaticDependenciesID=9369795e556382ee00d84a8c2d7550ad 
Number of updated asset objects reloaded before import = 0
Number of asset objects unloaded after import = 1
========================================================================
Received Import Request.
  Time of request: 2026-10-01T17:29:26.0865338Z
  Time since last request: 0.0004186 seconds.
  importAddress: GUID: be10e17a73c475f41849cedee3245fd3 - Path: Assets/Polytope Studio/Lowpoly_Village/Sources/Meshes/Modular/Fence/PT_Modular_Gate_Wood_01.fbx - Importer: PreviewImporter
Importing 'GUID: be10e17a73c475f41849cedee3245fd3 - Path: Assets/Polytope Studio/Lowpoly_Village/Sources/Meshes/Modular/Fence/PT_Modular_Gate_Wood_01.fbx - Importer: PreviewImporter' with importer (PreviewImporter)
MaterialLocation.External is obsolete. External Material Location is no longer supported. (Assets/Polytope Studio/Lowpoly_Village/Sources/Meshes/Modular/Fence/PT_Modular_Gate_Wood_01.fbx)
Imported 'GUID: be10e17a73c475f41849cedee3245fd3' -> (Import Result ID: '5aa2c283742a0be6db2bd7597a906e22') in 0.029 seconds [static and dynamic dependencies]. Details - ImportResultOutputID=68b1e521a8a4e7c932eb7d295ec7845a DependenciesID=0b21589e1b9d06dd1dd24667c638858f StaticDependenciesID=97fa1c5cac05aa51607f76058f6f427f 
Number of updated asset objects reloaded before import = 0
Number of asset objects unloaded after import = 25
========================================================================
Received Import Request.
  Time of request: 2026-10-01T17:29:26.124619Z
  Time since last request: 0.002029 seconds.
  importAddress: GUID: 9e1c97fc44f9a8744b61b58f72c56de4 - Path: Packages/com.unity.render-pipelines.core/Editor/Resources/DebugProbe.fbx - Importer: PreviewImporter
Importing 'GUID: 9e1c97fc44f9a8744b61b58f72c56de4 - Path: Packages/com.unity.render-pipelines.core/Editor/Resources/DebugProbe.fbx - Importer: PreviewImporter' with importer (PreviewImporter)
Imported 'GUID: 9e1c97fc44f9a8744b61b58f72c56de4' -> (Import Result ID: 'abef5355971015b1e38e14b37241a0e7') in 0.015 seconds [static and dynamic dependencies]. Details - ImportResultOutputID=c6e9927dd150f5bcc07af207f49958e4 DependenciesID=b472f45b105538b99f32e9c0247e6ec7 StaticDependenciesID=dbaacc446202c0edc2ddccbd8b959677 
Number of updated asset objects reloaded before import = 0
Number of asset objects unloaded after import = 8
========================================================================
Received Import Request.
  Time of request: 2026-10-01T17:29:26.1486656Z
  Time since last request: 0.0019402 seconds.
  importAddress: GUID: 59573b088aaea0442bf29e0a0e9d1339 - Path: Assets/Polytope Studio/Lowpoly_Environments/Sources/Materials/PT_Skybox_mat.mat - Importer: ScriptedImporter/UnityEditor.QuickSearchModule:UnityEditor.Search:ASIAI0B
Importing 'GUID: 59573b088aaea0442bf29e0a0e9d1339 - Path: Assets/Polytope Studio/Lowpoly_Environments/Sources/Materials/PT_Skybox_mat.mat - Importer: ScriptedImporter/UnityEditor.QuickSearchModule:UnityEditor.Search:ASIAI0B' with importer (ScriptedImporter : UnityEditor.QuickSearchModule:UnityEditor.Search:ASIAI0B)
Imported 'GUID: 59573b088aaea0442bf29e0a0e9d1339' -> (Import Result ID: 'b30b41ea2457edc83d9d5580eb98b515') in 0.009 seconds [static and dynamic dependencies]. Details - ImportResultOutputID=ad3d0e3eeffa10c4f943525c93d4a23f DependenciesID=98e82b4aa5ed47b036847a03db46683c StaticDependenciesID=7e590f20e59283432aa529475ea49042 
Number of updated asset objects reloaded before import = 0
Number of asset objects unloaded after import = 2
========================================================================
Received Import Request.
  Time of request: 2026-10-01T17:29:26.1654992Z
  Time since last request: 0.0002004 seconds.
  importAddress: GUID: 066ded06e6a8eb240893ea7b8efb66b4 - Path: Assets/Polytope Studio/Lowpoly_Environments/Sources/Materials/PT_Generic_Tree_Leaves_mat.mat - Importer: ScriptedImporter/UnityEditor.QuickSearchModule:UnityEditor.Search:ASIAI0B
Importing 'GUID: 066ded06e6a8eb240893ea7b8efb66b4 - Path: Assets/Polytope Studio/Lowpoly_Environments/Sources/Materials/PT_Generic_Tree_Leaves_mat.mat - Importer: ScriptedImporter/UnityEditor.QuickSearchModule:UnityEditor.Search:ASIAI0B' with importer (ScriptedImporter : UnityEditor.QuickSearchModule:UnityEditor.Search:ASIAI0B)
Imported 'GUID: 066ded06e6a8eb240893ea7b8efb66b4' -> (Import Result ID: '86264bf6c473bc708280be5d46ff923c') in 0.007 seconds [static and dynamic dependencies]. Details - ImportResultOutputID=0c608304b7d6e37a71385167dad0a5fb DependenciesID=23df857bfef567b825d6918e97211a84 StaticDependenciesID=d6ed948c0f1c3f8a847cd48cb8b80af4 
Number of updated asset objects reloaded before import = 0
Number of asset objects unloaded after import = 2
========================================================================
Received Import Request.
  Time of request: 2026-10-01T17:29:26.1796791Z
  Time since last request: 0.0001764 seconds.
  importAddress: GUID: b9ae429aca254fa41966db24b9e53232 - Path: Packages/com.unity.render-pipelines.core/Runtime/RenderPipelineResources/Mesh/BackgroundMesh.fbx - Importer: PreviewImporter
Importing 'GUID: b9ae429aca254fa41966db24b9e53232 - Path: Packages/com.unity.render-pipelines.core/Runtime/RenderPipelineResources/Mesh/BackgroundMesh.fbx - Importer: PreviewImporter' with importer (PreviewImporter)
Imported 'GUID: b9ae429aca254fa41966db24b9e53232' -> (Import Result ID: '2d11610cbabf6895e338fdc8622ba8fc') in 0.010 seconds [static and dynamic dependencies]. Details - ImportResultOutputID=1995a7b251434087f9360cd7af516515 DependenciesID=9e6eac2513dc012ecae6dc225e51cffd StaticDependenciesID=7cbd674e21709f5d0508983909742de4 
Number of updated asset objects reloaded before import = 0
Number of asset objects unloaded after import = 7
========================================================================
Received Import Request.
  Time of request: 2026-10-01T17:29:26.1970328Z
  Time since last request: 0.0011321 seconds.
  importAddress: GUID: 48c26796e9175d14a9b2eccded92bb92 - Path: Assets/Polytope Studio/Lowpoly_Environments/Sources/Materials/PT_Terrain_mat.mat - Importer: ScriptedImporter/UnityEditor.QuickSearchModule:UnityEditor.Search:ASIAI0B
Importing 'GUID: 48c26796e9175d14a9b2eccded92bb92 - Path: Assets/Polytope Studio/Lowpoly_Environments/Sources/Materials/PT_Terrain_mat.mat - Importer: ScriptedImporter/UnityEditor.QuickSearchModule:UnityEditor.Search:ASIAI0B' with importer (ScriptedImporter : UnityEditor.QuickSearchModule:UnityEditor.Search:ASIAI0B)
Imported 'GUID: 48c26796e9175d14a9b2eccded92bb92' -> (Import Result ID: 'a18b45fe541c7c2a09caa6cec7ab5686') in 0.041 seconds [static and dynamic dependencies]. Details - ImportResultOutputID=58163a658f3afe79272db2d8cc2fde06 DependenciesID=a054ad3a6e8264bb9ce9aea946dfcc8f StaticDependenciesID=386f3b0abc40494eda1b35059ddda0ab 
Number of updated asset objects reloaded before import = 0
Number of asset objects unloaded after import = 1
========================================================================
Received Import Request.
  Time of request: 2026-10-01T17:29:59.5726798Z
  Time since last request: 33.3265351 seconds.
  importAddress: GUID: 25a0ebb4827f3cc47a1af2c79005f65b - Path: Packages/com.unity.render-pipelines.universal/Editor/ShaderGraph/GraphTemplates/2D/1_2D Sprite Unlit.shadergraph - Importer: PreviewImporter
Importing 'GUID: 25a0ebb4827f3cc47a1af2c79005f65b - Path: Packages/com.unity.render-pipelines.universal/Editor/ShaderGraph/GraphTemplates/2D/1_2D Sprite Unlit.shadergraph - Importer: PreviewImporter' with importer (PreviewImporter)
Imported 'GUID: 25a0ebb4827f3cc47a1af2c79005f65b' -> (Import Result ID: 'd7a037379b26f5d5826b90a63dd99559') in 0.596 seconds [static and dynamic dependencies]. Details - ImportResultOutputID=5a974f5e8d327506daada5ae2dad3439 DependenciesID=53690eb3e70350875ddd3b495ca7687a StaticDependenciesID=44c46026cf251e9b4db3655d4d34407b 
Number of updated asset objects reloaded before import = 0
Number of asset objects unloaded after import = 3
========================================================================
Received Import Request.
  Time of request: 2026-10-01T17:30:00.1799545Z
  Time since last request: 0.0003772 seconds.
  importAddress: GUID: 7ef2cf71ad164fe479662ae612dff99e - Path: Packages/com.unity.shadergraph/GraphTemplates/Custom Render Texture.shadergraph - Importer: PreviewImporter
Importing 'GUID: 7ef2cf71ad164fe479662ae612dff99e - Path: Packages/com.unity.shadergraph/GraphTemplates/Custom Render Texture.shadergraph - Importer: PreviewImporter' with importer (PreviewImporter)
Imported 'GUID: 7ef2cf71ad164fe479662ae612dff99e' -> (Import Result ID: '6fc21ee65559eccc530cd8f04e5d62f8') in 0.082 seconds [static and dynamic dependencies]. Details - ImportResultOutputID=b1c33b1b49164258b5e89c3c6d544d7d DependenciesID=d54964d7c4af95f0e4a78a67862ab23a StaticDependenciesID=ad7f3795aa8703199470319c8f59139b 
Number of updated asset objects reloaded before import = 0
Number of asset objects unloaded after import = 3
========================================================================
Received Import Request.
  Time of request: 2026-10-01T17:30:00.2690878Z
  Time since last request: 0.000696 seconds.
  importAddress: GUID: c2e40fa84d53ccd428f640eac126b1fb - Path: Packages/com.unity.render-pipelines.universal/Editor/SceneTemplates/Materials/Gold.mat - Importer: PreviewImporter
Importing 'GUID: c2e40fa84d53ccd428f640eac126b1fb - Path: Packages/com.unity.render-pipelines.universal/Editor/SceneTemplates/Materials/Gold.mat - Importer: PreviewImporter' with importer (PreviewImporter)
Imported 'GUID: c2e40fa84d53ccd428f640eac126b1fb' -> (Import Result ID: '42b59ae581bfe8df78cf6c0eba81ede5') in 0.029 seconds [static and dynamic dependencies]. Details - ImportResultOutputID=11cf2d20a572fb303bd3b75e1c231abf DependenciesID=8a1762489d6cabc88e581c1fe290e160 StaticDependenciesID=cb140b0c28ae65d51542901b687db667 
Number of updated asset objects reloaded before import = 0
Number of asset objects unloaded after import = 2
========================================================================
Received Import Request.
  Time of request: 2026-10-01T17:30:00.3103146Z
  Time since last request: 0.0030757 seconds.
  importAddress: GUID: 33e92b212d568b844ae30511d6c23987 - Path: Assets/Polytope Studio/Lowpoly_Demos/Environment_Free/Helpers/PT_High_Grass_Mat.mat - Importer: PreviewImporter
Importing 'GUID: 33e92b212d568b844ae30511d6c23987 - Path: Assets/Polytope Studio/Lowpoly_Demos/Environment_Free/Helpers/PT_High_Grass_Mat.mat - Importer: PreviewImporter' with importer (PreviewImporter)
Imported 'GUID: 33e92b212d568b844ae30511d6c23987' -> (Import Result ID: '948245e4ab6adad047c6b7c5ef3d8837') in 0.029 seconds [static and dynamic dependencies]. Details - ImportResultOutputID=17428a6e0558cc8e31375c3a2c030887 DependenciesID=fc79a419b9d002a470038cc064ebc40b StaticDependenciesID=0cac100037f8290f16d5d10ef496813d 
Number of updated asset objects reloaded before import = 0
Number of asset objects unloaded after import = 3
========================================================================
Received Import Request.
  Time of request: 2026-10-01T17:30:00.347671Z
  Time since last request: 0.0010252 seconds.
  importAddress: GUID: b34b07a45ba63ce47896c9e674f3a7a7 - Path: Packages/com.unity.render-pipelines.universal/Editor/SceneTemplates/Materials/Metal_Black.mat - Importer: PreviewImporter
Importing 'GUID: b34b07a45ba63ce47896c9e674f3a7a7 - Path: Packages/com.unity.render-pipelines.universal/Editor/SceneTemplates/Materials/Metal_Black.mat - Importer: PreviewImporter' with importer (PreviewImporter)
Imported 'GUID: b34b07a45ba63ce47896c9e674f3a7a7' -> (Import Result ID: 'b3f1ecf8c69eb745e8d6f6f0ba7c8ec3') in 0.066 seconds [static and dynamic dependencies]. Details - ImportResultOutputID=a8682ada5c854feacc3a3e09bd33d197 DependenciesID=5064023b9b59d3999f58959dd0842c92 StaticDependenciesID=454ad708fea4565fc370f93b9831484e 
Number of updated asset objects reloaded before import = 0
Number of asset objects unloaded after import = 2
========================================================================
Received Import Request.
  Time of request: 2026-10-01T17:30:00.4216119Z
  Time since last request: 0.0007745 seconds.
  importAddress: GUID: a51a3aebb43ac044989270407476b208 - Path: Packages/com.unity.searcher/Editor/Resources/FlatSkin/Font/Roboto-Medium.ttf - Importer: PreviewImporter
Importing 'GUID: a51a3aebb43ac044989270407476b208 - Path: Packages/com.unity.searcher/Editor/Resources/FlatSkin/Font/Roboto-Medium.ttf - Importer: PreviewImporter' with importer (PreviewImporter)
Imported 'GUID: a51a3aebb43ac044989270407476b208' -> (Import Result ID: '7346e1dd9263dfab9e066d6d44d385ef') in 0.038 seconds [static and dynamic dependencies]. Details - ImportResultOutputID=4245a38ddefb6cb4225d14bc0a24588c DependenciesID=85493dd702aaa5c473fa2e2faa34edff StaticDependenciesID=a297be02d86096055c13c414fe14320c 
Number of updated asset objects reloaded before import = 0
Number of asset objects unloaded after import = 4
========================================================================
Received Import Request.
  Time of request: 2026-10-01T17:30:00.4687796Z
  Time since last request: 0.0000874 seconds.
  importAddress: GUID: aac20e0005fef5248bc0774a19a05e87 - Path: Assets/Polytope Studio/Lowpoly_Environments/Sources/Materials/PT_Generic_Leaf_mat.mat - Importer: PreviewImporter
Importing 'GUID: aac20e0005fef5248bc0774a19a05e87 - Path: Assets/Polytope Studio/Lowpoly_Environments/Sources/Materials/PT_Generic_Leaf_mat.mat - Importer: PreviewImporter' with importer (PreviewImporter)
Imported 'GUID: aac20e0005fef5248bc0774a19a05e87' -> (Import Result ID: '227799d97376bbc1c41530184ed6b070') in 0.051 seconds [static and dynamic dependencies]. Details - ImportResultOutputID=e09f8234d0283802020cb27f8f19e010 DependenciesID=02db4b27babc61ebe4526c1c8603af47 StaticDependenciesID=8c9333037758ad113c6d17c9a7eec43a 
Number of updated asset objects reloaded before import = 0
Number of asset objects unloaded after import = 1
========================================================================
Received Import Request.
  Time of request: 2026-10-01T17:30:00.5278582Z
  Time since last request: 0.0012705 seconds.
  importAddress: GUID: 30dc370b164eefc43b95744fc796dad0 - Path: Packages/com.unity.searcher/Editor/Resources/FlatSkin/Font/Roboto-Regular.ttf - Importer: PreviewImporter
Importing 'GUID: 30dc370b164eefc43b95744fc796dad0 - Path: Packages/com.unity.searcher/Editor/Resources/FlatSkin/Font/Roboto-Regular.ttf - Importer: PreviewImporter' with importer (PreviewImporter)
Imported 'GUID: 30dc370b164eefc43b95744fc796dad0' -> (Import Result ID: 'd489842083fa40a20bf322274287b709') in 0.011 seconds [static and dynamic dependencies]. Details - ImportResultOutputID=7cf5bc0d56b3b65e4555cce8c5dc5209 DependenciesID=f6209d7f24bfec4c19c55c2880d68fb2 StaticDependenciesID=11bb946579c0c861c444af2413434542 
Number of updated asset objects reloaded before import = 0
Number of asset objects unloaded after import = 4
========================================================================
Received Import Request.
  Time of request: 2026-10-01T17:30:00.5501703Z
  Time since last request: 0.0035194 seconds.
  importAddress: GUID: 30fa68ce467463643a86b839ca0eb195 - Path: Packages/com.unity.render-pipelines.universal/Runtime/Materials/ArnoldStandardSurface/ArnoldStandardSurfaceTransparent.shadergraph - Importer: PreviewImporter
Importing 'GUID: 30fa68ce467463643a86b839ca0eb195 - Path: Packages/com.unity.render-pipelines.universal/Runtime/Materials/ArnoldStandardSurface/ArnoldStandardSurfaceTransparent.shadergraph - Importer: PreviewImporter' with importer (PreviewImporter)
Imported 'GUID: 30fa68ce467463643a86b839ca0eb195' -> (Import Result ID: '5715a9e026925de687e35cad8788eca1') in 2.326 seconds [static and dynamic dependencies]. Details - ImportResultOutputID=bfefc24596079ea214f7244873bd6ad3 DependenciesID=3c425a4f318a4f4c8297110cc6e688b0 StaticDependenciesID=0654d6241cc22334f9cd179839f0c463 
Number of updated asset objects reloaded before import = 0
Number of asset objects unloaded after import = 7
========================================================================
Received Import Request.
  Time of request: 2026-10-01T17:30:02.884556Z
  Time since last request: 0.0007548 seconds.
  importAddress: GUID: 44245ab89240f51459a5077d7145c452 - Path: Packages/com.unity.render-pipelines.universal/Runtime/Materials/PhysicalMaterial3DsMax/PhysicalMaterial3DsMax.shadergraph - Importer: PreviewImporter
Importing 'GUID: 44245ab89240f51459a5077d7145c452 - Path: Packages/com.unity.render-pipelines.universal/Runtime/Materials/PhysicalMaterial3DsMax/PhysicalMaterial3DsMax.shadergraph - Importer: PreviewImporter' with importer (PreviewImporter)
Imported 'GUID: 44245ab89240f51459a5077d7145c452' -> (Import Result ID: 'c133e497521c9e233eb14eb1d564ca77') in 2.511 seconds [static and dynamic dependencies]. Details - ImportResultOutputID=3f55af58d73055a90257421e127dcaf8 DependenciesID=273fc49927640cce30d58d1109058952 StaticDependenciesID=4d5921f9766a055955d348435123efc0 
Number of updated asset objects reloaded before import = 0
Number of asset objects unloaded after import = 7
========================================================================
Received Import Request.
  Time of request: 2026-10-01T17:30:05.4041648Z
  Time since last request: 0.0010049 seconds.
  importAddress: GUID: c7827efbbf7212f42803476ce3f9d082 - Path: Assets/Polytope Studio/Lowpoly_Environments/Prefabs/Trees/PT_Pine_Tree_03_dead.prefab - Importer: PreviewImporter
Importing 'GUID: c7827efbbf7212f42803476ce3f9d082 - Path: Assets/Polytope Studio/Lowpoly_Environments/Prefabs/Trees/PT_Pine_Tree_03_dead.prefab - Importer: PreviewImporter' with importer (PreviewImporter)
Imported 'GUID: c7827efbbf7212f42803476ce3f9d082' -> (Import Result ID: 'bde8913df3e17dec6f45ec04bcf5a1e1') in 0.014 seconds [static and dynamic dependencies]. Details - ImportResultOutputID=eb6fb125984f7f3f487e47e36e734152 DependenciesID=f62fedef977beb2d0d50fff0a313c389 StaticDependenciesID=700298961bc44e04c738609263f6062e 
Number of updated asset objects reloaded before import = 0
Number of asset objects unloaded after import = 22
========================================================================
Received Import Request.
  Time of request: 2026-10-01T17:30:05.4277607Z
  Time since last request: 0.0021007 seconds.
  importAddress: GUID: 2a29e27936eb547458f646f71125b264 - Path: Packages/com.unity.searcher/Editor/Resources/FlatSkin/Font/Roboto-Light.ttf - Importer: PreviewImporter
Importing 'GUID: 2a29e27936eb547458f646f71125b264 - Path: Packages/com.unity.searcher/Editor/Resources/FlatSkin/Font/Roboto-Light.ttf - Importer: PreviewImporter' with importer (PreviewImporter)
Imported 'GUID: 2a29e27936eb547458f646f71125b264' -> (Import Result ID: '1c7474241fc77ff46411d452c8d100b6') in 0.015 seconds [static and dynamic dependencies]. Details - ImportResultOutputID=9a9ab3fcb97b0e92f95a192ed5aacd85 DependenciesID=f5dd8050ce4265422af82dfebabf9e19 StaticDependenciesID=cf879417ac9bf0c1e00894d50857482e 
Number of updated asset objects reloaded before import = 0
Number of asset objects unloaded after import = 4
========================================================================
Received Import Request.
  Time of request: 2026-10-01T17:30:05.4527797Z
  Time since last request: 0.0012913 seconds.
  importAddress: GUID: 71942363c5608a64bb62421349d39c9c - Path: Packages/com.unity.render-pipelines.universal/Runtime/Materials/Mesh2D-Unlit-Default.mat - Importer: PreviewImporter
Importing 'GUID: 71942363c5608a64bb62421349d39c9c - Path: Packages/com.unity.render-pipelines.universal/Runtime/Materials/Mesh2D-Unlit-Default.mat - Importer: PreviewImporter' with importer (PreviewImporter)
Imported 'GUID: 71942363c5608a64bb62421349d39c9c' -> (Import Result ID: 'e297ffa2f5264cfa597677563ccbbf3a') in 0.026 seconds [static and dynamic dependencies]. Details - ImportResultOutputID=c1d5003fa60fa4531e87dfdb161b9b34 DependenciesID=1c2fb16690eb807c0a63931b5f849c46 StaticDependenciesID=3876027161dc136b393e02e7ad20309b 
Number of updated asset objects reloaded before import = 0
Number of asset objects unloaded after import = 2
========================================================================
Received Import Request.
  Time of request: 2026-10-01T17:30:05.4870797Z
  Time since last request: 0.0013018 seconds.
  importAddress: GUID: 3739e562a03fc0b4982d8aa66cc50865 - Path: Packages/com.unity.render-pipelines.universal/Runtime/Materials/ArnoldStandardSurface/ArnoldStandardSurface.shadergraph - Importer: PreviewImporter
Importing 'GUID: 3739e562a03fc0b4982d8aa66cc50865 - Path: Packages/com.unity.render-pipelines.universal/Runtime/Materials/ArnoldStandardSurface/ArnoldStandardSurface.shadergraph - Importer: PreviewImporter' with importer (PreviewImporter)
Imported 'GUID: 3739e562a03fc0b4982d8aa66cc50865' -> (Import Result ID: 'f52deb8da189a2967d613a71962b2c49') in 2.348 seconds [static and dynamic dependencies]. Details - ImportResultOutputID=f7942a8fcc49dde8a31488115ddb7c38 DependenciesID=cba4ec09b72a98da4022e7dfc874d82f StaticDependenciesID=7a1572ae476c1caf13316ecd3a80f9a9 
Number of updated asset objects reloaded before import = 0
Number of asset objects unloaded after import = 7
========================================================================
Received Prepare
AcceleratorClientConnectionCallback - disconnected - :0
'Packages/com.unity.render-pipelines.core/Editor/Deprecated.cs' contains partial class of Unity.Object, exactly 1 of the partial classes needs to be in a file with the same filename. This is to know the one that can be referenced from ie. GameObjects
'Packages/com.unity.render-pipelines.core/Editor/Deprecated.cs' contains partial class of Unity.Object, exactly 1 of the partial classes needs to be in a file with the same filename. This is to know the one that can be referenced from ie. GameObjects
Refreshing native plugins compatible for Editor in 2.66 ms, found 4 plugins.
Unloading 60 Unused Serialized files (Serialized files now loaded: 0)
Unloading 6598 unused Assets / (7.1 MB). Loaded Objects now: 7641.
Memory consumption went from 398.0 MB to 390.9 MB.
Total: 8.904700 ms (FindLiveObjects: 0.669100 ms CreateObjectMapping: 0.308100 ms MarkObjects: 5.745700 ms  DeleteObjects: 1.948400 ms)

Prepare: number of updated asset objects reloaded= 7
========================================================================
Received Prepare
AcceleratorClientConnectionCallback - disconnected - :0
[Licensing::Client] Successfully resolved entitlement details
Begin MonoManager ReloadAssembly
'Packages/com.unity.render-pipelines.core/Editor/Deprecated.cs' contains partial class of Unity.Object, exactly 1 of the partial classes needs to be in a file with the same filename. This is to know the one that can be referenced from ie. GameObjects
'Packages/com.unity.render-pipelines.core/Editor/Deprecated.cs' contains partial class of Unity.Object, exactly 1 of the partial classes needs to be in a file with the same filename. This is to know the one that can be referenced from ie. GameObjects
Native extension for WindowsStandalone target not found
Native extension for WebGL target not found
[Package Manager] Failed to launch server process. Reason: Unity was launched with the -noUpm command-line argument
[Package Manager] Unable to send message (not connected to server process).
[Package Manager] Cannot connect to Unity Package Manager local server
[Package Manager] Failed to launch server process. Reason: Unity was launched with the -noUpm command-line argument
[Package Manager] Unable to send message (not connected to server process).
[Package Manager] Cannot connect to Unity Package Manager local server
ScheduleIndexationOnStartup MainProcess:False IndexOnStartup:True
Scripting: successfully reloaded assembly
- Finished resetting the current domain, in  0.616 seconds
Domain Reload Profiling: 1432ms
	BeginReloadAssembly (215ms)
		DisableScriptedObjects (17ms)
		CreateAndSetChildDomain (54ms)
	RebuildCommonClasses (7ms)
	RebuildNativeTypeToScriptingClass (17ms)
	initialDomainReloadingComplete (59ms)
	LoadAllAssembliesAndSetupDomain (517ms)
		LoadAssemblies (313ms)
		TypeCache.Refresh (11ms)
		AnalyzeDomain (150ms)
			BuildScriptInfoCaches (145ms)
			ResolveRequiredComponents (4ms)
	FinalizeReload (617ms)
		SetupLoadedEditorAssemblies (0ms)
			BeforeProcessingInitializeOnLoad (88ms)
			ProcessInitializeOnLoadAttributes (179ms)
			ProcessInitializeOnLoadMethodAttributes (80ms)
			AfterProcessingInitializeOnLoad (9ms)
		AwakeInstancesAfterBackupRestoration (16ms)
Unloading 58 Unused Serialized files (Serialized files now loaded: 0)
Unloading 6607 unused Assets / (8.2 MB). Loaded Objects now: 7598.
Memory consumption went from 386.8 MB to 378.7 MB.
Total: 7.927700 ms (FindLiveObjects: 0.528300 ms CreateObjectMapping: 0.300600 ms MarkObjects: 3.841000 ms  DeleteObjects: 3.014100 ms)

Prepare: number of updated asset objects reloaded= 0
========================================================================
Received Prepare
AcceleratorClientConnectionCallback - disconnected - :0
Unloading 58 Unused Serialized files (Serialized files now loaded: 0)
Unloading 58 unused Assets / (5.4 MB). Loaded Objects now: 7598.
Memory consumption went from 383.5 MB to 378.1 MB.
Total: 7.544500 ms (FindLiveObjects: 0.737700 ms CreateObjectMapping: 0.171700 ms MarkObjects: 4.945000 ms  DeleteObjects: 1.454900 ms)

Prepare: number of updated asset objects reloaded= 0
========================================================================
Received Prepare
AcceleratorClientConnectionCallback - disconnected - :0
Begin MonoManager ReloadAssembly
'Packages/com.unity.render-pipelines.core/Editor/Deprecated.cs' contains partial class of Unity.Object, exactly 1 of the partial classes needs to be in a file with the same filename. This is to know the one that can be referenced from ie. GameObjects
'Packages/com.unity.render-pipelines.core/Editor/Deprecated.cs' contains partial class of Unity.Object, exactly 1 of the partial classes needs to be in a file with the same filename. This is to know the one that can be referenced from ie. GameObjects
Native extension for WindowsStandalone target not found
Native extension for WebGL target not found
[Package Manager] Failed to launch server process. Reason: Unity was launched with the -noUpm command-line argument
[Package Manager] Unable to send message (not connected to server process).
[Package Manager] Cannot connect to Unity Package Manager local server
[Package Manager] Failed to launch server process. Reason: Unity was launched with the -noUpm command-line argument
[Package Manager] Unable to send message (not connected to server process).
[Package Manager] Cannot connect to Unity Package Manager local server
ScheduleIndexationOnStartup MainProcess:False IndexOnStartup:True
Scripting: successfully reloaded assembly
- Finished resetting the current domain, in  0.554 seconds
Domain Reload Profiling: 1335ms
	BeginReloadAssembly (209ms)
		DisableScriptedObjects (7ms)
		CreateAndSetChildDomain (49ms)
	RebuildCommonClasses (7ms)
	RebuildNativeTypeToScriptingClass (12ms)
	initialDomainReloadingComplete (60ms)
	LoadAllAssembliesAndSetupDomain (492ms)
		LoadAssemblies (309ms)
		TypeCache.Refresh (11ms)
		AnalyzeDomain (142ms)
			BuildScriptInfoCaches (137ms)
			ResolveRequiredComponents (4ms)
	FinalizeReload (555ms)
		SetupLoadedEditorAssemblies (0ms)
			BeforeProcessingInitializeOnLoad (84ms)
			ProcessInitializeOnLoadAttributes (181ms)
			ProcessInitializeOnLoadMethodAttributes (74ms)
			AfterProcessingInitializeOnLoad (5ms)
		AwakeInstancesAfterBackupRestoration (19ms)
Unloading 65 Unused Serialized files (Serialized files now loaded: 0)
Unloading 6612 unused Assets / (9.8 MB). Loaded Objects now: 7609.
Memory consumption went from 405.0 MB to 395.2 MB.
Total: 8.844600 ms (FindLiveObjects: 1.187300 ms CreateObjectMapping: 0.345700 ms MarkObjects: 5.062200 ms  DeleteObjects: 2.029900 ms)

Prepare: number of updated asset objects reloaded= 0
========================================================================
Received Prepare
AcceleratorClientConnectionCallback - disconnected - :0
Unloading 60 Unused Serialized files (Serialized files now loaded: 0)
Unloading 60 unused Assets / (6.7 MB). Loaded Objects now: 7609.
Memory consumption went from 402.7 MB to 396.0 MB.
Total: 6.007000 ms (FindLiveObjects: 0.474800 ms CreateObjectMapping: 0.106700 ms MarkObjects: 4.062200 ms  DeleteObjects: 1.162700 ms)

Prepare: number of updated asset objects reloaded= 0
========================================================================
Received Import Request.
  Time of request: 2026-10-01T17:33:34.2662851Z
  Time since last request: 206.4243266 seconds.
  importAddress: GUID: 2ec966d90911a454c9760fa28789a4f8 - Path: Assets/Polytope Studio/Lowpoly_Environments/Sources/Meshes/Mushrooms/PT_Caesars_Mushroom_01.fbx - Importer: PreviewImporter
Importing 'GUID: 2ec966d90911a454c9760fa28789a4f8 - Path: Assets/Polytope Studio/Lowpoly_Environments/Sources/Meshes/Mushrooms/PT_Caesars_Mushroom_01.fbx - Importer: PreviewImporter' with importer (PreviewImporter)
Imported 'GUID: 2ec966d90911a454c9760fa28789a4f8' -> (Import Result ID: 'c76352d1e85393842d02de465261297f') in 0.278 seconds [static and dynamic dependencies]. Details - ImportResultOutputID=957d25c0cf2d77397fce2f5bafd5322b DependenciesID=56bf2de6f3014f3de2f8274ecd183435 StaticDependenciesID=589f88c37ce14b677b9809c02c1bdbed 
Number of updated asset objects reloaded before import = 0
Number of asset objects unloaded after import = 7
========================================================================
Received Prepare
AcceleratorClientConnectionCallback - disconnected - :0
Unloading 60 Unused Serialized files (Serialized files now loaded: 0)
Unloading 60 unused Assets / (6.7 MB). Loaded Objects now: 7721.
Memory consumption went from 407.3 MB to 400.6 MB.
Total: 6.969200 ms (FindLiveObjects: 0.352100 ms CreateObjectMapping: 0.093800 ms MarkObjects: 4.814800 ms  DeleteObjects: 1.493600 ms)

Prepare: number of updated asset objects reloaded= 0
========================================================================
Received Prepare
AcceleratorClientConnectionCallback - disconnected - :0
Unloading 60 Unused Serialized files (Serialized files now loaded: 0)
Unloading 60 unused Assets / (6.7 MB). Loaded Objects now: 7721.
Memory consumption went from 408.5 MB to 401.9 MB.
Total: 6.974700 ms (FindLiveObjects: 0.349600 ms CreateObjectMapping: 0.114400 ms MarkObjects: 4.967800 ms  DeleteObjects: 1.336000 ms)

Prepare: number of updated asset objects reloaded= 0
========================================================================
Received Prepare
AcceleratorClientConnectionCallback - disconnected - :0
Unloading 60 Unused Serialized files (Serialized files now loaded: 0)
Unloading 60 unused Assets / (6.7 MB). Loaded Objects now: 7721.
Memory consumption went from 409.7 MB to 403.0 MB.
Total: 6.506400 ms (FindLiveObjects: 0.311500 ms CreateObjectMapping: 0.096800 ms MarkObjects: 4.530400 ms  DeleteObjects: 1.354300 ms)

Prepare: number of updated asset objects reloaded= 0
========================================================================
Received Prepare
AcceleratorClientConnectionCallback - disconnected - :0
Unloading 60 Unused Serialized files (Serialized files now loaded: 0)
Unloading 60 unused Assets / (6.7 MB). Loaded Objects now: 7721.
Memory consumption went from 410.9 MB to 404.2 MB.
Total: 6.931100 ms (FindLiveObjects: 0.312300 ms CreateObjectMapping: 0.107600 ms MarkObjects: 4.681900 ms  DeleteObjects: 1.626100 ms)

Prepare: number of updated asset objects reloaded= 0
========================================================================
Received Prepare
AcceleratorClientConnectionCallback - disconnected - :0
Unloading 60 Unused Serialized files (Serialized files now loaded: 0)
Unloading 60 unused Assets / (6.7 MB). Loaded Objects now: 7721.
Memory consumption went from 412.1 MB to 405.4 MB.
Total: 6.673600 ms (FindLiveObjects: 0.315700 ms CreateObjectMapping: 0.104500 ms MarkObjects: 4.601200 ms  DeleteObjects: 1.445000 ms)

Prepare: number of updated asset objects reloaded= 0
========================================================================
Received Import Request.
  Time of request: 2026-10-01T17:34:53.9997997Z
  Time since last request: 79.4468462 seconds.
  importAddress: GUID: 1500a5535a073af4797d5ba960824cb3 - Path: Assets/Polytope Studio/Lowpoly_Environments/Sources/Meshes/Trees/PT_Fruit_Tree_01_green_cut.fbx - Importer: PreviewImporter
Importing 'GUID: 1500a5535a073af4797d5ba960824cb3 - Path: Assets/Polytope Studio/Lowpoly_Environments/Sources/Meshes/Trees/PT_Fruit_Tree_01_green_cut.fbx - Importer: PreviewImporter' with importer (PreviewImporter)
Imported 'GUID: 1500a5535a073af4797d5ba960824cb3' -> (Import Result ID: 'd87338b39232b466e2a26924ca0f1191') in 0.043 seconds [static and dynamic dependencies]. Details - ImportResultOutputID=30f96e0bfa5b454710dbd65e3d1319ef DependenciesID=4c5519e66312d0272b5bf631d5930a80 StaticDependenciesID=8de3af78946b3875b54588c040ee6347 
Number of updated asset objects reloaded before import = 0
Number of asset objects unloaded after import = 12
========================================================================
Received Prepare
AcceleratorClientConnectionCallback - disconnected - :0
Unloading 60 Unused Serialized files (Serialized files now loaded: 0)
Unloading 60 unused Assets / (6.7 MB). Loaded Objects now: 7721.
Memory consumption went from 407.6 MB to 400.9 MB.
Total: 6.157400 ms (FindLiveObjects: 0.345200 ms CreateObjectMapping: 0.128800 ms MarkObjects: 4.214600 ms  DeleteObjects: 1.252200 ms)

Prepare: number of updated asset objects reloaded= 0
========================================================================
Received Import Request.
  Time of request: 2026-10-01T17:34:58.4715242Z
  Time since last request: 4.419521 seconds.
  importAddress: GUID: e011a827265c38e44baeae9310a2a9e2 - Path: Assets/Polytope Studio/Lowpoly_Environments/Sources/Meshes/Rocks/PT_Ore_Rock_01_split.fbx - Importer: PreviewImporter
Importing 'GUID: e011a827265c38e44baeae9310a2a9e2 - Path: Assets/Polytope Studio/Lowpoly_Environments/Sources/Meshes/Rocks/PT_Ore_Rock_01_split.fbx - Importer: PreviewImporter' with importer (PreviewImporter)
Imported 'GUID: e011a827265c38e44baeae9310a2a9e2' -> (Import Result ID: '221b0c0e2353030c8f82a90e270ce694') in 0.055 seconds [static and dynamic dependencies]. Details - ImportResultOutputID=54ecd0d56dae492e1dba5d3c6c3b4670 DependenciesID=6f6603a42df462612838f9e7a0f32c9f StaticDependenciesID=b63f10ea7647f164ebe03aa1af0b39c7 
Number of updated asset objects reloaded before import = 0
Number of asset objects unloaded after import = 23
========================================================================
Received Prepare
AcceleratorClientConnectionCallback - disconnected - :0
Unloading 60 Unused Serialized files (Serialized files now loaded: 0)
Unloading 60 unused Assets / (6.7 MB). Loaded Objects now: 7721.
Memory consumption went from 407.6 MB to 400.9 MB.
Total: 7.459600 ms (FindLiveObjects: 0.381400 ms CreateObjectMapping: 0.120500 ms MarkObjects: 5.467000 ms  DeleteObjects: 1.269700 ms)

Prepare: number of updated asset objects reloaded= 0
========================================================================
Received Import Request.
  Time of request: 2026-10-01T17:36:55.3395237Z
  Time since last request: 116.8044816 seconds.
  importAddress: GUID: 955f7ab7f12013b42b2aa2e494846f3a - Path: Assets/Polytope Studio/Lowpoly_Village/Sources/Meshes/Modular/Fence/PT_Modular_Fence_Wood_03.fbx - Importer: PreviewImporter
Importing 'GUID: 955f7ab7f12013b42b2aa2e494846f3a - Path: Assets/Polytope Studio/Lowpoly_Village/Sources/Meshes/Modular/Fence/PT_Modular_Fence_Wood_03.fbx - Importer: PreviewImporter' with importer (PreviewImporter)
Imported 'GUID: 955f7ab7f12013b42b2aa2e494846f3a' -> (Import Result ID: '5985f0a86782a96fe0f0b065a6923395') in 0.015 seconds [static and dynamic dependencies]. Details - ImportResultOutputID=f9d078209c390709df8b50dea94f0d90 DependenciesID=1e23a2517ef0e3a2fc51542a5900f940 StaticDependenciesID=b1877d0fd838597df94b208010e5f227 
Number of updated asset objects reloaded before import = 0
Number of asset objects unloaded after import = 10
========================================================================
Received Prepare
AcceleratorClientConnectionCallback - disconnected - :0
Unloading 60 Unused Serialized files (Serialized files now loaded: 0)
Unloading 60 unused Assets / (6.7 MB). Loaded Objects now: 7721.
Memory consumption went from 407.6 MB to 400.9 MB.
Total: 7.216000 ms (FindLiveObjects: 0.330100 ms CreateObjectMapping: 0.101300 ms MarkObjects: 4.877100 ms  DeleteObjects: 1.698100 ms)

Prepare: number of updated asset objects reloaded= 0
========================================================================
Received Prepare
AcceleratorClientConnectionCallback - disconnected - :0
Unloading 60 Unused Serialized files (Serialized files now loaded: 0)
Unloading 60 unused Assets / (6.7 MB). Loaded Objects now: 7721.
Memory consumption went from 408.8 MB to 402.1 MB.
Total: 6.428600 ms (FindLiveObjects: 0.325300 ms CreateObjectMapping: 0.213400 ms MarkObjects: 4.208200 ms  DeleteObjects: 1.478300 ms)

Prepare: number of updated asset objects reloaded= 0
========================================================================
Received Prepare
AcceleratorClientConnectionCallback - disconnected - :0
Unloading 60 Unused Serialized files (Serialized files now loaded: 0)
Unloading 60 unused Assets / (6.7 MB). Loaded Objects now: 7721.
Memory consumption went from 410.0 MB to 403.3 MB.
Total: 6.417400 ms (FindLiveObjects: 0.350500 ms CreateObjectMapping: 0.105600 ms MarkObjects: 4.340600 ms  DeleteObjects: 1.390900 ms)

Prepare: number of updated asset objects reloaded= 0
========================================================================
Received Import Request.
  Time of request: 2026-10-01T17:37:28.8101736Z
  Time since last request: 33.4471635 seconds.
  importAddress: GUID: c2dcabc4d03cc9b4098225e59529d20d - Path: Assets/Polytope Studio/Lowpoly_Environments/Sources/Meshes/Trees/PT_Pine_Tree_03_green.fbx - Importer: PreviewImporter
Importing 'GUID: c2dcabc4d03cc9b4098225e59529d20d - Path: Assets/Polytope Studio/Lowpoly_Environments/Sources/Meshes/Trees/PT_Pine_Tree_03_green.fbx - Importer: PreviewImporter' with importer (PreviewImporter)
Imported 'GUID: c2dcabc4d03cc9b4098225e59529d20d' -> (Import Result ID: '786fbf184d50473a2044497afe145539') in 0.057 seconds [static and dynamic dependencies]. Details - ImportResultOutputID=c4b420288d69784f94ebe70b0541a66e DependenciesID=564f721d093aa11b19180162de7e17b9 StaticDependenciesID=9c8075e6e41beea5dd50be8896cc165c 
Number of updated asset objects reloaded before import = 0
Number of asset objects unloaded after import = 24
========================================================================
Received Prepare
AcceleratorClientConnectionCallback - disconnected - :0
Unloading 60 Unused Serialized files (Serialized files now loaded: 0)
Unloading 60 unused Assets / (6.7 MB). Loaded Objects now: 7721.
Memory consumption went from 407.7 MB to 401.0 MB.
Total: 6.506800 ms (FindLiveObjects: 0.328100 ms CreateObjectMapping: 0.090600 ms MarkObjects: 4.480000 ms  DeleteObjects: 1.404500 ms)

Prepare: number of updated asset objects reloaded= 0
========================================================================
Received Import Request.
  Time of request: 2026-10-01T17:37:44.31159Z
  Time since last request: 15.4365913 seconds.
  importAddress: GUID: 2a5e649cde00dd847885c694eb77f1fb - Path: Assets/Polytope Studio/Lowpoly_Environments/Sources/Meshes/Trees/PT_Pine_Tree_03_green_cut.fbx - Importer: PreviewImporter
Importing 'GUID: 2a5e649cde00dd847885c694eb77f1fb - Path: Assets/Polytope Studio/Lowpoly_Environments/Sources/Meshes/Trees/PT_Pine_Tree_03_green_cut.fbx - Importer: PreviewImporter' with importer (PreviewImporter)
Imported 'GUID: 2a5e649cde00dd847885c694eb77f1fb' -> (Import Result ID: 'f48b58c8be1b823e86b4583e47ae062d') in 0.041 seconds [static and dynamic dependencies]. Details - ImportResultOutputID=5da7709c26194da700f8d48746d1927f DependenciesID=24b6212f366b262fc37493a11841c7f8 StaticDependenciesID=ec81a3d34fdecf5f6910d66d3558bae3 
Number of updated asset objects reloaded before import = 0
Number of asset objects unloaded after import = 11
========================================================================
Received Prepare
AcceleratorClientConnectionCallback - disconnected - :0
Unloading 60 Unused Serialized files (Serialized files now loaded: 0)
Unloading 60 unused Assets / (6.7 MB). Loaded Objects now: 7721.
Memory consumption went from 407.7 MB to 401.0 MB.
Total: 6.612400 ms (FindLiveObjects: 0.310900 ms CreateObjectMapping: 0.100000 ms MarkObjects: 4.364800 ms  DeleteObjects: 1.634900 ms)

Prepare: number of updated asset objects reloaded= 0
========================================================================
Received Prepare
AcceleratorClientConnectionCallback - disconnected - :0
Unloading 60 Unused Serialized files (Serialized files now loaded: 0)
Unloading 60 unused Assets / (6.7 MB). Loaded Objects now: 7721.
Memory consumption went from 408.9 MB to 402.2 MB.
Total: 7.188100 ms (FindLiveObjects: 0.330100 ms CreateObjectMapping: 0.154600 ms MarkObjects: 5.197500 ms  DeleteObjects: 1.303900 ms)

Prepare: number of updated asset objects reloaded= 0
========================================================================
Received Import Request.
  Time of request: 2026-10-01T17:38:11.8948252Z
  Time since last request: 27.5343435 seconds.
  importAddress: GUID: 594ea882c5a793440b60ff72d896021e - Path: Packages/com.unity.render-pipelines.universal/Runtime/Materials/TerrainLit.mat - Importer: PreviewImporter
Importing 'GUID: 594ea882c5a793440b60ff72d896021e - Path: Packages/com.unity.render-pipelines.universal/Runtime/Materials/TerrainLit.mat - Importer: PreviewImporter' with importer (PreviewImporter)
Imported 'GUID: 594ea882c5a793440b60ff72d896021e' -> (Import Result ID: '8f75da247b64ed2db627d12f91a0e953') in 0.061 seconds [static and dynamic dependencies]. Details - ImportResultOutputID=229a87a0aa60a59a27d43e68535a0ca1 DependenciesID=abca6b22b170d563f1ae6a3e6e3c4688 StaticDependenciesID=f2f63c287d1672296332c996f19af34d 
Number of updated asset objects reloaded before import = 0
Number of asset objects unloaded after import = 0
========================================================================
Received Import Request.
  Time of request: 2026-10-01T17:38:11.9650215Z
  Time since last request: 0.0009325 seconds.
  importAddress: GUID: 5a4a765e921b8554eb959f7cf697b3be - Path: Packages/com.unity.shadergraph/GraphTemplates/Cross Pipeline/UGUI Canvas Basic.shadergraph - Importer: PreviewImporter
Importing 'GUID: 5a4a765e921b8554eb959f7cf697b3be - Path: Packages/com.unity.shadergraph/GraphTemplates/Cross Pipeline/UGUI Canvas Basic.shadergraph - Importer: PreviewImporter' with importer (PreviewImporter)
Imported 'GUID: 5a4a765e921b8554eb959f7cf697b3be' -> (Import Result ID: '270b2ecfb6b718c5c154ac8dbdcd391b') in 0.125 seconds [static and dynamic dependencies]. Details - ImportResultOutputID=871fdc7169a51e81fb4de63f1574c3db DependenciesID=84b5848beb4486aa8f2c2614d5aedc03 StaticDependenciesID=911c73a1d12fdc3e7a1b513bd74bf912 
Number of updated asset objects reloaded before import = 0
Number of asset objects unloaded after import = 2
========================================================================
Received Import Request.
  Time of request: 2026-10-01T17:38:12.0996292Z
  Time since last request: 0.0007185 seconds.
  importAddress: GUID: 9d4e8ca8c5046914c87ca6ccef140dac - Path: Packages/com.unity.shadergraph/GraphTemplates/Cross Pipeline/UGUI Canvas Meter.shadergraph - Importer: PreviewImporter
Importing 'GUID: 9d4e8ca8c5046914c87ca6ccef140dac - Path: Packages/com.unity.shadergraph/GraphTemplates/Cross Pipeline/UGUI Canvas Meter.shadergraph - Importer: PreviewImporter' with importer (PreviewImporter)
Imported 'GUID: 9d4e8ca8c5046914c87ca6ccef140dac' -> (Import Result ID: '32253a131ef263a15a0756c13dd1b420') in 0.114 seconds [static and dynamic dependencies]. Details - ImportResultOutputID=7339f594d47710b806a48bad1ab410ca DependenciesID=3c5c21b2dccd23bfe3ce084c779f1062 StaticDependenciesID=7c1c2655d58235ce3d7781afa28411bd 
Number of updated asset objects reloaded before import = 0
Number of asset objects unloaded after import = 2
========================================================================
Received Import Request.
  Time of request: 2026-10-01T17:38:12.2225237Z
  Time since last request: 0.0008608 seconds.
  importAddress: GUID: 3e01bbae25716b24ea9da11102b44902 - Path: Packages/com.unity.render-pipelines.universal/Editor/ShaderGraph/GraphTemplates/UITKFullTemplate.shadergraph - Importer: PreviewImporter
Importing 'GUID: 3e01bbae25716b24ea9da11102b44902 - Path: Packages/com.unity.render-pipelines.universal/Editor/ShaderGraph/GraphTemplates/UITKFullTemplate.shadergraph - Importer: PreviewImporter' with importer (PreviewImporter)
Imported 'GUID: 3e01bbae25716b24ea9da11102b44902' -> (Import Result ID: '7f2fc08d95defe33e7d18092b19a567e') in 0.345 seconds [static and dynamic dependencies]. Details - ImportResultOutputID=8aa21d857c853835170f60ec4df5dc2f DependenciesID=925ba1dce6bfc2487eb3099fe412b5c0 StaticDependenciesID=76478f789a9029f875cfccf9e6d615c0 
Number of updated asset objects reloaded before import = 0
Number of asset objects unloaded after import = 2
========================================================================
Received Import Request.
  Time of request: 2026-10-01T17:38:12.5764917Z
  Time since last request: 0.0010517 seconds.
  importAddress: GUID: d7288f66e4fb0634c9afef98c31b722a - Path: Packages/com.unity.render-pipelines.universal/Shaders/2D/VFXSpriteUnlit.shadergraph - Importer: PreviewImporter
Importing 'GUID: d7288f66e4fb0634c9afef98c31b722a - Path: Packages/com.unity.render-pipelines.universal/Shaders/2D/VFXSpriteUnlit.shadergraph - Importer: PreviewImporter' with importer (PreviewImporter)
Imported 'GUID: d7288f66e4fb0634c9afef98c31b722a' -> (Import Result ID: 'e38949478c43fa01471debc4abb558f5') in 0.119 seconds [static and dynamic dependencies]. Details - ImportResultOutputID=62267bad5730deb1ee787ef0cc7c8be6 DependenciesID=4ce24a9101237b669004322cda5829cb StaticDependenciesID=0b6f931a97e97fb2c0b33ab4fa47293f 
Number of updated asset objects reloaded before import = 0
Number of asset objects unloaded after import = 2
========================================================================
Received Import Request.
  Time of request: 2026-10-01T17:38:12.7052894Z
  Time since last request: 0.0011421 seconds.
  importAddress: GUID: 0738648e2f2f84b489a2f0076b69e30a - Path: Packages/com.unity.render-pipelines.universal/Editor/ShaderGraph/GraphTemplates/UITKBasicTemplate.shadergraph - Importer: PreviewImporter
Importing 'GUID: 0738648e2f2f84b489a2f0076b69e30a - Path: Packages/com.unity.render-pipelines.universal/Editor/ShaderGraph/GraphTemplates/UITKBasicTemplate.shadergraph - Importer: PreviewImporter' with importer (PreviewImporter)
Imported 'GUID: 0738648e2f2f84b489a2f0076b69e30a' -> (Import Result ID: '8ec5214942c15eb6a3ced5238731da42') in 0.283 seconds [static and dynamic dependencies]. Details - ImportResultOutputID=332c778b15b9da534be4e31b91b3fd6b DependenciesID=ecfe9256a683c707a82a993caabf9bce StaticDependenciesID=03657870fd85142f05ba676a8b4a3a49 
Number of updated asset objects reloaded before import = 0
Number of asset objects unloaded after import = 2
========================================================================
Received Import Request.
  Time of request: 2026-10-01T17:38:12.9975256Z
  Time since last request: 0.0015397 seconds.
  importAddress: GUID: 2476a2d151e824143af40dce1fc93a12 - Path: Packages/com.unity.shadergraph/GraphTemplates/Cross Pipeline/Unlit Simple.shadergraph - Importer: PreviewImporter
Importing 'GUID: 2476a2d151e824143af40dce1fc93a12 - Path: Packages/com.unity.shadergraph/GraphTemplates/Cross Pipeline/Unlit Simple.shadergraph - Importer: PreviewImporter' with importer (PreviewImporter)
Imported 'GUID: 2476a2d151e824143af40dce1fc93a12' -> (Import Result ID: 'f3c7e8d5f4db4d19a90f069cbcde10ae') in 0.307 seconds [static and dynamic dependencies]. Details - ImportResultOutputID=b0ef7707ba3c482224255b2e0960a268 DependenciesID=fd042a0ec219913cef6abfc2e79e0c33 StaticDependenciesID=369891e1ff80da8d42e6ebd5e2975410 
Number of updated asset objects reloaded before import = 0
Number of asset objects unloaded after import = 7
========================================================================
Received Import Request.
  Time of request: 2026-10-01T17:38:13.3147685Z
  Time since last request: 0.0019196 seconds.
  importAddress: GUID: 24a73dccd7b6fad4798be282f96a21f4 - Path: Packages/com.unity.render-pipelines.universal/Shaders/2D/VFXSpriteLit.shadergraph - Importer: PreviewImporter
Importing 'GUID: 24a73dccd7b6fad4798be282f96a21f4 - Path: Packages/com.unity.render-pipelines.universal/Shaders/2D/VFXSpriteLit.shadergraph - Importer: PreviewImporter' with importer (PreviewImporter)
Imported 'GUID: 24a73dccd7b6fad4798be282f96a21f4' -> (Import Result ID: '2fb281eee4486ad696425c2d8468ad52') in 0.105 seconds [static and dynamic dependencies]. Details - ImportResultOutputID=cdfc5c5744c046e25256c48814b5577c DependenciesID=b08d43d95bc33b702985e59357033e39 StaticDependenciesID=1f1296a79334a0da0159e543b000c5e9 
Number of updated asset objects reloaded before import = 0
Number of asset objects unloaded after import = 2
========================================================================
Received Import Request.
  Time of request: 2026-10-01T17:38:13.43002Z
  Time since last request: 0.0019987 seconds.
  importAddress: GUID: f96821bbefeea864b9b418af4b8615ac - Path: Packages/com.unity.render-pipelines.universal/Editor/SceneTemplates/Materials/White.mat - Importer: PreviewImporter
Importing 'GUID: f96821bbefeea864b9b418af4b8615ac - Path: Packages/com.unity.render-pipelines.universal/Editor/SceneTemplates/Materials/White.mat - Importer: PreviewImporter' with importer (PreviewImporter)
Imported 'GUID: f96821bbefeea864b9b418af4b8615ac' -> (Import Result ID: 'd00e1b1f9cd8d6ea4629f9e93262327e') in 0.008 seconds [static and dynamic dependencies]. Details - ImportResultOutputID=9e0bb808120f1f2519a712f9154959ab DependenciesID=4fb3289b288991b1108541323dc10e4b StaticDependenciesID=c7b8a24d397c9ea0784080f166ea4b71 
Number of updated asset objects reloaded before import = 0
Number of asset objects unloaded after import = 2
========================================================================
Received Prepare
AcceleratorClientConnectionCallback - disconnected - :0
Unloading 60 Unused Serialized files (Serialized files now loaded: 0)
Unloading 60 unused Assets / (6.7 MB). Loaded Objects now: 7721.
Memory consumption went from 408.3 MB to 401.7 MB.
Total: 7.490300 ms (FindLiveObjects: 0.740700 ms CreateObjectMapping: 0.160900 ms MarkObjects: 4.962100 ms  DeleteObjects: 1.392500 ms)

Prepare: number of updated asset objects reloaded= 0
Editor requested this worker to shutdown with reason: Editor is closing down
AcceleratorClientConnectionCallback - disconnected - :0
AssetImportWorker is now disconnected from the server
Process exiting
[ExitDontLaunchBugReporter] Exiting without the bug reporter. Application will exit with return code 0
