[Licensing::Module] Trying to connect to existing licensing client channel...
Built from '6000.6/staging' branch; Version is '6000.6.3f1 (45d8eee7de74) revision 4577518'; Using compiler version '194234433'; Build Type 'Release'
[Licensing::IpcConnector] Successfully connected to: "LicenseClient-ARA" at "2026-10-01T16:48:36.1700711Z"
OS: 'Windows 11  (10.0.26200) Professional' Language: 'en' Physical Memory: 32451 MB
BatchMode: 1, IsHumanControllingUs: 0, StartBugReporterOnCrash: 0, Is64bit: 1
System  architecture: x64
Process architecture: x64
Date: 2026-10-01T16:48:36Z
[Licensing::Client] Code 10 while verifying Licensing Client signature (process Id: 17596, path: "C:/Program Files/Unity Hub/UnityLicensingClient_V1/Unity.Licensing.Client.exe")
[Licensing::Module] LicensingClient has failed validation; ignoring
[Licensing::Client] Handshaking with LicensingClient:
  Version:                 1.18.3+d7ffd15
  Session Id:              4957da085f06498e945b6b4401e19fc5
  Correlation Id:          d115a782ca8968c2ff33704db9d6d565
  External correlation Id: 8408618637166592950
  Machine Id:              FsxY2Qad/u72lkyk2UQIeosbrXw=
[Licensing::Module] Successfully connected to LicensingClient on channel: "LicenseClient-ARA" (connect: 0.00s, validation: 0.00s, handshake: 0.03s)
[Licensing::IpcConnector] Successfully connected to: "LicenseClient-ARA-notifications" at "2026-10-01T16:48:36.1991042Z"
[Licensing::Module] Licensing Background thread has ended after 0.03s

COMMAND LINE ARGUMENTS:
C:\Program Files\Unity\Hub\Editor\6000.6.3f1\Editor\Unity.exe
-adb2
-batchMode
-noUpm
-name
AssetImportWorkerHW0
-projectPath
C:/Users/ARA/Documents/GitHub/Grass-Cutting-Simulator/Grass Cutting Simulator
-logFile
Logs/AssetImportWorkerHW0.log
-srvPort
64316
-parentPid
35336
-analyticsCloudUserId
anonymous
-analyticsLocalProjectId
387bd64261cf92e44b2bed5e80f963ff
-editorAnalyticsEnabled
1
-cbmEditorLicense
dc8ef1aa223a41a0a2db34631f8bf1d604cf272a
-cbmMachineId
FsxY2Qad/u72lkyk2UQIeosbrXw=
-noDiagnosticSwitchPersistentStore
-job-worker-count
13
-background-job-worker-count
8
-asset-garbage-collectors
1
-force-d3d12
-name
AssetImport
Successfully changed project path to: C:/Users/ARA/Documents/GitHub/Grass-Cutting-Simulator/Grass Cutting Simulator
C:/Users/ARA/Documents/GitHub/Grass-Cutting-Simulator/Grass Cutting Simulator
[UnityMemory] Configuration Parameters - Can be set up in boot.config
    "memorysetup-temp-allocator-size-gi-baking-worker=262144"
    "memorysetup-temp-allocator-size-gi-baking-worker=262144"
    "memorysetup-temp-allocator-size-gi-baking-worker=262144"
    "memorysetup-temp-allocator-size-gi-baking-worker=262144"
    "memorysetup-temp-allocator-size-gi-baking-worker=262144"
    "memorysetup-temp-allocator-size-nav-mesh-worker=65536"
    "memorysetup-temp-allocator-size-audio-worker=65536"
    "memorysetup-temp-allocator-size-cloud-worker=32768"
    "memorysetup-temp-allocator-size-gfx=262144"
    "memorysetup-remapper-allocator-initial-capacity=32768"
    "memorysetup-temp-allocator-size-preload-manager=33554432"
    "memorysetup-allocator-temp-initial-block-size-main=262144"
    "memorysetup-allocator-temp-initial-block-size-worker=262144"
    "memorysetup-temp-allocator-size-job-worker=262144"
    "memorysetup-temp-allocator-size-background-worker=32768"
    "memorysetup-bucket-allocator-granularity=16"
    "memorysetup-bucket-allocator-bucket-count=8"
    "memorysetup-bucket-allocator-block-size=33554432"
    "memorysetup-bucket-allocator-block-count=8"
    "memorysetup-main-allocator-block-size=16777216"
    "memorysetup-thread-allocator-block-size=16777216"
    "memorysetup-main-allocator-mimalloc-enabled=1"
    "memorysetup-gfx-main-allocator-block-size=16777216"
    "memorysetup-gfx-thread-allocator-block-size=16777216"
    "memorysetup-cache-allocator-block-size=4194304"
    "memorysetup-typetree-allocator-block-size=2097152"
    "memorysetup-profiler-bucket-allocator-granularity=16"
    "memorysetup-profiler-bucket-allocator-bucket-count=8"
    "memorysetup-profiler-bucket-allocator-block-size=33554432"
    "memorysetup-profiler-bucket-allocator-block-count=8"
    "memorysetup-profiler-allocator-block-size=16777216"
    "memorysetup-profiler-editor-allocator-block-size=1048576"
    "memorysetup-temp-allocator-size-main=16777216"
    "memorysetup-job-temp-allocator-block-size=2097152"
    "memorysetup-job-temp-allocator-block-size-background=1048576"
    "memorysetup-job-temp-allocator-reduction-small-platforms=262144"
Player connection [14196]  Target information:

Player connection [14196]  * "[IP] 192.168.100.24 [Port] 0 [Flags] 2 [Guid] 3634507077 [EditorId] 3634507077 [Version] 1048832 [Id] WindowsEditor(7,DESKTOP-FH60KNT) [Debug] 1 [PackageName] WindowsEditor [ProjectName] Editor" 

Player connection [14196] Host joined multi-casting on [225.0.0.222:54997]...
Player connection [14196] Host joined alternative multi-casting on [225.0.0.222:34997]...
JobSystem: Creating JobQueue using job-worker-count value 13
Input System module state changed to: Initialized.
[Physics::Module] Initialized fallback backend.
[Physics::Module] Id: 0xdecafbad
Library Redirect Path: Library/
Initialising UDS system complete:
  - System type: Client
  - Resource namespace: cc13ed0f4855ae4f5477f0ef9e7797cf
  - Shared memory size: 1073741824
  - Command buffer id: 1052576
  - Command buffer size: 8192
  - Hashmap size: 4194304
  - Service connected: true
  - Service working directory: Library/DataStore/
Refreshing native plugins compatible for Editor in 2.84 ms, found 4 plugins.
[Physics::Module] Selected backend (deferred post-plugins).
[Physics::Module] Name: PhysX
[Physics::Module] Id: 0xf2b8ea05
[Physics::Module] SDK Version: 4.1.2
[Physics::Module] Integration Version: 1.0.0
[Physics::Module] Threading Mode: Multi-Threaded
Initialize engine version: 6000.6.3f1 (45d8eee7de74)
[EntityIdStore] init: VM path (explicit commit), pageSize=4096, blockCount=1048576, entitiesPerBlock=256, slots reserved=4294967296 bytes
[Subsystems] Discovering subsystems at path C:/Program Files/Unity/Hub/Editor/6000.6.3f1/Editor/Data/Resources/UnitySubsystems
[Subsystems] Discovering subsystems at path C:/Users/ARA/Documents/GitHub/Grass-Cutting-Simulator/Grass Cutting Simulator/Assets
Forcing GfxDevice: Direct3D 12
GfxDevice: creating device client; kGfxThreadingModeNonThreaded
d3d12: failed to query info queue interface (0x80004002).
Direct3D:
    Version:         Direct3D 12 [level 12.2]
    Renderer:        NVIDIA GeForce RTX 4070 (ID=0x2786)
    Vendor:          NVIDIA
    VRAM:            12010 MB
    App VRAM Budget: 11242 MB
    Driver:          32.0.16.1088
Initialize mono
Mono path[0] = 'C:/Program Files/Unity/Hub/Editor/6000.6.3f1/Editor/Data/Managed'
Mono path[1] = 'C:/Program Files/Unity/Hub/Editor/6000.6.3f1/Editor/Data/BCLExtensions/runtime/netstandard2.1'
Mono path[2] = 'C:/Program Files/Unity/Hub/Editor/6000.6.3f1/Editor/Data/MonoBleedingEdge/lib/mono/unityjit-win32'
Mono config path = 'C:/Program Files/Unity/Hub/Editor/6000.6.3f1/Editor/Data/MonoBleedingEdge/etc'
Using monoOptions --debugger-agent=transport=dt_socket,embedding=1,server=y,suspend=n,address=127.0.0.1:56048
CodeReloadManager initialized
Begin MonoManager ReloadAssembly
Registering precompiled unity dll's ...
Register platform support module: C:/Program Files/Unity/Hub/Editor/6000.6.3f1/Editor/Data/PlaybackEngines/WebGLSupport/UnityEditor.WebGL.Extensions.dll
Register platform support module: C:/Program Files/Unity/Hub/Editor/6000.6.3f1/Editor/Data/PlaybackEngines/WindowsStandaloneSupport/UnityEditor.WindowsStandalone.Extensions.dll
Registered in 0.002576 seconds.
Native extension for WindowsStandalone target not found
Native extension for WebGL target not found
Package Manager log level set to [2]
[Package Manager] Failed to launch server process. Reason: Unity was launched with the -noUpm command-line argument
[Package Manager] Unable to send message (not connected to server process).
[Package Manager] Cannot connect to Unity Package Manager local server
ScheduleIndexationOnStartup MainProcess:False IndexOnStartup:False
Scripting: successfully reloaded assembly
- Finished resetting the current domain, in  0.401 seconds
Domain Reload Profiling: 908ms
	BeginReloadAssembly (116ms)
	RebuildCommonClasses (5ms)
	RebuildNativeTypeToScriptingClass (18ms)
	initialDomainReloadingComplete (67ms)
	LoadAllAssembliesAndSetupDomain (300ms)
		LoadAssemblies (113ms)
		TypeCache.Refresh (215ms)
			TypeCache.ScanAssembly (202ms)
		AnalyzeDomain (1ms)
	FinalizeReload (402ms)
		SetupLoadedEditorAssemblies (0ms)
			BeforeProcessingInitializeOnLoad (81ms)
			ProcessInitializeOnLoadAttributes (81ms)
			ProcessInitializeOnLoadMethodAttributes (154ms)
Initializing Unity extensions:
[Licensing::Client] Successfully resolved entitlement details
[Licensing::Module] License group:
  Id: 5774129977459-UnityPersXXXX
  Product: Unity Personal
  Type: Assigned
  Expiration: Unlimited
========================================================================
Worker process is ready to serve import requests
Import Worker Mode flag is 0x00
Begin MonoManager ReloadAssembly
'Packages/com.unity.render-pipelines.core/Editor/Deprecated.cs' contains partial class of Unity.Object, exactly 1 of the partial classes needs to be in a file with the same filename. This is to know the one that can be referenced from ie. GameObjects
'Packages/com.unity.render-pipelines.core/Editor/Deprecated.cs' contains partial class of Unity.Object, exactly 1 of the partial classes needs to be in a file with the same filename. This is to know the one that can be referenced from ie. GameObjects
Refreshing native plugins compatible for Editor in 2.55 ms, found 4 plugins.
Native extension for WindowsStandalone target not found
Native extension for WebGL target not found
[Package Manager] Failed to launch server process. Reason: Unity was launched with the -noUpm command-line argument
[Package Manager] Unable to send message (not connected to server process).
[Package Manager] Cannot connect to Unity Package Manager local server
[Package Manager] Failed to launch server process. Reason: Unity was launched with the -noUpm command-line argument
[Package Manager] Unable to send message (not connected to server process).
[Package Manager] Cannot connect to Unity Package Manager local server
ScheduleIndexationOnStartup MainProcess:False IndexOnStartup:False
Scripting: successfully reloaded assembly
- Finished resetting the current domain, in  0.685 seconds
Domain Reload Profiling: 1417ms
	BeginReloadAssembly (181ms)
		DisableScriptedObjects (7ms)
		CreateAndSetChildDomain (26ms)
	RebuildCommonClasses (7ms)
	RebuildNativeTypeToScriptingClass (12ms)
	initialDomainReloadingComplete (49ms)
	LoadAllAssembliesAndSetupDomain (482ms)
		LoadAssemblies (286ms)
		TypeCache.Refresh (120ms)
			TypeCache.ScanAssembly (108ms)
		AnalyzeDomain (59ms)
			BuildScriptInfoCaches (54ms)
			ResolveRequiredComponents (3ms)
	FinalizeReload (686ms)
		SetupLoadedEditorAssemblies (0ms)
			BeforeProcessingInitializeOnLoad (85ms)
			ProcessInitializeOnLoadAttributes (200ms)
			ProcessInitializeOnLoadMethodAttributes (82ms)
			AfterProcessingInitializeOnLoad (8ms)
		AwakeInstancesAfterBackupRestoration (9ms)
AcceleratorClientConnectionCallback - disconnected - :0
Launched and connected shader compiler UnityShaderCompiler.exe after 0.01 seconds
Unloading 65 Unused Serialized files (Serialized files now loaded: 0)
Unloading 6616 unused Assets / (11.7 MB). Loaded Objects now: 7450.
Memory consumption went from 335.4 MB to 323.6 MB.
Total: 7.275300 ms (FindLiveObjects: 0.652300 ms CreateObjectMapping: 0.257600 ms MarkObjects: 4.000000 ms  DeleteObjects: 2.167400 ms)

========================================================================
Received Import Request.
  Time of request: 2026-10-01T16:48:40.0570207Z
  Time since last request: 605523.67856579995714 seconds.
  importAddress: GUID: 052faaac586de48259a63d0c4782560b - Path: Assets/InputSystem_Actions.inputactions - Importer: PreviewImporter
Importing 'GUID: 052faaac586de48259a63d0c4782560b - Path: Assets/InputSystem_Actions.inputactions - Importer: PreviewImporter' with importer (PreviewImporter)
Imported 'GUID: 052faaac586de48259a63d0c4782560b' -> (Import Result ID: '257a2ee0326124caa9f6719de2d6dccc') in 0.049 seconds [static and dynamic dependencies]. Details - ImportResultOutputID=4e6866f0f84aa3519782f1e548f633af DependenciesID=39cc8e40bd79ca09b235818d3015303c StaticDependenciesID=913369315914f078524f3016d2c45c57 
Number of updated asset objects reloaded before import = 0
Number of asset objects unloaded after import = 20
========================================================================
Received Import Request.
  Time of request: 2026-10-01T16:48:40.114368Z
  Time since last request: 0.0007421 seconds.
  importAddress: GUID: 8105016687592461f977c054a80ce2f2 - Path: Assets/Readme.asset - Importer: PreviewImporter
Importing 'GUID: 8105016687592461f977c054a80ce2f2 - Path: Assets/Readme.asset - Importer: PreviewImporter' with importer (PreviewImporter)
Imported 'GUID: 8105016687592461f977c054a80ce2f2' -> (Import Result ID: '7ea86a10af4ec97c603c40316953aa5a') in 0.007 seconds [static and dynamic dependencies]. Details - ImportResultOutputID=5fbf3bb5365282751b95b2d7eaa99ea3 DependenciesID=2d223b7e02fa19cb6ff45698f2f55135 StaticDependenciesID=6bc4c2b327fa974a4ed2a3aa395ef82a 
Number of updated asset objects reloaded before import = 0
Number of asset objects unloaded after import = 5
========================================================================
Received Prepare
AcceleratorClientConnectionCallback - disconnected - :0
Unloading 64 Unused Serialized files (Serialized files now loaded: 0)
Unloading 64 unused Assets / (5.9 MB). Loaded Objects now: 7453.
Memory consumption went from 328.5 MB to 322.6 MB.
Total: 5.512800 ms (FindLiveObjects: 0.385200 ms CreateObjectMapping: 0.092700 ms MarkObjects: 3.788400 ms  DeleteObjects: 1.058100 ms)

Prepare: number of updated asset objects reloaded= 0
========================================================================
Received Import Request.
  Time of request: 2026-10-01T17:00:49.9341964Z
  Time since last request: 729.80648310000004 seconds.
  importAddress: GUID: 149e37d5faf2b2a4099fb209bbd38113 - Path: Packages/com.unity.collab-proxy/Editor/ParentWindow.cs - Importer: ScriptedImporter/UnityEditor.QuickSearchModule:UnityEditor.Search:ASIAI0B
Importing 'GUID: 149e37d5faf2b2a4099fb209bbd38113 - Path: Packages/com.unity.collab-proxy/Editor/ParentWindow.cs - Importer: ScriptedImporter/UnityEditor.QuickSearchModule:UnityEditor.Search:ASIAI0B' with importer (ScriptedImporter : UnityEditor.QuickSearchModule:UnityEditor.Search:ASIAI0B)
Imported 'GUID: 149e37d5faf2b2a4099fb209bbd38113' -> (Import Result ID: '68a2f1159a76ce51f6049bc0f82e63b7') in 0.061 seconds [static and dynamic dependencies]. Details - ImportResultOutputID=cf5f09deccb2e8ba33a3ed2bdec244cf DependenciesID=6f967e87f6570f237a28a252c236ac0c StaticDependenciesID=d5ff639d308e031ff14a2310a9632105 
Number of updated asset objects reloaded before import = 0
Number of asset objects unloaded after import = 0
========================================================================
Received Import Request.
  Time of request: 2026-10-01T17:00:50.0110601Z
  Time since last request: 0.0083938 seconds.
  importAddress: GUID: d7093db72592417cb57b7bd64a17ecff - Path: Packages/com.unity.collab-proxy/Editor/Execute.cs - Importer: ScriptedImporter/UnityEditor.QuickSearchModule:UnityEditor.Search:ASIAI0B
Importing 'GUID: d7093db72592417cb57b7bd64a17ecff - Path: Packages/com.unity.collab-proxy/Editor/Execute.cs - Importer: ScriptedImporter/UnityEditor.QuickSearchModule:UnityEditor.Search:ASIAI0B' with importer (ScriptedImporter : UnityEditor.QuickSearchModule:UnityEditor.Search:ASIAI0B)
Imported 'GUID: d7093db72592417cb57b7bd64a17ecff' -> (Import Result ID: '43503bde95fd14d5e0c86a3e6cae7981') in 0.002 seconds [static and dynamic dependencies]. Details - ImportResultOutputID=73dd962856acd6fa914a6843d1c1accc DependenciesID=90bc0e7533eb5598451cdff2926d58be StaticDependenciesID=ac2533e2014828b46a17b3e549bc491a 
Number of updated asset objects reloaded before import = 0
Number of asset objects unloaded after import = 0
========================================================================
Received Import Request.
  Time of request: 2026-10-01T17:00:50.0205389Z
  Time since last request: 0.0002878 seconds.
  importAddress: GUID: cd17bd02643083b43bac72747b7641ff - Path: Packages/com.unity.collab-proxy/Editor/IncomingChanges.cs - Importer: ScriptedImporter/UnityEditor.QuickSearchModule:UnityEditor.Search:ASIAI0B
Importing 'GUID: cd17bd02643083b43bac72747b7641ff - Path: Packages/com.unity.collab-proxy/Editor/IncomingChanges.cs - Importer: ScriptedImporter/UnityEditor.QuickSearchModule:UnityEditor.Search:ASIAI0B' with importer (ScriptedImporter : UnityEditor.QuickSearchModule:UnityEditor.Search:ASIAI0B)
Imported 'GUID: cd17bd02643083b43bac72747b7641ff' -> (Import Result ID: '72cbd2a42bf1c50e39411b7473227377') in 0.002 seconds [static and dynamic dependencies]. Details - ImportResultOutputID=38b999027e3bffdf6a96bc777fdc8d97 DependenciesID=42056de5b04e99ce41eba5be65b7f26c StaticDependenciesID=fabcd410094a15197c5e6d134ac4255d 
Number of updated asset objects reloaded before import = 0
Number of asset objects unloaded after import = 0
========================================================================
Received Import Request.
  Time of request: 2026-10-01T17:00:50.029555Z
  Time since last request: 0.0003043 seconds.
  importAddress: GUID: 4af85446b06bf694a966f280918beb31 - Path: Packages/com.unity.collab-proxy/Editor/GetRelativePath.cs - Importer: ScriptedImporter/UnityEditor.QuickSearchModule:UnityEditor.Search:ASIAI0B
Importing 'GUID: 4af85446b06bf694a966f280918beb31 - Path: Packages/com.unity.collab-proxy/Editor/GetRelativePath.cs - Importer: ScriptedImporter/UnityEditor.QuickSearchModule:UnityEditor.Search:ASIAI0B' with importer (ScriptedImporter : UnityEditor.QuickSearchModule:UnityEditor.Search:ASIAI0B)
Imported 'GUID: 4af85446b06bf694a966f280918beb31' -> (Import Result ID: '23069789d38e11548f2432c81ec8a936') in 0.002 seconds [static and dynamic dependencies]. Details - ImportResultOutputID=6b5c1b2865de7cb3fac2ef76524c5584 DependenciesID=66ddc4819fb80fa2f1fbeac2d98b8995 StaticDependenciesID=b6aee5d23b014244edd502d4cb8beeb4 
Number of updated asset objects reloaded before import = 0
Number of asset objects unloaded after import = 0
========================================================================
Received Import Request.
  Time of request: 2026-10-01T17:00:50.0380115Z
  Time since last request: 0.0002793 seconds.
  importAddress: GUID: 339ab94297b6ceb4da9223a1504a917d - Path: Packages/com.unity.collab-proxy/Editor/ProjectPackages.cs - Importer: ScriptedImporter/UnityEditor.QuickSearchModule:UnityEditor.Search:ASIAI0B
Importing 'GUID: 339ab94297b6ceb4da9223a1504a917d - Path: Packages/com.unity.collab-proxy/Editor/ProjectPackages.cs - Importer: ScriptedImporter/UnityEditor.QuickSearchModule:UnityEditor.Search:ASIAI0B' with importer (ScriptedImporter : UnityEditor.QuickSearchModule:UnityEditor.Search:ASIAI0B)
Imported 'GUID: 339ab94297b6ceb4da9223a1504a917d' -> (Import Result ID: '50397a025292f535bcf4acf27a13596f') in 0.002 seconds [static and dynamic dependencies]. Details - ImportResultOutputID=6348605b6ceb228e2bbca7eda34a5e0b DependenciesID=bbdf0eaa346eb01a3be8e09e9a675cdc StaticDependenciesID=a589abd4fc465b763a1319e4d15e2b9d 
Number of updated asset objects reloaded before import = 0
Number of asset objects unloaded after import = 0
========================================================================
Received Import Request.
  Time of request: 2026-10-01T17:00:50.0464113Z
  Time since last request: 0.0002888 seconds.
  importAddress: GUID: eabc9546105bf4accac1fd62a63e88e6 - Path: Assets/TutorialInfo/Layout.wlt - Importer: ScriptedImporter/UnityEditor.QuickSearchModule:UnityEditor.Search:ASIAI0B
Importing 'GUID: eabc9546105bf4accac1fd62a63e88e6 - Path: Assets/TutorialInfo/Layout.wlt - Importer: ScriptedImporter/UnityEditor.QuickSearchModule:UnityEditor.Search:ASIAI0B' with importer (ScriptedImporter : UnityEditor.QuickSearchModule:UnityEditor.Search:ASIAI0B)
Imported 'GUID: eabc9546105bf4accac1fd62a63e88e6' -> (Import Result ID: 'b1572002c9fd8fe4db5307c400dfb6ee') in 0.002 seconds [static and dynamic dependencies]. Details - ImportResultOutputID=36a4b59de1f85320528fe0f11f76fcc3 DependenciesID=8b79df7cc85145d5d626478c3b8e72b9 StaticDependenciesID=f528167079197e92150a6dfffceb84a3 
Number of updated asset objects reloaded before import = 0
Number of asset objects unloaded after import = 1
========================================================================
Received Import Request.
  Time of request: 2026-10-01T17:00:50.0553273Z
  Time since last request: 0.0002455 seconds.
  importAddress: GUID: e7dc580933b555942b2f89a14ca659f1 - Path: Packages/com.unity.collab-proxy/Editor/IntSetting.cs - Importer: ScriptedImporter/UnityEditor.QuickSearchModule:UnityEditor.Search:ASIAI0B
Importing 'GUID: e7dc580933b555942b2f89a14ca659f1 - Path: Packages/com.unity.collab-proxy/Editor/IntSetting.cs - Importer: ScriptedImporter/UnityEditor.QuickSearchModule:UnityEditor.Search:ASIAI0B' with importer (ScriptedImporter : UnityEditor.QuickSearchModule:UnityEditor.Search:ASIAI0B)
Imported 'GUID: e7dc580933b555942b2f89a14ca659f1' -> (Import Result ID: '8657367c4d706d2e63eb610e281e00ec') in 0.002 seconds [static and dynamic dependencies]. Details - ImportResultOutputID=423cc2b14173d32a7ca63016743f8541 DependenciesID=c848d5de7061109f61a65142129726b1 StaticDependenciesID=cc2793115e44bd5d8945e310820f469a 
Number of updated asset objects reloaded before import = 0
Number of asset objects unloaded after import = 0
========================================================================
Received Import Request.
  Time of request: 2026-10-01T17:00:50.063595Z
  Time since last request: 0.0002759 seconds.
  importAddress: GUID: fd38ef4911274f9987bb1282281fa3df - Path: Packages/com.unity.collab-proxy/Editor/LaunchPackageManager.cs - Importer: ScriptedImporter/UnityEditor.QuickSearchModule:UnityEditor.Search:ASIAI0B
Importing 'GUID: fd38ef4911274f9987bb1282281fa3df - Path: Packages/com.unity.collab-proxy/Editor/LaunchPackageManager.cs - Importer: ScriptedImporter/UnityEditor.QuickSearchModule:UnityEditor.Search:ASIAI0B' with importer (ScriptedImporter : UnityEditor.QuickSearchModule:UnityEditor.Search:ASIAI0B)
Imported 'GUID: fd38ef4911274f9987bb1282281fa3df' -> (Import Result ID: '45de88ad4af0589eccadf864b1aa508d') in 0.001 seconds [static and dynamic dependencies]. Details - ImportResultOutputID=eb7bd9b8587f4cbb25234e3914e917de DependenciesID=028d0fb4d029aceea1552d6fb70a09ec StaticDependenciesID=6df6f480885e1f2c1fa80714315258c2 
Number of updated asset objects reloaded before import = 0
Number of asset objects unloaded after import = 0
========================================================================
Received Import Request.
  Time of request: 2026-10-01T17:00:50.0715359Z
  Time since last request: 0.0002197 seconds.
  importAddress: GUID: 193169bf9ce845319ec19a5beb1f3afb - Path: Packages/com.unity.collab-proxy/Editor/RecommendToEnableManualCheckout.cs - Importer: ScriptedImporter/UnityEditor.QuickSearchModule:UnityEditor.Search:ASIAI0B
Importing 'GUID: 193169bf9ce845319ec19a5beb1f3afb - Path: Packages/com.unity.collab-proxy/Editor/RecommendToEnableManualCheckout.cs - Importer: ScriptedImporter/UnityEditor.QuickSearchModule:UnityEditor.Search:ASIAI0B' with importer (ScriptedImporter : UnityEditor.QuickSearchModule:UnityEditor.Search:ASIAI0B)
Imported 'GUID: 193169bf9ce845319ec19a5beb1f3afb' -> (Import Result ID: '45e769f2ba6b792c5fbfc8c8180677db') in 0.001 seconds [static and dynamic dependencies]. Details - ImportResultOutputID=d9038e9eb6fb28c3a99457dc651719c9 DependenciesID=a59d281f7045ae2996562d60a46e3807 StaticDependenciesID=b18d39a65b3281ae356bdc4ee7a81cda 
Number of updated asset objects reloaded before import = 0
Number of asset objects unloaded after import = 0
========================================================================
Received Import Request.
  Time of request: 2026-10-01T17:00:50.0788304Z
  Time since last request: 0.000211 seconds.
  importAddress: GUID: 12c73b1c758dc2d43adb107dadd988da - Path: Packages/com.unity.collab-proxy/Editor/UVCSPluginIsEnabledPreference.cs - Importer: ScriptedImporter/UnityEditor.QuickSearchModule:UnityEditor.Search:ASIAI0B
Importing 'GUID: 12c73b1c758dc2d43adb107dadd988da - Path: Packages/com.unity.collab-proxy/Editor/UVCSPluginIsEnabledPreference.cs - Importer: ScriptedImporter/UnityEditor.QuickSearchModule:UnityEditor.Search:ASIAI0B' with importer (ScriptedImporter : UnityEditor.QuickSearchModule:UnityEditor.Search:ASIAI0B)
Imported 'GUID: 12c73b1c758dc2d43adb107dadd988da' -> (Import Result ID: '3b61564e7b3164bb8657159370807554') in 0.002 seconds [static and dynamic dependencies]. Details - ImportResultOutputID=de631fa39c7fbe6c11cf5ffb1bbc48df DependenciesID=3ec4add012e00dc4237ad664a340a451 StaticDependenciesID=c197cecbc3d79277a9544bffc2ce444a 
Number of updated asset objects reloaded before import = 0
Number of asset objects unloaded after import = 0
========================================================================
Received Import Request.
  Time of request: 2026-10-01T17:00:50.0871366Z
  Time since last request: 0.0002996 seconds.
  importAddress: GUID: 52a2c019761d4f74ea3dbdaa0d889673 - Path: Packages/com.unity.collab-proxy/LICENSE.md - Importer: ScriptedImporter/UnityEditor.QuickSearchModule:UnityEditor.Search:ASIAI0B
Importing 'GUID: 52a2c019761d4f74ea3dbdaa0d889673 - Path: Packages/com.unity.collab-proxy/LICENSE.md - Importer: ScriptedImporter/UnityEditor.QuickSearchModule:UnityEditor.Search:ASIAI0B' with importer (ScriptedImporter : UnityEditor.QuickSearchModule:UnityEditor.Search:ASIAI0B)
Imported 'GUID: 52a2c019761d4f74ea3dbdaa0d889673' -> (Import Result ID: '47c1403bce42844f592db49125728054') in 0.002 seconds [static and dynamic dependencies]. Details - ImportResultOutputID=e53fe5d7ba086005a98e1e7d58659bc9 DependenciesID=2e21abc4b1056cbb6ccf83481fd15e9b StaticDependenciesID=e22d78d1ceba337b4f70d71dc85c5412 
Number of updated asset objects reloaded before import = 0
Number of asset objects unloaded after import = 1
========================================================================
Received Import Request.
  Time of request: 2026-10-01T17:00:50.0954409Z
  Time since last request: 0.0002892 seconds.
  importAddress: GUID: d840e39b62104a49b973d5503477c555 - Path: Packages/com.unity.collab-proxy/Editor/OrganizationsInformation.cs - Importer: ScriptedImporter/UnityEditor.QuickSearchModule:UnityEditor.Search:ASIAI0B
Importing 'GUID: d840e39b62104a49b973d5503477c555 - Path: Packages/com.unity.collab-proxy/Editor/OrganizationsInformation.cs - Importer: ScriptedImporter/UnityEditor.QuickSearchModule:UnityEditor.Search:ASIAI0B' with importer (ScriptedImporter : UnityEditor.QuickSearchModule:UnityEditor.Search:ASIAI0B)
Imported 'GUID: d840e39b62104a49b973d5503477c555' -> (Import Result ID: '3db276fa45cb41d997da8436d64538ad') in 0.001 seconds [static and dynamic dependencies]. Details - ImportResultOutputID=60960a0e77d982f0175ff5ef267839ab DependenciesID=014a407ba375930c209b076379cb9a8f StaticDependenciesID=b98e340bbd2f48dfd831fb0185a6767d 
Number of updated asset objects reloaded before import = 0
Number of asset objects unloaded after import = 0
========================================================================
Received Import Request.
  Time of request: 2026-10-01T17:00:50.1031066Z
  Time since last request: 0.000286 seconds.
  importAddress: GUID: 1e089ef91cc04ecda860ed0dda02a46f - Path: Packages/com.unity.collab-proxy/Editor/QueryVisualElementsExtensions.cs - Importer: ScriptedImporter/UnityEditor.QuickSearchModule:UnityEditor.Search:ASIAI0B
Importing 'GUID: 1e089ef91cc04ecda860ed0dda02a46f - Path: Packages/com.unity.collab-proxy/Editor/QueryVisualElementsExtensions.cs - Importer: ScriptedImporter/UnityEditor.QuickSearchModule:UnityEditor.Search:ASIAI0B' with importer (ScriptedImporter : UnityEditor.QuickSearchModule:UnityEditor.Search:ASIAI0B)
Imported 'GUID: 1e089ef91cc04ecda860ed0dda02a46f' -> (Import Result ID: '574f8a4049029acb492bc320859773c1') in 0.002 seconds [static and dynamic dependencies]. Details - ImportResultOutputID=6097a41a348b49a91d6742e08e44c237 DependenciesID=57f7c929b621a12a093faa06a3172f84 StaticDependenciesID=cea9f67f5b50001ebc988eabdb2c84f4 
Number of updated asset objects reloaded before import = 0
Number of asset objects unloaded after import = 0
========================================================================
Received Import Request.
  Time of request: 2026-10-01T17:00:50.1109425Z
  Time since last request: 0.0002557 seconds.
  importAddress: GUID: 727a75301c3d24613a3ebcec4a24c2c8 - Path: Assets/TutorialInfo/Icons/URP.png - Importer: ScriptedImporter/UnityEditor.QuickSearchModule:UnityEditor.Search:ASIAI0B
Importing 'GUID: 727a75301c3d24613a3ebcec4a24c2c8 - Path: Assets/TutorialInfo/Icons/URP.png - Importer: ScriptedImporter/UnityEditor.QuickSearchModule:UnityEditor.Search:ASIAI0B' with importer (ScriptedImporter : UnityEditor.QuickSearchModule:UnityEditor.Search:ASIAI0B)
Imported 'GUID: 727a75301c3d24613a3ebcec4a24c2c8' -> (Import Result ID: 'a2f3e7e6c1c96ac4905fc3d8122adece') in 0.035 seconds [static and dynamic dependencies]. Details - ImportResultOutputID=2e01fd1b13d6f562905a73aeb20f4c6f DependenciesID=3bca38c9574c8d6d37ea2bdc11a679bc StaticDependenciesID=b4263074613837617e94928885a17057 
Number of updated asset objects reloaded before import = 0
Number of asset objects unloaded after import = 1
========================================================================
Received Import Request.
  Time of request: 2026-10-01T17:00:50.1524488Z
  Time since last request: 0.0002463 seconds.
  importAddress: GUID: d34814c3809c4b6a9d1514a2ec97f38b - Path: Packages/com.unity.collab-proxy/Editor/AppDomainHandler.cs - Importer: ScriptedImporter/UnityEditor.QuickSearchModule:UnityEditor.Search:ASIAI0B
Importing 'GUID: d34814c3809c4b6a9d1514a2ec97f38b - Path: Packages/com.unity.collab-proxy/Editor/AppDomainHandler.cs - Importer: ScriptedImporter/UnityEditor.QuickSearchModule:UnityEditor.Search:ASIAI0B' with importer (ScriptedImporter : UnityEditor.QuickSearchModule:UnityEditor.Search:ASIAI0B)
Imported 'GUID: d34814c3809c4b6a9d1514a2ec97f38b' -> (Import Result ID: '6380c0b2505502ee5bdfbc860164b03c') in 0.002 seconds [static and dynamic dependencies]. Details - ImportResultOutputID=9b4a63982bd7367c20e5f9454082e3a5 DependenciesID=26eec130a07810a2232261086f7e525f StaticDependenciesID=e41d6859d24a2cd9a90bb765aa5891e3 
Number of updated asset objects reloaded before import = 0
Number of asset objects unloaded after import = 0
========================================================================
Received Import Request.
  Time of request: 2026-10-01T17:00:50.1605198Z
  Time since last request: 0.0002845 seconds.
  importAddress: GUID: d50ac3212a7ff5a4795bf609a2a20350 - Path: Packages/com.unity.collab-proxy/Editor/AssemblyInfo.cs - Importer: ScriptedImporter/UnityEditor.QuickSearchModule:UnityEditor.Search:ASIAI0B
Importing 'GUID: d50ac3212a7ff5a4795bf609a2a20350 - Path: Packages/com.unity.collab-proxy/Editor/AssemblyInfo.cs - Importer: ScriptedImporter/UnityEditor.QuickSearchModule:UnityEditor.Search:ASIAI0B' with importer (ScriptedImporter : UnityEditor.QuickSearchModule:UnityEditor.Search:ASIAI0B)
Imported 'GUID: d50ac3212a7ff5a4795bf609a2a20350' -> (Import Result ID: '111831c3ec26bf9fb7d45a6b031532d7') in 0.002 seconds [static and dynamic dependencies]. Details - ImportResultOutputID=64bdfcb84c0e40e7c6f3965678c5ad7c DependenciesID=19bc882e0fb22464b2247e1a943e00d6 StaticDependenciesID=0db0e0f488d20a223ae86da057a86ac2 
Number of updated asset objects reloaded before import = 0
Number of asset objects unloaded after import = 0
========================================================================
Received Import Request.
  Time of request: 2026-10-01T17:00:50.1687181Z
  Time since last request: 0.0002001 seconds.
  importAddress: GUID: 10fc4df2da32a41aaa32d77bc913491c - Path: Assets/Settings/SampleSceneProfile.asset - Importer: ScriptedImporter/UnityEditor.QuickSearchModule:UnityEditor.Search:ASIAI0B
Importing 'GUID: 10fc4df2da32a41aaa32d77bc913491c - Path: Assets/Settings/SampleSceneProfile.asset - Importer: ScriptedImporter/UnityEditor.QuickSearchModule:UnityEditor.Search:ASIAI0B' with importer (ScriptedImporter : UnityEditor.QuickSearchModule:UnityEditor.Search:ASIAI0B)
Imported 'GUID: 10fc4df2da32a41aaa32d77bc913491c' -> (Import Result ID: 'bdff8c70ac07a61ba089c08f4d5cf0e2') in 0.008 seconds [static and dynamic dependencies]. Details - ImportResultOutputID=5a97c9522be7e603e50042aea8a49f9b DependenciesID=86efe102bdfde8368560e6b310d0d279 StaticDependenciesID=03e0f380d0e013659de1fcd7c5e3a151 
Number of updated asset objects reloaded before import = 0
Number of asset objects unloaded after import = 1
========================================================================
Received Import Request.
  Time of request: 2026-10-01T17:00:50.1832707Z
  Time since last request: 0.0002196 seconds.
  importAddress: GUID: 052faaac586de48259a63d0c4782560b - Path: Assets/InputSystem_Actions.inputactions - Importer: ScriptedImporter/UnityEditor.QuickSearchModule:UnityEditor.Search:ASIAI0B
Importing 'GUID: 052faaac586de48259a63d0c4782560b - Path: Assets/InputSystem_Actions.inputactions - Importer: ScriptedImporter/UnityEditor.QuickSearchModule:UnityEditor.Search:ASIAI0B' with importer (ScriptedImporter : UnityEditor.QuickSearchModule:UnityEditor.Search:ASIAI0B)
Imported 'GUID: 052faaac586de48259a63d0c4782560b' -> (Import Result ID: 'a8bcf98963e6742ae62ceb4c74cc7086') in 0.024 seconds [static and dynamic dependencies]. Details - ImportResultOutputID=b2a17eb2549b65409573d36d8e07ee8e DependenciesID=f216073a5120e1ce3126e2f3316764d1 StaticDependenciesID=772591a7b1a1ac02a381f5a45d64a787 
Number of updated asset objects reloaded before import = 0
Number of asset objects unloaded after import = 22
========================================================================
Received Import Request.
  Time of request: 2026-10-01T17:00:50.2128155Z
  Time since last request: 0.0001687 seconds.
  importAddress: GUID: 8e956137d866cfc4797b1830930ed57e - Path: Packages/com.unity.collab-proxy/Editor/ExternalLink.cs - Importer: ScriptedImporter/UnityEditor.QuickSearchModule:UnityEditor.Search:ASIAI0B
Importing 'GUID: 8e956137d866cfc4797b1830930ed57e - Path: Packages/com.unity.collab-proxy/Editor/ExternalLink.cs - Importer: ScriptedImporter/UnityEditor.QuickSearchModule:UnityEditor.Search:ASIAI0B' with importer (ScriptedImporter : UnityEditor.QuickSearchModule:UnityEditor.Search:ASIAI0B)
Imported 'GUID: 8e956137d866cfc4797b1830930ed57e' -> (Import Result ID: 'f0afab06b134a3887a0db2ba60a727b8') in 0.004 seconds [static and dynamic dependencies]. Details - ImportResultOutputID=57dc58d8f37c8bc4deb5807731b147bb DependenciesID=051608f8f30f7f710ea3365a19dd33ed StaticDependenciesID=a4ad28f5017e4ef5441548d236500a93 
Number of updated asset objects reloaded before import = 0
Number of asset objects unloaded after import = 0
========================================================================
Received Import Request.
  Time of request: 2026-10-01T17:00:50.2235864Z
  Time since last request: 0.0004038 seconds.
  importAddress: GUID: f032fd1e0068a2642abd4fe8e1fd4241 - Path: Packages/com.unity.collab-proxy/Editor/EnumExtensions.cs - Importer: ScriptedImporter/UnityEditor.QuickSearchModule:UnityEditor.Search:ASIAI0B
Importing 'GUID: f032fd1e0068a2642abd4fe8e1fd4241 - Path: Packages/com.unity.collab-proxy/Editor/EnumExtensions.cs - Importer: ScriptedImporter/UnityEditor.QuickSearchModule:UnityEditor.Search:ASIAI0B' with importer (ScriptedImporter : UnityEditor.QuickSearchModule:UnityEditor.Search:ASIAI0B)
Imported 'GUID: f032fd1e0068a2642abd4fe8e1fd4241' -> (Import Result ID: '11ee73ee93fb38c14f223010221013db') in 0.001 seconds [static and dynamic dependencies]. Details - ImportResultOutputID=df690409efd35f7263a1ff436790be68 DependenciesID=0e9d9d74ba5e84e0277e6df7171085e6 StaticDependenciesID=0a5a6ffa7df650d84fff626efc0a2dae 
Number of updated asset objects reloaded before import = 0
Number of asset objects unloaded after import = 0
========================================================================
Received Import Request.
  Time of request: 2026-10-01T17:00:50.2311423Z
  Time since last request: 0.0002348 seconds.
  importAddress: GUID: 8c0d4be4ea44a684d957cde781ecb6cc - Path: Packages/com.unity.collab-proxy/Editor/MetaPath.cs - Importer: ScriptedImporter/UnityEditor.QuickSearchModule:UnityEditor.Search:ASIAI0B
Importing 'GUID: 8c0d4be4ea44a684d957cde781ecb6cc - Path: Packages/com.unity.collab-proxy/Editor/MetaPath.cs - Importer: ScriptedImporter/UnityEditor.QuickSearchModule:UnityEditor.Search:ASIAI0B' with importer (ScriptedImporter : UnityEditor.QuickSearchModule:UnityEditor.Search:ASIAI0B)
Imported 'GUID: 8c0d4be4ea44a684d957cde781ecb6cc' -> (Import Result ID: '08f1117df6f457aef8ba37fdec52a569') in 0.002 seconds [static and dynamic dependencies]. Details - ImportResultOutputID=9d1fbe78f90522b89641f370681f794e DependenciesID=8e4a52c43ef7917d3f96d863f197d1cb StaticDependenciesID=22bda3630dabfba2820850754dfbfb62 
Number of updated asset objects reloaded before import = 0
Number of asset objects unloaded after import = 0
========================================================================
Received Import Request.
  Time of request: 2026-10-01T17:00:50.2383823Z
  Time since last request: 0.0002259 seconds.
  importAddress: GUID: 5e6cbd92db86f4b18aec3ed561671858 - Path: Assets/Settings/Mobile_RPAsset.asset - Importer: ScriptedImporter/UnityEditor.QuickSearchModule:UnityEditor.Search:ASIAI0B
Importing 'GUID: 5e6cbd92db86f4b18aec3ed561671858 - Path: Assets/Settings/Mobile_RPAsset.asset - Importer: ScriptedImporter/UnityEditor.QuickSearchModule:UnityEditor.Search:ASIAI0B' with importer (ScriptedImporter : UnityEditor.QuickSearchModule:UnityEditor.Search:ASIAI0B)
Imported 'GUID: 5e6cbd92db86f4b18aec3ed561671858' -> (Import Result ID: '6fdabbf1d7cb7c76c02ff55b8226cde5') in 0.027 seconds [static and dynamic dependencies]. Details - ImportResultOutputID=530073abbfd59a755fdf1ec7754bf786 DependenciesID=ba11a9e71a3c5098815ec915418fa466 StaticDependenciesID=6e94376bd46e5c26849f4221ba178023 
Number of updated asset objects reloaded before import = 0
Number of asset objects unloaded after import = 2
========================================================================
Received Import Request.
  Time of request: 2026-10-01T17:00:50.2710475Z
  Time since last request: 0.0001824 seconds.
  importAddress: GUID: 18dc0cd2c080841dea60987a38ce93fa - Path: Assets/Settings/UniversalRenderPipelineGlobalSettings.asset - Importer: ScriptedImporter/UnityEditor.QuickSearchModule:UnityEditor.Search:ASIAI0B
Importing 'GUID: 18dc0cd2c080841dea60987a38ce93fa - Path: Assets/Settings/UniversalRenderPipelineGlobalSettings.asset - Importer: ScriptedImporter/UnityEditor.QuickSearchModule:UnityEditor.Search:ASIAI0B' with importer (ScriptedImporter : UnityEditor.QuickSearchModule:UnityEditor.Search:ASIAI0B)
Imported 'GUID: 18dc0cd2c080841dea60987a38ce93fa' -> (Import Result ID: '89ebc2139a47d39b73f5ff91293cb1e9') in 0.046 seconds [static and dynamic dependencies]. Details - ImportResultOutputID=901cd5cd690f9e343fa2a7b17cd38953 DependenciesID=bc69d8e7fcda9a2671137e656704f6fa StaticDependenciesID=89565bb80d6d257449062a9469851a7b 
Number of updated asset objects reloaded before import = 0
Number of asset objects unloaded after import = 1
========================================================================
Received Import Request.
  Time of request: 2026-10-01T17:00:50.322945Z
  Time since last request: 0.0002647 seconds.
  importAddress: GUID: 608f66b5adac272459273ddaf3e4db5d - Path: Packages/com.unity.collab-proxy/Editor/PlasticApp.cs - Importer: ScriptedImporter/UnityEditor.QuickSearchModule:UnityEditor.Search:ASIAI0B
Importing 'GUID: 608f66b5adac272459273ddaf3e4db5d - Path: Packages/com.unity.collab-proxy/Editor/PlasticApp.cs - Importer: ScriptedImporter/UnityEditor.QuickSearchModule:UnityEditor.Search:ASIAI0B' with importer (ScriptedImporter : UnityEditor.QuickSearchModule:UnityEditor.Search:ASIAI0B)
Imported 'GUID: 608f66b5adac272459273ddaf3e4db5d' -> (Import Result ID: '78c849ef602cab557d229b1c4aaed7f5') in 0.002 seconds [static and dynamic dependencies]. Details - ImportResultOutputID=9bc5e2570c692069b64d316ad28c34cc DependenciesID=1f2fcd0289edf3f07a0c67b57f2d11e8 StaticDependenciesID=64b963301a5f48e6012f21b3baf06c08 
Number of updated asset objects reloaded before import = 0
Number of asset objects unloaded after import = 0
========================================================================
Received Import Request.
  Time of request: 2026-10-01T17:00:50.3310895Z
  Time since last request: 0.0002634 seconds.
  importAddress: GUID: fcf7219bab7fe46a1ad266029b2fee19 - Path: Assets/TutorialInfo/Readme.cs - Importer: ScriptedImporter/UnityEditor.QuickSearchModule:UnityEditor.Search:ASIAI0B
Importing 'GUID: fcf7219bab7fe46a1ad266029b2fee19 - Path: Assets/TutorialInfo/Readme.cs - Importer: ScriptedImporter/UnityEditor.QuickSearchModule:UnityEditor.Search:ASIAI0B' with importer (ScriptedImporter : UnityEditor.QuickSearchModule:UnityEditor.Search:ASIAI0B)
Imported 'GUID: fcf7219bab7fe46a1ad266029b2fee19' -> (Import Result ID: '7818de5cae140cb4e30e6ef2a83392dc') in 0.001 seconds [static and dynamic dependencies]. Details - ImportResultOutputID=b5a5ba47e50195a97e0f244b1426d69c DependenciesID=00dec7e4fbbf34678d60eb7f044645e4 StaticDependenciesID=08c5416f75f0e9bee8e4847cbaf69e87 
Number of updated asset objects reloaded before import = 0
Number of asset objects unloaded after import = 0
========================================================================
Received Import Request.
  Time of request: 2026-10-01T17:00:50.3383586Z
  Time since last request: 0.0002627 seconds.
  importAddress: GUID: 743fda8c4b219c8429fb5a77ede1c879 - Path: Packages/com.unity.collab-proxy/package.json - Importer: ScriptedImporter/UnityEditor.QuickSearchModule:UnityEditor.Search:ASIAI0B
Importing 'GUID: 743fda8c4b219c8429fb5a77ede1c879 - Path: Packages/com.unity.collab-proxy/package.json - Importer: ScriptedImporter/UnityEditor.QuickSearchModule:UnityEditor.Search:ASIAI0B' with importer (ScriptedImporter : UnityEditor.QuickSearchModule:UnityEditor.Search:ASIAI0B)
Imported 'GUID: 743fda8c4b219c8429fb5a77ede1c879' -> (Import Result ID: '2ccb641496128fb75dc5ba43a269b4ab') in 0.002 seconds [static and dynamic dependencies]. Details - ImportResultOutputID=8b68d463ce2b7053f3bd1383a928753f DependenciesID=0837e7c0fd73c7b9ae8d3e26a41e7673 StaticDependenciesID=4439f4fce8b241967fd9e715a9c47b9c 
Number of updated asset objects reloaded before import = 0
Number of asset objects unloaded after import = 1
========================================================================
Received Import Request.
  Time of request: 2026-10-01T17:00:50.3463686Z
  Time since last request: 0.0001843 seconds.
  importAddress: GUID: 40771e457c113c441b7ec6c975584675 - Path: Packages/com.unity.collab-proxy/Editor/PackageInfo.cs - Importer: ScriptedImporter/UnityEditor.QuickSearchModule:UnityEditor.Search:ASIAI0B
Importing 'GUID: 40771e457c113c441b7ec6c975584675 - Path: Packages/com.unity.collab-proxy/Editor/PackageInfo.cs - Importer: ScriptedImporter/UnityEditor.QuickSearchModule:UnityEditor.Search:ASIAI0B' with importer (ScriptedImporter : UnityEditor.QuickSearchModule:UnityEditor.Search:ASIAI0B)
Imported 'GUID: 40771e457c113c441b7ec6c975584675' -> (Import Result ID: '242e3cb2be780d685d38390f0b4dc220') in 0.001 seconds [static and dynamic dependencies]. Details - ImportResultOutputID=c6b79d5c9b2e13488bfa012c19f12607 DependenciesID=9bba7ca2ae9f739d3e75d6c5b3ed7346 StaticDependenciesID=bb38d98f598c6e0924bab5bfa9471e3c 
Number of updated asset objects reloaded before import = 0
Number of asset objects unloaded after import = 0
========================================================================
Received Import Request.
  Time of request: 2026-10-01T17:00:50.3536164Z
  Time since last request: 0.0002495 seconds.
  importAddress: GUID: aebdb56b44622b2468b014e27e5e28e5 - Path: Packages/com.unity.collab-proxy/Editor/UVCSPlugin.cs - Importer: ScriptedImporter/UnityEditor.QuickSearchModule:UnityEditor.Search:ASIAI0B
Importing 'GUID: aebdb56b44622b2468b014e27e5e28e5 - Path: Packages/com.unity.collab-proxy/Editor/UVCSPlugin.cs - Importer: ScriptedImporter/UnityEditor.QuickSearchModule:UnityEditor.Search:ASIAI0B' with importer (ScriptedImporter : UnityEditor.QuickSearchModule:UnityEditor.Search:ASIAI0B)
Imported 'GUID: aebdb56b44622b2468b014e27e5e28e5' -> (Import Result ID: 'd279ce93fc12cb48da05e5a3680ff563') in 0.001 seconds [static and dynamic dependencies]. Details - ImportResultOutputID=d1472f436196953f5833c0546eea5de2 DependenciesID=bb722c41e0321677c061b3b357010e51 StaticDependenciesID=203c850adcd83f7ec448072f207d1403 
Number of updated asset objects reloaded before import = 0
Number of asset objects unloaded after import = 0
========================================================================
Received Import Request.
  Time of request: 2026-10-01T17:00:50.3609705Z
  Time since last request: 0.0002551 seconds.
  importAddress: GUID: d7ab4771a00b0cc4ab99301fc356de49 - Path: Packages/com.unity.collab-proxy/Editor/ProjectLoadedCounter.cs - Importer: ScriptedImporter/UnityEditor.QuickSearchModule:UnityEditor.Search:ASIAI0B
Importing 'GUID: d7ab4771a00b0cc4ab99301fc356de49 - Path: Packages/com.unity.collab-proxy/Editor/ProjectLoadedCounter.cs - Importer: ScriptedImporter/UnityEditor.QuickSearchModule:UnityEditor.Search:ASIAI0B' with importer (ScriptedImporter : UnityEditor.QuickSearchModule:UnityEditor.Search:ASIAI0B)
Imported 'GUID: d7ab4771a00b0cc4ab99301fc356de49' -> (Import Result ID: '1328f5418184c402d1039691c20e0f61') in 0.002 seconds [static and dynamic dependencies]. Details - ImportResultOutputID=f1f8013668ab5f70121cd050abe6c934 DependenciesID=7ec7839c549567c8f996c1cbad022b1e StaticDependenciesID=af32458d06905e2452fb962cd619eb99 
Number of updated asset objects reloaded before import = 0
Number of asset objects unloaded after import = 0
========================================================================
Received Import Request.
  Time of request: 2026-10-01T17:00:50.3818856Z
  Time since last request: 0.0126751 seconds.
  importAddress: GUID: 9874d2fcd73d40b6940619e9cd482ad4 - Path: Packages/com.unity.collab-proxy/Editor/AssetMenu/ProjectViewCloudDriveAssetMenu.cs - Importer: ScriptedImporter/UnityEditor.QuickSearchModule:UnityEditor.Search:ASIAI0B
Importing 'GUID: 9874d2fcd73d40b6940619e9cd482ad4 - Path: Packages/com.unity.collab-proxy/Editor/AssetMenu/ProjectViewCloudDriveAssetMenu.cs - Importer: ScriptedImporter/UnityEditor.QuickSearchModule:UnityEditor.Search:ASIAI0B' with importer (ScriptedImporter : UnityEditor.QuickSearchModule:UnityEditor.Search:ASIAI0B)
Imported 'GUID: 9874d2fcd73d40b6940619e9cd482ad4' -> (Import Result ID: '9bd91778f7862ec2ae29b180782c4f64') in 0.001 seconds [static and dynamic dependencies]. Details - ImportResultOutputID=0931fdaf5130f3c32aa870a7fb55886b DependenciesID=431ccdb7f18c57d6eceae6c7ba9bf3c8 StaticDependenciesID=20f92651ed6be08c66d63824ecc43f4c 
Number of updated asset objects reloaded before import = 0
Number of asset objects unloaded after import = 0
========================================================================
Received Import Request.
  Time of request: 2026-10-01T17:00:50.3889165Z
  Time since last request: 0.0003011 seconds.
  importAddress: GUID: 332442c8f4f7b1943bb9e12fc97356e4 - Path: Packages/com.unity.collab-proxy/Editor/Configuration/WriteLogConfiguration.cs - Importer: ScriptedImporter/UnityEditor.QuickSearchModule:UnityEditor.Search:ASIAI0B
Importing 'GUID: 332442c8f4f7b1943bb9e12fc97356e4 - Path: Packages/com.unity.collab-proxy/Editor/Configuration/WriteLogConfiguration.cs - Importer: ScriptedImporter/UnityEditor.QuickSearchModule:UnityEditor.Search:ASIAI0B' with importer (ScriptedImporter : UnityEditor.QuickSearchModule:UnityEditor.Search:ASIAI0B)
Imported 'GUID: 332442c8f4f7b1943bb9e12fc97356e4' -> (Import Result ID: '84805b58dacc91cdbb0a3c64ac8cef21') in 0.002 seconds [static and dynamic dependencies]. Details - ImportResultOutputID=a35c29f63601a76d80ec19aecc3ef4f1 DependenciesID=a38bdb587a204a7211560a6b67b566c0 StaticDependenciesID=7fd66759e366603b7d1e6ea28be90189 
Number of updated asset objects reloaded before import = 0
Number of asset objects unloaded after import = 0
========================================================================
Received Import Request.
  Time of request: 2026-10-01T17:00:50.3970509Z
  Time since last request: 0.0002015 seconds.
  importAddress: GUID: dc0cbec450c3bd54eb12276dcfdc27d3 - Path: Packages/com.unity.collab-proxy/Editor/Developer/GenericProgress.cs - Importer: ScriptedImporter/UnityEditor.QuickSearchModule:UnityEditor.Search:ASIAI0B
Importing 'GUID: dc0cbec450c3bd54eb12276dcfdc27d3 - Path: Packages/com.unity.collab-proxy/Editor/Developer/GenericProgress.cs - Importer: ScriptedImporter/UnityEditor.QuickSearchModule:UnityEditor.Search:ASIAI0B' with importer (ScriptedImporter : UnityEditor.QuickSearchModule:UnityEditor.Search:ASIAI0B)
Imported 'GUID: dc0cbec450c3bd54eb12276dcfdc27d3' -> (Import Result ID: '9d256345e76851fea856837209ba06be') in 0.001 seconds [static and dynamic dependencies]. Details - ImportResultOutputID=82ff58bf54ad32ea46c63cf8345934ee DependenciesID=b060b48344cb4e672e2b1e2b77c45e73 StaticDependenciesID=aa197429c30b2e43fc6b147d4d0f8688 
Number of updated asset objects reloaded before import = 0
Number of asset objects unloaded after import = 0
========================================================================
Received Import Request.
  Time of request: 2026-10-01T17:00:50.4050866Z
  Time since last request: 0.0002594 seconds.
  importAddress: GUID: f7ff74c84c0f48718770726c160f6689 - Path: Packages/com.unity.collab-proxy/Editor/XxHash128HashingAlgorithm.cs - Importer: ScriptedImporter/UnityEditor.QuickSearchModule:UnityEditor.Search:ASIAI0B
Importing 'GUID: f7ff74c84c0f48718770726c160f6689 - Path: Packages/com.unity.collab-proxy/Editor/XxHash128HashingAlgorithm.cs - Importer: ScriptedImporter/UnityEditor.QuickSearchModule:UnityEditor.Search:ASIAI0B' with importer (ScriptedImporter : UnityEditor.QuickSearchModule:UnityEditor.Search:ASIAI0B)
Imported 'GUID: f7ff74c84c0f48718770726c160f6689' -> (Import Result ID: '9b671a0b7ae50fdc1b875e5c75bc9250') in 0.001 seconds [static and dynamic dependencies]. Details - ImportResultOutputID=d9e6a07346ae7caaea27782f989373f7 DependenciesID=3bd431a43d513183f996be0f5d25c4e9 StaticDependenciesID=1080fe52a5d893d07ec2fcc9337bfe6a 
Number of updated asset objects reloaded before import = 0
Number of asset objects unloaded after import = 0
========================================================================
Received Import Request.
  Time of request: 2026-10-01T17:00:50.4129032Z
  Time since last request: 0.0002184 seconds.
  importAddress: GUID: b8a49294ba135a2408fd1b26bcda6f97 - Path: Packages/com.unity.collab-proxy/Editor/AssetMenu/ProjectViewAssetSelection.cs - Importer: ScriptedImporter/UnityEditor.QuickSearchModule:UnityEditor.Search:ASIAI0B
Importing 'GUID: b8a49294ba135a2408fd1b26bcda6f97 - Path: Packages/com.unity.collab-proxy/Editor/AssetMenu/ProjectViewAssetSelection.cs - Importer: ScriptedImporter/UnityEditor.QuickSearchModule:UnityEditor.Search:ASIAI0B' with importer (ScriptedImporter : UnityEditor.QuickSearchModule:UnityEditor.Search:ASIAI0B)
Imported 'GUID: b8a49294ba135a2408fd1b26bcda6f97' -> (Import Result ID: 'c80f461937f9d457702542c73c27b112') in 0.002 seconds [static and dynamic dependencies]. Details - ImportResultOutputID=83945478f1ede6231936c2bd64a34f52 DependenciesID=c31cc97caf57b6e563b6bc338c08b80b StaticDependenciesID=1ab7899043d34baeeb9f7d6b43c8ccf4 
Number of updated asset objects reloaded before import = 0
Number of asset objects unloaded after import = 0
========================================================================
Received Import Request.
  Time of request: 2026-10-01T17:00:50.4219696Z
  Time since last request: 0.0002385 seconds.
  importAddress: GUID: 61e6de2fad294475faa26356ebfb7a4d - Path: Packages/com.unity.collab-proxy/Editor/CodeEditor/TextEditorColors.cs - Importer: ScriptedImporter/UnityEditor.QuickSearchModule:UnityEditor.Search:ASIAI0B
Importing 'GUID: 61e6de2fad294475faa26356ebfb7a4d - Path: Packages/com.unity.collab-proxy/Editor/CodeEditor/TextEditorColors.cs - Importer: ScriptedImporter/UnityEditor.QuickSearchModule:UnityEditor.Search:ASIAI0B' with importer (ScriptedImporter : UnityEditor.QuickSearchModule:UnityEditor.Search:ASIAI0B)
Imported 'GUID: 61e6de2fad294475faa26356ebfb7a4d' -> (Import Result ID: '6d3374433768a84dbfb293e37776debb') in 0.002 seconds [static and dynamic dependencies]. Details - ImportResultOutputID=fceb3b7027737ff2bbb12468d81f7591 DependenciesID=1850ef6bc733d576aba036789d4235dc StaticDependenciesID=31793ae8d23b1a3e16052a851d74b4df 
Number of updated asset objects reloaded before import = 0
Number of asset objects unloaded after import = 0
========================================================================
Received Import Request.
  Time of request: 2026-10-01T17:00:50.4293647Z
  Time since last request: 0.0002472 seconds.
  importAddress: GUID: 68f2f2587930106408dd3b00fb4974ff - Path: Packages/com.unity.collab-proxy/Editor/AssetOverlays/DrawHierarchyOverlay.cs - Importer: ScriptedImporter/UnityEditor.QuickSearchModule:UnityEditor.Search:ASIAI0B
Importing 'GUID: 68f2f2587930106408dd3b00fb4974ff - Path: Packages/com.unity.collab-proxy/Editor/AssetOverlays/DrawHierarchyOverlay.cs - Importer: ScriptedImporter/UnityEditor.QuickSearchModule:UnityEditor.Search:ASIAI0B' with importer (ScriptedImporter : UnityEditor.QuickSearchModule:UnityEditor.Search:ASIAI0B)
Imported 'GUID: 68f2f2587930106408dd3b00fb4974ff' -> (Import Result ID: 'aa8235df2eb4b7c81af47a9c8949b39c') in 0.001 seconds [static and dynamic dependencies]. Details - ImportResultOutputID=90f0406a5b90fb39574eb64a3bf1259d DependenciesID=bd2f0cbdb8b6e938cabcbb0f3ee15371 StaticDependenciesID=359e73d6cd8781912e48eb550280392c 
Number of updated asset objects reloaded before import = 0
Number of asset objects unloaded after import = 0
========================================================================
Received Import Request.
  Time of request: 2026-10-01T17:00:50.4370841Z
  Time since last request: 0.0002812 seconds.
  importAddress: GUID: 1686ac2e1d109ed43bf2dec74fed784f - Path: Packages/com.unity.collab-proxy/Editor/AssetMenu/AssetsSelection.cs - Importer: ScriptedImporter/UnityEditor.QuickSearchModule:UnityEditor.Search:ASIAI0B
Importing 'GUID: 1686ac2e1d109ed43bf2dec74fed784f - Path: Packages/com.unity.collab-proxy/Editor/AssetMenu/AssetsSelection.cs - Importer: ScriptedImporter/UnityEditor.QuickSearchModule:UnityEditor.Search:ASIAI0B' with importer (ScriptedImporter : UnityEditor.QuickSearchModule:UnityEditor.Search:ASIAI0B)
Imported 'GUID: 1686ac2e1d109ed43bf2dec74fed784f' -> (Import Result ID: '4ff9dfb92674ad069afcff7ecc5ba1bf') in 0.001 seconds [static and dynamic dependencies]. Details - ImportResultOutputID=babefd238a106610a20900aa6d9c9882 DependenciesID=f006b3cfed58e15caff1390d65198af8 StaticDependenciesID=7b2705d4bfbec6df9fb44f467e4f8fb7 
Number of updated asset objects reloaded before import = 0
Number of asset objects unloaded after import = 0
========================================================================
Received Import Request.
  Time of request: 2026-10-01T17:00:50.4442467Z
  Time since last request: 0.0003222 seconds.
  importAddress: GUID: 6629f1bb292b749a18b5fff7994c8b19 - Path: Packages/com.unity.collab-proxy/Editor/UVCSWindow.cs - Importer: ScriptedImporter/UnityEditor.QuickSearchModule:UnityEditor.Search:ASIAI0B
Importing 'GUID: 6629f1bb292b749a18b5fff7994c8b19 - Path: Packages/com.unity.collab-proxy/Editor/UVCSWindow.cs - Importer: ScriptedImporter/UnityEditor.QuickSearchModule:UnityEditor.Search:ASIAI0B' with importer (ScriptedImporter : UnityEditor.QuickSearchModule:UnityEditor.Search:ASIAI0B)
Imported 'GUID: 6629f1bb292b749a18b5fff7994c8b19' -> (Import Result ID: '77f0fb1d762f2405b44863b21f8d94df') in 0.001 seconds [static and dynamic dependencies]. Details - ImportResultOutputID=0a3af6639b9322b30ac5af491fe0083a DependenciesID=c0fa6572879cfaabacab900d9b494a25 StaticDependenciesID=b11fff5f955ac0c5441ff72110112bc5 
Number of updated asset objects reloaded before import = 0
Number of asset objects unloaded after import = 0
========================================================================
Received Import Request.
  Time of request: 2026-10-01T17:00:50.4525468Z
  Time since last request: 0.000327 seconds.
  importAddress: GUID: 19397b4b199145c5bd9ee8c1c7d5938d - Path: Packages/com.unity.collab-proxy/Editor/AssetMenu/HierarchyViewAssetSelection.cs - Importer: ScriptedImporter/UnityEditor.QuickSearchModule:UnityEditor.Search:ASIAI0B
Importing 'GUID: 19397b4b199145c5bd9ee8c1c7d5938d - Path: Packages/com.unity.collab-proxy/Editor/AssetMenu/HierarchyViewAssetSelection.cs - Importer: ScriptedImporter/UnityEditor.QuickSearchModule:UnityEditor.Search:ASIAI0B' with importer (ScriptedImporter : UnityEditor.QuickSearchModule:UnityEditor.Search:ASIAI0B)
Imported 'GUID: 19397b4b199145c5bd9ee8c1c7d5938d' -> (Import Result ID: 'b6c663bc7d645ca898ea85f8305a012e') in 0.001 seconds [static and dynamic dependencies]. Details - ImportResultOutputID=8304a4ba4884cbac165e638ebbe1a884 DependenciesID=4d747b7c52d3f659c34c8982fd229525 StaticDependenciesID=a8d1f16d0f2eeda3bf82bc7760001878 
Number of updated asset objects reloaded before import = 0
Number of asset objects unloaded after import = 0
========================================================================
Received Import Request.
  Time of request: 2026-10-01T17:00:50.4592295Z
  Time since last request: 0.0001967 seconds.
  importAddress: GUID: 7f1a149716724cc38b048572976de769 - Path: Packages/com.unity.collab-proxy/Editor/CodeEditor/ICodeEditorSettingsChangeListener.cs - Importer: ScriptedImporter/UnityEditor.QuickSearchModule:UnityEditor.Search:ASIAI0B
Importing 'GUID: 7f1a149716724cc38b048572976de769 - Path: Packages/com.unity.collab-proxy/Editor/CodeEditor/ICodeEditorSettingsChangeListener.cs - Importer: ScriptedImporter/UnityEditor.QuickSearchModule:UnityEditor.Search:ASIAI0B' with importer (ScriptedImporter : UnityEditor.QuickSearchModule:UnityEditor.Search:ASIAI0B)
Imported 'GUID: 7f1a149716724cc38b048572976de769' -> (Import Result ID: '5cb510247f189cb8ef549b9c0a6ed9a7') in 0.001 seconds [static and dynamic dependencies]. Details - ImportResultOutputID=fbcb52de2547524ba4604429c83d70db DependenciesID=03a8542c7c99df283d47e9a373eb060b StaticDependenciesID=2c57eda47e579e64052fbcdc4e7f2238 
Number of updated asset objects reloaded before import = 0
Number of asset objects unloaded after import = 0
========================================================================
Received Import Request.
  Time of request: 2026-10-01T17:00:50.4661007Z
  Time since last request: 0.0002631 seconds.
  importAddress: GUID: 91f74d588534bef42ac4b919a2ece84a - Path: Packages/com.unity.collab-proxy/Editor/AssetsUtils/LoadAsset.cs - Importer: ScriptedImporter/UnityEditor.QuickSearchModule:UnityEditor.Search:ASIAI0B
Importing 'GUID: 91f74d588534bef42ac4b919a2ece84a - Path: Packages/com.unity.collab-proxy/Editor/AssetsUtils/LoadAsset.cs - Importer: ScriptedImporter/UnityEditor.QuickSearchModule:UnityEditor.Search:ASIAI0B' with importer (ScriptedImporter : UnityEditor.QuickSearchModule:UnityEditor.Search:ASIAI0B)
Imported 'GUID: 91f74d588534bef42ac4b919a2ece84a' -> (Import Result ID: '0c6ab9cba1911fd151b9c4529859d8d4') in 0.001 seconds [static and dynamic dependencies]. Details - ImportResultOutputID=ba93ce069cb5ffb9a69db3fb67a2388a DependenciesID=fe9674c6f9c266de0c5a69d0d198dbca StaticDependenciesID=b26b79b8b471ba6e46065f943fa92752 
Number of updated asset objects reloaded before import = 0
Number of asset objects unloaded after import = 0
========================================================================
Received Import Request.
  Time of request: 2026-10-01T17:00:50.4745229Z
  Time since last request: 0.0002197 seconds.
  importAddress: GUID: 062535eac3e5dd1409b6a50b0d043e2c - Path: Packages/com.unity.collab-proxy/Editor/AssetOverlays/AssetStatus.cs - Importer: ScriptedImporter/UnityEditor.QuickSearchModule:UnityEditor.Search:ASIAI0B
Importing 'GUID: 062535eac3e5dd1409b6a50b0d043e2c - Path: Packages/com.unity.collab-proxy/Editor/AssetOverlays/AssetStatus.cs - Importer: ScriptedImporter/UnityEditor.QuickSearchModule:UnityEditor.Search:ASIAI0B' with importer (ScriptedImporter : UnityEditor.QuickSearchModule:UnityEditor.Search:ASIAI0B)
Imported 'GUID: 062535eac3e5dd1409b6a50b0d043e2c' -> (Import Result ID: 'd2963cfa183c261c4093000048008a49') in 0.001 seconds [static and dynamic dependencies]. Details - ImportResultOutputID=9db6943b0e4cffa34bb0f95c91f4bcdc DependenciesID=55fb5908375fecbcb2066f1e366a257a StaticDependenciesID=fb1e25773d89f5763cbedae09ff2c413 
Number of updated asset objects reloaded before import = 0
Number of asset objects unloaded after import = 0
========================================================================
Received Import Request.
  Time of request: 2026-10-01T17:00:50.4809136Z
  Time since last request: 0.0001979 seconds.
  importAddress: GUID: 7aad121cec1867b4493b3b31bc5c8a26 - Path: Packages/com.unity.collab-proxy/Editor/VCSBuiltInPlugin.cs - Importer: ScriptedImporter/UnityEditor.QuickSearchModule:UnityEditor.Search:ASIAI0B
Importing 'GUID: 7aad121cec1867b4493b3b31bc5c8a26 - Path: Packages/com.unity.collab-proxy/Editor/VCSBuiltInPlugin.cs - Importer: ScriptedImporter/UnityEditor.QuickSearchModule:UnityEditor.Search:ASIAI0B' with importer (ScriptedImporter : UnityEditor.QuickSearchModule:UnityEditor.Search:ASIAI0B)
Imported 'GUID: 7aad121cec1867b4493b3b31bc5c8a26' -> (Import Result ID: 'a4361a1337bf2f83020b61ee23e3ebf7') in 0.001 seconds [static and dynamic dependencies]. Details - ImportResultOutputID=4860c0847c673d4ba094d92c372c0d79 DependenciesID=1544f07bfb0541849e309540f5d93f49 StaticDependenciesID=fbce1b5fb9444776b0139647b61aac32 
Number of updated asset objects reloaded before import = 0
Number of asset objects unloaded after import = 0
========================================================================
Received Import Request.
  Time of request: 2026-10-01T17:00:50.4878374Z
  Time since last request: 0.0002989 seconds.
  importAddress: GUID: 896223e567b01c747b4726ef429e31ea - Path: Packages/com.unity.collab-proxy/Editor/ViewSwitcher.cs - Importer: ScriptedImporter/UnityEditor.QuickSearchModule:UnityEditor.Search:ASIAI0B
Importing 'GUID: 896223e567b01c747b4726ef429e31ea - Path: Packages/com.unity.collab-proxy/Editor/ViewSwitcher.cs - Importer: ScriptedImporter/UnityEditor.QuickSearchModule:UnityEditor.Search:ASIAI0B' with importer (ScriptedImporter : UnityEditor.QuickSearchModule:UnityEditor.Search:ASIAI0B)
Imported 'GUID: 896223e567b01c747b4726ef429e31ea' -> (Import Result ID: '222d1eba395140e0028a60ed73dc6ccf') in 0.001 seconds [static and dynamic dependencies]. Details - ImportResultOutputID=ede670b41950ecdd02be64cc77fda0b8 DependenciesID=ffcc2a5b3b41bcd8cf70843607aa0ace StaticDependenciesID=96311109118e892571d83f6f2a257f94 
Number of updated asset objects reloaded before import = 0
Number of asset objects unloaded after import = 0
========================================================================
Received Import Request.
  Time of request: 2026-10-01T17:00:50.4941139Z
  Time since last request: 0.0002251 seconds.
  importAddress: GUID: 2d63e236b259c9b4c8c5175cb624721f - Path: Packages/com.unity.collab-proxy/Editor/WaitForPendingOperations.cs - Importer: ScriptedImporter/UnityEditor.QuickSearchModule:UnityEditor.Search:ASIAI0B
Importing 'GUID: 2d63e236b259c9b4c8c5175cb624721f - Path: Packages/com.unity.collab-proxy/Editor/WaitForPendingOperations.cs - Importer: ScriptedImporter/UnityEditor.QuickSearchModule:UnityEditor.Search:ASIAI0B' with importer (ScriptedImporter : UnityEditor.QuickSearchModule:UnityEditor.Search:ASIAI0B)
Imported 'GUID: 2d63e236b259c9b4c8c5175cb624721f' -> (Import Result ID: 'a1631c738678c86642c5af6345ead194') in 0.001 seconds [static and dynamic dependencies]. Details - ImportResultOutputID=b2c2b290e96b648dffa940a331b4fd1e DependenciesID=0f0ae23df7cd7ac6d0660d25cf218a22 StaticDependenciesID=51dd58aa0e9f4df1d1a1161486adccdb 
Number of updated asset objects reloaded before import = 0
Number of asset objects unloaded after import = 0
========================================================================
Received Import Request.
  Time of request: 2026-10-01T17:00:50.5007208Z
  Time since last request: 0.0002472 seconds.
  importAddress: GUID: 1a494b476833467f9df3a23e8804595b - Path: Packages/com.unity.collab-proxy/Editor/Assistant/Unity.PlasticSCM.Editor.Assistant.asmdef - Importer: ScriptedImporter/UnityEditor.QuickSearchModule:UnityEditor.Search:ASIAI0B
Importing 'GUID: 1a494b476833467f9df3a23e8804595b - Path: Packages/com.unity.collab-proxy/Editor/Assistant/Unity.PlasticSCM.Editor.Assistant.asmdef - Importer: ScriptedImporter/UnityEditor.QuickSearchModule:UnityEditor.Search:ASIAI0B' with importer (ScriptedImporter : UnityEditor.QuickSearchModule:UnityEditor.Search:ASIAI0B)
Imported 'GUID: 1a494b476833467f9df3a23e8804595b' -> (Import Result ID: '9e2fb70a6fc35ed80599e9c82ef63634') in 0.002 seconds [static and dynamic dependencies]. Details - ImportResultOutputID=7e13cab17ac4187c4113ebdd6b784ce2 DependenciesID=2245f849432ab2f630d5ec5f2b1fdc50 StaticDependenciesID=b7ed80ef50f89bb4ca7f8a617f4db875 
Number of updated asset objects reloaded before import = 0
Number of asset objects unloaded after import = 1
========================================================================
Received Import Request.
  Time of request: 2026-10-01T17:00:50.508207Z
  Time since last request: 0.0003351 seconds.
  importAddress: GUID: a92f7c4434405984a811b4e7c316594e - Path: Packages/com.unity.collab-proxy/Editor/AssetOverlays/DrawAssetOverlayIcon.cs - Importer: ScriptedImporter/UnityEditor.QuickSearchModule:UnityEditor.Search:ASIAI0B
Importing 'GUID: a92f7c4434405984a811b4e7c316594e - Path: Packages/com.unity.collab-proxy/Editor/AssetOverlays/DrawAssetOverlayIcon.cs - Importer: ScriptedImporter/UnityEditor.QuickSearchModule:UnityEditor.Search:ASIAI0B' with importer (ScriptedImporter : UnityEditor.QuickSearchModule:UnityEditor.Search:ASIAI0B)
Imported 'GUID: a92f7c4434405984a811b4e7c316594e' -> (Import Result ID: 'a8d1f154b9f0b5ed2c44beb362f797d1') in 0.001 seconds [static and dynamic dependencies]. Details - ImportResultOutputID=7a3a5abbb3d346172d0e0d5614065be4 DependenciesID=f4a39afcf1b3a22878c03ce1adc9115e StaticDependenciesID=30819f6f56ff2106c7e1d2a79d2e7e09 
Number of updated asset objects reloaded before import = 0
Number of asset objects unloaded after import = 0
========================================================================
Received Import Request.
  Time of request: 2026-10-01T17:00:50.5151782Z
  Time since last request: 0.0003487 seconds.
  importAddress: GUID: 10217cf897d5d554f959f089ba9d38d2 - Path: Packages/com.unity.collab-proxy/Editor/CodeEditor/TextEditorComponent.cs - Importer: ScriptedImporter/UnityEditor.QuickSearchModule:UnityEditor.Search:ASIAI0B
Importing 'GUID: 10217cf897d5d554f959f089ba9d38d2 - Path: Packages/com.unity.collab-proxy/Editor/CodeEditor/TextEditorComponent.cs - Importer: ScriptedImporter/UnityEditor.QuickSearchModule:UnityEditor.Search:ASIAI0B' with importer (ScriptedImporter : UnityEditor.QuickSearchModule:UnityEditor.Search:ASIAI0B)
Imported 'GUID: 10217cf897d5d554f959f089ba9d38d2' -> (Import Result ID: '64850379076983649a209ffd1926bd38') in 0.001 seconds [static and dynamic dependencies]. Details - ImportResultOutputID=6cc34ebcfa8fa6970cfd3c2caf67480c DependenciesID=b8e3ef3519206f6aef05a6a46ebcf185 StaticDependenciesID=8ca2ac007b2afc6ab3e4655776f415ce 
Number of updated asset objects reloaded before import = 0
Number of asset objects unloaded after import = 0
========================================================================
Received Import Request.
  Time of request: 2026-10-01T17:00:50.5219117Z
  Time since last request: 0.0002273 seconds.
  importAddress: GUID: 408f89d90a01494cbef838c7d21449a9 - Path: Packages/com.unity.collab-proxy/Editor/AssetOverlays/AssetOverlay.cs - Importer: ScriptedImporter/UnityEditor.QuickSearchModule:UnityEditor.Search:ASIAI0B
Importing 'GUID: 408f89d90a01494cbef838c7d21449a9 - Path: Packages/com.unity.collab-proxy/Editor/AssetOverlays/AssetOverlay.cs - Importer: ScriptedImporter/UnityEditor.QuickSearchModule:UnityEditor.Search:ASIAI0B' with importer (ScriptedImporter : UnityEditor.QuickSearchModule:UnityEditor.Search:ASIAI0B)
Imported 'GUID: 408f89d90a01494cbef838c7d21449a9' -> (Import Result ID: 'd6b67ea539e5eef44b49bebe9649e168') in 0.002 seconds [static and dynamic dependencies]. Details - ImportResultOutputID=05f16ad7b6daac68287c6a8d23dc980a DependenciesID=6a9959c6bc2b5e354447e011e890b3cf StaticDependenciesID=0eb5e21e0a2ee05f6c7844d38463edd6 
Number of updated asset objects reloaded before import = 0
Number of asset objects unloaded after import = 0
========================================================================
Received Import Request.
  Time of request: 2026-10-01T17:00:50.5290157Z
  Time since last request: 0.000313 seconds.
  importAddress: GUID: f1b80531a496e644abedd795c21274cb - Path: Packages/com.unity.collab-proxy/Editor/Developer/ProgressOperationHandler.cs - Importer: ScriptedImporter/UnityEditor.QuickSearchModule:UnityEditor.Search:ASIAI0B
Importing 'GUID: f1b80531a496e644abedd795c21274cb - Path: Packages/com.unity.collab-proxy/Editor/Developer/ProgressOperationHandler.cs - Importer: ScriptedImporter/UnityEditor.QuickSearchModule:UnityEditor.Search:ASIAI0B' with importer (ScriptedImporter : UnityEditor.QuickSearchModule:UnityEditor.Search:ASIAI0B)
Imported 'GUID: f1b80531a496e644abedd795c21274cb' -> (Import Result ID: '93c5ee5e92d54940e49122c646ce3a76') in 0.001 seconds [static and dynamic dependencies]. Details - ImportResultOutputID=6440f08519b41dd191b2818bce4b2aec DependenciesID=12ac2ab20796d4e95184a091993f8f24 StaticDependenciesID=0b34ceb7e5195b70fec73f82bdf3139c 
Number of updated asset objects reloaded before import = 0
Number of asset objects unloaded after import = 0
========================================================================
Received Import Request.
  Time of request: 2026-10-01T17:00:50.5357916Z
  Time since last request: 0.0002527 seconds.
  importAddress: GUID: 1acfe7cc6c5909f4a954500ea46f9123 - Path: Packages/com.unity.collab-proxy/Editor/CodeEditor/TextViewPosition.cs - Importer: ScriptedImporter/UnityEditor.QuickSearchModule:UnityEditor.Search:ASIAI0B
Importing 'GUID: 1acfe7cc6c5909f4a954500ea46f9123 - Path: Packages/com.unity.collab-proxy/Editor/CodeEditor/TextViewPosition.cs - Importer: ScriptedImporter/UnityEditor.QuickSearchModule:UnityEditor.Search:ASIAI0B' with importer (ScriptedImporter : UnityEditor.QuickSearchModule:UnityEditor.Search:ASIAI0B)
Imported 'GUID: 1acfe7cc6c5909f4a954500ea46f9123' -> (Import Result ID: 'd15249f91ee1d063c9437110440fa791') in 0.001 seconds [static and dynamic dependencies]. Details - ImportResultOutputID=f5a2f6a073d85fd8ab8e37bee925f938 DependenciesID=6b670043c55cdba277a8007cc8a44833 StaticDependenciesID=5297ff0ba19af9eb488fb0801f964459 
Number of updated asset objects reloaded before import = 0
Number of asset objects unloaded after import = 0
========================================================================
Received Import Request.
  Time of request: 2026-10-01T17:00:50.542614Z
  Time since last request: 0.0002748 seconds.
  importAddress: GUID: 7a0528634c1324f47b7e2e59266dfa4c - Path: Packages/com.unity.collab-proxy/Editor/Developer/CheckinProgress.cs - Importer: ScriptedImporter/UnityEditor.QuickSearchModule:UnityEditor.Search:ASIAI0B
Importing 'GUID: 7a0528634c1324f47b7e2e59266dfa4c - Path: Packages/com.unity.collab-proxy/Editor/Developer/CheckinProgress.cs - Importer: ScriptedImporter/UnityEditor.QuickSearchModule:UnityEditor.Search:ASIAI0B' with importer (ScriptedImporter : UnityEditor.QuickSearchModule:UnityEditor.Search:ASIAI0B)
Imported 'GUID: 7a0528634c1324f47b7e2e59266dfa4c' -> (Import Result ID: '8800f27ec0d585af8caf76498d475b11') in 0.001 seconds [static and dynamic dependencies]. Details - ImportResultOutputID=7132b4f91fc0b7e4efe3b9f635153183 DependenciesID=77026e4ca5ebfe09672a97ce3f149bc8 StaticDependenciesID=61db9532dc3d2fc51349263d34d60536 
Number of updated asset objects reloaded before import = 0
Number of asset objects unloaded after import = 0
========================================================================
Received Import Request.
  Time of request: 2026-10-01T17:00:50.5493712Z
  Time since last request: 0.0002342 seconds.
  importAddress: GUID: f32f865aa8b3e3341be18107db54b5cb - Path: Packages/com.unity.collab-proxy/Editor/UVCSToolbarButtonIsShownPreference.cs - Importer: ScriptedImporter/UnityEditor.QuickSearchModule:UnityEditor.Search:ASIAI0B
Importing 'GUID: f32f865aa8b3e3341be18107db54b5cb - Path: Packages/com.unity.collab-proxy/Editor/UVCSToolbarButtonIsShownPreference.cs - Importer: ScriptedImporter/UnityEditor.QuickSearchModule:UnityEditor.Search:ASIAI0B' with importer (ScriptedImporter : UnityEditor.QuickSearchModule:UnityEditor.Search:ASIAI0B)
Imported 'GUID: f32f865aa8b3e3341be18107db54b5cb' -> (Import Result ID: '8bf2974a1fd3fbc418877da77d1bd35e') in 0.001 seconds [static and dynamic dependencies]. Details - ImportResultOutputID=b6df263aebe2baf2d91bf86ce79be367 DependenciesID=396048db557cd165b185dc07431b7f63 StaticDependenciesID=bbb1c386e3612dd1336ed0be1cb6d14a 
Number of updated asset objects reloaded before import = 0
Number of asset objects unloaded after import = 0
========================================================================
Received Import Request.
  Time of request: 2026-10-01T17:00:50.5563554Z
  Time since last request: 0.0002948 seconds.
  importAddress: GUID: b4eb3fe08d1dc86419dee5ddcc40baae - Path: Packages/com.unity.collab-proxy/Editor/AssetMenu/AssetFilesFilterPatternsMenuBuilder.cs - Importer: ScriptedImporter/UnityEditor.QuickSearchModule:UnityEditor.Search:ASIAI0B
Importing 'GUID: b4eb3fe08d1dc86419dee5ddcc40baae - Path: Packages/com.unity.collab-proxy/Editor/AssetMenu/AssetFilesFilterPatternsMenuBuilder.cs - Importer: ScriptedImporter/UnityEditor.QuickSearchModule:UnityEditor.Search:ASIAI0B' with importer (ScriptedImporter : UnityEditor.QuickSearchModule:UnityEditor.Search:ASIAI0B)
Imported 'GUID: b4eb3fe08d1dc86419dee5ddcc40baae' -> (Import Result ID: 'b489bd58c8e8974befbe57bf1311011a') in 0.002 seconds [static and dynamic dependencies]. Details - ImportResultOutputID=84c46022504c0c166a410377d54f5f78 DependenciesID=987ccd7b61223f05be09d1222eb7ca87 StaticDependenciesID=52690164834faf853c2b4db6601f9a11 
Number of updated asset objects reloaded before import = 0
Number of asset objects unloaded after import = 0
========================================================================
Received Import Request.
  Time of request: 2026-10-01T17:00:50.5637691Z
  Time since last request: 0.0002639 seconds.
  importAddress: GUID: 7c21251ff4b7d844292a388e81e47e59 - Path: Packages/com.unity.collab-proxy/Editor/Configuration/AutoConfig.cs - Importer: ScriptedImporter/UnityEditor.QuickSearchModule:UnityEditor.Search:ASIAI0B
Importing 'GUID: 7c21251ff4b7d844292a388e81e47e59 - Path: Packages/com.unity.collab-proxy/Editor/Configuration/AutoConfig.cs - Importer: ScriptedImporter/UnityEditor.QuickSearchModule:UnityEditor.Search:ASIAI0B' with importer (ScriptedImporter : UnityEditor.QuickSearchModule:UnityEditor.Search:ASIAI0B)
Imported 'GUID: 7c21251ff4b7d844292a388e81e47e59' -> (Import Result ID: '7df34858572cf1a686095045345b7366') in 0.002 seconds [static and dynamic dependencies]. Details - ImportResultOutputID=dfb7d7427751774d16a7bdf93ef380c2 DependenciesID=919f7e9e27fdc4bd3d9c27ce770d22eb StaticDependenciesID=8f467e28554f1b2716c31e7abfe7cfe9 
Number of updated asset objects reloaded before import = 0
Number of asset objects unloaded after import = 0
========================================================================
Received Import Request.
  Time of request: 2026-10-01T17:00:50.5711757Z
  Time since last request: 0.0002963 seconds.
  importAddress: GUID: d30dfeb72257204458e1e8e1576b84ba - Path: Packages/com.unity.collab-proxy/Editor/AssetOverlays/DrawProjectOverlay.cs - Importer: ScriptedImporter/UnityEditor.QuickSearchModule:UnityEditor.Search:ASIAI0B
Importing 'GUID: d30dfeb72257204458e1e8e1576b84ba - Path: Packages/com.unity.collab-proxy/Editor/AssetOverlays/DrawProjectOverlay.cs - Importer: ScriptedImporter/UnityEditor.QuickSearchModule:UnityEditor.Search:ASIAI0B' with importer (ScriptedImporter : UnityEditor.QuickSearchModule:UnityEditor.Search:ASIAI0B)
Imported 'GUID: d30dfeb72257204458e1e8e1576b84ba' -> (Import Result ID: 'c90942f61c6f0a2a588f657e8a76cb6c') in 0.002 seconds [static and dynamic dependencies]. Details - ImportResultOutputID=a8593a792ef3a9d973280201705c0a2c DependenciesID=c629cc8f877117b1a9ad2c9276f5ba34 StaticDependenciesID=8cf6aec0a1e772948bf576163fcd37b0 
Number of updated asset objects reloaded before import = 0
Number of asset objects unloaded after import = 0
========================================================================
Received Import Request.
  Time of request: 2026-10-01T17:00:50.5795017Z
  Time since last request: 0.0002458 seconds.
  importAddress: GUID: 2b3223ee740687445a7e4bc793fa2aae - Path: Packages/com.unity.collab-proxy/Editor/Configuration/ConfigurePartialWorkspace.cs - Importer: ScriptedImporter/UnityEditor.QuickSearchModule:UnityEditor.Search:ASIAI0B
Importing 'GUID: 2b3223ee740687445a7e4bc793fa2aae - Path: Packages/com.unity.collab-proxy/Editor/Configuration/ConfigurePartialWorkspace.cs - Importer: ScriptedImporter/UnityEditor.QuickSearchModule:UnityEditor.Search:ASIAI0B' with importer (ScriptedImporter : UnityEditor.QuickSearchModule:UnityEditor.Search:ASIAI0B)
Imported 'GUID: 2b3223ee740687445a7e4bc793fa2aae' -> (Import Result ID: '1963b01c7faef9a7c9cb6f96a4d018f5') in 0.002 seconds [static and dynamic dependencies]. Details - ImportResultOutputID=9f098c24c93da60996dd873c705f336c DependenciesID=93767b7c3b23e35b7dc4b1e323f5f773 StaticDependenciesID=78f9f8bbbd974e5acd7466cce2eff38d 
Number of updated asset objects reloaded before import = 0
Number of asset objects unloaded after import = 0
========================================================================
Received Import Request.
  Time of request: 2026-10-01T17:00:50.586791Z
  Time since last request: 0.0002312 seconds.
  importAddress: GUID: d9369fa547ca81b4fafa42a3e74c1b7a - Path: Packages/com.unity.collab-proxy/Editor/AssetsUtils/GetSelectedPaths.cs - Importer: ScriptedImporter/UnityEditor.QuickSearchModule:UnityEditor.Search:ASIAI0B
Importing 'GUID: d9369fa547ca81b4fafa42a3e74c1b7a - Path: Packages/com.unity.collab-proxy/Editor/AssetsUtils/GetSelectedPaths.cs - Importer: ScriptedImporter/UnityEditor.QuickSearchModule:UnityEditor.Search:ASIAI0B' with importer (ScriptedImporter : UnityEditor.QuickSearchModule:UnityEditor.Search:ASIAI0B)
Imported 'GUID: d9369fa547ca81b4fafa42a3e74c1b7a' -> (Import Result ID: '3ca83e74c50398e0c231f65b6d82612b') in 0.002 seconds [static and dynamic dependencies]. Details - ImportResultOutputID=a4dbd7d896fe8ef10915715b2bfe0020 DependenciesID=88f234bf7a5a998caef66737cb8f75c9 StaticDependenciesID=d2261b0005739018fde7200790e2e705 
Number of updated asset objects reloaded before import = 0
Number of asset objects unloaded after import = 0
========================================================================
Received Import Request.
  Time of request: 2026-10-01T17:00:50.5940452Z
  Time since last request: 0.0002526 seconds.
  importAddress: GUID: 7c8a8e3e4456f9149905cf2c80aa41a9 - Path: Packages/com.unity.collab-proxy/Editor/AssetMenu/ProjectViewUVCSAssetMenu.cs - Importer: ScriptedImporter/UnityEditor.QuickSearchModule:UnityEditor.Search:ASIAI0B
Importing 'GUID: 7c8a8e3e4456f9149905cf2c80aa41a9 - Path: Packages/com.unity.collab-proxy/Editor/AssetMenu/ProjectViewUVCSAssetMenu.cs - Importer: ScriptedImporter/UnityEditor.QuickSearchModule:UnityEditor.Search:ASIAI0B' with importer (ScriptedImporter : UnityEditor.QuickSearchModule:UnityEditor.Search:ASIAI0B)
Imported 'GUID: 7c8a8e3e4456f9149905cf2c80aa41a9' -> (Import Result ID: '9e5e952d8f15ca7cc7f9d8f336285ffe') in 0.001 seconds [static and dynamic dependencies]. Details - ImportResultOutputID=c251e10db8f63d298b655d73c51c6714 DependenciesID=cc0f7782f9e49cb393c0148207e2433b StaticDependenciesID=08854a75bc7baf2f2754410f3d99ce17 
Number of updated asset objects reloaded before import = 0
Number of asset objects unloaded after import = 0
========================================================================
Received Import Request.
  Time of request: 2026-10-01T17:00:50.6012043Z
  Time since last request: 0.0002282 seconds.
  importAddress: GUID: 14df2a8f74d04d89a24fbbad8cf2037b - Path: Packages/com.unity.collab-proxy/Editor/CloudDrive/RefreshAsset.cs - Importer: ScriptedImporter/UnityEditor.QuickSearchModule:UnityEditor.Search:ASIAI0B
Importing 'GUID: 14df2a8f74d04d89a24fbbad8cf2037b - Path: Packages/com.unity.collab-proxy/Editor/CloudDrive/RefreshAsset.cs - Importer: ScriptedImporter/UnityEditor.QuickSearchModule:UnityEditor.Search:ASIAI0B' with importer (ScriptedImporter : UnityEditor.QuickSearchModule:UnityEditor.Search:ASIAI0B)
Imported 'GUID: 14df2a8f74d04d89a24fbbad8cf2037b' -> (Import Result ID: '91d8b22e2ae6c64ecc9613d959bddab0') in 0.002 seconds [static and dynamic dependencies]. Details - ImportResultOutputID=efe9687ab62cbcf23b2faa70b6769893 DependenciesID=8bb8b02875e3e07ca279ca296195b7ea StaticDependenciesID=3ce689962b8b68443987703eee52fdf0 
Number of updated asset objects reloaded before import = 0
Number of asset objects unloaded after import = 0
========================================================================
Received Import Request.
  Time of request: 2026-10-01T17:00:50.6087285Z
  Time since last request: 0.0003321 seconds.
  importAddress: GUID: ad736c857532f410a8814a8d5dd96a84 - Path: Packages/com.unity.collab-proxy/Editor/CodeEditor/SearchPanelLocalization.cs - Importer: ScriptedImporter/UnityEditor.QuickSearchModule:UnityEditor.Search:ASIAI0B
Importing 'GUID: ad736c857532f410a8814a8d5dd96a84 - Path: Packages/com.unity.collab-proxy/Editor/CodeEditor/SearchPanelLocalization.cs - Importer: ScriptedImporter/UnityEditor.QuickSearchModule:UnityEditor.Search:ASIAI0B' with importer (ScriptedImporter : UnityEditor.QuickSearchModule:UnityEditor.Search:ASIAI0B)
Imported 'GUID: ad736c857532f410a8814a8d5dd96a84' -> (Import Result ID: 'd610600fbd85e136cf9c7dcf4be2c23c') in 0.001 seconds [static and dynamic dependencies]. Details - ImportResultOutputID=f8bb7b88d95e0c40c911e160761603dc DependenciesID=4ca11c36fd618f52b7d71665fc56ff38 StaticDependenciesID=b2043dd3b304ff8ccb4e1c8d4336d09a 
Number of updated asset objects reloaded before import = 0
Number of asset objects unloaded after import = 0
========================================================================
Received Import Request.
  Time of request: 2026-10-01T17:00:51.3452169Z
  Time since last request: 0.7297154 seconds.
  importAddress: GUID: c00693f5365e54a4eb5f9ac96da13749 - Path: Packages/com.unity.collab-proxy/Editor/Headless/HeadlessWorkspaceStatusChangeListener.cs - Importer: ScriptedImporter/UnityEditor.QuickSearchModule:UnityEditor.Search:ASIAI0B
Importing 'GUID: c00693f5365e54a4eb5f9ac96da13749 - Path: Packages/com.unity.collab-proxy/Editor/Headless/HeadlessWorkspaceStatusChangeListener.cs - Importer: ScriptedImporter/UnityEditor.QuickSearchModule:UnityEditor.Search:ASIAI0B' with importer (ScriptedImporter : UnityEditor.QuickSearchModule:UnityEditor.Search:ASIAI0B)
Imported 'GUID: c00693f5365e54a4eb5f9ac96da13749' -> (Import Result ID: 'f18a5b24ee1e4d997440dfbf2d6292df') in 0.002 seconds [static and dynamic dependencies]. Details - ImportResultOutputID=70a7c4d8f6612146bd1504b285d6507b DependenciesID=27b857aeb7e20654e60db38e39152fca StaticDependenciesID=7f0e18c59c8e3402aeea4e09f6e4cc21 
Number of updated asset objects reloaded before import = 0
Number of asset objects unloaded after import = 0
========================================================================
Received Import Request.
  Time of request: 2026-10-01T17:00:51.3534296Z
  Time since last request: 0.0003569 seconds.
  importAddress: GUID: a863d083557069b458628045916c1724 - Path: Packages/com.unity.collab-proxy/Editor/Headless/HeadlessGluonViewHost.cs - Importer: ScriptedImporter/UnityEditor.QuickSearchModule:UnityEditor.Search:ASIAI0B
Importing 'GUID: a863d083557069b458628045916c1724 - Path: Packages/com.unity.collab-proxy/Editor/Headless/HeadlessGluonViewHost.cs - Importer: ScriptedImporter/UnityEditor.QuickSearchModule:UnityEditor.Search:ASIAI0B' with importer (ScriptedImporter : UnityEditor.QuickSearchModule:UnityEditor.Search:ASIAI0B)
Imported 'GUID: a863d083557069b458628045916c1724' -> (Import Result ID: '36673f7cd0379b480e44a62113a33759') in 0.002 seconds [static and dynamic dependencies]. Details - ImportResultOutputID=f6166e6f35e085599e89701213bf7d65 DependenciesID=09518a48fdec4cef5f62c92209cd8f70 StaticDependenciesID=658d08722b4ace57230ba1af6ea40c62 
Number of updated asset objects reloaded before import = 0
Number of asset objects unloaded after import = 0
========================================================================
Received Import Request.
  Time of request: 2026-10-01T17:00:51.3631589Z
  Time since last request: 0.000488 seconds.
  importAddress: GUID: db6cbe7586694d6fb3c944d67973d313 - Path: Packages/com.unity.collab-proxy/Editor/Developer/ShelvedChangesNotification.cs - Importer: ScriptedImporter/UnityEditor.QuickSearchModule:UnityEditor.Search:ASIAI0B
Importing 'GUID: db6cbe7586694d6fb3c944d67973d313 - Path: Packages/com.unity.collab-proxy/Editor/Developer/ShelvedChangesNotification.cs - Importer: ScriptedImporter/UnityEditor.QuickSearchModule:UnityEditor.Search:ASIAI0B' with importer (ScriptedImporter : UnityEditor.QuickSearchModule:UnityEditor.Search:ASIAI0B)
Imported 'GUID: db6cbe7586694d6fb3c944d67973d313' -> (Import Result ID: '89af0669bcc3dcaecf1bded8d82e3212') in 0.002 seconds [static and dynamic dependencies]. Details - ImportResultOutputID=9b819dd1a4e5fb5a06ac71642a471d75 DependenciesID=9ffdc3ef2b5a8958905519c51e8dddb6 StaticDependenciesID=b41c8a89ee1b19af8fd6603c79f6ab05 
Number of updated asset objects reloaded before import = 0
Number of asset objects unloaded after import = 0
========================================================================
Received Import Request.
  Time of request: 2026-10-01T17:00:51.371731Z
  Time since last request: 0.0002569 seconds.
  importAddress: GUID: f957d659be9dee74fb0f993b67b2d044 - Path: Packages/com.unity.collab-proxy/Editor/Headless/HeadlessProgressControls.cs - Importer: ScriptedImporter/UnityEditor.QuickSearchModule:UnityEditor.Search:ASIAI0B
Importing 'GUID: f957d659be9dee74fb0f993b67b2d044 - Path: Packages/com.unity.collab-proxy/Editor/Headless/HeadlessProgressControls.cs - Importer: ScriptedImporter/UnityEditor.QuickSearchModule:UnityEditor.Search:ASIAI0B' with importer (ScriptedImporter : UnityEditor.QuickSearchModule:UnityEditor.Search:ASIAI0B)
Imported 'GUID: f957d659be9dee74fb0f993b67b2d044' -> (Import Result ID: '26277d40ba4900d19d5be153ab2240b8') in 0.002 seconds [static and dynamic dependencies]. Details - ImportResultOutputID=c244dc481e07af4faad8fdaeef289274 DependenciesID=40e01dbba2a3ac1b67258bdde942b03e StaticDependenciesID=a2bbc23e4d9c5812867d6d1c50732149 
Number of updated asset objects reloaded before import = 0
Number of asset objects unloaded after import = 0
========================================================================
Received Import Request.
  Time of request: 2026-10-01T17:00:51.3821253Z
  Time since last request: 0.00027 seconds.
  importAddress: GUID: fd582245e61fe1f4dba625a9ba7ec139 - Path: Packages/com.unity.collab-proxy/Editor/Headless/HeadlessWorkspaceWindow.cs - Importer: ScriptedImporter/UnityEditor.QuickSearchModule:UnityEditor.Search:ASIAI0B
Importing 'GUID: fd582245e61fe1f4dba625a9ba7ec139 - Path: Packages/com.unity.collab-proxy/Editor/Headless/HeadlessWorkspaceWindow.cs - Importer: ScriptedImporter/UnityEditor.QuickSearchModule:UnityEditor.Search:ASIAI0B' with importer (ScriptedImporter : UnityEditor.QuickSearchModule:UnityEditor.Search:ASIAI0B)
Imported 'GUID: fd582245e61fe1f4dba625a9ba7ec139' -> (Import Result ID: '2a41fe3ebc163a128037074a1f6a2a61') in 0.002 seconds [static and dynamic dependencies]. Details - ImportResultOutputID=001e16437db3d142d6fe1cea5b79ff41 DependenciesID=1218eea9f2e53e3be83191589ce8d8e8 StaticDependenciesID=06c64692e41b45a8f6c0354bf551f8b2 
Number of updated asset objects reloaded before import = 0
Number of asset objects unloaded after import = 0
========================================================================
Received Import Request.
  Time of request: 2026-10-01T17:00:51.3902149Z
  Time since last request: 0.0004559 seconds.
  importAddress: GUID: ea76fa5a629244fa9ae3a8d3224aef02 - Path: Packages/com.unity.collab-proxy/Editor/Gluon/ShelvedChangesNotification.cs - Importer: ScriptedImporter/UnityEditor.QuickSearchModule:UnityEditor.Search:ASIAI0B
Importing 'GUID: ea76fa5a629244fa9ae3a8d3224aef02 - Path: Packages/com.unity.collab-proxy/Editor/Gluon/ShelvedChangesNotification.cs - Importer: ScriptedImporter/UnityEditor.QuickSearchModule:UnityEditor.Search:ASIAI0B' with importer (ScriptedImporter : UnityEditor.QuickSearchModule:UnityEditor.Search:ASIAI0B)
Imported 'GUID: ea76fa5a629244fa9ae3a8d3224aef02' -> (Import Result ID: '2d0a2841ccfaaa978308d00ca51ed39c') in 0.002 seconds [static and dynamic dependencies]. Details - ImportResultOutputID=d0988311ac818ea82ed5da4c6478ec3a DependenciesID=ff3fe92a2849756993dec6c68a96169d StaticDependenciesID=3d5143e780b7433eda846a482c130b58 
Number of updated asset objects reloaded before import = 0
Number of asset objects unloaded after import = 0
========================================================================
Received Import Request.
  Time of request: 2026-10-01T17:00:51.3982688Z
  Time since last request: 0.0002608 seconds.
  importAddress: GUID: bc5c1fa3d4519114cb21f3fedfe6039d - Path: Packages/com.unity.collab-proxy/Editor/Tool/BringWindowToFront.cs - Importer: ScriptedImporter/UnityEditor.QuickSearchModule:UnityEditor.Search:ASIAI0B
Importing 'GUID: bc5c1fa3d4519114cb21f3fedfe6039d - Path: Packages/com.unity.collab-proxy/Editor/Tool/BringWindowToFront.cs - Importer: ScriptedImporter/UnityEditor.QuickSearchModule:UnityEditor.Search:ASIAI0B' with importer (ScriptedImporter : UnityEditor.QuickSearchModule:UnityEditor.Search:ASIAI0B)
Imported 'GUID: bc5c1fa3d4519114cb21f3fedfe6039d' -> (Import Result ID: '4feee54dfcfaeafc83d8bd4d5e6cb699') in 0.002 seconds [static and dynamic dependencies]. Details - ImportResultOutputID=37d653a520666078f1d4c9e4bf3b3b81 DependenciesID=9bc83473a5aff5714a18251362d210c5 StaticDependenciesID=81ef61a5ac5a517d998348c742fbbfea 
Number of updated asset objects reloaded before import = 0
Number of asset objects unloaded after import = 0
========================================================================
Received Import Request.
  Time of request: 2026-10-01T17:00:51.4064487Z
  Time since last request: 0.0002423 seconds.
  importAddress: GUID: c24d342672367b243aff1910ea83a56d - Path: Packages/com.unity.collab-proxy/Editor/Entities/Unity.PlasticSCM.Editor.Entities.asmdef - Importer: ScriptedImporter/UnityEditor.QuickSearchModule:UnityEditor.Search:ASIAI0B
Importing 'GUID: c24d342672367b243aff1910ea83a56d - Path: Packages/com.unity.collab-proxy/Editor/Entities/Unity.PlasticSCM.Editor.Entities.asmdef - Importer: ScriptedImporter/UnityEditor.QuickSearchModule:UnityEditor.Search:ASIAI0B' with importer (ScriptedImporter : UnityEditor.QuickSearchModule:UnityEditor.Search:ASIAI0B)
Imported 'GUID: c24d342672367b243aff1910ea83a56d' -> (Import Result ID: '973de38e16c71dce9097ab9e948383f6') in 0.002 seconds [static and dynamic dependencies]. Details - ImportResultOutputID=7ee73e344473a09d54d576d7ea41b103 DependenciesID=fbeec14e09cea2f67f795a0fb7c55cb5 StaticDependenciesID=06b9df6f5026b11d404a0e7fafa61fae 
Number of updated asset objects reloaded before import = 0
Number of asset objects unloaded after import = 1
========================================================================
Received Import Request.
  Time of request: 2026-10-01T17:00:51.4147763Z
  Time since last request: 0.0002429 seconds.
  importAddress: GUID: 8642afe1b2639478e91ff46ccf3145d3 - Path: Packages/com.unity.collab-proxy/Editor/Hashing/XxHashShared.cs - Importer: ScriptedImporter/UnityEditor.QuickSearchModule:UnityEditor.Search:ASIAI0B
Importing 'GUID: 8642afe1b2639478e91ff46ccf3145d3 - Path: Packages/com.unity.collab-proxy/Editor/Hashing/XxHashShared.cs - Importer: ScriptedImporter/UnityEditor.QuickSearchModule:UnityEditor.Search:ASIAI0B' with importer (ScriptedImporter : UnityEditor.QuickSearchModule:UnityEditor.Search:ASIAI0B)
Imported 'GUID: 8642afe1b2639478e91ff46ccf3145d3' -> (Import Result ID: '70818cae60c57ab6c641ebdad185bbef') in 0.001 seconds [static and dynamic dependencies]. Details - ImportResultOutputID=810d7037e6e8b519bb3c56d79ae6f668 DependenciesID=b19cae9a0ae67a001d940f188532dc8f StaticDependenciesID=b23b4b670786f5c368bfea7194377462 
Number of updated asset objects reloaded before import = 0
Number of asset objects unloaded after import = 0
========================================================================
Received Import Request.
  Time of request: 2026-10-01T17:00:51.422955Z
  Time since last request: 0.0002354 seconds.
  importAddress: GUID: e5854d1a1c573e040afdbb54103decf3 - Path: Packages/com.unity.collab-proxy/Editor/Headless/HeadlessViewSwitcher.cs - Importer: ScriptedImporter/UnityEditor.QuickSearchModule:UnityEditor.Search:ASIAI0B
Importing 'GUID: e5854d1a1c573e040afdbb54103decf3 - Path: Packages/com.unity.collab-proxy/Editor/Headless/HeadlessViewSwitcher.cs - Importer: ScriptedImporter/UnityEditor.QuickSearchModule:UnityEditor.Search:ASIAI0B' with importer (ScriptedImporter : UnityEditor.QuickSearchModule:UnityEditor.Search:ASIAI0B)
Imported 'GUID: e5854d1a1c573e040afdbb54103decf3' -> (Import Result ID: 'ffa4c4b7fb2f0fe3cf7112e607dee095') in 0.002 seconds [static and dynamic dependencies]. Details - ImportResultOutputID=2a80f14e0b1432bb45ee0dcc6d5fc6ef DependenciesID=0cb5b6f47e2fe0af5918910283a2127f StaticDependenciesID=c371bc4ff4fb96a4894b0ee0b05fd4bd 
Number of updated asset objects reloaded before import = 0
Number of asset objects unloaded after import = 0
========================================================================
Received Import Request.
  Time of request: 2026-10-01T17:00:51.4308478Z
  Time since last request: 0.0002555 seconds.
  importAddress: GUID: 70d26390057f4174a01f658c74482272 - Path: Packages/com.unity.collab-proxy/Editor/Topbar/Topbar.cs - Importer: ScriptedImporter/UnityEditor.QuickSearchModule:UnityEditor.Search:ASIAI0B
Importing 'GUID: 70d26390057f4174a01f658c74482272 - Path: Packages/com.unity.collab-proxy/Editor/Topbar/Topbar.cs - Importer: ScriptedImporter/UnityEditor.QuickSearchModule:UnityEditor.Search:ASIAI0B' with importer (ScriptedImporter : UnityEditor.QuickSearchModule:UnityEditor.Search:ASIAI0B)
Imported 'GUID: 70d26390057f4174a01f658c74482272' -> (Import Result ID: 'a99d0101051f3dbd0de3bc8f3ad3526b') in 0.002 seconds [static and dynamic dependencies]. Details - ImportResultOutputID=0cc6897b2fd1f64fcc6ebdd0b69b52ca DependenciesID=72efbb7b8e514b4e5c02c1790f68b041 StaticDependenciesID=a4b35d900558ea05c6efe20007592144 
Number of updated asset objects reloaded before import = 0
Number of asset objects unloaded after import = 0
========================================================================
Received Import Request.
  Time of request: 2026-10-01T17:00:51.4393585Z
  Time since last request: 0.0002358 seconds.
  importAddress: GUID: f8b61564d80f4d16b3bf68e8dfe87c89 - Path: Packages/com.unity.collab-proxy/Editor/Tool/PlasticExeLauncher.cs - Importer: ScriptedImporter/UnityEditor.QuickSearchModule:UnityEditor.Search:ASIAI0B
Importing 'GUID: f8b61564d80f4d16b3bf68e8dfe87c89 - Path: Packages/com.unity.collab-proxy/Editor/Tool/PlasticExeLauncher.cs - Importer: ScriptedImporter/UnityEditor.QuickSearchModule:UnityEditor.Search:ASIAI0B' with importer (ScriptedImporter : UnityEditor.QuickSearchModule:UnityEditor.Search:ASIAI0B)
Imported 'GUID: f8b61564d80f4d16b3bf68e8dfe87c89' -> (Import Result ID: '222d67fa84521d7e6a07a78cdf74a205') in 0.001 seconds [static and dynamic dependencies]. Details - ImportResultOutputID=e2228ce156d2ba3f92b52df3614753d1 DependenciesID=4c57729b37281d3ec6fbd2b6431149da StaticDependenciesID=95244f2f4d21b4cb3d5b0c8c8bb981b2 
Number of updated asset objects reloaded before import = 0
Number of asset objects unloaded after import = 0
========================================================================
Received Import Request.
  Time of request: 2026-10-01T17:00:51.4478559Z
  Time since last request: 0.0002785 seconds.
  importAddress: GUID: e6c29999aff44b79938d04786d7b9373 - Path: Packages/com.unity.collab-proxy/Editor/Diff/AssetType.cs - Importer: ScriptedImporter/UnityEditor.QuickSearchModule:UnityEditor.Search:ASIAI0B
Importing 'GUID: e6c29999aff44b79938d04786d7b9373 - Path: Packages/com.unity.collab-proxy/Editor/Diff/AssetType.cs - Importer: ScriptedImporter/UnityEditor.QuickSearchModule:UnityEditor.Search:ASIAI0B' with importer (ScriptedImporter : UnityEditor.QuickSearchModule:UnityEditor.Search:ASIAI0B)
Imported 'GUID: e6c29999aff44b79938d04786d7b9373' -> (Import Result ID: '628995130038255bb4c791d725c77864') in 0.001 seconds [static and dynamic dependencies]. Details - ImportResultOutputID=5641db21b4294f045035a00fbfa7c775 DependenciesID=9ff10f1bcdb377bac97f61f2f32867e5 StaticDependenciesID=93fd91ad0892d98becde1217730093c9 
Number of updated asset objects reloaded before import = 0
Number of asset objects unloaded after import = 0
========================================================================
Received Import Request.
  Time of request: 2026-10-01T17:00:51.4555389Z
  Time since last request: 0.0002758 seconds.
  importAddress: GUID: fe6ad6eb139a49f4a02d9794e934bd9c - Path: Packages/com.unity.collab-proxy/Editor/Entities/HierarchyExtensions.cs - Importer: ScriptedImporter/UnityEditor.QuickSearchModule:UnityEditor.Search:ASIAI0B
Importing 'GUID: fe6ad6eb139a49f4a02d9794e934bd9c - Path: Packages/com.unity.collab-proxy/Editor/Entities/HierarchyExtensions.cs - Importer: ScriptedImporter/UnityEditor.QuickSearchModule:UnityEditor.Search:ASIAI0B' with importer (ScriptedImporter : UnityEditor.QuickSearchModule:UnityEditor.Search:ASIAI0B)
Imported 'GUID: fe6ad6eb139a49f4a02d9794e934bd9c' -> (Import Result ID: 'ae52a7cd62f586aa41d8f558f1691053') in 0.002 seconds [static and dynamic dependencies]. Details - ImportResultOutputID=c588527bc722b87f8c5a46eed0c00533 DependenciesID=ff3b9ed0d7be846722eca96e115e3b5e StaticDependenciesID=5dda700161237824e3e14bd9de8ae0bf 
Number of updated asset objects reloaded before import = 0
Number of asset objects unloaded after import = 0
========================================================================
Received Import Request.
  Time of request: 2026-10-01T17:00:51.4647006Z
  Time since last request: 0.0002782 seconds.
  importAddress: GUID: 82c390af6cf64e9aaa35f2cfe24178a7 - Path: Packages/com.unity.collab-proxy/Editor/Diff/UnityBigFileChecker.cs - Importer: ScriptedImporter/UnityEditor.QuickSearchModule:UnityEditor.Search:ASIAI0B
Importing 'GUID: 82c390af6cf64e9aaa35f2cfe24178a7 - Path: Packages/com.unity.collab-proxy/Editor/Diff/UnityBigFileChecker.cs - Importer: ScriptedImporter/UnityEditor.QuickSearchModule:UnityEditor.Search:ASIAI0B' with importer (ScriptedImporter : UnityEditor.QuickSearchModule:UnityEditor.Search:ASIAI0B)
Imported 'GUID: 82c390af6cf64e9aaa35f2cfe24178a7' -> (Import Result ID: 'bae708b57697c0137030ba89d12ef8ba') in 0.002 seconds [static and dynamic dependencies]. Details - ImportResultOutputID=6a627e9447a3904ae39511e3eb052b1f DependenciesID=8a9b68026e4c2d42e7897af945845402 StaticDependenciesID=284568d1f0a6fcae903a2f9005dfeb7e 
Number of updated asset objects reloaded before import = 0
Number of asset objects unloaded after import = 0
========================================================================
Received Import Request.
  Time of request: 2026-10-01T17:00:51.47311Z
  Time since last request: 0.0002754 seconds.
  importAddress: GUID: c64851962d9c48068897eb736be4bed1 - Path: Packages/com.unity.collab-proxy/Editor/Settings/ShelveAndSwitchOptionsFoldout.cs - Importer: ScriptedImporter/UnityEditor.QuickSearchModule:UnityEditor.Search:ASIAI0B
Importing 'GUID: c64851962d9c48068897eb736be4bed1 - Path: Packages/com.unity.collab-proxy/Editor/Settings/ShelveAndSwitchOptionsFoldout.cs - Importer: ScriptedImporter/UnityEditor.QuickSearchModule:UnityEditor.Search:ASIAI0B' with importer (ScriptedImporter : UnityEditor.QuickSearchModule:UnityEditor.Search:ASIAI0B)
Imported 'GUID: c64851962d9c48068897eb736be4bed1' -> (Import Result ID: 'ec08b9ee702a003a546fffa8ad309bf0') in 0.002 seconds [static and dynamic dependencies]. Details - ImportResultOutputID=3d4e98b312cf350e677cdfc0f57546f0 DependenciesID=b95d4ba017268baa5964f017981aea5e StaticDependenciesID=3cbb30e0b32cf07e92dd42088f212673 
Number of updated asset objects reloaded before import = 0
Number of asset objects unloaded after import = 0
========================================================================
Received Import Request.
  Time of request: 2026-10-01T17:00:51.4814675Z
  Time since last request: 0.0003945 seconds.
  importAddress: GUID: f8fb5a27b8554a74b8c566355a3c50f9 - Path: Packages/com.unity.collab-proxy/Editor/StatusBar/NotificationBar.cs - Importer: ScriptedImporter/UnityEditor.QuickSearchModule:UnityEditor.Search:ASIAI0B
Importing 'GUID: f8fb5a27b8554a74b8c566355a3c50f9 - Path: Packages/com.unity.collab-proxy/Editor/StatusBar/NotificationBar.cs - Importer: ScriptedImporter/UnityEditor.QuickSearchModule:UnityEditor.Search:ASIAI0B' with importer (ScriptedImporter : UnityEditor.QuickSearchModule:UnityEditor.Search:ASIAI0B)
Imported 'GUID: f8fb5a27b8554a74b8c566355a3c50f9' -> (Import Result ID: '00b4e97e4e3b1d7febf8bde3c0f96ff3') in 0.001 seconds [static and dynamic dependencies]. Details - ImportResultOutputID=9206efde9195b935f9bf1b9ef8ba6a1a DependenciesID=37916e170451c9e42b8a90073cc3a78f StaticDependenciesID=abd575c01ae4ed14e184cde1f97e6e48 
Number of updated asset objects reloaded before import = 0
Number of asset objects unloaded after import = 0
========================================================================
Received Import Request.
  Time of request: 2026-10-01T17:00:51.4891091Z
  Time since last request: 0.0002725 seconds.
  importAddress: GUID: d097a5d507694ba7ac97bc9a9f2942e3 - Path: Packages/com.unity.collab-proxy/Editor/Settings/UVCSProjectSettingsProvider.cs - Importer: ScriptedImporter/UnityEditor.QuickSearchModule:UnityEditor.Search:ASIAI0B
Importing 'GUID: d097a5d507694ba7ac97bc9a9f2942e3 - Path: Packages/com.unity.collab-proxy/Editor/Settings/UVCSProjectSettingsProvider.cs - Importer: ScriptedImporter/UnityEditor.QuickSearchModule:UnityEditor.Search:ASIAI0B' with importer (ScriptedImporter : UnityEditor.QuickSearchModule:UnityEditor.Search:ASIAI0B)
Imported 'GUID: d097a5d507694ba7ac97bc9a9f2942e3' -> (Import Result ID: 'f970600d6b0a5e2b04631e8e40c2e1bf') in 0.002 seconds [static and dynamic dependencies]. Details - ImportResultOutputID=c63aba663c786b22da2625d58510fac9 DependenciesID=5f37bbd2c7d7d161a7879362bd01321c StaticDependenciesID=ef8594c8d673de5500b9afa578b247b2 
Number of updated asset objects reloaded before import = 0
Number of asset objects unloaded after import = 0
========================================================================
Received Import Request.
  Time of request: 2026-10-01T17:00:51.4973197Z
  Time since last request: 0.0003106 seconds.
  importAddress: GUID: ece87ac87e134800b8fcec1a55ec6e9f - Path: Packages/com.unity.collab-proxy/Editor/Diff/SaveChangeInfo.cs - Importer: ScriptedImporter/UnityEditor.QuickSearchModule:UnityEditor.Search:ASIAI0B
Importing 'GUID: ece87ac87e134800b8fcec1a55ec6e9f - Path: Packages/com.unity.collab-proxy/Editor/Diff/SaveChangeInfo.cs - Importer: ScriptedImporter/UnityEditor.QuickSearchModule:UnityEditor.Search:ASIAI0B' with importer (ScriptedImporter : UnityEditor.QuickSearchModule:UnityEditor.Search:ASIAI0B)
Imported 'GUID: ece87ac87e134800b8fcec1a55ec6e9f' -> (Import Result ID: '589711684cec950b0155a11784c0b89a') in 0.002 seconds [static and dynamic dependencies]. Details - ImportResultOutputID=f0e3fef5cc605f48f1a9b4a432da778b DependenciesID=979322f3d219afe3debdb4b05c5471dd StaticDependenciesID=2da94b0138c09ca9458a1073e8fe0e14 
Number of updated asset objects reloaded before import = 0
Number of asset objects unloaded after import = 0
========================================================================
Received Import Request.
  Time of request: 2026-10-01T17:00:51.5055447Z
  Time since last request: 0.0004191 seconds.
  importAddress: GUID: 09b199e86de5d1944ab9106ca2c11f75 - Path: Packages/com.unity.collab-proxy/Editor/Gluon/ProgressOperationHandler.cs - Importer: ScriptedImporter/UnityEditor.QuickSearchModule:UnityEditor.Search:ASIAI0B
Importing 'GUID: 09b199e86de5d1944ab9106ca2c11f75 - Path: Packages/com.unity.collab-proxy/Editor/Gluon/ProgressOperationHandler.cs - Importer: ScriptedImporter/UnityEditor.QuickSearchModule:UnityEditor.Search:ASIAI0B' with importer (ScriptedImporter : UnityEditor.QuickSearchModule:UnityEditor.Search:ASIAI0B)
Imported 'GUID: 09b199e86de5d1944ab9106ca2c11f75' -> (Import Result ID: '5715260214dbdaea1d6ece00929bb54f') in 0.001 seconds [static and dynamic dependencies]. Details - ImportResultOutputID=cac4f100bee0b501bb88113e086aa83b DependenciesID=f6d6fcbd32792541b9210f1e88a58bf5 StaticDependenciesID=4345fdcbc2b475337b0e5ed5ad7e50d0 
Number of updated asset objects reloaded before import = 0
Number of asset objects unloaded after import = 0
========================================================================
Received Import Request.
  Time of request: 2026-10-01T17:00:51.5135384Z
  Time since last request: 0.0003722 seconds.
  importAddress: GUID: 7b405b01c6be83742bc000fb416b4dbf - Path: Packages/com.unity.collab-proxy/Editor/Tool/LaunchInstaller.cs - Importer: ScriptedImporter/UnityEditor.QuickSearchModule:UnityEditor.Search:ASIAI0B
Importing 'GUID: 7b405b01c6be83742bc000fb416b4dbf - Path: Packages/com.unity.collab-proxy/Editor/Tool/LaunchInstaller.cs - Importer: ScriptedImporter/UnityEditor.QuickSearchModule:UnityEditor.Search:ASIAI0B' with importer (ScriptedImporter : UnityEditor.QuickSearchModule:UnityEditor.Search:ASIAI0B)
Imported 'GUID: 7b405b01c6be83742bc000fb416b4dbf' -> (Import Result ID: '56ab8b98daa6f85308de7a207da726b6') in 0.002 seconds [static and dynamic dependencies]. Details - ImportResultOutputID=17ee82837df9af0de056d7e4a6233970 DependenciesID=e16cb5c1724ffb49ab66de70f73dd062 StaticDependenciesID=9a8ce9b94befcdb1da6f221b189abab2 
Number of updated asset objects reloaded before import = 0
Number of asset objects unloaded after import = 0
========================================================================
Received Import Request.
  Time of request: 2026-10-01T17:00:51.521334Z
  Time since last request: 0.0002657 seconds.
  importAddress: GUID: a6d05b29e607e62478df26227566e1b9 - Path: Packages/com.unity.collab-proxy/Editor/Tool/LaunchTool.cs - Importer: ScriptedImporter/UnityEditor.QuickSearchModule:UnityEditor.Search:ASIAI0B
Importing 'GUID: a6d05b29e607e62478df26227566e1b9 - Path: Packages/com.unity.collab-proxy/Editor/Tool/LaunchTool.cs - Importer: ScriptedImporter/UnityEditor.QuickSearchModule:UnityEditor.Search:ASIAI0B' with importer (ScriptedImporter : UnityEditor.QuickSearchModule:UnityEditor.Search:ASIAI0B)
Imported 'GUID: a6d05b29e607e62478df26227566e1b9' -> (Import Result ID: '4d9370d930cbad6886523906c8fe85ab') in 0.002 seconds [static and dynamic dependencies]. Details - ImportResultOutputID=1ecfbadd5105f8a916e6a054be85d20e DependenciesID=8c48415a8fcd554919afde84929ec1e7 StaticDependenciesID=755d5f3dae3293a1c099193fc787807b 
Number of updated asset objects reloaded before import = 0
Number of asset objects unloaded after import = 0
========================================================================
Received Import Request.
  Time of request: 2026-10-01T17:00:51.5299254Z
  Time since last request: 0.0004308 seconds.
  importAddress: GUID: d1c8ba8f08844ab3ad8c0ef45536941e - Path: Packages/com.unity.collab-proxy/Editor/Hashing/NonCryptographicHashAlgorithm.cs - Importer: ScriptedImporter/UnityEditor.QuickSearchModule:UnityEditor.Search:ASIAI0B
Importing 'GUID: d1c8ba8f08844ab3ad8c0ef45536941e - Path: Packages/com.unity.collab-proxy/Editor/Hashing/NonCryptographicHashAlgorithm.cs - Importer: ScriptedImporter/UnityEditor.QuickSearchModule:UnityEditor.Search:ASIAI0B' with importer (ScriptedImporter : UnityEditor.QuickSearchModule:UnityEditor.Search:ASIAI0B)
Imported 'GUID: d1c8ba8f08844ab3ad8c0ef45536941e' -> (Import Result ID: 'cf4771435be0ab62e8404063b66e10f3') in 0.001 seconds [static and dynamic dependencies]. Details - ImportResultOutputID=304f5b8a0eecb78f040a30fddcab624d DependenciesID=d3977669fc534a9c364beb46ef1adf02 StaticDependenciesID=f499d3dd9c80faa25e19d60dd2a6359b 
Number of updated asset objects reloaded before import = 0
Number of asset objects unloaded after import = 0
========================================================================
Received Import Request.
  Time of request: 2026-10-01T17:00:51.537746Z
  Time since last request: 0.0002545 seconds.
  importAddress: GUID: 26e3da9604f1418d8da4a0b39108d6e7 - Path: Packages/com.unity.collab-proxy/Editor/Diff/DiffMessagePanel.cs - Importer: ScriptedImporter/UnityEditor.QuickSearchModule:UnityEditor.Search:ASIAI0B
Importing 'GUID: 26e3da9604f1418d8da4a0b39108d6e7 - Path: Packages/com.unity.collab-proxy/Editor/Diff/DiffMessagePanel.cs - Importer: ScriptedImporter/UnityEditor.QuickSearchModule:UnityEditor.Search:ASIAI0B' with importer (ScriptedImporter : UnityEditor.QuickSearchModule:UnityEditor.Search:ASIAI0B)
Imported 'GUID: 26e3da9604f1418d8da4a0b39108d6e7' -> (Import Result ID: 'c30cd48266fd6acac9aa6181da8bd627') in 0.002 seconds [static and dynamic dependencies]. Details - ImportResultOutputID=4798644614e1ee81071318b429838984 DependenciesID=b6e66d6acd47ddd5977018adccc7a55a StaticDependenciesID=77dfdd2e01e05cabbb277e690a591cac 
Number of updated asset objects reloaded before import = 0
Number of asset objects unloaded after import = 0
========================================================================
Received Import Request.
  Time of request: 2026-10-01T17:00:51.5453859Z
  Time since last request: 0.0003979 seconds.
  importAddress: GUID: 05c0641719e74f058e7530b150336e82 - Path: Packages/com.unity.collab-proxy/Editor/Settings/OtherOptionsFoldout.cs - Importer: ScriptedImporter/UnityEditor.QuickSearchModule:UnityEditor.Search:ASIAI0B
Importing 'GUID: 05c0641719e74f058e7530b150336e82 - Path: Packages/com.unity.collab-proxy/Editor/Settings/OtherOptionsFoldout.cs - Importer: ScriptedImporter/UnityEditor.QuickSearchModule:UnityEditor.Search:ASIAI0B' with importer (ScriptedImporter : UnityEditor.QuickSearchModule:UnityEditor.Search:ASIAI0B)
Imported 'GUID: 05c0641719e74f058e7530b150336e82' -> (Import Result ID: 'f2ea7c09075e4b786d2e94eafee43046') in 0.002 seconds [static and dynamic dependencies]. Details - ImportResultOutputID=57a4faf2069b8cde8b2ae16e47ccbc10 DependenciesID=42d1d11c8179f5ce775134c479eb518b StaticDependenciesID=bff3855fb8a974a24c7e23bafc717a94 
Number of updated asset objects reloaded before import = 0
Number of asset objects unloaded after import = 0
========================================================================
Received Import Request.
  Time of request: 2026-10-01T17:00:51.5529759Z
  Time since last request: 0.0002827 seconds.
  importAddress: GUID: 2e0d1d689c88f76448cad390443d7ba3 - Path: Packages/com.unity.collab-proxy/Editor/Tool/FindTool.cs - Importer: ScriptedImporter/UnityEditor.QuickSearchModule:UnityEditor.Search:ASIAI0B
Importing 'GUID: 2e0d1d689c88f76448cad390443d7ba3 - Path: Packages/com.unity.collab-proxy/Editor/Tool/FindTool.cs - Importer: ScriptedImporter/UnityEditor.QuickSearchModule:UnityEditor.Search:ASIAI0B' with importer (ScriptedImporter : UnityEditor.QuickSearchModule:UnityEditor.Search:ASIAI0B)
Imported 'GUID: 2e0d1d689c88f76448cad390443d7ba3' -> (Import Result ID: '24e3596194da62ecf777af2efe2da18c') in 0.002 seconds [static and dynamic dependencies]. Details - ImportResultOutputID=225afe037cab52427ba430e30dc96b77 DependenciesID=324ca49fd2b62bb31e051f23ea25c485 StaticDependenciesID=010977ac5c90a6ed17369255e62b38c1 
Number of updated asset objects reloaded before import = 0
Number of asset objects unloaded after import = 0
========================================================================
Received Import Request.
  Time of request: 2026-10-01T17:00:51.5607099Z
  Time since last request: 0.0003198 seconds.
  importAddress: GUID: 22904cb954eb4a2e9bcae493741b96e6 - Path: Packages/com.unity.collab-proxy/Editor/Diff/DiffTextViewBuilder.cs - Importer: ScriptedImporter/UnityEditor.QuickSearchModule:UnityEditor.Search:ASIAI0B
Importing 'GUID: 22904cb954eb4a2e9bcae493741b96e6 - Path: Packages/com.unity.collab-proxy/Editor/Diff/DiffTextViewBuilder.cs - Importer: ScriptedImporter/UnityEditor.QuickSearchModule:UnityEditor.Search:ASIAI0B' with importer (ScriptedImporter : UnityEditor.QuickSearchModule:UnityEditor.Search:ASIAI0B)
Imported 'GUID: 22904cb954eb4a2e9bcae493741b96e6' -> (Import Result ID: '804af37a2403f58aacf37050d9fba787') in 0.002 seconds [static and dynamic dependencies]. Details - ImportResultOutputID=ad5ad39c8a6feb6a56bd0e1cc363ece9 DependenciesID=797c74ff4c8907d994905eb68e4ca1bf StaticDependenciesID=9e24f7776561b6b9d05561b7c4cea996 
Number of updated asset objects reloaded before import = 0
Number of asset objects unloaded after import = 0
========================================================================
Received Import Request.
  Time of request: 2026-10-01T17:00:51.5680911Z
  Time since last request: 0.0002639 seconds.
  importAddress: GUID: 1b0473213bc885840bb309ebce32b6fb - Path: Packages/com.unity.collab-proxy/Editor/Headless/HeadlessMergeViewLauncher.cs - Importer: ScriptedImporter/UnityEditor.QuickSearchModule:UnityEditor.Search:ASIAI0B
Importing 'GUID: 1b0473213bc885840bb309ebce32b6fb - Path: Packages/com.unity.collab-proxy/Editor/Headless/HeadlessMergeViewLauncher.cs - Importer: ScriptedImporter/UnityEditor.QuickSearchModule:UnityEditor.Search:ASIAI0B' with importer (ScriptedImporter : UnityEditor.QuickSearchModule:UnityEditor.Search:ASIAI0B)
Imported 'GUID: 1b0473213bc885840bb309ebce32b6fb' -> (Import Result ID: '4287ff97e20cb3619aa22fce717f4e1a') in 0.001 seconds [static and dynamic dependencies]. Details - ImportResultOutputID=683f0c4d0973a3fddccbcc92e0127033 DependenciesID=e2ac1e513c92ec97d7447f857dd944b1 StaticDependenciesID=fed2a69b08cbabda71738e2450308f52 
Number of updated asset objects reloaded before import = 0
Number of asset objects unloaded after import = 0
========================================================================
Received Import Request.
  Time of request: 2026-10-01T17:00:51.5765921Z
  Time since last request: 0.0001523 seconds.
  importAddress: GUID: de6e8913aefd69d4ca90a7216d225d3a - Path: Packages/com.unity.collab-proxy/Editor/Tool/ToolConstants.cs - Importer: ScriptedImporter/UnityEditor.QuickSearchModule:UnityEditor.Search:ASIAI0B
Importing 'GUID: de6e8913aefd69d4ca90a7216d225d3a - Path: Packages/com.unity.collab-proxy/Editor/Tool/ToolConstants.cs - Importer: ScriptedImporter/UnityEditor.QuickSearchModule:UnityEditor.Search:ASIAI0B' with importer (ScriptedImporter : UnityEditor.QuickSearchModule:UnityEditor.Search:ASIAI0B)
Imported 'GUID: de6e8913aefd69d4ca90a7216d225d3a' -> (Import Result ID: '9e0eb0051bfc3866c5c91b1e97203686') in 0.002 seconds [static and dynamic dependencies]. Details - ImportResultOutputID=46083d23caa9e7da5a84fb58f7d0e709 DependenciesID=a6f275eec1ce604d731abc4120fdf8bd StaticDependenciesID=a432de536c8e2fd6853d59fa7d64d864 
Number of updated asset objects reloaded before import = 0
Number of asset objects unloaded after import = 0
========================================================================
Received Import Request.
  Time of request: 2026-10-01T17:00:51.5839658Z
  Time since last request: 0.0002568 seconds.
  importAddress: GUID: 2225873219944bac82cbf7bb0a2b5153 - Path: Packages/com.unity.collab-proxy/Editor/Diff/DiffMergeColorThemeSetter.cs - Importer: ScriptedImporter/UnityEditor.QuickSearchModule:UnityEditor.Search:ASIAI0B
Importing 'GUID: 2225873219944bac82cbf7bb0a2b5153 - Path: Packages/com.unity.collab-proxy/Editor/Diff/DiffMergeColorThemeSetter.cs - Importer: ScriptedImporter/UnityEditor.QuickSearchModule:UnityEditor.Search:ASIAI0B' with importer (ScriptedImporter : UnityEditor.QuickSearchModule:UnityEditor.Search:ASIAI0B)
Imported 'GUID: 2225873219944bac82cbf7bb0a2b5153' -> (Import Result ID: 'af9f63b495215a7f22e023239ccb9ca3') in 0.002 seconds [static and dynamic dependencies]. Details - ImportResultOutputID=2dcfa20909ebfb05d831ca85c92dec9c DependenciesID=73fda6a5cb875751f79d8afafc07559f StaticDependenciesID=b8b6f1e7fa0af2621db773078ecd1bf3 
Number of updated asset objects reloaded before import = 0
Number of asset objects unloaded after import = 0
========================================================================
Received Import Request.
  Time of request: 2026-10-01T17:00:51.5919053Z
  Time since last request: 0.0002475 seconds.
  importAddress: GUID: 9731678ff16392a4d822454ca1052818 - Path: Packages/com.unity.collab-proxy/Editor/Settings/OpenUVCSProjectSettings.cs - Importer: ScriptedImporter/UnityEditor.QuickSearchModule:UnityEditor.Search:ASIAI0B
Importing 'GUID: 9731678ff16392a4d822454ca1052818 - Path: Packages/com.unity.collab-proxy/Editor/Settings/OpenUVCSProjectSettings.cs - Importer: ScriptedImporter/UnityEditor.QuickSearchModule:UnityEditor.Search:ASIAI0B' with importer (ScriptedImporter : UnityEditor.QuickSearchModule:UnityEditor.Search:ASIAI0B)
Imported 'GUID: 9731678ff16392a4d822454ca1052818' -> (Import Result ID: 'ce273aa19d00c4a0a5448b1c641df7ae') in 0.002 seconds [static and dynamic dependencies]. Details - ImportResultOutputID=12353302f2808f56c7868fe52b86eb61 DependenciesID=07380b382a690c44aa797255f3f9a4ed StaticDependenciesID=67c0e30cc1efcc23ddbcc57718183497 
Number of updated asset objects reloaded before import = 0
Number of asset objects unloaded after import = 0
========================================================================
Received Import Request.
  Time of request: 2026-10-01T17:00:51.5998036Z
  Time since last request: 0.0002579 seconds.
  importAddress: GUID: 94a5d27698bed3d42beabebcedbf1f23 - Path: Packages/com.unity.collab-proxy/Editor/Hub/ProcessHubCommand.cs - Importer: ScriptedImporter/UnityEditor.QuickSearchModule:UnityEditor.Search:ASIAI0B
Importing 'GUID: 94a5d27698bed3d42beabebcedbf1f23 - Path: Packages/com.unity.collab-proxy/Editor/Hub/ProcessHubCommand.cs - Importer: ScriptedImporter/UnityEditor.QuickSearchModule:UnityEditor.Search:ASIAI0B' with importer (ScriptedImporter : UnityEditor.QuickSearchModule:UnityEditor.Search:ASIAI0B)
Imported 'GUID: 94a5d27698bed3d42beabebcedbf1f23' -> (Import Result ID: '984a8dfc15e2bd382fce08d1cdff0451') in 0.001 seconds [static and dynamic dependencies]. Details - ImportResultOutputID=07adc655c480f4c48ca23082a4d306be DependenciesID=d587390fb71eaa2da5c7e5198557e4ae StaticDependenciesID=f47ca5ac283f5dff59cd6aaeb4e88a61 
Number of updated asset objects reloaded before import = 0
Number of asset objects unloaded after import = 0
========================================================================
Received Import Request.
  Time of request: 2026-10-01T17:00:51.6097622Z
  Time since last request: 0.0021271 seconds.
  importAddress: GUID: 30c4cfa3209d4a44480017a19ec5b3b8 - Path: Packages/com.unity.collab-proxy/Editor/UI/DrawActionHelpBox.cs - Importer: ScriptedImporter/UnityEditor.QuickSearchModule:UnityEditor.Search:ASIAI0B
Importing 'GUID: 30c4cfa3209d4a44480017a19ec5b3b8 - Path: Packages/com.unity.collab-proxy/Editor/UI/DrawActionHelpBox.cs - Importer: ScriptedImporter/UnityEditor.QuickSearchModule:UnityEditor.Search:ASIAI0B' with importer (ScriptedImporter : UnityEditor.QuickSearchModule:UnityEditor.Search:ASIAI0B)
Imported 'GUID: 30c4cfa3209d4a44480017a19ec5b3b8' -> (Import Result ID: '51f652cd01ad350d30f5aa98e21011fd') in 0.002 seconds [static and dynamic dependencies]. Details - ImportResultOutputID=9a66b69282d94f2551623cfdb6db529e DependenciesID=6fb5c053ce5b04782394c02d6d937c82 StaticDependenciesID=a02e4cd9dfd4d031b68530935605f08d 
Number of updated asset objects reloaded before import = 0
Number of asset objects unloaded after import = 0
========================================================================
Received Import Request.
  Time of request: 2026-10-01T17:00:51.6178764Z
  Time since last request: 0.0004016 seconds.
  importAddress: GUID: 01023c055f6f08e408b78d36d5f7a803 - Path: Packages/com.unity.collab-proxy/Editor/UI/HandleMenuItem.cs - Importer: ScriptedImporter/UnityEditor.QuickSearchModule:UnityEditor.Search:ASIAI0B
Importing 'GUID: 01023c055f6f08e408b78d36d5f7a803 - Path: Packages/com.unity.collab-proxy/Editor/UI/HandleMenuItem.cs - Importer: ScriptedImporter/UnityEditor.QuickSearchModule:UnityEditor.Search:ASIAI0B' with importer (ScriptedImporter : UnityEditor.QuickSearchModule:UnityEditor.Search:ASIAI0B)
Imported 'GUID: 01023c055f6f08e408b78d36d5f7a803' -> (Import Result ID: 'babf1706fccdca91b7a5870cc434497b') in 0.001 seconds [static and dynamic dependencies]. Details - ImportResultOutputID=51596c83ee6ae5e906de20afd69c85c7 DependenciesID=7219540cba39dc9b8ce039158e167e84 StaticDependenciesID=38e2748b3384bfebe553fd7b208a18de 
Number of updated asset objects reloaded before import = 0
Number of asset objects unloaded after import = 0
========================================================================
Received Import Request.
  Time of request: 2026-10-01T17:00:51.626563Z
  Time since last request: 0.0003996 seconds.
  importAddress: GUID: e09919744ef75bc4eaa3181b195375bd - Path: Packages/com.unity.collab-proxy/Editor/UnityInternals/UVCSToolbarBoostrap.cs - Importer: ScriptedImporter/UnityEditor.QuickSearchModule:UnityEditor.Search:ASIAI0B
Importing 'GUID: e09919744ef75bc4eaa3181b195375bd - Path: Packages/com.unity.collab-proxy/Editor/UnityInternals/UVCSToolbarBoostrap.cs - Importer: ScriptedImporter/UnityEditor.QuickSearchModule:UnityEditor.Search:ASIAI0B' with importer (ScriptedImporter : UnityEditor.QuickSearchModule:UnityEditor.Search:ASIAI0B)
Imported 'GUID: e09919744ef75bc4eaa3181b195375bd' -> (Import Result ID: '5765e5b7100e2f0ae421eba6d1f0f4c5') in 0.002 seconds [static and dynamic dependencies]. Details - ImportResultOutputID=213ebe1e826e8866514dfc820a9b3cb0 DependenciesID=cd4f6dc96414ffa1c0d6f1f50284c0e2 StaticDependenciesID=2bb93e1d3f5266f50e16b5e163b2d014 
Number of updated asset objects reloaded before import = 0
Number of asset objects unloaded after import = 0
========================================================================
Received Import Request.
  Time of request: 2026-10-01T17:00:51.6366015Z
  Time since last request: 0.0022744 seconds.
  importAddress: GUID: 3a4d828da4d125740924da08b5fbe1cb - Path: Packages/com.unity.collab-proxy/Editor/UI/GuiEnabled.cs - Importer: ScriptedImporter/UnityEditor.QuickSearchModule:UnityEditor.Search:ASIAI0B
Importing 'GUID: 3a4d828da4d125740924da08b5fbe1cb - Path: Packages/com.unity.collab-proxy/Editor/UI/GuiEnabled.cs - Importer: ScriptedImporter/UnityEditor.QuickSearchModule:UnityEditor.Search:ASIAI0B' with importer (ScriptedImporter : UnityEditor.QuickSearchModule:UnityEditor.Search:ASIAI0B)
Imported 'GUID: 3a4d828da4d125740924da08b5fbe1cb' -> (Import Result ID: 'f8e8b0708fa658b42e9fd7719e44887b') in 0.002 seconds [static and dynamic dependencies]. Details - ImportResultOutputID=f707b996fab609f7dd928b796a1753fb DependenciesID=2d69842d6c46fd68e9bb40977ff0633b StaticDependenciesID=26fd4fdeda3b0bc900fae37f1da7573d 
Number of updated asset objects reloaded before import = 0
Number of asset objects unloaded after import = 0
========================================================================
Received Import Request.
  Time of request: 2026-10-01T17:00:51.6445969Z
  Time since last request: 0.0003226 seconds.
  importAddress: GUID: c60feb8f0f5f57c4393eae9a43529616 - Path: Packages/com.unity.collab-proxy/Editor/UI/UnityConstants.cs - Importer: ScriptedImporter/UnityEditor.QuickSearchModule:UnityEditor.Search:ASIAI0B
Importing 'GUID: c60feb8f0f5f57c4393eae9a43529616 - Path: Packages/com.unity.collab-proxy/Editor/UI/UnityConstants.cs - Importer: ScriptedImporter/UnityEditor.QuickSearchModule:UnityEditor.Search:ASIAI0B' with importer (ScriptedImporter : UnityEditor.QuickSearchModule:UnityEditor.Search:ASIAI0B)
Imported 'GUID: c60feb8f0f5f57c4393eae9a43529616' -> (Import Result ID: 'afe7f7e8c942af3e5527396076bb8450') in 0.003 seconds [static and dynamic dependencies]. Details - ImportResultOutputID=a5399aadc14b314db7014c6cc5f00772 DependenciesID=ef3c77db2b62821ab1babb8a69efc9cb StaticDependenciesID=b4c6b07f9df75aa2a3f242d9f1726311 
Number of updated asset objects reloaded before import = 0
Number of asset objects unloaded after import = 0
========================================================================
Received Import Request.
  Time of request: 2026-10-01T17:00:51.6539809Z
  Time since last request: 0.0002343 seconds.
  importAddress: GUID: 25e3b426e5be4f64db3f9184fd625379 - Path: Packages/com.unity.collab-proxy/Editor/UI/CloseWindowIfOpened.cs - Importer: ScriptedImporter/UnityEditor.QuickSearchModule:UnityEditor.Search:ASIAI0B
Importing 'GUID: 25e3b426e5be4f64db3f9184fd625379 - Path: Packages/com.unity.collab-proxy/Editor/UI/CloseWindowIfOpened.cs - Importer: ScriptedImporter/UnityEditor.QuickSearchModule:UnityEditor.Search:ASIAI0B' with importer (ScriptedImporter : UnityEditor.QuickSearchModule:UnityEditor.Search:ASIAI0B)
Imported 'GUID: 25e3b426e5be4f64db3f9184fd625379' -> (Import Result ID: '6cef0f3c5ee0271f989302dace76e863') in 0.002 seconds [static and dynamic dependencies]. Details - ImportResultOutputID=d1971089158b91c7aaf912cf760323fd DependenciesID=dc884b9d9821a0d1d5d24c97a8d6a772 StaticDependenciesID=74733ac8f9dcd97f665189df306b6dc2 
Number of updated asset objects reloaded before import = 0
Number of asset objects unloaded after import = 0
========================================================================
Received Import Request.
  Time of request: 2026-10-01T17:00:51.6618658Z
  Time since last request: 0.0006664 seconds.
  importAddress: GUID: 023009af66be2da4d84bf23700528308 - Path: Packages/com.unity.collab-proxy/Editor/UI/UnityEvents.cs - Importer: ScriptedImporter/UnityEditor.QuickSearchModule:UnityEditor.Search:ASIAI0B
Importing 'GUID: 023009af66be2da4d84bf23700528308 - Path: Packages/com.unity.collab-proxy/Editor/UI/UnityEvents.cs - Importer: ScriptedImporter/UnityEditor.QuickSearchModule:UnityEditor.Search:ASIAI0B' with importer (ScriptedImporter : UnityEditor.QuickSearchModule:UnityEditor.Search:ASIAI0B)
Imported 'GUID: 023009af66be2da4d84bf23700528308' -> (Import Result ID: '1223c6dc076f1f6e77fb865404d14774') in 0.002 seconds [static and dynamic dependencies]. Details - ImportResultOutputID=aeb9e4c9ea26f9b5853d2251a2d70326 DependenciesID=9466a218b4df21668d3b27bed078d945 StaticDependenciesID=1a92a2bbd161b10460e867cb1d26a179 
Number of updated asset objects reloaded before import = 0
Number of asset objects unloaded after import = 0
========================================================================
Received Import Request.
  Time of request: 2026-10-01T17:00:51.6704493Z
  Time since last request: 0.0002916 seconds.
  importAddress: GUID: 660c279d5b14417c81d49ee4152e99a7 - Path: Packages/com.unity.collab-proxy/Editor/UnityInternals/UnityInternalsInjector.cs - Importer: ScriptedImporter/UnityEditor.QuickSearchModule:UnityEditor.Search:ASIAI0B
Importing 'GUID: 660c279d5b14417c81d49ee4152e99a7 - Path: Packages/com.unity.collab-proxy/Editor/UnityInternals/UnityInternalsInjector.cs - Importer: ScriptedImporter/UnityEditor.QuickSearchModule:UnityEditor.Search:ASIAI0B' with importer (ScriptedImporter : UnityEditor.QuickSearchModule:UnityEditor.Search:ASIAI0B)
Imported 'GUID: 660c279d5b14417c81d49ee4152e99a7' -> (Import Result ID: '70aabfd08265737ade5b92bb8329f933') in 0.002 seconds [static and dynamic dependencies]. Details - ImportResultOutputID=c7ef9091ba4869a0e9fb321942523b73 DependenciesID=82304069f5602402ed6fea3163a30355 StaticDependenciesID=831a071ac0c13ac4001c53d343fd3aa3 
Number of updated asset objects reloaded before import = 0
Number of asset objects unloaded after import = 0
========================================================================
Received Import Request.
  Time of request: 2026-10-01T17:00:51.6788849Z
  Time since last request: 0.0004659 seconds.
  importAddress: GUID: d765c78b18a58b14a986b34841ae9c52 - Path: Packages/com.unity.collab-proxy/Editor/UI/Images.cs - Importer: ScriptedImporter/UnityEditor.QuickSearchModule:UnityEditor.Search:ASIAI0B
Importing 'GUID: d765c78b18a58b14a986b34841ae9c52 - Path: Packages/com.unity.collab-proxy/Editor/UI/Images.cs - Importer: ScriptedImporter/UnityEditor.QuickSearchModule:UnityEditor.Search:ASIAI0B' with importer (ScriptedImporter : UnityEditor.QuickSearchModule:UnityEditor.Search:ASIAI0B)
Imported 'GUID: d765c78b18a58b14a986b34841ae9c52' -> (Import Result ID: '1149a2046921eeb70584a4bce2da5ec5') in 0.002 seconds [static and dynamic dependencies]. Details - ImportResultOutputID=7878482dc2eb5f3d1df6575bc19a7b19 DependenciesID=30b3ca8399d4205641662c8b22f98697 StaticDependenciesID=4154a3a10d140c7a49a88a9d4fad1e4b 
Number of updated asset objects reloaded before import = 0
Number of asset objects unloaded after import = 0
========================================================================
Received Import Request.
  Time of request: 2026-10-01T17:00:51.6873774Z
  Time since last request: 0.000291 seconds.
  importAddress: GUID: 54390afd4066b724d9a802ff75bed13b - Path: Packages/com.unity.collab-proxy/Editor/UI/DrawTextBlockWithLink.cs - Importer: ScriptedImporter/UnityEditor.QuickSearchModule:UnityEditor.Search:ASIAI0B
Importing 'GUID: 54390afd4066b724d9a802ff75bed13b - Path: Packages/com.unity.collab-proxy/Editor/UI/DrawTextBlockWithLink.cs - Importer: ScriptedImporter/UnityEditor.QuickSearchModule:UnityEditor.Search:ASIAI0B' with importer (ScriptedImporter : UnityEditor.QuickSearchModule:UnityEditor.Search:ASIAI0B)
Imported 'GUID: 54390afd4066b724d9a802ff75bed13b' -> (Import Result ID: '30d45e377f7768c238053ca7ed2f4e59') in 0.001 seconds [static and dynamic dependencies]. Details - ImportResultOutputID=840fc498bbdceafb579961c8e29730f2 DependenciesID=31e77d6952337dfafb012299e8c6bbda StaticDependenciesID=01bdf4e5bf978b3d271b360227bb76f1 
Number of updated asset objects reloaded before import = 0
Number of asset objects unloaded after import = 0
========================================================================
Received Import Request.
  Time of request: 2026-10-01T17:00:51.6948645Z
  Time since last request: 0.0002437 seconds.
  importAddress: GUID: c08cfcfc4c2c46c46940ed103538acae - Path: Packages/com.unity.collab-proxy/Editor/UI/DrawActionButton.cs - Importer: ScriptedImporter/UnityEditor.QuickSearchModule:UnityEditor.Search:ASIAI0B
Importing 'GUID: c08cfcfc4c2c46c46940ed103538acae - Path: Packages/com.unity.collab-proxy/Editor/UI/DrawActionButton.cs - Importer: ScriptedImporter/UnityEditor.QuickSearchModule:UnityEditor.Search:ASIAI0B' with importer (ScriptedImporter : UnityEditor.QuickSearchModule:UnityEditor.Search:ASIAI0B)
Imported 'GUID: c08cfcfc4c2c46c46940ed103538acae' -> (Import Result ID: '464dc3a99fe2e21f9e5330675a8d7b76') in 0.002 seconds [static and dynamic dependencies]. Details - ImportResultOutputID=fe7d786b780ad1bcd6dd9baeb6d2b399 DependenciesID=068c8362b53e27ccb65342a6572937e3 StaticDependenciesID=ed4b58d539b1ab8fc88c21a411f9663f 
Number of updated asset objects reloaded before import = 0
Number of asset objects unloaded after import = 0
========================================================================
Received Import Request.
  Time of request: 2026-10-01T17:00:51.7026494Z
  Time since last request: 0.0002955 seconds.
  importAddress: GUID: 97b51e80cfabfe341958267f3d6c2ed6 - Path: Packages/com.unity.collab-proxy/Editor/UI/EntryBuilder.cs - Importer: ScriptedImporter/UnityEditor.QuickSearchModule:UnityEditor.Search:ASIAI0B
Importing 'GUID: 97b51e80cfabfe341958267f3d6c2ed6 - Path: Packages/com.unity.collab-proxy/Editor/UI/EntryBuilder.cs - Importer: ScriptedImporter/UnityEditor.QuickSearchModule:UnityEditor.Search:ASIAI0B' with importer (ScriptedImporter : UnityEditor.QuickSearchModule:UnityEditor.Search:ASIAI0B)
Imported 'GUID: 97b51e80cfabfe341958267f3d6c2ed6' -> (Import Result ID: 'b492874ff1f3a50200154e05e62f0739') in 0.001 seconds [static and dynamic dependencies]. Details - ImportResultOutputID=bd908103ab90e79c32210185dd9fd1f6 DependenciesID=06f27442dcfc9e6b6a81d1baa1c6c6cc StaticDependenciesID=461656da55907fa4997c21f81f59dde2 
Number of updated asset objects reloaded before import = 0
Number of asset objects unloaded after import = 0
========================================================================
Received Import Request.
  Time of request: 2026-10-01T17:00:51.7105357Z
  Time since last request: 0.0002527 seconds.
  importAddress: GUID: 0f222cc01be81b842b1333c92fb7355c - Path: Packages/com.unity.collab-proxy/Editor/UI/DrawUserIcon.cs - Importer: ScriptedImporter/UnityEditor.QuickSearchModule:UnityEditor.Search:ASIAI0B
Importing 'GUID: 0f222cc01be81b842b1333c92fb7355c - Path: Packages/com.unity.collab-proxy/Editor/UI/DrawUserIcon.cs - Importer: ScriptedImporter/UnityEditor.QuickSearchModule:UnityEditor.Search:ASIAI0B' with importer (ScriptedImporter : UnityEditor.QuickSearchModule:UnityEditor.Search:ASIAI0B)
Imported 'GUID: 0f222cc01be81b842b1333c92fb7355c' -> (Import Result ID: 'c69b004acd73ce5103c188eb69bff03a') in 0.001 seconds [static and dynamic dependencies]. Details - ImportResultOutputID=6e5d31b34da7b3f12c4238e1e79818ef DependenciesID=3285a7a3d0aa52990239554608bcb02d StaticDependenciesID=d9a670f7da7f08c2f9175e1c9ade2d5a 
Number of updated asset objects reloaded before import = 0
Number of asset objects unloaded after import = 0
========================================================================
Received Import Request.
  Time of request: 2026-10-01T17:00:51.7180981Z
  Time since last request: 0.0002441 seconds.
  importAddress: GUID: 0e1e2d80d9c79b042ab42fdf0b5c0b65 - Path: Packages/com.unity.collab-proxy/Editor/UI/EditorVersion.cs - Importer: ScriptedImporter/UnityEditor.QuickSearchModule:UnityEditor.Search:ASIAI0B
Importing 'GUID: 0e1e2d80d9c79b042ab42fdf0b5c0b65 - Path: Packages/com.unity.collab-proxy/Editor/UI/EditorVersion.cs - Importer: ScriptedImporter/UnityEditor.QuickSearchModule:UnityEditor.Search:ASIAI0B' with importer (ScriptedImporter : UnityEditor.QuickSearchModule:UnityEditor.Search:ASIAI0B)
Imported 'GUID: 0e1e2d80d9c79b042ab42fdf0b5c0b65' -> (Import Result ID: '9500401b94842c07b67b0413b84d4593') in 0.002 seconds [static and dynamic dependencies]. Details - ImportResultOutputID=702e889e4afac369000ff35095778a55 DependenciesID=502341ddd90eefa7b89d7e82b0380697 StaticDependenciesID=771efe3479d3bf7dbdcfb0a6865f2019 
Number of updated asset objects reloaded before import = 0
Number of asset objects unloaded after import = 0
========================================================================
Received Import Request.
  Time of request: 2026-10-01T17:00:51.7264988Z
  Time since last request: 0.0002378 seconds.
  importAddress: GUID: 83e946775d0516c4aba77860a60ed6e6 - Path: Packages/com.unity.collab-proxy/Editor/UI/UnityThreadWaiter.cs - Importer: ScriptedImporter/UnityEditor.QuickSearchModule:UnityEditor.Search:ASIAI0B
Importing 'GUID: 83e946775d0516c4aba77860a60ed6e6 - Path: Packages/com.unity.collab-proxy/Editor/UI/UnityThreadWaiter.cs - Importer: ScriptedImporter/UnityEditor.QuickSearchModule:UnityEditor.Search:ASIAI0B' with importer (ScriptedImporter : UnityEditor.QuickSearchModule:UnityEditor.Search:ASIAI0B)
Imported 'GUID: 83e946775d0516c4aba77860a60ed6e6' -> (Import Result ID: 'c28f47205aa331932193d059256682ec') in 0.002 seconds [static and dynamic dependencies]. Details - ImportResultOutputID=5e98de12e4c0d5eecd74e909c38d1def DependenciesID=062e403aa118b4c49241fb05b018add5 StaticDependenciesID=1c4c33109dc88322967cf3b3ef1621c5 
Number of updated asset objects reloaded before import = 0
Number of asset objects unloaded after import = 0
========================================================================
Received Import Request.
  Time of request: 2026-10-01T17:00:51.7344665Z
  Time since last request: 0.000263 seconds.
  importAddress: GUID: d2e4782a922433041be291edaf12421a - Path: Packages/com.unity.collab-proxy/Editor/UI/DropDownTextField.cs - Importer: ScriptedImporter/UnityEditor.QuickSearchModule:UnityEditor.Search:ASIAI0B
Importing 'GUID: d2e4782a922433041be291edaf12421a - Path: Packages/com.unity.collab-proxy/Editor/UI/DropDownTextField.cs - Importer: ScriptedImporter/UnityEditor.QuickSearchModule:UnityEditor.Search:ASIAI0B' with importer (ScriptedImporter : UnityEditor.QuickSearchModule:UnityEditor.Search:ASIAI0B)
Imported 'GUID: d2e4782a922433041be291edaf12421a' -> (Import Result ID: '997388463b2cacfca8a06f2b43dc9903') in 0.002 seconds [static and dynamic dependencies]. Details - ImportResultOutputID=405ef0ab362a15101ae8a27f51384a64 DependenciesID=10373a0cddcbac391319737c620de7af StaticDependenciesID=f0e1204be85a47f9a2bf5b80a8412c19 
Number of updated asset objects reloaded before import = 0
Number of asset objects unloaded after import = 0
========================================================================
Received Import Request.
  Time of request: 2026-10-01T17:00:51.7418888Z
  Time since last request: 0.000256 seconds.
  importAddress: GUID: 792f2bf6e6d57db4f93253a322673bc7 - Path: Packages/com.unity.collab-proxy/Editor/UVCSToolbar/ToolbarController.cs - Importer: ScriptedImporter/UnityEditor.QuickSearchModule:UnityEditor.Search:ASIAI0B
Importing 'GUID: 792f2bf6e6d57db4f93253a322673bc7 - Path: Packages/com.unity.collab-proxy/Editor/UVCSToolbar/ToolbarController.cs - Importer: ScriptedImporter/UnityEditor.QuickSearchModule:UnityEditor.Search:ASIAI0B' with importer (ScriptedImporter : UnityEditor.QuickSearchModule:UnityEditor.Search:ASIAI0B)
Imported 'GUID: 792f2bf6e6d57db4f93253a322673bc7' -> (Import Result ID: '992328e4b461f370924ece657e88f666') in 0.002 seconds [static and dynamic dependencies]. Details - ImportResultOutputID=da6aa9eb6646b641d3371abfc196378b DependenciesID=76d07bfb0811f866d6f76cc2ff9527b3 StaticDependenciesID=7a16e6051f8a05bf8cb3a292a604d8de 
Number of updated asset objects reloaded before import = 0
Number of asset objects unloaded after import = 0
========================================================================
Received Import Request.
  Time of request: 2026-10-01T17:00:51.7497732Z
  Time since last request: 0.0003158 seconds.
  importAddress: GUID: 17b36165d09634a48bf5a0e4bb27f4bd - Path: Packages/com.unity.collab-proxy/Editor/UnityInternals/Unity.CollabProxy.Editor.asmdef - Importer: ScriptedImporter/UnityEditor.QuickSearchModule:UnityEditor.Search:ASIAI0B
Importing 'GUID: 17b36165d09634a48bf5a0e4bb27f4bd - Path: Packages/com.unity.collab-proxy/Editor/UnityInternals/Unity.CollabProxy.Editor.asmdef - Importer: ScriptedImporter/UnityEditor.QuickSearchModule:UnityEditor.Search:ASIAI0B' with importer (ScriptedImporter : UnityEditor.QuickSearchModule:UnityEditor.Search:ASIAI0B)
Imported 'GUID: 17b36165d09634a48bf5a0e4bb27f4bd' -> (Import Result ID: '3a9add83be7f73d1043ffe4a6d6e6b78') in 0.002 seconds [static and dynamic dependencies]. Details - ImportResultOutputID=df7f1e09f729926bf5396c82aaa8393c DependenciesID=93949f3a99dcc1ff2a5fbe5e6f308ff1 StaticDependenciesID=884afe6b281eae4f2d16424ebb8e6608 
Number of updated asset objects reloaded before import = 0
Number of asset objects unloaded after import = 1
========================================================================
Received Import Request.
  Time of request: 2026-10-01T17:00:51.7577043Z
  Time since last request: 0.0002793 seconds.
  importAddress: GUID: 923089d9a5486b545bfc5f70e781d4e1 - Path: Packages/com.unity.collab-proxy/Editor/UI/SortOrderComparer.cs - Importer: ScriptedImporter/UnityEditor.QuickSearchModule:UnityEditor.Search:ASIAI0B
Importing 'GUID: 923089d9a5486b545bfc5f70e781d4e1 - Path: Packages/com.unity.collab-proxy/Editor/UI/SortOrderComparer.cs - Importer: ScriptedImporter/UnityEditor.QuickSearchModule:UnityEditor.Search:ASIAI0B' with importer (ScriptedImporter : UnityEditor.QuickSearchModule:UnityEditor.Search:ASIAI0B)
Imported 'GUID: 923089d9a5486b545bfc5f70e781d4e1' -> (Import Result ID: 'e58301291d08fa15b5bd2367c2197430') in 0.001 seconds [static and dynamic dependencies]. Details - ImportResultOutputID=04c37f1460a2926977615cb556a4220a DependenciesID=7c9979a67716f0f49d316ffecec61e4d StaticDependenciesID=f83280220b67f12f98d5eec8c94cc7f7 
Number of updated asset objects reloaded before import = 0
Number of asset objects unloaded after import = 0
========================================================================
Received Import Request.
  Time of request: 2026-10-01T17:00:51.7660711Z
  Time since last request: 0.0002685 seconds.
  importAddress: GUID: 3320b7341e4731842a6fd50ae97c96f5 - Path: Packages/com.unity.collab-proxy/Editor/UI/GetWindowIfOpened.cs - Importer: ScriptedImporter/UnityEditor.QuickSearchModule:UnityEditor.Search:ASIAI0B
Importing 'GUID: 3320b7341e4731842a6fd50ae97c96f5 - Path: Packages/com.unity.collab-proxy/Editor/UI/GetWindowIfOpened.cs - Importer: ScriptedImporter/UnityEditor.QuickSearchModule:UnityEditor.Search:ASIAI0B' with importer (ScriptedImporter : UnityEditor.QuickSearchModule:UnityEditor.Search:ASIAI0B)
Imported 'GUID: 3320b7341e4731842a6fd50ae97c96f5' -> (Import Result ID: 'ca71bb99f75ca2f52d66fad73458bd6d') in 0.002 seconds [static and dynamic dependencies]. Details - ImportResultOutputID=cf5a19ca3420beb15fbfe6a57f2418a5 DependenciesID=9aea8fb67e8a43a957c4a74bbcaff494 StaticDependenciesID=ff97117202cd789b97c39d4da6558d9a 
Number of updated asset objects reloaded before import = 0
Number of asset objects unloaded after import = 0
========================================================================
Received Import Request.
  Time of request: 2026-10-01T17:00:51.7743915Z
  Time since last request: 0.0003495 seconds.
  importAddress: GUID: eaa3325968035499991b3b1d1b89a348 - Path: Packages/com.unity.collab-proxy/Editor/UI/CalcTextSize.cs - Importer: ScriptedImporter/UnityEditor.QuickSearchModule:UnityEditor.Search:ASIAI0B
Importing 'GUID: eaa3325968035499991b3b1d1b89a348 - Path: Packages/com.unity.collab-proxy/Editor/UI/CalcTextSize.cs - Importer: ScriptedImporter/UnityEditor.QuickSearchModule:UnityEditor.Search:ASIAI0B' with importer (ScriptedImporter : UnityEditor.QuickSearchModule:UnityEditor.Search:ASIAI0B)
Imported 'GUID: eaa3325968035499991b3b1d1b89a348' -> (Import Result ID: '4cc9b611d6b6ff7ad58511f61aa8d38d') in 0.002 seconds [static and dynamic dependencies]. Details - ImportResultOutputID=e0d6ebb067bdfaf822b621b744017ee8 DependenciesID=4960fcc666c3c41d4b6e1305f4e576fe StaticDependenciesID=8aab92931102c8fb830f7846e88c84c0 
Number of updated asset objects reloaded before import = 0
Number of asset objects unloaded after import = 0
========================================================================
Received Import Request.
  Time of request: 2026-10-01T17:00:51.7825345Z
  Time since last request: 0.0003247 seconds.
  importAddress: GUID: ad0c4895dbf7aeb459c1d136884a7998 - Path: Packages/com.unity.collab-proxy/Editor/UI/UnityMenuItem.cs - Importer: ScriptedImporter/UnityEditor.QuickSearchModule:UnityEditor.Search:ASIAI0B
Importing 'GUID: ad0c4895dbf7aeb459c1d136884a7998 - Path: Packages/com.unity.collab-proxy/Editor/UI/UnityMenuItem.cs - Importer: ScriptedImporter/UnityEditor.QuickSearchModule:UnityEditor.Search:ASIAI0B' with importer (ScriptedImporter : UnityEditor.QuickSearchModule:UnityEditor.Search:ASIAI0B)
Imported 'GUID: ad0c4895dbf7aeb459c1d136884a7998' -> (Import Result ID: '7a2bed13a240f89ad381410ad9f97843') in 0.002 seconds [static and dynamic dependencies]. Details - ImportResultOutputID=5cee6a81beae9454496d35bf5e226310 DependenciesID=29b46f0559a6630ce14e03fbcc55f4a6 StaticDependenciesID=0bc75188ebd63a069604abcae5217187 
Number of updated asset objects reloaded before import = 0
Number of asset objects unloaded after import = 0
========================================================================
Received Import Request.
  Time of request: 2026-10-01T17:00:51.7905301Z
  Time since last request: 0.0004013 seconds.
  importAddress: GUID: 278463514ca704271b228ad4ddc32e6b - Path: Packages/com.unity.collab-proxy/Editor/UI/ThreadWaiterRegistry.cs - Importer: ScriptedImporter/UnityEditor.QuickSearchModule:UnityEditor.Search:ASIAI0B
Importing 'GUID: 278463514ca704271b228ad4ddc32e6b - Path: Packages/com.unity.collab-proxy/Editor/UI/ThreadWaiterRegistry.cs - Importer: ScriptedImporter/UnityEditor.QuickSearchModule:UnityEditor.Search:ASIAI0B' with importer (ScriptedImporter : UnityEditor.QuickSearchModule:UnityEditor.Search:ASIAI0B)
Imported 'GUID: 278463514ca704271b228ad4ddc32e6b' -> (Import Result ID: 'ed3ab24cb046609c8a000e1f2c656888') in 0.002 seconds [static and dynamic dependencies]. Details - ImportResultOutputID=eb1e96189fcd9993629b5d89c085b8ce DependenciesID=724748db7fbed11d689ff2fa4a3e84cb StaticDependenciesID=19e105b82066b762f3ffd633d73b7684 
Number of updated asset objects reloaded before import = 0
Number of asset objects unloaded after import = 0
========================================================================
Received Import Request.
  Time of request: 2026-10-01T17:00:51.7984425Z
  Time since last request: 0.0003699 seconds.
  importAddress: GUID: c0faad526f5548c1a53c288b045580b0 - Path: Packages/com.unity.collab-proxy/Editor/UI/DelayedActionByFramesRunner.cs - Importer: ScriptedImporter/UnityEditor.QuickSearchModule:UnityEditor.Search:ASIAI0B
Importing 'GUID: c0faad526f5548c1a53c288b045580b0 - Path: Packages/com.unity.collab-proxy/Editor/UI/DelayedActionByFramesRunner.cs - Importer: ScriptedImporter/UnityEditor.QuickSearchModule:UnityEditor.Search:ASIAI0B' with importer (ScriptedImporter : UnityEditor.QuickSearchModule:UnityEditor.Search:ASIAI0B)
Imported 'GUID: c0faad526f5548c1a53c288b045580b0' -> (Import Result ID: '63cf0758960ddb6bdcb0a4de2143040e') in 0.002 seconds [static and dynamic dependencies]. Details - ImportResultOutputID=e99eb4f3a3537a12dafaaaf483e873e0 DependenciesID=9580cd366ffad7232e93715dadaed05e StaticDependenciesID=f0faa697dedcd8287418854d86e46065 
Number of updated asset objects reloaded before import = 0
Number of asset objects unloaded after import = 0
========================================================================
Received Import Request.
  Time of request: 2026-10-01T17:00:51.8062931Z
  Time since last request: 0.0002599 seconds.
  importAddress: GUID: 90a94ffd2947aab4d9da12dee0175a7a - Path: Packages/com.unity.collab-proxy/Editor/UI/UnityPlasticTimer.cs - Importer: ScriptedImporter/UnityEditor.QuickSearchModule:UnityEditor.Search:ASIAI0B
Importing 'GUID: 90a94ffd2947aab4d9da12dee0175a7a - Path: Packages/com.unity.collab-proxy/Editor/UI/UnityPlasticTimer.cs - Importer: ScriptedImporter/UnityEditor.QuickSearchModule:UnityEditor.Search:ASIAI0B' with importer (ScriptedImporter : UnityEditor.QuickSearchModule:UnityEditor.Search:ASIAI0B)
Imported 'GUID: 90a94ffd2947aab4d9da12dee0175a7a' -> (Import Result ID: 'a6b4775a6c94b5275321732fc50d53b1') in 0.002 seconds [static and dynamic dependencies]. Details - ImportResultOutputID=e626d7080e064c3b75d0ed866027416f DependenciesID=f1fb99887dc828c1aeddcc9226d6a19c StaticDependenciesID=b23d8dddc5d7dea3dd4ac82e2e095e3a 
Number of updated asset objects reloaded before import = 0
Number of asset objects unloaded after import = 0
========================================================================
Received Import Request.
  Time of request: 2026-10-01T17:00:51.8142083Z
  Time since last request: 0.0003583 seconds.
  importAddress: GUID: 6dbc54b503a79034d9c544e39451fd10 - Path: Packages/com.unity.collab-proxy/Editor/UI/GUIActionRunner.cs - Importer: ScriptedImporter/UnityEditor.QuickSearchModule:UnityEditor.Search:ASIAI0B
Importing 'GUID: 6dbc54b503a79034d9c544e39451fd10 - Path: Packages/com.unity.collab-proxy/Editor/UI/GUIActionRunner.cs - Importer: ScriptedImporter/UnityEditor.QuickSearchModule:UnityEditor.Search:ASIAI0B' with importer (ScriptedImporter : UnityEditor.QuickSearchModule:UnityEditor.Search:ASIAI0B)
Imported 'GUID: 6dbc54b503a79034d9c544e39451fd10' -> (Import Result ID: '0e55f74652119fb9321847c8c2805852') in 0.002 seconds [static and dynamic dependencies]. Details - ImportResultOutputID=42402a7306a64cd4e7863c9d0829d4d7 DependenciesID=2e63bbeb0dbdb098dcbff00066de5608 StaticDependenciesID=24e1a33d651bdd4cb2b13dfe6b092564 
Number of updated asset objects reloaded before import = 0
Number of asset objects unloaded after import = 0
========================================================================
Received Import Request.
  Time of request: 2026-10-01T17:00:51.8220809Z
  Time since last request: 0.0002543 seconds.
  importAddress: GUID: eda42d85846dab04a81db79ea2ab5e12 - Path: Packages/com.unity.collab-proxy/Editor/UI/DrawCopyableLabel.cs - Importer: ScriptedImporter/UnityEditor.QuickSearchModule:UnityEditor.Search:ASIAI0B
Importing 'GUID: eda42d85846dab04a81db79ea2ab5e12 - Path: Packages/com.unity.collab-proxy/Editor/UI/DrawCopyableLabel.cs - Importer: ScriptedImporter/UnityEditor.QuickSearchModule:UnityEditor.Search:ASIAI0B' with importer (ScriptedImporter : UnityEditor.QuickSearchModule:UnityEditor.Search:ASIAI0B)
Imported 'GUID: eda42d85846dab04a81db79ea2ab5e12' -> (Import Result ID: '0ddd890a1db6d941430f6c7153927206') in 0.002 seconds [static and dynamic dependencies]. Details - ImportResultOutputID=277a2a0256315644956180aa0d377de1 DependenciesID=6913e17e9a7cdfc5ba8a4995776ab212 StaticDependenciesID=6970d9b21abf2d3d158f57f4557c81df 
Number of updated asset objects reloaded before import = 0
Number of asset objects unloaded after import = 0
========================================================================
Received Import Request.
  Time of request: 2026-10-01T17:00:51.830291Z
  Time since last request: 0.0002791 seconds.
  importAddress: GUID: 217d1c918b0005940b43c6099bbad952 - Path: Packages/com.unity.collab-proxy/Editor/UnityInternals/UVCSToolbarBoostrap_Legacy.cs - Importer: ScriptedImporter/UnityEditor.QuickSearchModule:UnityEditor.Search:ASIAI0B
Importing 'GUID: 217d1c918b0005940b43c6099bbad952 - Path: Packages/com.unity.collab-proxy/Editor/UnityInternals/UVCSToolbarBoostrap_Legacy.cs - Importer: ScriptedImporter/UnityEditor.QuickSearchModule:UnityEditor.Search:ASIAI0B' with importer (ScriptedImporter : UnityEditor.QuickSearchModule:UnityEditor.Search:ASIAI0B)
Imported 'GUID: 217d1c918b0005940b43c6099bbad952' -> (Import Result ID: '8e2ec71af8ed033b68c5c60f5b73826c') in 0.002 seconds [static and dynamic dependencies]. Details - ImportResultOutputID=f9f7eff5f82a35890b8c615802ff0b68 DependenciesID=24fe60c5ac40578503ba501cae9e3d65 StaticDependenciesID=e119c2fbaf303b549139992576dfb58d 
Number of updated asset objects reloaded before import = 0
Number of asset objects unloaded after import = 0
========================================================================
Received Import Request.
  Time of request: 2026-10-01T17:00:51.8387298Z
  Time since last request: 0.0002827 seconds.
  importAddress: GUID: 245d2c4b912b39a4784287979ea8cfd9 - Path: Packages/com.unity.collab-proxy/Editor/UI/EditorProgressBar.cs - Importer: ScriptedImporter/UnityEditor.QuickSearchModule:UnityEditor.Search:ASIAI0B
Importing 'GUID: 245d2c4b912b39a4784287979ea8cfd9 - Path: Packages/com.unity.collab-proxy/Editor/UI/EditorProgressBar.cs - Importer: ScriptedImporter/UnityEditor.QuickSearchModule:UnityEditor.Search:ASIAI0B' with importer (ScriptedImporter : UnityEditor.QuickSearchModule:UnityEditor.Search:ASIAI0B)
Imported 'GUID: 245d2c4b912b39a4784287979ea8cfd9' -> (Import Result ID: '932c3613fd4aadd5b39438a9de5237eb') in 0.002 seconds [static and dynamic dependencies]. Details - ImportResultOutputID=9f0e5b9e4acc9f84970ead3b05c79280 DependenciesID=1c8c56fb2a0719cb2c49b2b2dceb5e62 StaticDependenciesID=f960e442a52a4ddeef7e6ed837c9e10a 
Number of updated asset objects reloaded before import = 0
Number of asset objects unloaded after import = 0
========================================================================
Received Import Request.
  Time of request: 2026-10-01T17:00:51.8463334Z
  Time since last request: 0.0003028 seconds.
  importAddress: GUID: f79c84772bc81844fb9e662249f1e400 - Path: Packages/com.unity.collab-proxy/Editor/UI/CheckUnityException.cs - Importer: ScriptedImporter/UnityEditor.QuickSearchModule:UnityEditor.Search:ASIAI0B
Importing 'GUID: f79c84772bc81844fb9e662249f1e400 - Path: Packages/com.unity.collab-proxy/Editor/UI/CheckUnityException.cs - Importer: ScriptedImporter/UnityEditor.QuickSearchModule:UnityEditor.Search:ASIAI0B' with importer (ScriptedImporter : UnityEditor.QuickSearchModule:UnityEditor.Search:ASIAI0B)
Imported 'GUID: f79c84772bc81844fb9e662249f1e400' -> (Import Result ID: '308e413c5772d6d5e6f18e4ab0d0cb59') in 0.002 seconds [static and dynamic dependencies]. Details - ImportResultOutputID=0a3fa469055a199152969e72b1557874 DependenciesID=4298a02b2c2d50159a4ccbe4d75799ee StaticDependenciesID=4d811c3b94529e3b8003a9fa7d46cf18 
Number of updated asset objects reloaded before import = 0
Number of asset objects unloaded after import = 0
========================================================================
Received Import Request.
  Time of request: 2026-10-01T17:00:51.8540335Z
  Time since last request: 0.0003828 seconds.
  importAddress: GUID: 65c9d93f86da86b41a712d92e8f03dc2 - Path: Packages/com.unity.collab-proxy/Editor/UI/GetPlasticShortcut.cs - Importer: ScriptedImporter/UnityEditor.QuickSearchModule:UnityEditor.Search:ASIAI0B
Importing 'GUID: 65c9d93f86da86b41a712d92e8f03dc2 - Path: Packages/com.unity.collab-proxy/Editor/UI/GetPlasticShortcut.cs - Importer: ScriptedImporter/UnityEditor.QuickSearchModule:UnityEditor.Search:ASIAI0B' with importer (ScriptedImporter : UnityEditor.QuickSearchModule:UnityEditor.Search:ASIAI0B)
Imported 'GUID: 65c9d93f86da86b41a712d92e8f03dc2' -> (Import Result ID: '5f92a29f4b5e99bcb34dc42c26823532') in 0.002 seconds [static and dynamic dependencies]. Details - ImportResultOutputID=0aedb792ad859bcb8516422b3cb94335 DependenciesID=0d5efa99107ac133a9df435bc04c62d4 StaticDependenciesID=34494aefbf026ca362184ae6eebc516b 
Number of updated asset objects reloaded before import = 0
Number of asset objects unloaded after import = 0
========================================================================
Received Import Request.
  Time of request: 2026-10-01T17:00:51.8616409Z
  Time since last request: 0.0002332 seconds.
  importAddress: GUID: e26dd2ea146011948b8e7518465ea71a - Path: Packages/com.unity.collab-proxy/Editor/UI/DialogWithCheckBox_Legacy.cs - Importer: ScriptedImporter/UnityEditor.QuickSearchModule:UnityEditor.Search:ASIAI0B
Importing 'GUID: e26dd2ea146011948b8e7518465ea71a - Path: Packages/com.unity.collab-proxy/Editor/UI/DialogWithCheckBox_Legacy.cs - Importer: ScriptedImporter/UnityEditor.QuickSearchModule:UnityEditor.Search:ASIAI0B' with importer (ScriptedImporter : UnityEditor.QuickSearchModule:UnityEditor.Search:ASIAI0B)
Imported 'GUID: e26dd2ea146011948b8e7518465ea71a' -> (Import Result ID: '6200db255a638e4c54f6972d9a9168b2') in 0.002 seconds [static and dynamic dependencies]. Details - ImportResultOutputID=0c800169cda012f719ab2e0de6fbd6b0 DependenciesID=0220ea552ff0da3d130dcbc2687ba33f StaticDependenciesID=f99e4532a3c965b7b9cf0e660ceba38b 
Number of updated asset objects reloaded before import = 0
Number of asset objects unloaded after import = 0
========================================================================
Received Import Request.
  Time of request: 2026-10-01T17:00:51.8890052Z
  Time since last request: 0.0195721 seconds.
  importAddress: GUID: 3086d66a563317b40a20a20da2c64ac0 - Path: Packages/com.unity.collab-proxy/Editor/Assets/Images/d_buttonssosigninemail.png - Importer: ScriptedImporter/UnityEditor.QuickSearchModule:UnityEditor.Search:ASIAI0B
Importing 'GUID: 3086d66a563317b40a20a20da2c64ac0 - Path: Packages/com.unity.collab-proxy/Editor/Assets/Images/d_buttonssosigninemail.png - Importer: ScriptedImporter/UnityEditor.QuickSearchModule:UnityEditor.Search:ASIAI0B' with importer (ScriptedImporter : UnityEditor.QuickSearchModule:UnityEditor.Search:ASIAI0B)
Imported 'GUID: 3086d66a563317b40a20a20da2c64ac0' -> (Import Result ID: '580f85ec16a577e46c05d521664b4598') in 0.005 seconds [static and dynamic dependencies]. Details - ImportResultOutputID=813c8c71abfe6526eaf676d6ed388b25 DependenciesID=5a4a5edc27c3b8b08c238268984a7403 StaticDependenciesID=0040c0672ee2820327369e31798a8a3c 
Number of updated asset objects reloaded before import = 0
Number of asset objects unloaded after import = 1
========================================================================
Received Import Request.
  Time of request: 2026-10-01T17:00:51.8994684Z
  Time since last request: 0.0002469 seconds.
  importAddress: GUID: da54c27b153842f8b52711ef467ad986 - Path: Packages/com.unity.collab-proxy/Editor/Views/ApplyShelveWithConflictsQuestionerBuilder.cs - Importer: ScriptedImporter/UnityEditor.QuickSearchModule:UnityEditor.Search:ASIAI0B
Importing 'GUID: da54c27b153842f8b52711ef467ad986 - Path: Packages/com.unity.collab-proxy/Editor/Views/ApplyShelveWithConflictsQuestionerBuilder.cs - Importer: ScriptedImporter/UnityEditor.QuickSearchModule:UnityEditor.Search:ASIAI0B' with importer (ScriptedImporter : UnityEditor.QuickSearchModule:UnityEditor.Search:ASIAI0B)
Imported 'GUID: da54c27b153842f8b52711ef467ad986' -> (Import Result ID: 'b7ecef39e136eb4ee0d6576e5d2e68ff') in 0.002 seconds [static and dynamic dependencies]. Details - ImportResultOutputID=84866ee784ca78cbb15dbf09c96cb622 DependenciesID=8fb55aa9c605571fe8fb7da5282a2785 StaticDependenciesID=2e586348fb43296a0fccde978c240126 
Number of updated asset objects reloaded before import = 0
Number of asset objects unloaded after import = 0
========================================================================
Received Import Request.
  Time of request: 2026-10-01T17:00:51.9088331Z
  Time since last request: 0.0002968 seconds.
  importAddress: GUID: af5dbec545ddf41e7b15fef8a3cfb75b - Path: Packages/com.unity.collab-proxy/Editor/Assets/Images/ArrowCaretRight.png - Importer: ScriptedImporter/UnityEditor.QuickSearchModule:UnityEditor.Search:ASIAI0B
Importing 'GUID: af5dbec545ddf41e7b15fef8a3cfb75b - Path: Packages/com.unity.collab-proxy/Editor/Assets/Images/ArrowCaretRight.png - Importer: ScriptedImporter/UnityEditor.QuickSearchModule:UnityEditor.Search:ASIAI0B' with importer (ScriptedImporter : UnityEditor.QuickSearchModule:UnityEditor.Search:ASIAI0B)
Imported 'GUID: af5dbec545ddf41e7b15fef8a3cfb75b' -> (Import Result ID: '8461501f28113dfc1c57d60eb9f649bc') in 0.008 seconds [static and dynamic dependencies]. Details - ImportResultOutputID=97a01c06e8ff54f1a431ca0c1b5fa8c7 DependenciesID=28528fd556432cb907625c88f7aa84be StaticDependenciesID=7a53c8007fd6556a8f48f314a96a50cb 
Number of updated asset objects reloaded before import = 0
Number of asset objects unloaded after import = 3
========================================================================
Received Import Request.
  Time of request: 2026-10-01T17:00:51.9229747Z
  Time since last request: 0.0002581 seconds.
  importAddress: GUID: 144aa74618b85974a9a50f612c2fa8fd - Path: Packages/com.unity.collab-proxy/Editor/Assets/Images/d_buttonssosigninemail@2x.png - Importer: ScriptedImporter/UnityEditor.QuickSearchModule:UnityEditor.Search:ASIAI0B
Importing 'GUID: 144aa74618b85974a9a50f612c2fa8fd - Path: Packages/com.unity.collab-proxy/Editor/Assets/Images/d_buttonssosigninemail@2x.png - Importer: ScriptedImporter/UnityEditor.QuickSearchModule:UnityEditor.Search:ASIAI0B' with importer (ScriptedImporter : UnityEditor.QuickSearchModule:UnityEditor.Search:ASIAI0B)
Imported 'GUID: 144aa74618b85974a9a50f612c2fa8fd' -> (Import Result ID: '62dbe98c68768589fe695bb656b754ed') in 0.004 seconds [static and dynamic dependencies]. Details - ImportResultOutputID=b0f6b163b138d67e571a9024b2dfbe40 DependenciesID=8cf6c5b5f4dbd31a5e3cfcea317a85d8 StaticDependenciesID=c3ee085c5dc972f78843682bc093586f 
Number of updated asset objects reloaded before import = 0
Number of asset objects unloaded after import = 1
========================================================================
Received Import Request.
  Time of request: 2026-10-01T17:00:51.9341626Z
  Time since last request: 0.0003155 seconds.
  importAddress: GUID: 2f0909bef14cc58438d6fcea85ba8555 - Path: Packages/com.unity.collab-proxy/Lib/Editor/zlib64Plastic.dll - Importer: ScriptedImporter/UnityEditor.QuickSearchModule:UnityEditor.Search:ASIAI0B
Importing 'GUID: 2f0909bef14cc58438d6fcea85ba8555 - Path: Packages/com.unity.collab-proxy/Lib/Editor/zlib64Plastic.dll - Importer: ScriptedImporter/UnityEditor.QuickSearchModule:UnityEditor.Search:ASIAI0B' with importer (ScriptedImporter : UnityEditor.QuickSearchModule:UnityEditor.Search:ASIAI0B)
Imported 'GUID: 2f0909bef14cc58438d6fcea85ba8555' -> (Import Result ID: 'f6bcc99612c11f25191065680d7cc56a') in 0.003 seconds [static and dynamic dependencies]. Details - ImportResultOutputID=c62b536a20561f5c0cd562289b790c7f DependenciesID=a03fd59fc011f6d6807648e3ab24e0a3 StaticDependenciesID=6e1a0fbf5a9a34c0a3d8e3e613a18a8d 
Number of updated asset objects reloaded before import = 0
Number of asset objects unloaded after import = 0
========================================================================
Received Import Request.
  Time of request: 2026-10-01T17:00:51.9431394Z
  Time since last request: 0.0002743 seconds.
  importAddress: GUID: b3e01e80c420d4ac9a425a6abf8c99ec - Path: Packages/com.unity.collab-proxy/Editor/Assets/Images/d_ArrowCaretLeft@2x.png - Importer: ScriptedImporter/UnityEditor.QuickSearchModule:UnityEditor.Search:ASIAI0B
Importing 'GUID: b3e01e80c420d4ac9a425a6abf8c99ec - Path: Packages/com.unity.collab-proxy/Editor/Assets/Images/d_ArrowCaretLeft@2x.png - Importer: ScriptedImporter/UnityEditor.QuickSearchModule:UnityEditor.Search:ASIAI0B' with importer (ScriptedImporter : UnityEditor.QuickSearchModule:UnityEditor.Search:ASIAI0B)
Imported 'GUID: b3e01e80c420d4ac9a425a6abf8c99ec' -> (Import Result ID: '9b1108ca6e429cfb27602f5f17fd4a15') in 0.004 seconds [static and dynamic dependencies]. Details - ImportResultOutputID=91d15151457d555a28740ce143273674 DependenciesID=183052ff34253e77e7b6569b66675810 StaticDependenciesID=3619b0750a54c326cdb335d0ea6e73b4 
Number of updated asset objects reloaded before import = 0
Number of asset objects unloaded after import = 3
========================================================================
Received Import Request.
  Time of request: 2026-10-01T17:00:51.9538758Z
  Time since last request: 0.0002591 seconds.
  importAddress: GUID: 9229ae5dbc38f488d921156ff75869e9 - Path: Packages/com.unity.collab-proxy/Editor/Assets/Fonts/Cascadia.ttf - Importer: ScriptedImporter/UnityEditor.QuickSearchModule:UnityEditor.Search:ASIAI0B
Importing 'GUID: 9229ae5dbc38f488d921156ff75869e9 - Path: Packages/com.unity.collab-proxy/Editor/Assets/Fonts/Cascadia.ttf - Importer: ScriptedImporter/UnityEditor.QuickSearchModule:UnityEditor.Search:ASIAI0B' with importer (ScriptedImporter : UnityEditor.QuickSearchModule:UnityEditor.Search:ASIAI0B)
Imported 'GUID: 9229ae5dbc38f488d921156ff75869e9' -> (Import Result ID: 'a698420455210c280ce2c39f4009e855') in 0.010 seconds [static and dynamic dependencies]. Details - ImportResultOutputID=668f80f5eba23a47a14f3808859967a8 DependenciesID=58a86d8661a7f3947da692b8c03b7c37 StaticDependenciesID=bd35fda2ee971f80e86d49c1d4ee7fc7 
Number of updated asset objects reloaded before import = 0
Number of asset objects unloaded after import = 3
========================================================================
Received Import Request.
  Time of request: 2026-10-01T17:00:51.9706757Z
  Time since last request: 0.000321 seconds.
  importAddress: GUID: e60bdd1e4f6314d2382f323172110798 - Path: Packages/com.unity.collab-proxy/Lib/Editor/log4netPlastic.dll - Importer: ScriptedImporter/UnityEditor.QuickSearchModule:UnityEditor.Search:ASIAI0B
Importing 'GUID: e60bdd1e4f6314d2382f323172110798 - Path: Packages/com.unity.collab-proxy/Lib/Editor/log4netPlastic.dll - Importer: ScriptedImporter/UnityEditor.QuickSearchModule:UnityEditor.Search:ASIAI0B' with importer (ScriptedImporter : UnityEditor.QuickSearchModule:UnityEditor.Search:ASIAI0B)
Imported 'GUID: e60bdd1e4f6314d2382f323172110798' -> (Import Result ID: 'df26ef3ced47e0743977f0da0d6dc67c') in 0.002 seconds [static and dynamic dependencies]. Details - ImportResultOutputID=74a0b1d852f470f07803c220675f182a DependenciesID=a938e2bd09d9ceab98d6d7dbd94747ae StaticDependenciesID=6464677dd5fbda98d04a4e11efaa2ffd 
Number of updated asset objects reloaded before import = 0
Number of asset objects unloaded after import = 0
========================================================================
Received Import Request.
  Time of request: 2026-10-01T17:00:51.9787087Z
  Time since last request: 0.0003712 seconds.
  importAddress: GUID: 3943479b9e27741a78451950ae5841f6 - Path: Packages/com.unity.collab-proxy/Editor/Assets/Images/d_ArrowCaretRight@2x.png - Importer: ScriptedImporter/UnityEditor.QuickSearchModule:UnityEditor.Search:ASIAI0B
Importing 'GUID: 3943479b9e27741a78451950ae5841f6 - Path: Packages/com.unity.collab-proxy/Editor/Assets/Images/d_ArrowCaretRight@2x.png - Importer: ScriptedImporter/UnityEditor.QuickSearchModule:UnityEditor.Search:ASIAI0B' with importer (ScriptedImporter : UnityEditor.QuickSearchModule:UnityEditor.Search:ASIAI0B)
Imported 'GUID: 3943479b9e27741a78451950ae5841f6' -> (Import Result ID: '7addb5703c176492be0d39268292e95f') in 0.004 seconds [static and dynamic dependencies]. Details - ImportResultOutputID=0218f26a838fe90aea83f14e64149241 DependenciesID=53821f64972aef1f29dad89fea9c4c51 StaticDependenciesID=1e8db9f405bd2ebb8b81e73ed709a556 
Number of updated asset objects reloaded before import = 0
Number of asset objects unloaded after import = 3
========================================================================
Received Import Request.
  Time of request: 2026-10-01T17:00:51.9891364Z
  Time since last request: 0.0001821 seconds.
  importAddress: GUID: c44a2ac668da0a04d9e567739215b2eb - Path: Packages/com.unity.collab-proxy/Editor/AssetMenu/Dialogs/CheckinDialogOperations.cs - Importer: ScriptedImporter/UnityEditor.QuickSearchModule:UnityEditor.Search:ASIAI0B
Importing 'GUID: c44a2ac668da0a04d9e567739215b2eb - Path: Packages/com.unity.collab-proxy/Editor/AssetMenu/Dialogs/CheckinDialogOperations.cs - Importer: ScriptedImporter/UnityEditor.QuickSearchModule:UnityEditor.Search:ASIAI0B' with importer (ScriptedImporter : UnityEditor.QuickSearchModule:UnityEditor.Search:ASIAI0B)
Imported 'GUID: c44a2ac668da0a04d9e567739215b2eb' -> (Import Result ID: '3c0c39a5c406cca299ad631ca95dee64') in 0.002 seconds [static and dynamic dependencies]. Details - ImportResultOutputID=55bf99803de2f9dc7b1c3e8d2d447ba3 DependenciesID=82f617452dc4faa5cd5c1bff2393b37b StaticDependenciesID=c174c30632a1e5a82065c1c87fdcd341 
Number of updated asset objects reloaded before import = 0
Number of asset objects unloaded after import = 0
========================================================================
Received Import Request.
  Time of request: 2026-10-01T17:00:51.9967093Z
  Time since last request: 0.0002401 seconds.
  importAddress: GUID: 9e60047ccc6b8422193b170d51796ed2 - Path: Packages/com.unity.collab-proxy/Editor/Assets/Images/ArrowCaretLeft@2x.png - Importer: ScriptedImporter/UnityEditor.QuickSearchModule:UnityEditor.Search:ASIAI0B
Importing 'GUID: 9e60047ccc6b8422193b170d51796ed2 - Path: Packages/com.unity.collab-proxy/Editor/Assets/Images/ArrowCaretLeft@2x.png - Importer: ScriptedImporter/UnityEditor.QuickSearchModule:UnityEditor.Search:ASIAI0B' with importer (ScriptedImporter : UnityEditor.QuickSearchModule:UnityEditor.Search:ASIAI0B)
Imported 'GUID: 9e60047ccc6b8422193b170d51796ed2' -> (Import Result ID: '35140062c30fdfb1ff9b8837cd928dcf') in 0.004 seconds [static and dynamic dependencies]. Details - ImportResultOutputID=9c997c96d91734dd7fdd0079f1b9c986 DependenciesID=6945c48ed4086eabd4d9f9ebefa11ccc StaticDependenciesID=697528e15a2d516a516fa85c356cc787 
Number of updated asset objects reloaded before import = 0
Number of asset objects unloaded after import = 3
========================================================================
Received Import Request.
  Time of request: 2026-10-01T17:00:52.0067323Z
  Time since last request: 0.0001845 seconds.
  importAddress: GUID: f9161c6c9e06dc445ada3ee16d991f90 - Path: Packages/com.unity.collab-proxy/Editor/Assets/Images/buttonssosigninunity.png - Importer: ScriptedImporter/UnityEditor.QuickSearchModule:UnityEditor.Search:ASIAI0B
Importing 'GUID: f9161c6c9e06dc445ada3ee16d991f90 - Path: Packages/com.unity.collab-proxy/Editor/Assets/Images/buttonssosigninunity.png - Importer: ScriptedImporter/UnityEditor.QuickSearchModule:UnityEditor.Search:ASIAI0B' with importer (ScriptedImporter : UnityEditor.QuickSearchModule:UnityEditor.Search:ASIAI0B)
Imported 'GUID: f9161c6c9e06dc445ada3ee16d991f90' -> (Import Result ID: '435698b9f37a0fe94568abaa6ee52b75') in 0.004 seconds [static and dynamic dependencies]. Details - ImportResultOutputID=eb6bbbce0492fc88d218099d8e8fc24f DependenciesID=adfacab4644aa6fe2cd52fe69582ed1b StaticDependenciesID=143bfa60ea93c65c7748848837a84c19 
Number of updated asset objects reloaded before import = 0
Number of asset objects unloaded after import = 1
========================================================================
Received Import Request.
  Time of request: 2026-10-01T17:00:52.0161303Z
  Time since last request: 0.0002049 seconds.
  importAddress: GUID: 3389e142c33d23546a31fc469443a2c3 - Path: Packages/com.unity.collab-proxy/Editor/Views/ConfirmContinueWithPendingChangesDialog.cs - Importer: ScriptedImporter/UnityEditor.QuickSearchModule:UnityEditor.Search:ASIAI0B
Importing 'GUID: 3389e142c33d23546a31fc469443a2c3 - Path: Packages/com.unity.collab-proxy/Editor/Views/ConfirmContinueWithPendingChangesDialog.cs - Importer: ScriptedImporter/UnityEditor.QuickSearchModule:UnityEditor.Search:ASIAI0B' with importer (ScriptedImporter : UnityEditor.QuickSearchModule:UnityEditor.Search:ASIAI0B)
Imported 'GUID: 3389e142c33d23546a31fc469443a2c3' -> (Import Result ID: '77fe86c9eedb46b83c28c9f26f49d362') in 0.001 seconds [static and dynamic dependencies]. Details - ImportResultOutputID=6b796f6dd4ceb0ba7b9ec8e629422601 DependenciesID=b5c3a29980eac193d9d0fbfcec6acf3b StaticDependenciesID=0a0cd7b7d196bab1579d35143f4888c3 
Number of updated asset objects reloaded before import = 0
Number of asset objects unloaded after import = 0
========================================================================
Received Import Request.
  Time of request: 2026-10-01T17:00:52.0236931Z
  Time since last request: 0.0002971 seconds.
  importAddress: GUID: ddf2e76e8a1f88f46ae1e42277850b48 - Path: Packages/com.unity.collab-proxy/Editor/Assets/Images/buttonssosigninemail@2x.png - Importer: ScriptedImporter/UnityEditor.QuickSearchModule:UnityEditor.Search:ASIAI0B
Importing 'GUID: ddf2e76e8a1f88f46ae1e42277850b48 - Path: Packages/com.unity.collab-proxy/Editor/Assets/Images/buttonssosigninemail@2x.png - Importer: ScriptedImporter/UnityEditor.QuickSearchModule:UnityEditor.Search:ASIAI0B' with importer (ScriptedImporter : UnityEditor.QuickSearchModule:UnityEditor.Search:ASIAI0B)
Imported 'GUID: ddf2e76e8a1f88f46ae1e42277850b48' -> (Import Result ID: 'f0c5a6d3d57e69fe03b4a9ac50836103') in 0.005 seconds [static and dynamic dependencies]. Details - ImportResultOutputID=6bc6e4bceee914e3b7f102ce0cfe9a54 DependenciesID=b6a1437c43fb3b5f05c66adb32cf565a StaticDependenciesID=3fe5fb247c5bf1e42ae84bd4a48ddd0c 
Number of updated asset objects reloaded before import = 0
Number of asset objects unloaded after import = 1
========================================================================
Received Import Request.
  Time of request: 2026-10-01T17:00:52.034676Z
  Time since last request: 0.0003736 seconds.
  importAddress: GUID: a9acb575a60d7e045ad7fadd3e3e137d - Path: Packages/com.unity.collab-proxy/Editor/AssetOverlays/Cache/RemoteStatusCache.cs - Importer: ScriptedImporter/UnityEditor.QuickSearchModule:UnityEditor.Search:ASIAI0B
Importing 'GUID: a9acb575a60d7e045ad7fadd3e3e137d - Path: Packages/com.unity.collab-proxy/Editor/AssetOverlays/Cache/RemoteStatusCache.cs - Importer: ScriptedImporter/UnityEditor.QuickSearchModule:UnityEditor.Search:ASIAI0B' with importer (ScriptedImporter : UnityEditor.QuickSearchModule:UnityEditor.Search:ASIAI0B)
Imported 'GUID: a9acb575a60d7e045ad7fadd3e3e137d' -> (Import Result ID: 'df97c70c5492bf4bfc1a54e3dfd85c87') in 0.002 seconds [static and dynamic dependencies]. Details - ImportResultOutputID=3fe5a115cb6088b3af756e7122630570 DependenciesID=651e85c994642b1e91261203ba1e7abe StaticDependenciesID=8f96027e7f96ce4dff3b394736192d12 
Number of updated asset objects reloaded before import = 0
Number of asset objects unloaded after import = 0
========================================================================
Received Import Request.
  Time of request: 2026-10-01T17:00:52.0425947Z
  Time since last request: 0.0003048 seconds.
  importAddress: GUID: e57a1c5d3e1c8844eb3893fed51c9727 - Path: Packages/com.unity.collab-proxy/Editor/WebApi/WebRestApiClient.cs - Importer: ScriptedImporter/UnityEditor.QuickSearchModule:UnityEditor.Search:ASIAI0B
Importing 'GUID: e57a1c5d3e1c8844eb3893fed51c9727 - Path: Packages/com.unity.collab-proxy/Editor/WebApi/WebRestApiClient.cs - Importer: ScriptedImporter/UnityEditor.QuickSearchModule:UnityEditor.Search:ASIAI0B' with importer (ScriptedImporter : UnityEditor.QuickSearchModule:UnityEditor.Search:ASIAI0B)
Imported 'GUID: e57a1c5d3e1c8844eb3893fed51c9727' -> (Import Result ID: '172bbc3ff3d7cd80986bbf27f7603da3') in 0.002 seconds [static and dynamic dependencies]. Details - ImportResultOutputID=689151354fa63af012784c7966ca7b07 DependenciesID=11186366110de2ac9dbc5c41d1991b9b StaticDependenciesID=f4609cb81612e9cbf34089ef23eecf12 
Number of updated asset objects reloaded before import = 0
Number of asset objects unloaded after import = 0
========================================================================
Received Import Request.
  Time of request: 2026-10-01T17:00:52.0505446Z
  Time since last request: 0.0003158 seconds.
  importAddress: GUID: 5717b3e29bf6a2b48be2cf9d0707c505 - Path: Packages/com.unity.collab-proxy/Editor/UVCSToolbar/UVCSToolbar.cs - Importer: ScriptedImporter/UnityEditor.QuickSearchModule:UnityEditor.Search:ASIAI0B
Importing 'GUID: 5717b3e29bf6a2b48be2cf9d0707c505 - Path: Packages/com.unity.collab-proxy/Editor/UVCSToolbar/UVCSToolbar.cs - Importer: ScriptedImporter/UnityEditor.QuickSearchModule:UnityEditor.Search:ASIAI0B' with importer (ScriptedImporter : UnityEditor.QuickSearchModule:UnityEditor.Search:ASIAI0B)
Imported 'GUID: 5717b3e29bf6a2b48be2cf9d0707c505' -> (Import Result ID: '824b04ef11c47d54ad2af02bcbfdcc84') in 0.002 seconds [static and dynamic dependencies]. Details - ImportResultOutputID=1c1bd9d10818358bbfdce4cc9ce3a644 DependenciesID=1c1f575748dae8b2d1a9a107a7de9c29 StaticDependenciesID=bdd7e5e12be6e5856246c32f7f932785 
Number of updated asset objects reloaded before import = 0
Number of asset objects unloaded after import = 0
========================================================================
Received Import Request.
  Time of request: 2026-10-01T17:00:52.0586302Z
  Time since last request: 0.0002514 seconds.
  importAddress: GUID: 6483fd05e8bf42a47aee5e11dbf6db8a - Path: Packages/com.unity.collab-proxy/Editor/Views/LaunchDiffOperations.cs - Importer: ScriptedImporter/UnityEditor.QuickSearchModule:UnityEditor.Search:ASIAI0B
Importing 'GUID: 6483fd05e8bf42a47aee5e11dbf6db8a - Path: Packages/com.unity.collab-proxy/Editor/Views/LaunchDiffOperations.cs - Importer: ScriptedImporter/UnityEditor.QuickSearchModule:UnityEditor.Search:ASIAI0B' with importer (ScriptedImporter : UnityEditor.QuickSearchModule:UnityEditor.Search:ASIAI0B)
Imported 'GUID: 6483fd05e8bf42a47aee5e11dbf6db8a' -> (Import Result ID: '13f73ce09d9386e575ed2ff074c6dc5a') in 0.002 seconds [static and dynamic dependencies]. Details - ImportResultOutputID=90e466aa4c160998697b8bdcc5edf1f7 DependenciesID=537e6fa25765809d924fa18114c1e891 StaticDependenciesID=47e8637a95f38e2c0b66c97cb1a932fd 
Number of updated asset objects reloaded before import = 0
Number of asset objects unloaded after import = 0
========================================================================
Received Import Request.
  Time of request: 2026-10-01T17:00:52.0671691Z
  Time since last request: 0.0002427 seconds.
  importAddress: GUID: f09eae8c0ea04254b90c5386a034a225 - Path: Packages/com.unity.collab-proxy/Editor/Assets/Images/buttonssosigningoogle.png - Importer: ScriptedImporter/UnityEditor.QuickSearchModule:UnityEditor.Search:ASIAI0B
Importing 'GUID: f09eae8c0ea04254b90c5386a034a225 - Path: Packages/com.unity.collab-proxy/Editor/Assets/Images/buttonssosigningoogle.png - Importer: ScriptedImporter/UnityEditor.QuickSearchModule:UnityEditor.Search:ASIAI0B' with importer (ScriptedImporter : UnityEditor.QuickSearchModule:UnityEditor.Search:ASIAI0B)
Imported 'GUID: f09eae8c0ea04254b90c5386a034a225' -> (Import Result ID: '13e8c838f92953982a0d5a374bc90644') in 0.004 seconds [static and dynamic dependencies]. Details - ImportResultOutputID=bf8033c594134e064ffe1223b6147392 DependenciesID=17a596a86182825e78b83fa2d6cb4d23 StaticDependenciesID=fe51492bc7b666b34e91a0002f53961c 
Number of updated asset objects reloaded before import = 0
Number of asset objects unloaded after import = 1
========================================================================
Received Import Request.
  Time of request: 2026-10-01T17:00:52.0774681Z
  Time since last request: 0.0005437 seconds.
  importAddress: GUID: e2c5ee46f6b0148afbe40d935c70faee - Path: Packages/com.unity.collab-proxy/Editor/Assets/Images/d_ArrowCaretLeft.png - Importer: ScriptedImporter/UnityEditor.QuickSearchModule:UnityEditor.Search:ASIAI0B
Importing 'GUID: e2c5ee46f6b0148afbe40d935c70faee - Path: Packages/com.unity.collab-proxy/Editor/Assets/Images/d_ArrowCaretLeft.png - Importer: ScriptedImporter/UnityEditor.QuickSearchModule:UnityEditor.Search:ASIAI0B' with importer (ScriptedImporter : UnityEditor.QuickSearchModule:UnityEditor.Search:ASIAI0B)
Imported 'GUID: e2c5ee46f6b0148afbe40d935c70faee' -> (Import Result ID: '421003d9d9f1ca967a09dd1648fd5d34') in 0.004 seconds [static and dynamic dependencies]. Details - ImportResultOutputID=b9203ffdee0b2d3fadd2b5ebcd83d940 DependenciesID=48c34b943ba4065ddb42e945f4f13449 StaticDependenciesID=fd7525b4094c6521db9e57d0ed362c9f 
Number of updated asset objects reloaded before import = 0
Number of asset objects unloaded after import = 3
========================================================================
Received Import Request.
  Time of request: 2026-10-01T17:00:52.0882702Z
  Time since last request: 0.0003732 seconds.
  importAddress: GUID: 1c16a099b53fd4712b2d4cdb8fecd9f8 - Path: Packages/com.unity.collab-proxy/Editor/Assets/Images/ArrowCaretLeft.png - Importer: ScriptedImporter/UnityEditor.QuickSearchModule:UnityEditor.Search:ASIAI0B
Importing 'GUID: 1c16a099b53fd4712b2d4cdb8fecd9f8 - Path: Packages/com.unity.collab-proxy/Editor/Assets/Images/ArrowCaretLeft.png - Importer: ScriptedImporter/UnityEditor.QuickSearchModule:UnityEditor.Search:ASIAI0B' with importer (ScriptedImporter : UnityEditor.QuickSearchModule:UnityEditor.Search:ASIAI0B)
Imported 'GUID: 1c16a099b53fd4712b2d4cdb8fecd9f8' -> (Import Result ID: '564555399ef500fd0f655193b587f495') in 0.004 seconds [static and dynamic dependencies]. Details - ImportResultOutputID=6dfc2fdb772c01393248eef6809b98ba DependenciesID=3baddfa75f4777ed92c8720d9deb0b0e StaticDependenciesID=c41d4a044b43c3294a198fa68e1f7e25 
Number of updated asset objects reloaded before import = 0
Number of asset objects unloaded after import = 3
========================================================================
Received Import Request.
  Time of request: 2026-10-01T17:00:52.0991107Z
  Time since last request: 0.0002734 seconds.
  importAddress: GUID: 5de67bf0a3c601f4bab93b4fd3314ab1 - Path: Packages/com.unity.collab-proxy/Editor/Assets/Images/d_hideversioncontrol@2x.png - Importer: ScriptedImporter/UnityEditor.QuickSearchModule:UnityEditor.Search:ASIAI0B
Importing 'GUID: 5de67bf0a3c601f4bab93b4fd3314ab1 - Path: Packages/com.unity.collab-proxy/Editor/Assets/Images/d_hideversioncontrol@2x.png - Importer: ScriptedImporter/UnityEditor.QuickSearchModule:UnityEditor.Search:ASIAI0B' with importer (ScriptedImporter : UnityEditor.QuickSearchModule:UnityEditor.Search:ASIAI0B)
Imported 'GUID: 5de67bf0a3c601f4bab93b4fd3314ab1' -> (Import Result ID: '03d63415c5ceb0aded7808b9d8f01db5') in 0.004 seconds [static and dynamic dependencies]. Details - ImportResultOutputID=a634a8da6ac8be89d255bec646e50b8a DependenciesID=39f8235d7ed20e74a9d1877fa27c9163 StaticDependenciesID=042fdeacf33d4ea1a79f0b82aef7607e 
Number of updated asset objects reloaded before import = 0
Number of asset objects unloaded after import = 3
========================================================================
Received Import Request.
  Time of request: 2026-10-01T17:00:52.1092668Z
  Time since last request: 0.0002055 seconds.
  importAddress: GUID: 63860c9f5f91cbb4ea813deafa1327a0 - Path: Packages/com.unity.collab-proxy/Editor/WebApi/SubscriptionDetailsResponse.cs - Importer: ScriptedImporter/UnityEditor.QuickSearchModule:UnityEditor.Search:ASIAI0B
Importing 'GUID: 63860c9f5f91cbb4ea813deafa1327a0 - Path: Packages/com.unity.collab-proxy/Editor/WebApi/SubscriptionDetailsResponse.cs - Importer: ScriptedImporter/UnityEditor.QuickSearchModule:UnityEditor.Search:ASIAI0B' with importer (ScriptedImporter : UnityEditor.QuickSearchModule:UnityEditor.Search:ASIAI0B)
Imported 'GUID: 63860c9f5f91cbb4ea813deafa1327a0' -> (Import Result ID: '4695867c678c7f814e7d371ff10dc876') in 0.002 seconds [static and dynamic dependencies]. Details - ImportResultOutputID=6b8d34dee3b3e030dce964a6be5c7e58 DependenciesID=47d7f8a4408a32669d04ed166f8e221e StaticDependenciesID=83afdad13aeb4b55dc1b99a9beb0026c 
Number of updated asset objects reloaded before import = 0
Number of asset objects unloaded after import = 0
========================================================================
Received Import Request.
  Time of request: 2026-10-01T17:00:52.1176653Z
  Time since last request: 0.0002845 seconds.
  importAddress: GUID: d616c78aaf225437199c9ac8c4f2197b - Path: Packages/com.unity.collab-proxy/Editor/Assets/Images/d_exclusionrule.png - Importer: ScriptedImporter/UnityEditor.QuickSearchModule:UnityEditor.Search:ASIAI0B
Importing 'GUID: d616c78aaf225437199c9ac8c4f2197b - Path: Packages/com.unity.collab-proxy/Editor/Assets/Images/d_exclusionrule.png - Importer: ScriptedImporter/UnityEditor.QuickSearchModule:UnityEditor.Search:ASIAI0B' with importer (ScriptedImporter : UnityEditor.QuickSearchModule:UnityEditor.Search:ASIAI0B)
Imported 'GUID: d616c78aaf225437199c9ac8c4f2197b' -> (Import Result ID: 'd661a232553c56e63781a96a32269bbc') in 0.004 seconds [static and dynamic dependencies]. Details - ImportResultOutputID=3cdefe49e73806d3f0b5b41816985a0d DependenciesID=5328d589d8c542c7140cc8d80ff2be72 StaticDependenciesID=9ef9f0de99eee011de3fe63ce67d0cc1 
Number of updated asset objects reloaded before import = 0
Number of asset objects unloaded after import = 3
========================================================================
Received Import Request.
  Time of request: 2026-10-01T17:00:52.1284226Z
  Time since last request: 0.0003299 seconds.
  importAddress: GUID: 421fea03dd9d4ac089ca279ee87c573b - Path: Packages/com.unity.collab-proxy/Editor/Views/EnableSwitchAndShelveFeatureDialog.cs - Importer: ScriptedImporter/UnityEditor.QuickSearchModule:UnityEditor.Search:ASIAI0B
Importing 'GUID: 421fea03dd9d4ac089ca279ee87c573b - Path: Packages/com.unity.collab-proxy/Editor/Views/EnableSwitchAndShelveFeatureDialog.cs - Importer: ScriptedImporter/UnityEditor.QuickSearchModule:UnityEditor.Search:ASIAI0B' with importer (ScriptedImporter : UnityEditor.QuickSearchModule:UnityEditor.Search:ASIAI0B)
Imported 'GUID: 421fea03dd9d4ac089ca279ee87c573b' -> (Import Result ID: '683bcef027b0e2dde95e5b392a42083b') in 0.002 seconds [static and dynamic dependencies]. Details - ImportResultOutputID=5a54cc06965f3f6dd3d5866ad76b39de DependenciesID=372c1840be622e8c74f25d3053e495ce StaticDependenciesID=5cd69e9a068f4d357e75e9c260a1ff95 
Number of updated asset objects reloaded before import = 0
Number of asset objects unloaded after import = 0
========================================================================
Received Import Request.
  Time of request: 2026-10-01T17:00:52.1365001Z
  Time since last request: 0.0002553 seconds.
  importAddress: GUID: 864f64164beae6141b39879e1b6f4031 - Path: Packages/com.unity.collab-proxy/Editor/Assets/Images/d_iconadd.png - Importer: ScriptedImporter/UnityEditor.QuickSearchModule:UnityEditor.Search:ASIAI0B
Importing 'GUID: 864f64164beae6141b39879e1b6f4031 - Path: Packages/com.unity.collab-proxy/Editor/Assets/Images/d_iconadd.png - Importer: ScriptedImporter/UnityEditor.QuickSearchModule:UnityEditor.Search:ASIAI0B' with importer (ScriptedImporter : UnityEditor.QuickSearchModule:UnityEditor.Search:ASIAI0B)
Imported 'GUID: 864f64164beae6141b39879e1b6f4031' -> (Import Result ID: '801bfe089019b8f1348828fae88afeca') in 0.004 seconds [static and dynamic dependencies]. Details - ImportResultOutputID=1d94a4e290c4bbcb176813706cafd9e6 DependenciesID=75ad70447f560d20044e27db65787b73 StaticDependenciesID=7d2cfe7f5e22105489d01f49c0bdd0c8 
Number of updated asset objects reloaded before import = 0
Number of asset objects unloaded after import = 3
========================================================================
Received Import Request.
  Time of request: 2026-10-01T17:00:52.1475466Z
  Time since last request: 0.0002219 seconds.
  importAddress: GUID: d24e7e0b75e1a244bb9687d6fd4315ef - Path: Packages/com.unity.collab-proxy/Editor/Assets/Images/buttonssosigninemail.png - Importer: ScriptedImporter/UnityEditor.QuickSearchModule:UnityEditor.Search:ASIAI0B
Importing 'GUID: d24e7e0b75e1a244bb9687d6fd4315ef - Path: Packages/com.unity.collab-proxy/Editor/Assets/Images/buttonssosigninemail.png - Importer: ScriptedImporter/UnityEditor.QuickSearchModule:UnityEditor.Search:ASIAI0B' with importer (ScriptedImporter : UnityEditor.QuickSearchModule:UnityEditor.Search:ASIAI0B)
Imported 'GUID: d24e7e0b75e1a244bb9687d6fd4315ef' -> (Import Result ID: 'e89e0f89ab8900b46702d5070dc13809') in 0.004 seconds [static and dynamic dependencies]. Details - ImportResultOutputID=f9a5e519fa467d402795ec671961f806 DependenciesID=50660f438d9381a646ad2561645de629 StaticDependenciesID=464e5e205ff042a39f5ecde59961166a 
Number of updated asset objects reloaded before import = 0
Number of asset objects unloaded after import = 1
========================================================================
Received Import Request.
  Time of request: 2026-10-01T17:00:52.1582577Z
  Time since last request: 0.0002553 seconds.
  importAddress: GUID: 9e56b150f059e654b911faff982eacf8 - Path: Packages/com.unity.collab-proxy/Editor/_Deprecated/README.md - Importer: ScriptedImporter/UnityEditor.QuickSearchModule:UnityEditor.Search:ASIAI0B
Importing 'GUID: 9e56b150f059e654b911faff982eacf8 - Path: Packages/com.unity.collab-proxy/Editor/_Deprecated/README.md - Importer: ScriptedImporter/UnityEditor.QuickSearchModule:UnityEditor.Search:ASIAI0B' with importer (ScriptedImporter : UnityEditor.QuickSearchModule:UnityEditor.Search:ASIAI0B)
Imported 'GUID: 9e56b150f059e654b911faff982eacf8' -> (Import Result ID: '2a8d88f7cf55809fd0537f543a65500d') in 0.002 seconds [static and dynamic dependencies]. Details - ImportResultOutputID=a4103e69094fd38e04d3063eea5f4ccc DependenciesID=d696cfcb20d91e9df544830806b8c5f2 StaticDependenciesID=75398a45c7404b8d31dafeba4e6c349a 
Number of updated asset objects reloaded before import = 0
Number of asset objects unloaded after import = 1
========================================================================
Received Import Request.
  Time of request: 2026-10-01T17:00:52.1671857Z
  Time since last request: 0.0002437 seconds.
  importAddress: GUID: f3cad5fee9fee5945b13e7e3518afb1b - Path: Packages/com.unity.collab-proxy/Lib/Editor/Unity.Plastic.Antlr3.Runtime.dll - Importer: ScriptedImporter/UnityEditor.QuickSearchModule:UnityEditor.Search:ASIAI0B
Importing 'GUID: f3cad5fee9fee5945b13e7e3518afb1b - Path: Packages/com.unity.collab-proxy/Lib/Editor/Unity.Plastic.Antlr3.Runtime.dll - Importer: ScriptedImporter/UnityEditor.QuickSearchModule:UnityEditor.Search:ASIAI0B' with importer (ScriptedImporter : UnityEditor.QuickSearchModule:UnityEditor.Search:ASIAI0B)
Imported 'GUID: f3cad5fee9fee5945b13e7e3518afb1b' -> (Import Result ID: '9c5d24978b9a07e15dd13615ab90ef6b') in 0.002 seconds [static and dynamic dependencies]. Details - ImportResultOutputID=12f71a560e359d9ce290ceb1f970bff8 DependenciesID=51811b0ca5fd6363ef6b7935ebee97b8 StaticDependenciesID=1d99495b2430c499120fe9d45ab24e85 
Number of updated asset objects reloaded before import = 0
Number of asset objects unloaded after import = 0
========================================================================
Received Import Request.
  Time of request: 2026-10-01T17:00:52.1752915Z
  Time since last request: 0.000395 seconds.
  importAddress: GUID: 226459a134855504d841db6b61519d2b - Path: Packages/com.unity.collab-proxy/Editor/AssetOverlays/Cache/LocalStatusCache.cs - Importer: ScriptedImporter/UnityEditor.QuickSearchModule:UnityEditor.Search:ASIAI0B
Importing 'GUID: 226459a134855504d841db6b61519d2b - Path: Packages/com.unity.collab-proxy/Editor/AssetOverlays/Cache/LocalStatusCache.cs - Importer: ScriptedImporter/UnityEditor.QuickSearchModule:UnityEditor.Search:ASIAI0B' with importer (ScriptedImporter : UnityEditor.QuickSearchModule:UnityEditor.Search:ASIAI0B)
Imported 'GUID: 226459a134855504d841db6b61519d2b' -> (Import Result ID: '74d3cd24d28d10600e6b94c2b124ad41') in 0.001 seconds [static and dynamic dependencies]. Details - ImportResultOutputID=24c0adfbc0ab54acae67d94f0eaed7fc DependenciesID=9e900b9d03c4df662722e2d9c01f9e11 StaticDependenciesID=abb07cb4da9db06d319934e340fe1d7e 
Number of updated asset objects reloaded before import = 0
Number of asset objects unloaded after import = 0
========================================================================
Received Import Request.
  Time of request: 2026-10-01T17:00:52.1834954Z
  Time since last request: 0.0002572 seconds.
  importAddress: GUID: 5bbb26813ae33c64d8937661111fb3c6 - Path: Packages/com.unity.collab-proxy/Editor/UVCSToolbar/UVCSToolbarButtonData.cs - Importer: ScriptedImporter/UnityEditor.QuickSearchModule:UnityEditor.Search:ASIAI0B
Importing 'GUID: 5bbb26813ae33c64d8937661111fb3c6 - Path: Packages/com.unity.collab-proxy/Editor/UVCSToolbar/UVCSToolbarButtonData.cs - Importer: ScriptedImporter/UnityEditor.QuickSearchModule:UnityEditor.Search:ASIAI0B' with importer (ScriptedImporter : UnityEditor.QuickSearchModule:UnityEditor.Search:ASIAI0B)
Imported 'GUID: 5bbb26813ae33c64d8937661111fb3c6' -> (Import Result ID: '3a28945dfc5b29cf79ea2393d07aca18') in 0.001 seconds [static and dynamic dependencies]. Details - ImportResultOutputID=25f0546711abff364841333e6c61fb96 DependenciesID=074d278de80788a750d1e211fd5a1f73 StaticDependenciesID=8aa6038e6991ca91b88d18de893e1064 
Number of updated asset objects reloaded before import = 0
Number of asset objects unloaded after import = 0
========================================================================
Received Import Request.
  Time of request: 2026-10-01T17:00:52.1913084Z
  Time since last request: 0.0002397 seconds.
  importAddress: GUID: 992242bf8b23e574bbc95a128844c481 - Path: Packages/com.unity.collab-proxy/Lib/Editor/FileSystemWatcherLicense.txt - Importer: ScriptedImporter/UnityEditor.QuickSearchModule:UnityEditor.Search:ASIAI0B
Importing 'GUID: 992242bf8b23e574bbc95a128844c481 - Path: Packages/com.unity.collab-proxy/Lib/Editor/FileSystemWatcherLicense.txt - Importer: ScriptedImporter/UnityEditor.QuickSearchModule:UnityEditor.Search:ASIAI0B' with importer (ScriptedImporter : UnityEditor.QuickSearchModule:UnityEditor.Search:ASIAI0B)
Imported 'GUID: 992242bf8b23e574bbc95a128844c481' -> (Import Result ID: '2567ea6a9a8f36c53d9c3aa266d2b29f') in 0.002 seconds [static and dynamic dependencies]. Details - ImportResultOutputID=73212185f66ab88cc4614fe0b5460a00 DependenciesID=03074e5b9d5dbd791555344dd1c802eb StaticDependenciesID=f2729c8c504d3ba11331c1ea82e71cfa 
Number of updated asset objects reloaded before import = 0
Number of asset objects unloaded after import = 1
========================================================================
Received Import Request.
  Time of request: 2026-10-01T17:00:52.2004587Z
  Time since last request: 0.0002576 seconds.
  importAddress: GUID: ec597fbbebec64e4f8725c31ce52fdb7 - Path: Packages/com.unity.collab-proxy/Editor/Assets/Images/d_hideversioncontrol.png - Importer: ScriptedImporter/UnityEditor.QuickSearchModule:UnityEditor.Search:ASIAI0B
Importing 'GUID: ec597fbbebec64e4f8725c31ce52fdb7 - Path: Packages/com.unity.collab-proxy/Editor/Assets/Images/d_hideversioncontrol.png - Importer: ScriptedImporter/UnityEditor.QuickSearchModule:UnityEditor.Search:ASIAI0B' with importer (ScriptedImporter : UnityEditor.QuickSearchModule:UnityEditor.Search:ASIAI0B)
Imported 'GUID: ec597fbbebec64e4f8725c31ce52fdb7' -> (Import Result ID: 'd03412a0727a7b34fc7074430e8bf0d3') in 0.005 seconds [static and dynamic dependencies]. Details - ImportResultOutputID=cd4aa336fdda6e7d41c5e26b635a7d70 DependenciesID=693d472cf46e736fb2ffc34d1a4bd761 StaticDependenciesID=52dff73f1d13a5fe63a51067258af719 
Number of updated asset objects reloaded before import = 0
Number of asset objects unloaded after import = 3
========================================================================
Received Import Request.
  Time of request: 2026-10-01T17:00:52.2140136Z
  Time since last request: 0.0024642 seconds.
  importAddress: GUID: 3f65802f2a170a145bd30ab3801b8d80 - Path: Packages/com.unity.collab-proxy/Editor/Assets/Images/d_iconclipboard.png - Importer: ScriptedImporter/UnityEditor.QuickSearchModule:UnityEditor.Search:ASIAI0B
Importing 'GUID: 3f65802f2a170a145bd30ab3801b8d80 - Path: Packages/com.unity.collab-proxy/Editor/Assets/Images/d_iconclipboard.png - Importer: ScriptedImporter/UnityEditor.QuickSearchModule:UnityEditor.Search:ASIAI0B' with importer (ScriptedImporter : UnityEditor.QuickSearchModule:UnityEditor.Search:ASIAI0B)
Imported 'GUID: 3f65802f2a170a145bd30ab3801b8d80' -> (Import Result ID: 'e4bea8d1410781504a2f5bf085dc747d') in 0.004 seconds [static and dynamic dependencies]. Details - ImportResultOutputID=2cabe08d768987a745d9ddd4958f7cfc DependenciesID=abc8270e8d84805dd788721e2d627992 StaticDependenciesID=1ecda835599c95cc970e7acc9fe76c71 
Number of updated asset objects reloaded before import = 0
Number of asset objects unloaded after import = 3
========================================================================
Received Import Request.
  Time of request: 2026-10-01T17:00:52.224864Z
  Time since last request: 0.0004379 seconds.
  importAddress: GUID: 874d8401331ede14087e8d8d486ddda6 - Path: Packages/com.unity.collab-proxy/Editor/Assets/Images/d_iconbranches@2x.png - Importer: ScriptedImporter/UnityEditor.QuickSearchModule:UnityEditor.Search:ASIAI0B
Importing 'GUID: 874d8401331ede14087e8d8d486ddda6 - Path: Packages/com.unity.collab-proxy/Editor/Assets/Images/d_iconbranches@2x.png - Importer: ScriptedImporter/UnityEditor.QuickSearchModule:UnityEditor.Search:ASIAI0B' with importer (ScriptedImporter : UnityEditor.QuickSearchModule:UnityEditor.Search:ASIAI0B)
Imported 'GUID: 874d8401331ede14087e8d8d486ddda6' -> (Import Result ID: '0f68d2c2758e48ee385bebc3d4cff50a') in 0.004 seconds [static and dynamic dependencies]. Details - ImportResultOutputID=e745f59f53114cbbb3c34d7750391ab7 DependenciesID=2431caf0e28acb8291bccda9e828782f StaticDependenciesID=ef8783e52451ee709c9dc208e2055f7c 
Number of updated asset objects reloaded before import = 0
Number of asset objects unloaded after import = 1
========================================================================
Received Import Request.
  Time of request: 2026-10-01T17:00:52.2345916Z
  Time since last request: 0.0002932 seconds.
  importAddress: GUID: 612c5e166a121e3449dad067fbdc37a4 - Path: Packages/com.unity.collab-proxy/Editor/Assets/Images/d_iconbranches.png - Importer: ScriptedImporter/UnityEditor.QuickSearchModule:UnityEditor.Search:ASIAI0B
Importing 'GUID: 612c5e166a121e3449dad067fbdc37a4 - Path: Packages/com.unity.collab-proxy/Editor/Assets/Images/d_iconbranches.png - Importer: ScriptedImporter/UnityEditor.QuickSearchModule:UnityEditor.Search:ASIAI0B' with importer (ScriptedImporter : UnityEditor.QuickSearchModule:UnityEditor.Search:ASIAI0B)
Imported 'GUID: 612c5e166a121e3449dad067fbdc37a4' -> (Import Result ID: 'c637caa438968be79aaeaf3004083993') in 0.004 seconds [static and dynamic dependencies]. Details - ImportResultOutputID=91189e2be16ee72f7c43a90348ab2dd5 DependenciesID=32f3ac4b023bd7002ed2b52e0d6e5b31 StaticDependenciesID=f7e20242dce0822c6ac30e4ca3fc0190 
Number of updated asset objects reloaded before import = 0
Number of asset objects unloaded after import = 1
========================================================================
Received Import Request.
  Time of request: 2026-10-01T17:00:52.2445156Z
  Time since last request: 0.0002591 seconds.
  importAddress: GUID: 3cf8ae89579fd29479f4269d09600e16 - Path: Packages/com.unity.collab-proxy/Editor/Assets/Images/d_iconinfobellnotification@2x.png - Importer: ScriptedImporter/UnityEditor.QuickSearchModule:UnityEditor.Search:ASIAI0B
Importing 'GUID: 3cf8ae89579fd29479f4269d09600e16 - Path: Packages/com.unity.collab-proxy/Editor/Assets/Images/d_iconinfobellnotification@2x.png - Importer: ScriptedImporter/UnityEditor.QuickSearchModule:UnityEditor.Search:ASIAI0B' with importer (ScriptedImporter : UnityEditor.QuickSearchModule:UnityEditor.Search:ASIAI0B)
Imported 'GUID: 3cf8ae89579fd29479f4269d09600e16' -> (Import Result ID: '947a34731fca471412f8cab015255077') in 0.005 seconds [static and dynamic dependencies]. Details - ImportResultOutputID=f9f8cd1f5e21c219e956e82299f441b6 DependenciesID=1d2a28d9003ccf3b783a04ea7f137738 StaticDependenciesID=ad093e8d924ec67d42d2166d0ad919e1 
Number of updated asset objects reloaded before import = 0
Number of asset objects unloaded after import = 3
========================================================================
Received Import Request.
  Time of request: 2026-10-01T17:00:52.2556001Z
  Time since last request: 0.0002361 seconds.
  importAddress: GUID: 056ee72c467a4e24d87541d42839ca72 - Path: Packages/com.unity.collab-proxy/Editor/Assets/Images/d_iconconflictresolvedoverlay.png - Importer: ScriptedImporter/UnityEditor.QuickSearchModule:UnityEditor.Search:ASIAI0B
Importing 'GUID: 056ee72c467a4e24d87541d42839ca72 - Path: Packages/com.unity.collab-proxy/Editor/Assets/Images/d_iconconflictresolvedoverlay.png - Importer: ScriptedImporter/UnityEditor.QuickSearchModule:UnityEditor.Search:ASIAI0B' with importer (ScriptedImporter : UnityEditor.QuickSearchModule:UnityEditor.Search:ASIAI0B)
Imported 'GUID: 056ee72c467a4e24d87541d42839ca72' -> (Import Result ID: 'bef49cd9873eb66ed65f735ec2fddd79') in 0.005 seconds [static and dynamic dependencies]. Details - ImportResultOutputID=829b3402187106b8b155c6f037985ad9 DependenciesID=79d4567227a13bec307ba4d2641ea57e StaticDependenciesID=22fffb41ba36637b0fffd8b0b254679a 
Number of updated asset objects reloaded before import = 0
Number of asset objects unloaded after import = 1
========================================================================
Received Import Request.
  Time of request: 2026-10-01T17:00:52.2668549Z
  Time since last request: 0.0001924 seconds.
  importAddress: GUID: 2cfbf6619eb047545a425e8a31732c83 - Path: Packages/com.unity.collab-proxy/Editor/Assets/Images/d_icondeletedremoteoverlay@2x.png - Importer: ScriptedImporter/UnityEditor.QuickSearchModule:UnityEditor.Search:ASIAI0B
Importing 'GUID: 2cfbf6619eb047545a425e8a31732c83 - Path: Packages/com.unity.collab-proxy/Editor/Assets/Images/d_icondeletedremoteoverlay@2x.png - Importer: ScriptedImporter/UnityEditor.QuickSearchModule:UnityEditor.Search:ASIAI0B' with importer (ScriptedImporter : UnityEditor.QuickSearchModule:UnityEditor.Search:ASIAI0B)
Imported 'GUID: 2cfbf6619eb047545a425e8a31732c83' -> (Import Result ID: '4f3ea6bda0654577bbc79c1274a518e0') in 0.004 seconds [static and dynamic dependencies]. Details - ImportResultOutputID=50ab1aa9813b12c2be1df41ef57f3b75 DependenciesID=0e43fff3e7338c0bac5b35db0abe08b6 StaticDependenciesID=33fce1c76ad7f58a386362c7b08f394d 
Number of updated asset objects reloaded before import = 0
Number of asset objects unloaded after import = 1
========================================================================
Received Import Request.
  Time of request: 2026-10-01T17:00:52.2768733Z
  Time since last request: 0.0002946 seconds.
  importAddress: GUID: bb1928aff4fd4cf44af1f629dc14ef9b - Path: Packages/com.unity.collab-proxy/Editor/Assets/Images/d_iconcheckedoutlocaloverlay.png - Importer: ScriptedImporter/UnityEditor.QuickSearchModule:UnityEditor.Search:ASIAI0B
Importing 'GUID: bb1928aff4fd4cf44af1f629dc14ef9b - Path: Packages/com.unity.collab-proxy/Editor/Assets/Images/d_iconcheckedoutlocaloverlay.png - Importer: ScriptedImporter/UnityEditor.QuickSearchModule:UnityEditor.Search:ASIAI0B' with importer (ScriptedImporter : UnityEditor.QuickSearchModule:UnityEditor.Search:ASIAI0B)
Imported 'GUID: bb1928aff4fd4cf44af1f629dc14ef9b' -> (Import Result ID: 'a485c6ee7c3d939873b05d8e699f97a8') in 0.004 seconds [static and dynamic dependencies]. Details - ImportResultOutputID=4a3d2caed26de5b37e60316bc065f4a4 DependenciesID=98bb84a75146b55f5369edf7181f318a StaticDependenciesID=1de6f183e6a9f8377f780e99f5538b27 
Number of updated asset objects reloaded before import = 0
Number of asset objects unloaded after import = 1
========================================================================
Received Import Request.
  Time of request: 2026-10-01T17:00:52.2872049Z
  Time since last request: 0.0002668 seconds.
  importAddress: GUID: 4a231ba0e81e63849a8f985c228e8acd - Path: Packages/com.unity.collab-proxy/Editor/Assets/Images/d_iconconflictresolvedoverlay@2x.png - Importer: ScriptedImporter/UnityEditor.QuickSearchModule:UnityEditor.Search:ASIAI0B
Importing 'GUID: 4a231ba0e81e63849a8f985c228e8acd - Path: Packages/com.unity.collab-proxy/Editor/Assets/Images/d_iconconflictresolvedoverlay@2x.png - Importer: ScriptedImporter/UnityEditor.QuickSearchModule:UnityEditor.Search:ASIAI0B' with importer (ScriptedImporter : UnityEditor.QuickSearchModule:UnityEditor.Search:ASIAI0B)
Imported 'GUID: 4a231ba0e81e63849a8f985c228e8acd' -> (Import Result ID: 'ae5f5d6664ac91b8f241dc73c718205c') in 0.004 seconds [static and dynamic dependencies]. Details - ImportResultOutputID=7f49290c4ce4e537dcf6a324d63ac0fa DependenciesID=12d4c9d05369e11406f34740d0cf846a StaticDependenciesID=b2de69d917f66d55a5e89d4c72528f65 
Number of updated asset objects reloaded before import = 0
Number of asset objects unloaded after import = 1
========================================================================
Received Import Request.
  Time of request: 2026-10-01T17:00:52.2980695Z
  Time since last request: 0.0003856 seconds.
  importAddress: GUID: 4aa6f152b3bc842a6b793662d8374cf1 - Path: Packages/com.unity.collab-proxy/Editor/Assets/Images/d_iconfirst.png - Importer: ScriptedImporter/UnityEditor.QuickSearchModule:UnityEditor.Search:ASIAI0B
Importing 'GUID: 4aa6f152b3bc842a6b793662d8374cf1 - Path: Packages/com.unity.collab-proxy/Editor/Assets/Images/d_iconfirst.png - Importer: ScriptedImporter/UnityEditor.QuickSearchModule:UnityEditor.Search:ASIAI0B' with importer (ScriptedImporter : UnityEditor.QuickSearchModule:UnityEditor.Search:ASIAI0B)
Imported 'GUID: 4aa6f152b3bc842a6b793662d8374cf1' -> (Import Result ID: '5d64a2441409b30ce472eed1964d71c8') in 0.005 seconds [static and dynamic dependencies]. Details - ImportResultOutputID=284ab9d1830a1b46681fbadb7855098d DependenciesID=39859b017bf2e4622e677e974d7a03ee StaticDependenciesID=e8b67d272e26b5722452f34d7c14660c 
Number of updated asset objects reloaded before import = 0
Number of asset objects unloaded after import = 3
========================================================================
Received Import Request.
  Time of request: 2026-10-01T17:00:52.3093128Z
  Time since last request: 0.0003207 seconds.
  importAddress: GUID: 3094096a150921c409ef35579f2ada0f - Path: Packages/com.unity.collab-proxy/Editor/Assets/Images/d_iconinviteusers.png - Importer: ScriptedImporter/UnityEditor.QuickSearchModule:UnityEditor.Search:ASIAI0B
Importing 'GUID: 3094096a150921c409ef35579f2ada0f - Path: Packages/com.unity.collab-proxy/Editor/Assets/Images/d_iconinviteusers.png - Importer: ScriptedImporter/UnityEditor.QuickSearchModule:UnityEditor.Search:ASIAI0B' with importer (ScriptedImporter : UnityEditor.QuickSearchModule:UnityEditor.Search:ASIAI0B)
Imported 'GUID: 3094096a150921c409ef35579f2ada0f' -> (Import Result ID: '2badb15ea693ff6392a0b63da1f7ba3e') in 0.004 seconds [static and dynamic dependencies]. Details - ImportResultOutputID=4dc4d9ce19d4e2b91b78c59271de823e DependenciesID=64f6869688e54bb026aa8bb8520dad4e StaticDependenciesID=be7677f73bef8a87b064dad64902ca1c 
Number of updated asset objects reloaded before import = 0
Number of asset objects unloaded after import = 3
========================================================================
Received Import Request.
  Time of request: 2026-10-01T17:00:52.3201079Z
  Time since last request: 0.0002561 seconds.
  importAddress: GUID: 59eedc7f076ac5749993ec0e94b87af3 - Path: Packages/com.unity.collab-proxy/Editor/Assets/Images/d_iconclouddriveview@2x.png - Importer: ScriptedImporter/UnityEditor.QuickSearchModule:UnityEditor.Search:ASIAI0B
Importing 'GUID: 59eedc7f076ac5749993ec0e94b87af3 - Path: Packages/com.unity.collab-proxy/Editor/Assets/Images/d_iconclouddriveview@2x.png - Importer: ScriptedImporter/UnityEditor.QuickSearchModule:UnityEditor.Search:ASIAI0B' with importer (ScriptedImporter : UnityEditor.QuickSearchModule:UnityEditor.Search:ASIAI0B)
Imported 'GUID: 59eedc7f076ac5749993ec0e94b87af3' -> (Import Result ID: '7b7371d2520ee499d9c86ec12be86560') in 0.005 seconds [static and dynamic dependencies]. Details - ImportResultOutputID=ccffa81a969a80d93b5d02cc86906b5b DependenciesID=338f746cff7a5d35dc90fa74f9cbde05 StaticDependenciesID=c731821990c15f34b034848b00634d85 
Number of updated asset objects reloaded before import = 0
Number of asset objects unloaded after import = 3
========================================================================
Received Import Request.
  Time of request: 2026-10-01T17:00:52.3316385Z
  Time since last request: 0.0002868 seconds.
  importAddress: GUID: eb5eaf673b49645f88e72f5122b40988 - Path: Packages/com.unity.collab-proxy/Editor/Assets/Images/d_iconarrowdown@2x.png - Importer: ScriptedImporter/UnityEditor.QuickSearchModule:UnityEditor.Search:ASIAI0B
Importing 'GUID: eb5eaf673b49645f88e72f5122b40988 - Path: Packages/com.unity.collab-proxy/Editor/Assets/Images/d_iconarrowdown@2x.png - Importer: ScriptedImporter/UnityEditor.QuickSearchModule:UnityEditor.Search:ASIAI0B' with importer (ScriptedImporter : UnityEditor.QuickSearchModule:UnityEditor.Search:ASIAI0B)
Imported 'GUID: eb5eaf673b49645f88e72f5122b40988' -> (Import Result ID: '95aecf85e5ae3ff0a74123efcb45b9f5') in 0.004 seconds [static and dynamic dependencies]. Details - ImportResultOutputID=0bdb36c7ebdd7f71c5f06cab56ecb26d DependenciesID=82e6c7650dbf64a8f29b14474a347371 StaticDependenciesID=c333c92ac2d62da15d26ae4813a2948c 
Number of updated asset objects reloaded before import = 0
Number of asset objects unloaded after import = 3
========================================================================
Received Import Request.
  Time of request: 2026-10-01T17:00:52.3418506Z
  Time since last request: 0.0003435 seconds.
  importAddress: GUID: 4da274d970a82a943ae3979e7833f3dd - Path: Packages/com.unity.collab-proxy/Editor/Assets/Images/d_icondeletedlocaloverlay.png - Importer: ScriptedImporter/UnityEditor.QuickSearchModule:UnityEditor.Search:ASIAI0B
Importing 'GUID: 4da274d970a82a943ae3979e7833f3dd - Path: Packages/com.unity.collab-proxy/Editor/Assets/Images/d_icondeletedlocaloverlay.png - Importer: ScriptedImporter/UnityEditor.QuickSearchModule:UnityEditor.Search:ASIAI0B' with importer (ScriptedImporter : UnityEditor.QuickSearchModule:UnityEditor.Search:ASIAI0B)
Imported 'GUID: 4da274d970a82a943ae3979e7833f3dd' -> (Import Result ID: '88e84477bdb6ad9eac557bdc72b5c702') in 0.004 seconds [static and dynamic dependencies]. Details - ImportResultOutputID=5fe59e6195f916ac39e5c8df2fd1c91d DependenciesID=cfd47d449ec52dd967358dcc09fb43b9 StaticDependenciesID=c1e3166876d4eee35ec4909f501efb6a 
Number of updated asset objects reloaded before import = 0
Number of asset objects unloaded after import = 1
========================================================================
Received Import Request.
  Time of request: 2026-10-01T17:00:52.3514381Z
  Time since last request: 0.0002722 seconds.
  importAddress: GUID: 0a02e43184c7e9c4c9c59b601100b705 - Path: Packages/com.unity.collab-proxy/Editor/Assets/Images/d_iconcurrentbranch.png - Importer: ScriptedImporter/UnityEditor.QuickSearchModule:UnityEditor.Search:ASIAI0B
Importing 'GUID: 0a02e43184c7e9c4c9c59b601100b705 - Path: Packages/com.unity.collab-proxy/Editor/Assets/Images/d_iconcurrentbranch.png - Importer: ScriptedImporter/UnityEditor.QuickSearchModule:UnityEditor.Search:ASIAI0B' with importer (ScriptedImporter : UnityEditor.QuickSearchModule:UnityEditor.Search:ASIAI0B)
Imported 'GUID: 0a02e43184c7e9c4c9c59b601100b705' -> (Import Result ID: '47b2e20394e1447948843ec93372915d') in 0.005 seconds [static and dynamic dependencies]. Details - ImportResultOutputID=d9788191a126b66517370d66bd452b11 DependenciesID=276087302c94743c6b44abf39cf79afa StaticDependenciesID=d8b0c044b7cc83b3021b0cc69804d109 
Number of updated asset objects reloaded before import = 0
Number of asset objects unloaded after import = 3
========================================================================
Received Import Request.
  Time of request: 2026-10-01T17:00:52.3629057Z
  Time since last request: 0.0002658 seconds.
  importAddress: GUID: 92b204cca46037444ab18ba6701f86f7 - Path: Packages/com.unity.collab-proxy/Editor/Assets/Images/d_icondeletedlocaloverlay@2x.png - Importer: ScriptedImporter/UnityEditor.QuickSearchModule:UnityEditor.Search:ASIAI0B
Importing 'GUID: 92b204cca46037444ab18ba6701f86f7 - Path: Packages/com.unity.collab-proxy/Editor/Assets/Images/d_icondeletedlocaloverlay@2x.png - Importer: ScriptedImporter/UnityEditor.QuickSearchModule:UnityEditor.Search:ASIAI0B' with importer (ScriptedImporter : UnityEditor.QuickSearchModule:UnityEditor.Search:ASIAI0B)
Imported 'GUID: 92b204cca46037444ab18ba6701f86f7' -> (Import Result ID: '8ecf17cd16a1214c316934d61f91c64a') in 0.004 seconds [static and dynamic dependencies]. Details - ImportResultOutputID=6d3e727d1da11ad096e6028d30253133 DependenciesID=3a91aa003738897c340a9c33775f7c11 StaticDependenciesID=d6e4b479c32f28024572d59dc16f5ed1 
Number of updated asset objects reloaded before import = 0
Number of asset objects unloaded after import = 1
========================================================================
Received Import Request.
  Time of request: 2026-10-01T17:00:52.3727366Z
  Time since last request: 0.0002944 seconds.
  importAddress: GUID: 02800fb9cff14da47a04572790384d8b - Path: Packages/com.unity.collab-proxy/Editor/Assets/Images/d_iconaddedlocal@2x.png - Importer: ScriptedImporter/UnityEditor.QuickSearchModule:UnityEditor.Search:ASIAI0B
Importing 'GUID: 02800fb9cff14da47a04572790384d8b - Path: Packages/com.unity.collab-proxy/Editor/Assets/Images/d_iconaddedlocal@2x.png - Importer: ScriptedImporter/UnityEditor.QuickSearchModule:UnityEditor.Search:ASIAI0B' with importer (ScriptedImporter : UnityEditor.QuickSearchModule:UnityEditor.Search:ASIAI0B)
Imported 'GUID: 02800fb9cff14da47a04572790384d8b' -> (Import Result ID: 'd5e631ace8a14caf30fde39240c865db') in 0.005 seconds [static and dynamic dependencies]. Details - ImportResultOutputID=4f36d84c61696be95001ea02d64c94a4 DependenciesID=70f24e6755ee94577178e73dcb0eb905 StaticDependenciesID=666821fdb854a8c169480b3384588ebb 
Number of updated asset objects reloaded before import = 0
Number of asset objects unloaded after import = 1
========================================================================
Received Import Request.
  Time of request: 2026-10-01T17:00:52.3834693Z
  Time since last request: 0.0002758 seconds.
  importAddress: GUID: 65f0e363b74cf5845ab8c3fbc14f39ac - Path: Packages/com.unity.collab-proxy/Editor/Assets/Images/d_iconconflicted@2x.png - Importer: ScriptedImporter/UnityEditor.QuickSearchModule:UnityEditor.Search:ASIAI0B
Importing 'GUID: 65f0e363b74cf5845ab8c3fbc14f39ac - Path: Packages/com.unity.collab-proxy/Editor/Assets/Images/d_iconconflicted@2x.png - Importer: ScriptedImporter/UnityEditor.QuickSearchModule:UnityEditor.Search:ASIAI0B' with importer (ScriptedImporter : UnityEditor.QuickSearchModule:UnityEditor.Search:ASIAI0B)
Imported 'GUID: 65f0e363b74cf5845ab8c3fbc14f39ac' -> (Import Result ID: '26e1e864b80cd25a154f7afc7a262482') in 0.004 seconds [static and dynamic dependencies]. Details - ImportResultOutputID=379a3ca6db659ac782a30eab8e6ba48a DependenciesID=74380e0d1036731da58304994c58b658 StaticDependenciesID=dfa57374f97ea4aec2d1cc3c5c5a377e 
Number of updated asset objects reloaded before import = 0
Number of asset objects unloaded after import = 1
========================================================================
Received Import Request.
  Time of request: 2026-10-01T17:00:52.3931901Z
  Time since last request: 0.0003715 seconds.
  importAddress: GUID: 0ac55f9f886d827408c102bdf33c5ff7 - Path: Packages/com.unity.collab-proxy/Editor/Assets/Images/d_iconemptygravatar@2x.png - Importer: ScriptedImporter/UnityEditor.QuickSearchModule:UnityEditor.Search:ASIAI0B
Importing 'GUID: 0ac55f9f886d827408c102bdf33c5ff7 - Path: Packages/com.unity.collab-proxy/Editor/Assets/Images/d_iconemptygravatar@2x.png - Importer: ScriptedImporter/UnityEditor.QuickSearchModule:UnityEditor.Search:ASIAI0B' with importer (ScriptedImporter : UnityEditor.QuickSearchModule:UnityEditor.Search:ASIAI0B)
Imported 'GUID: 0ac55f9f886d827408c102bdf33c5ff7' -> (Import Result ID: '15df76650eb2681c72bd82ab70278b7f') in 0.004 seconds [static and dynamic dependencies]. Details - ImportResultOutputID=558e76829ea2c9cdf67af624b4a86ae5 DependenciesID=b24c09badd11624e889c1939b2416f63 StaticDependenciesID=0748daf2cd5950f826e698f91e471c98 
Number of updated asset objects reloaded before import = 0
Number of asset objects unloaded after import = 1
========================================================================
Received Import Request.
  Time of request: 2026-10-01T17:00:52.4030503Z
  Time since last request: 0.0002708 seconds.
  importAddress: GUID: 23e66f7264c74424889342127f229577 - Path: Packages/com.unity.collab-proxy/Editor/Assets/Images/d_icondeletedremote.png - Importer: ScriptedImporter/UnityEditor.QuickSearchModule:UnityEditor.Search:ASIAI0B
Importing 'GUID: 23e66f7264c74424889342127f229577 - Path: Packages/com.unity.collab-proxy/Editor/Assets/Images/d_icondeletedremote.png - Importer: ScriptedImporter/UnityEditor.QuickSearchModule:UnityEditor.Search:ASIAI0B' with importer (ScriptedImporter : UnityEditor.QuickSearchModule:UnityEditor.Search:ASIAI0B)
Imported 'GUID: 23e66f7264c74424889342127f229577' -> (Import Result ID: '7369011b2ef512aa4deec38308ea18b1') in 0.004 seconds [static and dynamic dependencies]. Details - ImportResultOutputID=2f4f0c76847f070b0e04542b5e3704fd DependenciesID=954ec8a658119b8065111b7b0b221e05 StaticDependenciesID=355b0ed645dabeb0a6a30aefef89ed99 
Number of updated asset objects reloaded before import = 0
Number of asset objects unloaded after import = 1
========================================================================
Received Import Request.
  Time of request: 2026-10-01T17:00:52.4131981Z
  Time since last request: 0.0002732 seconds.
  importAddress: GUID: 9b76c79563c3a274aa48b0dbdf009693 - Path: Packages/com.unity.collab-proxy/Editor/Assets/Images/d_iconbrex@2x.png - Importer: ScriptedImporter/UnityEditor.QuickSearchModule:UnityEditor.Search:ASIAI0B
Importing 'GUID: 9b76c79563c3a274aa48b0dbdf009693 - Path: Packages/com.unity.collab-proxy/Editor/Assets/Images/d_iconbrex@2x.png - Importer: ScriptedImporter/UnityEditor.QuickSearchModule:UnityEditor.Search:ASIAI0B' with importer (ScriptedImporter : UnityEditor.QuickSearchModule:UnityEditor.Search:ASIAI0B)
Imported 'GUID: 9b76c79563c3a274aa48b0dbdf009693' -> (Import Result ID: '09df2362bfd32d97577d6cf72b36a175') in 0.004 seconds [static and dynamic dependencies]. Details - ImportResultOutputID=ae6bc46dd85253769359cb9e0b66cc23 DependenciesID=393e9e33aacb7921f59736b1175068b6 StaticDependenciesID=997abff036fb11103106870eaecba995 
Number of updated asset objects reloaded before import = 0
Number of asset objects unloaded after import = 3
========================================================================
Received Import Request.
  Time of request: 2026-10-01T17:00:52.423674Z
  Time since last request: 0.0003886 seconds.
  importAddress: GUID: e1e64e28e7631534d8408668bcb82502 - Path: Packages/com.unity.collab-proxy/Editor/Assets/Images/d_iconlabel.png - Importer: ScriptedImporter/UnityEditor.QuickSearchModule:UnityEditor.Search:ASIAI0B
Importing 'GUID: e1e64e28e7631534d8408668bcb82502 - Path: Packages/com.unity.collab-proxy/Editor/Assets/Images/d_iconlabel.png - Importer: ScriptedImporter/UnityEditor.QuickSearchModule:UnityEditor.Search:ASIAI0B' with importer (ScriptedImporter : UnityEditor.QuickSearchModule:UnityEditor.Search:ASIAI0B)
Imported 'GUID: e1e64e28e7631534d8408668bcb82502' -> (Import Result ID: '4410f077c32e50d9b9e20636974b8fd1') in 0.005 seconds [static and dynamic dependencies]. Details - ImportResultOutputID=8ba89302d315536e63a547e5ecfb4313 DependenciesID=e3919eed43675b0caeb33006d53d4de5 StaticDependenciesID=2e294c6f834714467f1534e8b183ddac 
Number of updated asset objects reloaded before import = 0
Number of asset objects unloaded after import = 3
========================================================================
Received Import Request.
  Time of request: 2026-10-01T17:00:52.4354399Z
  Time since last request: 0.0002365 seconds.
  importAddress: GUID: f6ea7eb320af940f6ade67ef3befef89 - Path: Packages/com.unity.collab-proxy/Editor/Assets/Images/d_iconincomingchangesview.png - Importer: ScriptedImporter/UnityEditor.QuickSearchModule:UnityEditor.Search:ASIAI0B
Importing 'GUID: f6ea7eb320af940f6ade67ef3befef89 - Path: Packages/com.unity.collab-proxy/Editor/Assets/Images/d_iconincomingchangesview.png - Importer: ScriptedImporter/UnityEditor.QuickSearchModule:UnityEditor.Search:ASIAI0B' with importer (ScriptedImporter : UnityEditor.QuickSearchModule:UnityEditor.Search:ASIAI0B)
Imported 'GUID: f6ea7eb320af940f6ade67ef3befef89' -> (Import Result ID: '100c7d3f591506d7d0faad27a134d79f') in 0.005 seconds [static and dynamic dependencies]. Details - ImportResultOutputID=752e231405123b3b0c69b5ec67e95daa DependenciesID=18a0e8e3f619e855a93514a02eb6060e StaticDependenciesID=9fa21772aaa8d7dfb5342cec165caa65 
Number of updated asset objects reloaded before import = 0
Number of asset objects unloaded after import = 3
========================================================================
Received Import Request.
  Time of request: 2026-10-01T17:00:52.4465167Z
  Time since last request: 0.0002654 seconds.
  importAddress: GUID: 881798b77426a8f47b533dcc4767e9e5 - Path: Packages/com.unity.collab-proxy/Editor/Assets/Images/d_iconconflicted.png - Importer: ScriptedImporter/UnityEditor.QuickSearchModule:UnityEditor.Search:ASIAI0B
Importing 'GUID: 881798b77426a8f47b533dcc4767e9e5 - Path: Packages/com.unity.collab-proxy/Editor/Assets/Images/d_iconconflicted.png - Importer: ScriptedImporter/UnityEditor.QuickSearchModule:UnityEditor.Search:ASIAI0B' with importer (ScriptedImporter : UnityEditor.QuickSearchModule:UnityEditor.Search:ASIAI0B)
Imported 'GUID: 881798b77426a8f47b533dcc4767e9e5' -> (Import Result ID: 'f355b7a20e16ef175e962ab206614073') in 0.004 seconds [static and dynamic dependencies]. Details - ImportResultOutputID=1303664d5714b89534a82051a82172a4 DependenciesID=196988412d85aa4933a6ef78e13ccba9 StaticDependenciesID=3cd43942be538fffa41f5bcb161538d4 
Number of updated asset objects reloaded before import = 0
Number of asset objects unloaded after import = 1
========================================================================
Received Import Request.
  Time of request: 2026-10-01T17:00:52.4567769Z
  Time since last request: 0.0002519 seconds.
  importAddress: GUID: 079f562959995344baea4cd40a9ecea6 - Path: Packages/com.unity.collab-proxy/Editor/Assets/Images/d_iconignoredoverlay@2x.png - Importer: ScriptedImporter/UnityEditor.QuickSearchModule:UnityEditor.Search:ASIAI0B
Importing 'GUID: 079f562959995344baea4cd40a9ecea6 - Path: Packages/com.unity.collab-proxy/Editor/Assets/Images/d_iconignoredoverlay@2x.png - Importer: ScriptedImporter/UnityEditor.QuickSearchModule:UnityEditor.Search:ASIAI0B' with importer (ScriptedImporter : UnityEditor.QuickSearchModule:UnityEditor.Search:ASIAI0B)
Imported 'GUID: 079f562959995344baea4cd40a9ecea6' -> (Import Result ID: '0215fea4ea2fcfa572c635f979e4af0f') in 0.005 seconds [static and dynamic dependencies]. Details - ImportResultOutputID=a9d7e6dc5136c181e76e670a5d57b0a6 DependenciesID=aae8b959eec3e9c26648a3f739853e1d StaticDependenciesID=38c1ca960751de92a33cc5fc1140d5f0 
Number of updated asset objects reloaded before import = 0
Number of asset objects unloaded after import = 3
========================================================================
Received Import Request.
  Time of request: 2026-10-01T17:00:52.4673808Z
  Time since last request: 0.0002671 seconds.
  importAddress: GUID: 73d124bf77e463c45942d14136745d9f - Path: Packages/com.unity.collab-proxy/Editor/Assets/Images/d_iconaddedoverlay.png - Importer: ScriptedImporter/UnityEditor.QuickSearchModule:UnityEditor.Search:ASIAI0B
Importing 'GUID: 73d124bf77e463c45942d14136745d9f - Path: Packages/com.unity.collab-proxy/Editor/Assets/Images/d_iconaddedoverlay.png - Importer: ScriptedImporter/UnityEditor.QuickSearchModule:UnityEditor.Search:ASIAI0B' with importer (ScriptedImporter : UnityEditor.QuickSearchModule:UnityEditor.Search:ASIAI0B)
Imported 'GUID: 73d124bf77e463c45942d14136745d9f' -> (Import Result ID: 'dd35db6f8033350388c0acacf3b6d54a') in 0.004 seconds [static and dynamic dependencies]. Details - ImportResultOutputID=4b04b555ea1cb66a80acb8f77c48935b DependenciesID=d60a1effd65a41545a11ce89fe462e24 StaticDependenciesID=8e12d4bc770041efee5683b23152d32f 
Number of updated asset objects reloaded before import = 0
Number of asset objects unloaded after import = 1
========================================================================
Received Import Request.
  Time of request: 2026-10-01T17:00:52.4801307Z
  Time since last request: 0.0003889 seconds.
  importAddress: GUID: c1516142c0a669b42aecce30a3459017 - Path: Packages/com.unity.collab-proxy/Editor/Assets/Images/d_iconbranch.png - Importer: ScriptedImporter/UnityEditor.QuickSearchModule:UnityEditor.Search:ASIAI0B
Importing 'GUID: c1516142c0a669b42aecce30a3459017 - Path: Packages/com.unity.collab-proxy/Editor/Assets/Images/d_iconbranch.png - Importer: ScriptedImporter/UnityEditor.QuickSearchModule:UnityEditor.Search:ASIAI0B' with importer (ScriptedImporter : UnityEditor.QuickSearchModule:UnityEditor.Search:ASIAI0B)
Imported 'GUID: c1516142c0a669b42aecce30a3459017' -> (Import Result ID: 'aa5d32eec7302f41a1ec046aa678d6aa') in 0.004 seconds [static and dynamic dependencies]. Details - ImportResultOutputID=25dcec7f592d09780fa268737fa5d281 DependenciesID=e9eab5243f4c0509b23efb6acf690ef3 StaticDependenciesID=2c21945e4b0d85c59efafa42b476ccc0 
Number of updated asset objects reloaded before import = 0
Number of asset objects unloaded after import = 3
========================================================================
Received Import Request.
  Time of request: 2026-10-01T17:00:52.4902288Z
  Time since last request: 0.0002518 seconds.
  importAddress: GUID: a892bcc7ae1871447926b3c44d158763 - Path: Packages/com.unity.collab-proxy/Editor/Assets/Images/d_iconconflictedoverlay.png - Importer: ScriptedImporter/UnityEditor.QuickSearchModule:UnityEditor.Search:ASIAI0B
Importing 'GUID: a892bcc7ae1871447926b3c44d158763 - Path: Packages/com.unity.collab-proxy/Editor/Assets/Images/d_iconconflictedoverlay.png - Importer: ScriptedImporter/UnityEditor.QuickSearchModule:UnityEditor.Search:ASIAI0B' with importer (ScriptedImporter : UnityEditor.QuickSearchModule:UnityEditor.Search:ASIAI0B)
Imported 'GUID: a892bcc7ae1871447926b3c44d158763' -> (Import Result ID: 'f5002816ec619053b76bf14eda847d23') in 0.005 seconds [static and dynamic dependencies]. Details - ImportResultOutputID=02e4b5b8fc0e42157e29337bb97a0aff DependenciesID=749f18f70710eec4a3a3d0098b5791d7 StaticDependenciesID=f1cb909fe3c4a5e72a8a4de58056f637 
Number of updated asset objects reloaded before import = 0
Number of asset objects unloaded after import = 1
========================================================================
Received Import Request.
  Time of request: 2026-10-01T17:00:52.5020412Z
  Time since last request: 0.0003793 seconds.
  importAddress: GUID: 6768dd39d3740af429fb2d88f53390c2 - Path: Packages/com.unity.collab-proxy/Editor/Assets/Images/d_iconignoredoverlay.png - Importer: ScriptedImporter/UnityEditor.QuickSearchModule:UnityEditor.Search:ASIAI0B
Importing 'GUID: 6768dd39d3740af429fb2d88f53390c2 - Path: Packages/com.unity.collab-proxy/Editor/Assets/Images/d_iconignoredoverlay.png - Importer: ScriptedImporter/UnityEditor.QuickSearchModule:UnityEditor.Search:ASIAI0B' with importer (ScriptedImporter : UnityEditor.QuickSearchModule:UnityEditor.Search:ASIAI0B)
Imported 'GUID: 6768dd39d3740af429fb2d88f53390c2' -> (Import Result ID: 'd52e1f6315f9a416d24415cf7e90ca1b') in 0.004 seconds [static and dynamic dependencies]. Details - ImportResultOutputID=396f3b2fb364aa83cf6b60829b8cd30a DependenciesID=5e0c7176864dbc40ea9e5f8e5986d155 StaticDependenciesID=8a5683198939263bb403ca6a9bae6d66 
Number of updated asset objects reloaded before import = 0
Number of asset objects unloaded after import = 3
========================================================================
Received Import Request.
  Time of request: 2026-10-01T17:00:52.5123064Z
  Time since last request: 0.0002782 seconds.
  importAddress: GUID: 50d1ea51731fa43db9ce0ec4fe5f0b07 - Path: Packages/com.unity.collab-proxy/Editor/Assets/Images/d_iconhistory@2x.png - Importer: ScriptedImporter/UnityEditor.QuickSearchModule:UnityEditor.Search:ASIAI0B
Importing 'GUID: 50d1ea51731fa43db9ce0ec4fe5f0b07 - Path: Packages/com.unity.collab-proxy/Editor/Assets/Images/d_iconhistory@2x.png - Importer: ScriptedImporter/UnityEditor.QuickSearchModule:UnityEditor.Search:ASIAI0B' with importer (ScriptedImporter : UnityEditor.QuickSearchModule:UnityEditor.Search:ASIAI0B)
Imported 'GUID: 50d1ea51731fa43db9ce0ec4fe5f0b07' -> (Import Result ID: 'd29de36fbbfb7c46eb00d71a188ce624') in 0.005 seconds [static and dynamic dependencies]. Details - ImportResultOutputID=c9052345037b4607495d5a99f9ac7683 DependenciesID=b00e0e12673517383244f3cbf4a61657 StaticDependenciesID=8c8259482936d1d7df243990bac27edc 
Number of updated asset objects reloaded before import = 0
Number of asset objects unloaded after import = 3
========================================================================
Received Import Request.
  Time of request: 2026-10-01T17:00:52.5225476Z
  Time since last request: 0.0001837 seconds.
  importAddress: GUID: 626b9cddb29049e4cac50cd87b419945 - Path: Packages/com.unity.collab-proxy/Editor/Assets/Images/d_icondeletedremote@2x.png - Importer: ScriptedImporter/UnityEditor.QuickSearchModule:UnityEditor.Search:ASIAI0B
Importing 'GUID: 626b9cddb29049e4cac50cd87b419945 - Path: Packages/com.unity.collab-proxy/Editor/Assets/Images/d_icondeletedremote@2x.png - Importer: ScriptedImporter/UnityEditor.QuickSearchModule:UnityEditor.Search:ASIAI0B' with importer (ScriptedImporter : UnityEditor.QuickSearchModule:UnityEditor.Search:ASIAI0B)
Imported 'GUID: 626b9cddb29049e4cac50cd87b419945' -> (Import Result ID: 'ec6445705abc9c2dd32df0bdc6a865e8') in 0.004 seconds [static and dynamic dependencies]. Details - ImportResultOutputID=afd63f62881939d2b4373c897582967e DependenciesID=73e8cff2ad753a2eb4c0be5a2c283690 StaticDependenciesID=3c2eb1de65f062dfae67f7e661479246 
Number of updated asset objects reloaded before import = 0
Number of asset objects unloaded after import = 1
========================================================================
Received Import Request.
  Time of request: 2026-10-01T17:00:52.5326335Z
  Time since last request: 0.000346 seconds.
  importAddress: GUID: a9cec377658c44e5ba06fde05976bee6 - Path: Packages/com.unity.collab-proxy/Editor/Assets/Images/d_iconlast.png - Importer: ScriptedImporter/UnityEditor.QuickSearchModule:UnityEditor.Search:ASIAI0B
Importing 'GUID: a9cec377658c44e5ba06fde05976bee6 - Path: Packages/com.unity.collab-proxy/Editor/Assets/Images/d_iconlast.png - Importer: ScriptedImporter/UnityEditor.QuickSearchModule:UnityEditor.Search:ASIAI0B' with importer (ScriptedImporter : UnityEditor.QuickSearchModule:UnityEditor.Search:ASIAI0B)
Imported 'GUID: a9cec377658c44e5ba06fde05976bee6' -> (Import Result ID: '1ecfbc153ddd977d6d9d3125cba6af84') in 0.004 seconds [static and dynamic dependencies]. Details - ImportResultOutputID=8969094f751728133d397b72a1638892 DependenciesID=35a819ac7b77fb1d8b9507fe59ab42cd StaticDependenciesID=89b7bca80e6de7d8c9494f7a1822162f 
Number of updated asset objects reloaded before import = 0
Number of asset objects unloaded after import = 3
========================================================================
Received Import Request.
  Time of request: 2026-10-01T17:00:52.5433551Z
  Time since last request: 0.0001909 seconds.
  importAddress: GUID: 229e2995d63f84938880b35fec07c4b2 - Path: Packages/com.unity.collab-proxy/Editor/Assets/Images/d_iconlast@2x.png - Importer: ScriptedImporter/UnityEditor.QuickSearchModule:UnityEditor.Search:ASIAI0B
Importing 'GUID: 229e2995d63f84938880b35fec07c4b2 - Path: Packages/com.unity.collab-proxy/Editor/Assets/Images/d_iconlast@2x.png - Importer: ScriptedImporter/UnityEditor.QuickSearchModule:UnityEditor.Search:ASIAI0B' with importer (ScriptedImporter : UnityEditor.QuickSearchModule:UnityEditor.Search:ASIAI0B)
Imported 'GUID: 229e2995d63f84938880b35fec07c4b2' -> (Import Result ID: '13e2754aa8765eb86413ef251fd4f16b') in 0.005 seconds [static and dynamic dependencies]. Details - ImportResultOutputID=4e2f3097136c7c1fcf2785042f4f19d4 DependenciesID=0a7fde869338107a4652a4e1b5a18ce2 StaticDependenciesID=3ea30e56a9b6d2ffc223f8464665131c 
Number of updated asset objects reloaded before import = 0
Number of asset objects unloaded after import = 3
========================================================================
Received Import Request.
  Time of request: 2026-10-01T17:00:52.5700228Z
  Time since last request: 0.0161123 seconds.
  importAddress: GUID: eb56188e070e442c4b93b8856b5c1ab0 - Path: Packages/com.unity.collab-proxy/Editor/Assets/Images/d_iconprivateoverlay@2x.png - Importer: ScriptedImporter/UnityEditor.QuickSearchModule:UnityEditor.Search:ASIAI0B
Importing 'GUID: eb56188e070e442c4b93b8856b5c1ab0 - Path: Packages/com.unity.collab-proxy/Editor/Assets/Images/d_iconprivateoverlay@2x.png - Importer: ScriptedImporter/UnityEditor.QuickSearchModule:UnityEditor.Search:ASIAI0B' with importer (ScriptedImporter : UnityEditor.QuickSearchModule:UnityEditor.Search:ASIAI0B)
Imported 'GUID: eb56188e070e442c4b93b8856b5c1ab0' -> (Import Result ID: 'a907bc763cf6d0da2f023a2e9fd4ad1c') in 0.004 seconds [static and dynamic dependencies]. Details - ImportResultOutputID=668248dc24b67168737206c39c7bc2c5 DependenciesID=1b601eb58aa05020fa42abc44e57aa7c StaticDependenciesID=87768e9272512afb2e476fc4fa3907a3 
Number of updated asset objects reloaded before import = 0
Number of asset objects unloaded after import = 3
========================================================================
Received Import Request.
  Time of request: 2026-10-01T17:00:52.5806899Z
  Time since last request: 0.0003099 seconds.
  importAddress: GUID: ba2e8a5b6413ebc46b4f580903cb911d - Path: Packages/com.unity.collab-proxy/Editor/Assets/Images/d_iconlockretained.png - Importer: ScriptedImporter/UnityEditor.QuickSearchModule:UnityEditor.Search:ASIAI0B
Importing 'GUID: ba2e8a5b6413ebc46b4f580903cb911d - Path: Packages/com.unity.collab-proxy/Editor/Assets/Images/d_iconlockretained.png - Importer: ScriptedImporter/UnityEditor.QuickSearchModule:UnityEditor.Search:ASIAI0B' with importer (ScriptedImporter : UnityEditor.QuickSearchModule:UnityEditor.Search:ASIAI0B)
Imported 'GUID: ba2e8a5b6413ebc46b4f580903cb911d' -> (Import Result ID: 'bfe9c5c186e916a3c3998481101b3512') in 0.004 seconds [static and dynamic dependencies]. Details - ImportResultOutputID=8cf1cb7694bd8117020078c8b461c530 DependenciesID=5b331a5ee7dd800a39610abee1e99d89 StaticDependenciesID=279741416cf6654d36b3826cedd84cbe 
Number of updated asset objects reloaded before import = 0
Number of asset objects unloaded after import = 3
========================================================================
Received Import Request.
  Time of request: 2026-10-01T17:00:52.5912869Z
  Time since last request: 0.0003576 seconds.
  importAddress: GUID: f31d2c855644aad4cb2030bce12859f6 - Path: Packages/com.unity.collab-proxy/Editor/Assets/Images/d_iconplasticnotifyincoming.png - Importer: ScriptedImporter/UnityEditor.QuickSearchModule:UnityEditor.Search:ASIAI0B
Importing 'GUID: f31d2c855644aad4cb2030bce12859f6 - Path: Packages/com.unity.collab-proxy/Editor/Assets/Images/d_iconplasticnotifyincoming.png - Importer: ScriptedImporter/UnityEditor.QuickSearchModule:UnityEditor.Search:ASIAI0B' with importer (ScriptedImporter : UnityEditor.QuickSearchModule:UnityEditor.Search:ASIAI0B)
Imported 'GUID: f31d2c855644aad4cb2030bce12859f6' -> (Import Result ID: '285cb99e09aa268f2daa53b147890ef9') in 0.004 seconds [static and dynamic dependencies]. Details - ImportResultOutputID=ecf702da3655f8b09605b27415885e4d DependenciesID=bd05a2f44046ad3f9cfc520b1e080f35 StaticDependenciesID=3268bdcc76cef8e58f76851d65749be9 
Number of updated asset objects reloaded before import = 0
Number of asset objects unloaded after import = 1
========================================================================
Received Import Request.
  Time of request: 2026-10-01T17:00:52.6013133Z
  Time since last request: 0.0002252 seconds.
  importAddress: GUID: 4aa4898734bfdbc4dbd410de4141e533 - Path: Packages/com.unity.collab-proxy/Editor/Assets/Images/d_iconpendingchanges.png - Importer: ScriptedImporter/UnityEditor.QuickSearchModule:UnityEditor.Search:ASIAI0B
Importing 'GUID: 4aa4898734bfdbc4dbd410de4141e533 - Path: Packages/com.unity.collab-proxy/Editor/Assets/Images/d_iconpendingchanges.png - Importer: ScriptedImporter/UnityEditor.QuickSearchModule:UnityEditor.Search:ASIAI0B' with importer (ScriptedImporter : UnityEditor.QuickSearchModule:UnityEditor.Search:ASIAI0B)
Imported 'GUID: 4aa4898734bfdbc4dbd410de4141e533' -> (Import Result ID: '5c569b9d29a295933dbc894bd6321f37') in 0.004 seconds [static and dynamic dependencies]. Details - ImportResultOutputID=d3856ecb132f1be2b2bbef44c525b1bb DependenciesID=9aeadfa7016632e630f1cb10bdc197a9 StaticDependenciesID=2f7334662675c0e0207468eeec04b90e 
Number of updated asset objects reloaded before import = 0
Number of asset objects unloaded after import = 3
========================================================================
Received Import Request.
  Time of request: 2026-10-01T17:00:52.6120371Z
  Time since last request: 0.0002621 seconds.
  importAddress: GUID: 54024d7bafa404eb39097aa14df8a5cb - Path: Packages/com.unity.collab-proxy/Editor/Assets/Images/d_iconplasticnotifypendingchangesandincoming@2x.png - Importer: ScriptedImporter/UnityEditor.QuickSearchModule:UnityEditor.Search:ASIAI0B
Importing 'GUID: 54024d7bafa404eb39097aa14df8a5cb - Path: Packages/com.unity.collab-proxy/Editor/Assets/Images/d_iconplasticnotifypendingchangesandincoming@2x.png - Importer: ScriptedImporter/UnityEditor.QuickSearchModule:UnityEditor.Search:ASIAI0B' with importer (ScriptedImporter : UnityEditor.QuickSearchModule:UnityEditor.Search:ASIAI0B)
Imported 'GUID: 54024d7bafa404eb39097aa14df8a5cb' -> (Import Result ID: '2f3149ae9494c0092a154eaa7fb96f11') in 0.006 seconds [static and dynamic dependencies]. Details - ImportResultOutputID=4892ac56432200266339115b66076099 DependenciesID=d2bc366e641741910f2fe77f246f1d80 StaticDependenciesID=e6cf35547430707aa2c9e301b26fbc73 
Number of updated asset objects reloaded before import = 0
Number of asset objects unloaded after import = 3
========================================================================
Received Import Request.
  Time of request: 2026-10-01T17:00:52.6237254Z
  Time since last request: 0.0001295 seconds.
  importAddress: GUID: 9264df9de832d7f4bb90a1d0c31d8343 - Path: Packages/com.unity.collab-proxy/Editor/Assets/Images/d_iconshelve@2x.png - Importer: ScriptedImporter/UnityEditor.QuickSearchModule:UnityEditor.Search:ASIAI0B
Importing 'GUID: 9264df9de832d7f4bb90a1d0c31d8343 - Path: Packages/com.unity.collab-proxy/Editor/Assets/Images/d_iconshelve@2x.png - Importer: ScriptedImporter/UnityEditor.QuickSearchModule:UnityEditor.Search:ASIAI0B' with importer (ScriptedImporter : UnityEditor.QuickSearchModule:UnityEditor.Search:ASIAI0B)
Imported 'GUID: 9264df9de832d7f4bb90a1d0c31d8343' -> (Import Result ID: '15d5f9eb68b753c81dcae9f16631fcd8') in 0.004 seconds [static and dynamic dependencies]. Details - ImportResultOutputID=f6bbda39d70eb4026bf6365498e08dc3 DependenciesID=2b30849ee778d36112149e8109f3c4f6 StaticDependenciesID=4f68a12cee5e65aa461e27845acd6566 
Number of updated asset objects reloaded before import = 0
Number of asset objects unloaded after import = 3
========================================================================
Received Import Request.
  Time of request: 2026-10-01T17:00:52.6336694Z
  Time since last request: 0.0003161 seconds.
  importAddress: GUID: c34cd61ed96ff9a40a54e159467c5155 - Path: Packages/com.unity.collab-proxy/Editor/Assets/Images/d_iconretainedoverlay@2x.png - Importer: ScriptedImporter/UnityEditor.QuickSearchModule:UnityEditor.Search:ASIAI0B
Importing 'GUID: c34cd61ed96ff9a40a54e159467c5155 - Path: Packages/com.unity.collab-proxy/Editor/Assets/Images/d_iconretainedoverlay@2x.png - Importer: ScriptedImporter/UnityEditor.QuickSearchModule:UnityEditor.Search:ASIAI0B' with importer (ScriptedImporter : UnityEditor.QuickSearchModule:UnityEditor.Search:ASIAI0B)
Imported 'GUID: c34cd61ed96ff9a40a54e159467c5155' -> (Import Result ID: '6b3a18875c0b57fc10f2016060acfa06') in 0.004 seconds [static and dynamic dependencies]. Details - ImportResultOutputID=294625684a2c77c0b75d611f897d050d DependenciesID=bc7d9e532e75f812c06244197ed4227c StaticDependenciesID=3e507d708a0998fdf02e5dc2a4a24106 
Number of updated asset objects reloaded before import = 0
Number of asset objects unloaded after import = 3
========================================================================
Received Import Request.
  Time of request: 2026-10-01T17:00:52.6434281Z
  Time since last request: 0.0002322 seconds.
  importAddress: GUID: 73d87bc3a27171144985c68fbbd54380 - Path: Packages/com.unity.collab-proxy/Editor/Assets/Images/d_iconzoomin@2x.png - Importer: ScriptedImporter/UnityEditor.QuickSearchModule:UnityEditor.Search:ASIAI0B
Importing 'GUID: 73d87bc3a27171144985c68fbbd54380 - Path: Packages/com.unity.collab-proxy/Editor/Assets/Images/d_iconzoomin@2x.png - Importer: ScriptedImporter/UnityEditor.QuickSearchModule:UnityEditor.Search:ASIAI0B' with importer (ScriptedImporter : UnityEditor.QuickSearchModule:UnityEditor.Search:ASIAI0B)
Imported 'GUID: 73d87bc3a27171144985c68fbbd54380' -> (Import Result ID: 'a88fcda2ac6debd674a236f027ac29f8') in 0.004 seconds [static and dynamic dependencies]. Details - ImportResultOutputID=8a28a5042235971e138bdb60fab3af34 DependenciesID=d5c63164dc0de52e2037a2a0cd0303a7 StaticDependenciesID=23cef1f5f8d61035fb9e566f7742c899 
Number of updated asset objects reloaded before import = 0
Number of asset objects unloaded after import = 3
========================================================================
Received Import Request.
  Time of request: 2026-10-01T17:00:52.6540975Z
  Time since last request: 0.0005203 seconds.
  importAddress: GUID: 43735cb4df8a4aa49b379e83bd9d77b8 - Path: Packages/com.unity.collab-proxy/Editor/Assets/Images/d_iconzoomout.png - Importer: ScriptedImporter/UnityEditor.QuickSearchModule:UnityEditor.Search:ASIAI0B
Importing 'GUID: 43735cb4df8a4aa49b379e83bd9d77b8 - Path: Packages/com.unity.collab-proxy/Editor/Assets/Images/d_iconzoomout.png - Importer: ScriptedImporter/UnityEditor.QuickSearchModule:UnityEditor.Search:ASIAI0B' with importer (ScriptedImporter : UnityEditor.QuickSearchModule:UnityEditor.Search:ASIAI0B)
Imported 'GUID: 43735cb4df8a4aa49b379e83bd9d77b8' -> (Import Result ID: '8a574c64c5722bb49242b9ba35b9e9ee') in 0.006 seconds [static and dynamic dependencies]. Details - ImportResultOutputID=15bd07abd6e6bf26c7d5e05bb57948bd DependenciesID=b41c85dda39f8e90bd8324e9cecba47c StaticDependenciesID=11dd685da01817d9ba1a635324e1f7c0 
Number of updated asset objects reloaded before import = 0
Number of asset objects unloaded after import = 3
========================================================================
Received Import Request.
  Time of request: 2026-10-01T17:00:52.6655303Z
  Time since last request: 0.0001849 seconds.
  importAddress: GUID: 11d4f7dd8fc834c8e92cab84d5137828 - Path: Packages/com.unity.collab-proxy/Editor/Assets/Images/d_iconpendingchangesview.png - Importer: ScriptedImporter/UnityEditor.QuickSearchModule:UnityEditor.Search:ASIAI0B
Importing 'GUID: 11d4f7dd8fc834c8e92cab84d5137828 - Path: Packages/com.unity.collab-proxy/Editor/Assets/Images/d_iconpendingchangesview.png - Importer: ScriptedImporter/UnityEditor.QuickSearchModule:UnityEditor.Search:ASIAI0B' with importer (ScriptedImporter : UnityEditor.QuickSearchModule:UnityEditor.Search:ASIAI0B)
Imported 'GUID: 11d4f7dd8fc834c8e92cab84d5137828' -> (Import Result ID: '777228d973acce736f1360f3e64b0ed5') in 0.004 seconds [static and dynamic dependencies]. Details - ImportResultOutputID=96b2f0057532e12349bc1e666e4f15db DependenciesID=89a71a4fdc66724cf7ef4835f4547dd6 StaticDependenciesID=cf3634bfccc1e298a704a66837059abd 
Number of updated asset objects reloaded before import = 0
Number of asset objects unloaded after import = 3
========================================================================
Received Import Request.
  Time of request: 2026-10-01T17:00:52.6751641Z
  Time since last request: 0.0002495 seconds.
  importAddress: GUID: 68587391d99444fd2a157ca65484dee2 - Path: Packages/com.unity.collab-proxy/Editor/Assets/Images/d_iconprev@2x.png - Importer: ScriptedImporter/UnityEditor.QuickSearchModule:UnityEditor.Search:ASIAI0B
Importing 'GUID: 68587391d99444fd2a157ca65484dee2 - Path: Packages/com.unity.collab-proxy/Editor/Assets/Images/d_iconprev@2x.png - Importer: ScriptedImporter/UnityEditor.QuickSearchModule:UnityEditor.Search:ASIAI0B' with importer (ScriptedImporter : UnityEditor.QuickSearchModule:UnityEditor.Search:ASIAI0B)
Imported 'GUID: 68587391d99444fd2a157ca65484dee2' -> (Import Result ID: 'd222105e1f49eb1245826a20778d3e49') in 0.004 seconds [static and dynamic dependencies]. Details - ImportResultOutputID=218afa5cb6043e0066c24e66986811f0 DependenciesID=70537db03b95ae0541026dea9f4d4a89 StaticDependenciesID=dddeac5231e9bbd63fd58c9e3e4acbb9 
Number of updated asset objects reloaded before import = 0
Number of asset objects unloaded after import = 3
========================================================================
Received Import Request.
  Time of request: 2026-10-01T17:00:52.6857125Z
  Time since last request: 0.0002861 seconds.
  importAddress: GUID: 7ee48c5fba4919649a8a6094cbead669 - Path: Packages/com.unity.collab-proxy/Editor/Assets/Images/d_loading@2x.png - Importer: ScriptedImporter/UnityEditor.QuickSearchModule:UnityEditor.Search:ASIAI0B
Importing 'GUID: 7ee48c5fba4919649a8a6094cbead669 - Path: Packages/com.unity.collab-proxy/Editor/Assets/Images/d_loading@2x.png - Importer: ScriptedImporter/UnityEditor.QuickSearchModule:UnityEditor.Search:ASIAI0B' with importer (ScriptedImporter : UnityEditor.QuickSearchModule:UnityEditor.Search:ASIAI0B)
Imported 'GUID: 7ee48c5fba4919649a8a6094cbead669' -> (Import Result ID: '2a5b820c0b31e4c2b3d4cef0f7825ac6') in 0.004 seconds [static and dynamic dependencies]. Details - ImportResultOutputID=69198dc6d67f1effa1975d0c63a1e032 DependenciesID=f5ebdffbed819cc6c3452343c5f8ab16 StaticDependenciesID=f681bdc2ba80986991aba8e467cfe388 
Number of updated asset objects reloaded before import = 0
Number of asset objects unloaded after import = 1
========================================================================
Received Import Request.
  Time of request: 2026-10-01T17:00:52.6960435Z
  Time since last request: 0.0002695 seconds.
  importAddress: GUID: 9b17bb516dcde4f24a6183d3f09501e4 - Path: Packages/com.unity.collab-proxy/Editor/Assets/Images/d_iconzoomtofit.png - Importer: ScriptedImporter/UnityEditor.QuickSearchModule:UnityEditor.Search:ASIAI0B
Importing 'GUID: 9b17bb516dcde4f24a6183d3f09501e4 - Path: Packages/com.unity.collab-proxy/Editor/Assets/Images/d_iconzoomtofit.png - Importer: ScriptedImporter/UnityEditor.QuickSearchModule:UnityEditor.Search:ASIAI0B' with importer (ScriptedImporter : UnityEditor.QuickSearchModule:UnityEditor.Search:ASIAI0B)
Imported 'GUID: 9b17bb516dcde4f24a6183d3f09501e4' -> (Import Result ID: '43affbc9931f9dc9cac2151407e4d3ea') in 0.004 seconds [static and dynamic dependencies]. Details - ImportResultOutputID=0bcab189c0519effebbd785247a86988 DependenciesID=eb8859bb260db90875d58d87925683ac StaticDependenciesID=d143314b240e1011494319aeb45a46f2 
Number of updated asset objects reloaded before import = 0
Number of asset objects unloaded after import = 3
========================================================================
Received Import Request.
  Time of request: 2026-10-01T17:00:52.7067381Z
  Time since last request: 0.0003819 seconds.
  importAddress: GUID: c5fc116b3271b5947808130b2212cd60 - Path: Packages/com.unity.collab-proxy/Editor/Assets/Images/d_iconplasticnotifyincoming@2x.png - Importer: ScriptedImporter/UnityEditor.QuickSearchModule:UnityEditor.Search:ASIAI0B
Importing 'GUID: c5fc116b3271b5947808130b2212cd60 - Path: Packages/com.unity.collab-proxy/Editor/Assets/Images/d_iconplasticnotifyincoming@2x.png - Importer: ScriptedImporter/UnityEditor.QuickSearchModule:UnityEditor.Search:ASIAI0B' with importer (ScriptedImporter : UnityEditor.QuickSearchModule:UnityEditor.Search:ASIAI0B)
Imported 'GUID: c5fc116b3271b5947808130b2212cd60' -> (Import Result ID: '4c9eda113f0a6a829cfcd30a1b8e110d') in 0.005 seconds [static and dynamic dependencies]. Details - ImportResultOutputID=07c11dc72180767937dd98e17aad6903 DependenciesID=02c9755f23e34f848750043a06d4b678 StaticDependenciesID=48076c9df2b48f9605c1c0272bedb4b1 
Number of updated asset objects reloaded before import = 0
Number of asset objects unloaded after import = 1
========================================================================
Received Import Request.
  Time of request: 2026-10-01T17:00:52.7174402Z
  Time since last request: 0.00025 seconds.
  importAddress: GUID: 1d3607c28f2ac434d8e003c4934b2a3b - Path: Packages/com.unity.collab-proxy/Editor/Assets/Images/d_RGBAlpha.png - Importer: ScriptedImporter/UnityEditor.QuickSearchModule:UnityEditor.Search:ASIAI0B
Importing 'GUID: 1d3607c28f2ac434d8e003c4934b2a3b - Path: Packages/com.unity.collab-proxy/Editor/Assets/Images/d_RGBAlpha.png - Importer: ScriptedImporter/UnityEditor.QuickSearchModule:UnityEditor.Search:ASIAI0B' with importer (ScriptedImporter : UnityEditor.QuickSearchModule:UnityEditor.Search:ASIAI0B)
Imported 'GUID: 1d3607c28f2ac434d8e003c4934b2a3b' -> (Import Result ID: 'afe1f406501bdf8e57a78bad2dc30431') in 0.004 seconds [static and dynamic dependencies]. Details - ImportResultOutputID=48c7f0f3bc2392e9c3493d89df30f9ce DependenciesID=2fabe907eecd23dbcbd8d041582d7c5f StaticDependenciesID=dd123484efbdf6825650f058e47b54cd 
Number of updated asset objects reloaded before import = 0
Number of asset objects unloaded after import = 3
========================================================================
Received Import Request.
  Time of request: 2026-10-01T17:00:52.7281574Z
  Time since last request: 0.0002986 seconds.
  importAddress: GUID: f82dfc5fc3c5a8f4080a3550427019c8 - Path: Packages/com.unity.collab-proxy/Editor/Assets/Images/d_iconoutofsync@2x.png - Importer: ScriptedImporter/UnityEditor.QuickSearchModule:UnityEditor.Search:ASIAI0B
Importing 'GUID: f82dfc5fc3c5a8f4080a3550427019c8 - Path: Packages/com.unity.collab-proxy/Editor/Assets/Images/d_iconoutofsync@2x.png - Importer: ScriptedImporter/UnityEditor.QuickSearchModule:UnityEditor.Search:ASIAI0B' with importer (ScriptedImporter : UnityEditor.QuickSearchModule:UnityEditor.Search:ASIAI0B)
Imported 'GUID: f82dfc5fc3c5a8f4080a3550427019c8' -> (Import Result ID: 'e1b2dc7eaa0744c94d47903592e92ec5') in 0.004 seconds [static and dynamic dependencies]. Details - ImportResultOutputID=32b8323ce30973ab945b33575e19a61e DependenciesID=b805344094935f95926667721e681217 StaticDependenciesID=24e1dae767cf71f4bece5342c99b734c 
Number of updated asset objects reloaded before import = 0
Number of asset objects unloaded after import = 1
========================================================================
Received Import Request.
  Time of request: 2026-10-01T17:00:52.7384731Z
  Time since last request: 0.0002528 seconds.
  importAddress: GUID: 16e2437bc79d04055b65b968f4eba9c0 - Path: Packages/com.unity.collab-proxy/Editor/Assets/Images/d_iconpendingchangesview@2x.png - Importer: ScriptedImporter/UnityEditor.QuickSearchModule:UnityEditor.Search:ASIAI0B
Importing 'GUID: 16e2437bc79d04055b65b968f4eba9c0 - Path: Packages/com.unity.collab-proxy/Editor/Assets/Images/d_iconpendingchangesview@2x.png - Importer: ScriptedImporter/UnityEditor.QuickSearchModule:UnityEditor.Search:ASIAI0B' with importer (ScriptedImporter : UnityEditor.QuickSearchModule:UnityEditor.Search:ASIAI0B)
Imported 'GUID: 16e2437bc79d04055b65b968f4eba9c0' -> (Import Result ID: '676be991ec915e121d5766cc77ff0215') in 0.004 seconds [static and dynamic dependencies]. Details - ImportResultOutputID=8216a9ad06b93dd7bba217385f7226df DependenciesID=d671cc2244766c2b8a79bcf960a05b3c StaticDependenciesID=0f64677e272b0915e934cf6cc316ccd8 
Number of updated asset objects reloaded before import = 0
Number of asset objects unloaded after import = 3
========================================================================
Received Import Request.
  Time of request: 2026-10-01T17:00:52.7492651Z
  Time since last request: 0.0002245 seconds.
  importAddress: GUID: 4d7e6e570e9d65a4c9a994783a0652e2 - Path: Packages/com.unity.collab-proxy/Editor/Assets/Images/d_iconoutofsyncoverlay@2x.png - Importer: ScriptedImporter/UnityEditor.QuickSearchModule:UnityEditor.Search:ASIAI0B
Importing 'GUID: 4d7e6e570e9d65a4c9a994783a0652e2 - Path: Packages/com.unity.collab-proxy/Editor/Assets/Images/d_iconoutofsyncoverlay@2x.png - Importer: ScriptedImporter/UnityEditor.QuickSearchModule:UnityEditor.Search:ASIAI0B' with importer (ScriptedImporter : UnityEditor.QuickSearchModule:UnityEditor.Search:ASIAI0B)
Imported 'GUID: 4d7e6e570e9d65a4c9a994783a0652e2' -> (Import Result ID: 'dcb059763ad8e1b4123afbcfebaed3d6') in 0.004 seconds [static and dynamic dependencies]. Details - ImportResultOutputID=d4d3e21f01eeb7938e221e325963cedb DependenciesID=58048a6c605647da6ea395435fdcc749 StaticDependenciesID=968f524bcead7f5a0f41c985162a5ec8 
Number of updated asset objects reloaded before import = 0
Number of asset objects unloaded after import = 1
========================================================================
Received Import Request.
  Time of request: 2026-10-01T17:00:52.7597604Z
  Time since last request: 0.0002302 seconds.
  importAddress: GUID: 602b72d4617c3694aa94419fc1b68e04 - Path: Packages/com.unity.collab-proxy/Editor/Assets/Images/d_refresh@2x.png - Importer: ScriptedImporter/UnityEditor.QuickSearchModule:UnityEditor.Search:ASIAI0B
Importing 'GUID: 602b72d4617c3694aa94419fc1b68e04 - Path: Packages/com.unity.collab-proxy/Editor/Assets/Images/d_refresh@2x.png - Importer: ScriptedImporter/UnityEditor.QuickSearchModule:UnityEditor.Search:ASIAI0B' with importer (ScriptedImporter : UnityEditor.QuickSearchModule:UnityEditor.Search:ASIAI0B)
Imported 'GUID: 602b72d4617c3694aa94419fc1b68e04' -> (Import Result ID: '01b1c1173ec5b2ba62b00ddb6f90fe8a') in 0.004 seconds [static and dynamic dependencies]. Details - ImportResultOutputID=f38d98babfa4f9c1e3673267d15e7d63 DependenciesID=4fe30dd461f123cd5b0783d5c124e427 StaticDependenciesID=775ae6454902dc7b6899a23885545ab7 
Number of updated asset objects reloaded before import = 0
Number of asset objects unloaded after import = 1
========================================================================
Received Import Request.
  Time of request: 2026-10-01T17:00:52.7696193Z
  Time since last request: 0.0002847 seconds.
  importAddress: GUID: f0c047e73e3b41341822a9e31da81877 - Path: Packages/com.unity.collab-proxy/Editor/Assets/Images/d_iconplasticnotifypendingchanges@2x.png - Importer: ScriptedImporter/UnityEditor.QuickSearchModule:UnityEditor.Search:ASIAI0B
Importing 'GUID: f0c047e73e3b41341822a9e31da81877 - Path: Packages/com.unity.collab-proxy/Editor/Assets/Images/d_iconplasticnotifypendingchanges@2x.png - Importer: ScriptedImporter/UnityEditor.QuickSearchModule:UnityEditor.Search:ASIAI0B' with importer (ScriptedImporter : UnityEditor.QuickSearchModule:UnityEditor.Search:ASIAI0B)
Imported 'GUID: f0c047e73e3b41341822a9e31da81877' -> (Import Result ID: 'e485628f364de60e860b04df4f6675ff') in 0.007 seconds [static and dynamic dependencies]. Details - ImportResultOutputID=33403b2a8aefe18efbc5b957f91b9434 DependenciesID=cf600b4ba42efb0a8a9978d69c364398 StaticDependenciesID=83b390e1db04f2b2fa87e55b246c5993 
Number of updated asset objects reloaded before import = 0
Number of asset objects unloaded after import = 3
========================================================================
Received Import Request.
  Time of request: 2026-10-01T17:00:52.782605Z
  Time since last request: 0.0002279 seconds.
  importAddress: GUID: d58e94bfb1bac774dbb8ca9c2597ef2e - Path: Packages/com.unity.collab-proxy/Editor/Assets/Images/d_loading.png - Importer: ScriptedImporter/UnityEditor.QuickSearchModule:UnityEditor.Search:ASIAI0B
Importing 'GUID: d58e94bfb1bac774dbb8ca9c2597ef2e - Path: Packages/com.unity.collab-proxy/Editor/Assets/Images/d_loading.png - Importer: ScriptedImporter/UnityEditor.QuickSearchModule:UnityEditor.Search:ASIAI0B' with importer (ScriptedImporter : UnityEditor.QuickSearchModule:UnityEditor.Search:ASIAI0B)
Imported 'GUID: d58e94bfb1bac774dbb8ca9c2597ef2e' -> (Import Result ID: '7d685141a0e77409ff58eb55ecfae18f') in 0.004 seconds [static and dynamic dependencies]. Details - ImportResultOutputID=30a2eca2c9045a34c7c29ac4b96a2a7c DependenciesID=81d158ada90d89c3f76e3a149e36c62a StaticDependenciesID=b4825ca30f7a463a66f78991d7ab99eb 
Number of updated asset objects reloaded before import = 0
Number of asset objects unloaded after import = 1
========================================================================
Received Import Request.
  Time of request: 2026-10-01T17:00:52.792925Z
  Time since last request: 0.0002627 seconds.
  importAddress: GUID: 5bc0112babc1a49bdbd1f6e5d9c13c7b - Path: Packages/com.unity.collab-proxy/Editor/Assets/Images/d_iconmergeview@2x.png - Importer: ScriptedImporter/UnityEditor.QuickSearchModule:UnityEditor.Search:ASIAI0B
Importing 'GUID: 5bc0112babc1a49bdbd1f6e5d9c13c7b - Path: Packages/com.unity.collab-proxy/Editor/Assets/Images/d_iconmergeview@2x.png - Importer: ScriptedImporter/UnityEditor.QuickSearchModule:UnityEditor.Search:ASIAI0B' with importer (ScriptedImporter : UnityEditor.QuickSearchModule:UnityEditor.Search:ASIAI0B)
Imported 'GUID: 5bc0112babc1a49bdbd1f6e5d9c13c7b' -> (Import Result ID: 'd22ec8b5aebd6e93666801b98f8f5b7e') in 0.004 seconds [static and dynamic dependencies]. Details - ImportResultOutputID=932be658eb37acbec0614c4c09499bc1 DependenciesID=23724be197f54d7638863222be425632 StaticDependenciesID=d06a6ebb1bda9c56c4ad2b37a83c5862 
Number of updated asset objects reloaded before import = 0
Number of asset objects unloaded after import = 3
========================================================================
Received Import Request.
  Time of request: 2026-10-01T17:00:52.8038289Z
  Time since last request: 0.0002728 seconds.
  importAddress: GUID: 2bb4e96f5d0b02c468932d665a015c54 - Path: Packages/com.unity.collab-proxy/Editor/Assets/Images/d_iconlockedremoteoverlay@2x.png - Importer: ScriptedImporter/UnityEditor.QuickSearchModule:UnityEditor.Search:ASIAI0B
Importing 'GUID: 2bb4e96f5d0b02c468932d665a015c54 - Path: Packages/com.unity.collab-proxy/Editor/Assets/Images/d_iconlockedremoteoverlay@2x.png - Importer: ScriptedImporter/UnityEditor.QuickSearchModule:UnityEditor.Search:ASIAI0B' with importer (ScriptedImporter : UnityEditor.QuickSearchModule:UnityEditor.Search:ASIAI0B)
Imported 'GUID: 2bb4e96f5d0b02c468932d665a015c54' -> (Import Result ID: 'a035fc9851c1f632edbc004d29658d54') in 0.004 seconds [static and dynamic dependencies]. Details - ImportResultOutputID=51038ae29e9fe48106063e7a66436d2b DependenciesID=55d23967f9f9c51ae1bff171198fb474 StaticDependenciesID=95872d567fc11e570ba6f2aeef317a7c 
Number of updated asset objects reloaded before import = 0
Number of asset objects unloaded after import = 1
========================================================================
Received Import Request.
  Time of request: 2026-10-01T17:00:52.8139205Z
  Time since last request: 0.0002702 seconds.
  importAddress: GUID: 320a7c2756434dc43b9ecca2585168b2 - Path: Packages/com.unity.collab-proxy/Editor/Assets/Images/d_iconzoomout@2x.png - Importer: ScriptedImporter/UnityEditor.QuickSearchModule:UnityEditor.Search:ASIAI0B
Importing 'GUID: 320a7c2756434dc43b9ecca2585168b2 - Path: Packages/com.unity.collab-proxy/Editor/Assets/Images/d_iconzoomout@2x.png - Importer: ScriptedImporter/UnityEditor.QuickSearchModule:UnityEditor.Search:ASIAI0B' with importer (ScriptedImporter : UnityEditor.QuickSearchModule:UnityEditor.Search:ASIAI0B)
Imported 'GUID: 320a7c2756434dc43b9ecca2585168b2' -> (Import Result ID: '2400f9db82e2dc4e21a3a319a50e7a5e') in 0.004 seconds [static and dynamic dependencies]. Details - ImportResultOutputID=828584c45c7e3738f77d7c5f05c967c7 DependenciesID=b561bf8dac21d51fa9b01cadb75936a9 StaticDependenciesID=4bce7393d97732f587e5215625e99797 
Number of updated asset objects reloaded before import = 0
Number of asset objects unloaded after import = 3
========================================================================
Received Import Request.
  Time of request: 2026-10-01T17:00:52.8243096Z
  Time since last request: 0.0003826 seconds.
  importAddress: GUID: 02102e2fc09aa45bf8be0a509170d07f - Path: Packages/com.unity.collab-proxy/Editor/Assets/Images/d_RGBAlpha@2x.png - Importer: ScriptedImporter/UnityEditor.QuickSearchModule:UnityEditor.Search:ASIAI0B
Importing 'GUID: 02102e2fc09aa45bf8be0a509170d07f - Path: Packages/com.unity.collab-proxy/Editor/Assets/Images/d_RGBAlpha@2x.png - Importer: ScriptedImporter/UnityEditor.QuickSearchModule:UnityEditor.Search:ASIAI0B' with importer (ScriptedImporter : UnityEditor.QuickSearchModule:UnityEditor.Search:ASIAI0B)
Imported 'GUID: 02102e2fc09aa45bf8be0a509170d07f' -> (Import Result ID: '4f7bdd78940bd0e47929562c9965d8e2') in 0.005 seconds [static and dynamic dependencies]. Details - ImportResultOutputID=0b2b5d2a70921f46a798344352e2190f DependenciesID=07629fb14a8dd9c057e4739b63478bc8 StaticDependenciesID=30155c42f075889cfb421cc83b685cb2 
Number of updated asset objects reloaded before import = 0
Number of asset objects unloaded after import = 3
========================================================================
Received Import Request.
  Time of request: 2026-10-01T17:00:52.8358697Z
  Time since last request: 0.0003319 seconds.
  importAddress: GUID: fb519413feea947a6a64d10369922196 - Path: Packages/com.unity.collab-proxy/Editor/Assets/Images/d_iconzoomtofit@2x.png - Importer: ScriptedImporter/UnityEditor.QuickSearchModule:UnityEditor.Search:ASIAI0B
Importing 'GUID: fb519413feea947a6a64d10369922196 - Path: Packages/com.unity.collab-proxy/Editor/Assets/Images/d_iconzoomtofit@2x.png - Importer: ScriptedImporter/UnityEditor.QuickSearchModule:UnityEditor.Search:ASIAI0B' with importer (ScriptedImporter : UnityEditor.QuickSearchModule:UnityEditor.Search:ASIAI0B)
Imported 'GUID: fb519413feea947a6a64d10369922196' -> (Import Result ID: '8f7a0313e6d53301394084c378a04d92') in 0.004 seconds [static and dynamic dependencies]. Details - ImportResultOutputID=cfa2abf265e83947a5c4ce1a246b362e DependenciesID=aa6d80f131045a78aa586a15a43f1a7a StaticDependenciesID=bb5f3d6b5f77a4d26eb329e7d7fd3f27 
Number of updated asset objects reloaded before import = 0
Number of asset objects unloaded after import = 3
========================================================================
Received Import Request.
  Time of request: 2026-10-01T17:00:52.8462039Z
  Time since last request: 0.0003351 seconds.
  importAddress: GUID: bcc1ec3ffeb1c46f7abd19daa3e05f49 - Path: Packages/com.unity.collab-proxy/Editor/Assets/Images/d_inclusionrule@2x.png - Importer: ScriptedImporter/UnityEditor.QuickSearchModule:UnityEditor.Search:ASIAI0B
Importing 'GUID: bcc1ec3ffeb1c46f7abd19daa3e05f49 - Path: Packages/com.unity.collab-proxy/Editor/Assets/Images/d_inclusionrule@2x.png - Importer: ScriptedImporter/UnityEditor.QuickSearchModule:UnityEditor.Search:ASIAI0B' with importer (ScriptedImporter : UnityEditor.QuickSearchModule:UnityEditor.Search:ASIAI0B)
Imported 'GUID: bcc1ec3ffeb1c46f7abd19daa3e05f49' -> (Import Result ID: 'c74ec86f4747b9b0282998a71bd20193') in 0.004 seconds [static and dynamic dependencies]. Details - ImportResultOutputID=8b2371f073f9017bc3629695a712462c DependenciesID=88e9fb7dae1b226b0ad061b82eb8ec16 StaticDependenciesID=fe6926c6fcfc65f1c56167846a10d16c 
Number of updated asset objects reloaded before import = 0
Number of asset objects unloaded after import = 3
========================================================================
Received Import Request.
  Time of request: 2026-10-01T17:00:52.8562753Z
  Time since last request: 0.0001191 seconds.
  importAddress: GUID: 519d97e745e55f041b609f3666cbc037 - Path: Packages/com.unity.collab-proxy/Editor/Assets/Images/d_iconplasticview.png - Importer: ScriptedImporter/UnityEditor.QuickSearchModule:UnityEditor.Search:ASIAI0B
Importing 'GUID: 519d97e745e55f041b609f3666cbc037 - Path: Packages/com.unity.collab-proxy/Editor/Assets/Images/d_iconplasticview.png - Importer: ScriptedImporter/UnityEditor.QuickSearchModule:UnityEditor.Search:ASIAI0B' with importer (ScriptedImporter : UnityEditor.QuickSearchModule:UnityEditor.Search:ASIAI0B)
Imported 'GUID: 519d97e745e55f041b609f3666cbc037' -> (Import Result ID: '80eebc86d1530b3c718bf08d9d4b2c7a') in 0.004 seconds [static and dynamic dependencies]. Details - ImportResultOutputID=b2a278351f87750e87b03b9255d23786 DependenciesID=4edc51f0dc266c51612a926461dcdc6b StaticDependenciesID=0538a7be57cede7c7cb23780e79b7613 
Number of updated asset objects reloaded before import = 0
Number of asset objects unloaded after import = 1
========================================================================
Received Import Request.
  Time of request: 2026-10-01T17:00:52.8665537Z
  Time since last request: 0.0003238 seconds.
  importAddress: GUID: cc036907824004dbfa9a0420b439ac67 - Path: Packages/com.unity.collab-proxy/Editor/Assets/Images/d_RGBARed.png - Importer: ScriptedImporter/UnityEditor.QuickSearchModule:UnityEditor.Search:ASIAI0B
Importing 'GUID: cc036907824004dbfa9a0420b439ac67 - Path: Packages/com.unity.collab-proxy/Editor/Assets/Images/d_RGBARed.png - Importer: ScriptedImporter/UnityEditor.QuickSearchModule:UnityEditor.Search:ASIAI0B' with importer (ScriptedImporter : UnityEditor.QuickSearchModule:UnityEditor.Search:ASIAI0B)
Imported 'GUID: cc036907824004dbfa9a0420b439ac67' -> (Import Result ID: '08dbc1e33362261f56ae31adb478c19c') in 0.004 seconds [static and dynamic dependencies]. Details - ImportResultOutputID=f59f340b9f02e87181f43835e7f48bb1 DependenciesID=dbde1c4d3d3405d5f3c168a14b2cc59e StaticDependenciesID=fb4c4d9ed5a12ff11fae706643f67d1e 
Number of updated asset objects reloaded before import = 0
Number of asset objects unloaded after import = 3
========================================================================
Received Import Request.
  Time of request: 2026-10-01T17:00:52.8766399Z
  Time since last request: 0.0003794 seconds.
  importAddress: GUID: 450a5bff12481484c862ad1ab592a858 - Path: Packages/com.unity.collab-proxy/Editor/Assets/Images/d_iconnext.png - Importer: ScriptedImporter/UnityEditor.QuickSearchModule:UnityEditor.Search:ASIAI0B
Importing 'GUID: 450a5bff12481484c862ad1ab592a858 - Path: Packages/com.unity.collab-proxy/Editor/Assets/Images/d_iconnext.png - Importer: ScriptedImporter/UnityEditor.QuickSearchModule:UnityEditor.Search:ASIAI0B' with importer (ScriptedImporter : UnityEditor.QuickSearchModule:UnityEditor.Search:ASIAI0B)
Imported 'GUID: 450a5bff12481484c862ad1ab592a858' -> (Import Result ID: 'faa0965e03b562eb781c89a48dba04d9') in 0.005 seconds [static and dynamic dependencies]. Details - ImportResultOutputID=193bcc2d16df9f627b997cbb99984cee DependenciesID=4358ff72c21c25752c43f533e963c437 StaticDependenciesID=a0e29d57591ee47bdb75f70677f23ca9 
Number of updated asset objects reloaded before import = 0
Number of asset objects unloaded after import = 3
========================================================================
Received Import Request.
  Time of request: 2026-10-01T17:00:52.8879675Z
  Time since last request: 0.0001251 seconds.
  importAddress: GUID: 36564eb85f1bdf2409df96325231cb6c - Path: Packages/com.unity.collab-proxy/Editor/Assets/Images/d_iconrepository@2x.png - Importer: ScriptedImporter/UnityEditor.QuickSearchModule:UnityEditor.Search:ASIAI0B
Importing 'GUID: 36564eb85f1bdf2409df96325231cb6c - Path: Packages/com.unity.collab-proxy/Editor/Assets/Images/d_iconrepository@2x.png - Importer: ScriptedImporter/UnityEditor.QuickSearchModule:UnityEditor.Search:ASIAI0B' with importer (ScriptedImporter : UnityEditor.QuickSearchModule:UnityEditor.Search:ASIAI0B)
Imported 'GUID: 36564eb85f1bdf2409df96325231cb6c' -> (Import Result ID: '8ae7e87965305a86388ee53ace6facb4') in 0.004 seconds [static and dynamic dependencies]. Details - ImportResultOutputID=61588eb1ca0e5aa58a8b8ff5c6039136 DependenciesID=dcdd53b6269d2a503cf5f07889e7cc9b StaticDependenciesID=9bb2947d9195720db272981d9bdf2361 
Number of updated asset objects reloaded before import = 0
Number of asset objects unloaded after import = 3
========================================================================
Received Import Request.
  Time of request: 2026-10-01T17:00:52.8985734Z
  Time since last request: 0.0002171 seconds.
  importAddress: GUID: 51582ae5ea51fa14996791a550f89473 - Path: Packages/com.unity.collab-proxy/Editor/Assets/Images/d_iconplasticnotifyconflict.png - Importer: ScriptedImporter/UnityEditor.QuickSearchModule:UnityEditor.Search:ASIAI0B
Importing 'GUID: 51582ae5ea51fa14996791a550f89473 - Path: Packages/com.unity.collab-proxy/Editor/Assets/Images/d_iconplasticnotifyconflict.png - Importer: ScriptedImporter/UnityEditor.QuickSearchModule:UnityEditor.Search:ASIAI0B' with importer (ScriptedImporter : UnityEditor.QuickSearchModule:UnityEditor.Search:ASIAI0B)
Imported 'GUID: 51582ae5ea51fa14996791a550f89473' -> (Import Result ID: '6e75bc68a993ea6a435c69c6c5202c4c') in 0.004 seconds [static and dynamic dependencies]. Details - ImportResultOutputID=eeccece672cbb70672712718d6e64169 DependenciesID=5bb84ae5a1e7ad32a129af7427b95b36 StaticDependenciesID=015446ffdbda40abd4b17492a0637354 
Number of updated asset objects reloaded before import = 0
Number of asset objects unloaded after import = 1
========================================================================
Received Import Request.
  Time of request: 2026-10-01T17:00:52.9116534Z
  Time since last request: 0.0032982 seconds.
  importAddress: GUID: 897c3a3f5c4038345a7143573bbb4a40 - Path: Packages/com.unity.collab-proxy/Editor/Assets/Images/d_step2.png - Importer: ScriptedImporter/UnityEditor.QuickSearchModule:UnityEditor.Search:ASIAI0B
Importing 'GUID: 897c3a3f5c4038345a7143573bbb4a40 - Path: Packages/com.unity.collab-proxy/Editor/Assets/Images/d_step2.png - Importer: ScriptedImporter/UnityEditor.QuickSearchModule:UnityEditor.Search:ASIAI0B' with importer (ScriptedImporter : UnityEditor.QuickSearchModule:UnityEditor.Search:ASIAI0B)
Imported 'GUID: 897c3a3f5c4038345a7143573bbb4a40' -> (Import Result ID: 'd8fa428f4bc29002f3dc407aac57779f') in 0.004 seconds [static and dynamic dependencies]. Details - ImportResultOutputID=664aa391dbf44bd9851561e449334328 DependenciesID=af4cd3b30770501332e1744abd73f9eb StaticDependenciesID=8b43177df6e5353daf5ea9c734a6d809 
Number of updated asset objects reloaded before import = 0
Number of asset objects unloaded after import = 1
========================================================================
Received Import Request.
  Time of request: 2026-10-01T17:00:52.9215463Z
  Time since last request: 0.0003058 seconds.
  importAddress: GUID: 59d17703fae374169bc28ce046728590 - Path: Packages/com.unity.collab-proxy/Editor/Assets/Images/iconchangesets@2x.png - Importer: ScriptedImporter/UnityEditor.QuickSearchModule:UnityEditor.Search:ASIAI0B
Importing 'GUID: 59d17703fae374169bc28ce046728590 - Path: Packages/com.unity.collab-proxy/Editor/Assets/Images/iconchangesets@2x.png - Importer: ScriptedImporter/UnityEditor.QuickSearchModule:UnityEditor.Search:ASIAI0B' with importer (ScriptedImporter : UnityEditor.QuickSearchModule:UnityEditor.Search:ASIAI0B)
Imported 'GUID: 59d17703fae374169bc28ce046728590' -> (Import Result ID: 'b34e4efa032b951cdbd160fdc1523d7f') in 0.004 seconds [static and dynamic dependencies]. Details - ImportResultOutputID=3df4a81a364aac3c6f1ce1d1077385ad DependenciesID=639b7f71d1135e6e69f38dc857dbebc6 StaticDependenciesID=4043010817d11a0b51c33cfa0ece6eea 
Number of updated asset objects reloaded before import = 0
Number of asset objects unloaded after import = 3
========================================================================
Received Import Request.
  Time of request: 2026-10-01T17:00:52.932197Z
  Time since last request: 0.0002754 seconds.
  importAddress: GUID: 6975ee4c1f40caf4da8dd733ee2cfeaf - Path: Packages/com.unity.collab-proxy/Editor/Assets/Images/d_secondarytabclose.png - Importer: ScriptedImporter/UnityEditor.QuickSearchModule:UnityEditor.Search:ASIAI0B
Importing 'GUID: 6975ee4c1f40caf4da8dd733ee2cfeaf - Path: Packages/com.unity.collab-proxy/Editor/Assets/Images/d_secondarytabclose.png - Importer: ScriptedImporter/UnityEditor.QuickSearchModule:UnityEditor.Search:ASIAI0B' with importer (ScriptedImporter : UnityEditor.QuickSearchModule:UnityEditor.Search:ASIAI0B)
Imported 'GUID: 6975ee4c1f40caf4da8dd733ee2cfeaf' -> (Import Result ID: '6e4020987f5dc3058891d212cf0ad20e') in 0.004 seconds [static and dynamic dependencies]. Details - ImportResultOutputID=72c34f33c4850e01b12876cd9b04e5bb DependenciesID=15441b7af340d4d4318a88e5085f03d0 StaticDependenciesID=eed67021df3cdd27124618e5e4e23a21 
Number of updated asset objects reloaded before import = 0
Number of asset objects unloaded after import = 1
========================================================================
Received Import Request.
  Time of request: 2026-10-01T17:00:52.9421307Z
  Time since last request: 0.0002309 seconds.
  importAddress: GUID: b85a4b2ec6433d04895612d791edc260 - Path: Packages/com.unity.collab-proxy/Editor/Assets/Images/icondeletedremote.png - Importer: ScriptedImporter/UnityEditor.QuickSearchModule:UnityEditor.Search:ASIAI0B
Importing 'GUID: b85a4b2ec6433d04895612d791edc260 - Path: Packages/com.unity.collab-proxy/Editor/Assets/Images/icondeletedremote.png - Importer: ScriptedImporter/UnityEditor.QuickSearchModule:UnityEditor.Search:ASIAI0B' with importer (ScriptedImporter : UnityEditor.QuickSearchModule:UnityEditor.Search:ASIAI0B)
Imported 'GUID: b85a4b2ec6433d04895612d791edc260' -> (Import Result ID: 'e9a5f4e594712ff3abc2029c1566afd0') in 0.005 seconds [static and dynamic dependencies]. Details - ImportResultOutputID=36085bea68b74f8a380ee8e1217f0c82 DependenciesID=da9aeab3fd55b11517a994d51104d71a StaticDependenciesID=0ba1eb02331ff361b51e26fb9dd2f4db 
Number of updated asset objects reloaded before import = 0
Number of asset objects unloaded after import = 1
========================================================================
Received Import Request.
  Time of request: 2026-10-01T17:00:52.9539236Z
  Time since last request: 0.0002781 seconds.
  importAddress: GUID: be423a54b981d38428de82ad12534629 - Path: Packages/com.unity.collab-proxy/Editor/Assets/Images/d_stepok.png - Importer: ScriptedImporter/UnityEditor.QuickSearchModule:UnityEditor.Search:ASIAI0B
Importing 'GUID: be423a54b981d38428de82ad12534629 - Path: Packages/com.unity.collab-proxy/Editor/Assets/Images/d_stepok.png - Importer: ScriptedImporter/UnityEditor.QuickSearchModule:UnityEditor.Search:ASIAI0B' with importer (ScriptedImporter : UnityEditor.QuickSearchModule:UnityEditor.Search:ASIAI0B)
Imported 'GUID: be423a54b981d38428de82ad12534629' -> (Import Result ID: '7d82d48ff1be29ea6d780eb4672f9a39') in 0.004 seconds [static and dynamic dependencies]. Details - ImportResultOutputID=f6edf22aa4affe8ad1f900fe6fc06f81 DependenciesID=8869be760127e1dcc055aff3a8af2ebc StaticDependenciesID=b9ec9f8b8558be2ab1fa4563d84ef806 
Number of updated asset objects reloaded before import = 0
Number of asset objects unloaded after import = 1
========================================================================
Received Import Request.
  Time of request: 2026-10-01T17:00:52.9641756Z
  Time since last request: 0.0002711 seconds.
  importAddress: GUID: cdb88fdb0cf46b244a667edaff21c7df - Path: Packages/com.unity.collab-proxy/Editor/Assets/Images/d_step2@2x.png - Importer: ScriptedImporter/UnityEditor.QuickSearchModule:UnityEditor.Search:ASIAI0B
Importing 'GUID: cdb88fdb0cf46b244a667edaff21c7df - Path: Packages/com.unity.collab-proxy/Editor/Assets/Images/d_step2@2x.png - Importer: ScriptedImporter/UnityEditor.QuickSearchModule:UnityEditor.Search:ASIAI0B' with importer (ScriptedImporter : UnityEditor.QuickSearchModule:UnityEditor.Search:ASIAI0B)
Imported 'GUID: cdb88fdb0cf46b244a667edaff21c7df' -> (Import Result ID: '5fb3d88c63a02ac6bd660682cda68e52') in 0.004 seconds [static and dynamic dependencies]. Details - ImportResultOutputID=24fa3f98d11143eacd1d6f0c030862b2 DependenciesID=96df67144465086096914fd1833f0c36 StaticDependenciesID=95362a7299e4397aabcc158d8e9b8f6f 
Number of updated asset objects reloaded before import = 0
Number of asset objects unloaded after import = 1
========================================================================
Received Import Request.
  Time of request: 2026-10-01T17:00:52.9741533Z
  Time since last request: 0.0002985 seconds.
  importAddress: GUID: 3494dc956dfd7174abc07060940a2848 - Path: Packages/com.unity.collab-proxy/Editor/Assets/Images/d_stepok@2x.png - Importer: ScriptedImporter/UnityEditor.QuickSearchModule:UnityEditor.Search:ASIAI0B
Importing 'GUID: 3494dc956dfd7174abc07060940a2848 - Path: Packages/com.unity.collab-proxy/Editor/Assets/Images/d_stepok@2x.png - Importer: ScriptedImporter/UnityEditor.QuickSearchModule:UnityEditor.Search:ASIAI0B' with importer (ScriptedImporter : UnityEditor.QuickSearchModule:UnityEditor.Search:ASIAI0B)
Imported 'GUID: 3494dc956dfd7174abc07060940a2848' -> (Import Result ID: 'de9240eeef544995e35dc2f4d1645271') in 0.005 seconds [static and dynamic dependencies]. Details - ImportResultOutputID=a6dfe5026ccff3e002253bf5bff5a746 DependenciesID=18b15a11ac57e431401d014664c98f73 StaticDependenciesID=ff43996c0cd64f6909e8b4d0f04de42d 
Number of updated asset objects reloaded before import = 0
Number of asset objects unloaded after import = 1
========================================================================
Received Import Request.
  Time of request: 2026-10-01T17:00:52.9848567Z
  Time since last request: 0.0002232 seconds.
  importAddress: GUID: 92f52bf261791408fb5ad445ce645efb - Path: Packages/com.unity.collab-proxy/Editor/Assets/Images/icondiff@2x.png - Importer: ScriptedImporter/UnityEditor.QuickSearchModule:UnityEditor.Search:ASIAI0B
Importing 'GUID: 92f52bf261791408fb5ad445ce645efb - Path: Packages/com.unity.collab-proxy/Editor/Assets/Images/icondiff@2x.png - Importer: ScriptedImporter/UnityEditor.QuickSearchModule:UnityEditor.Search:ASIAI0B' with importer (ScriptedImporter : UnityEditor.QuickSearchModule:UnityEditor.Search:ASIAI0B)
Imported 'GUID: 92f52bf261791408fb5ad445ce645efb' -> (Import Result ID: '57df9dd1f2d72305166da2cd9ae042d4') in 0.004 seconds [static and dynamic dependencies]. Details - ImportResultOutputID=ea2387dbc44624841b2a0e1cf9309000 DependenciesID=1e9584e42b0b21c5639b38a6985b195d StaticDependenciesID=b066fbdc31c9e6f93595b5d709e53cfb 
Number of updated asset objects reloaded before import = 0
Number of asset objects unloaded after import = 3
========================================================================
Received Import Request.
  Time of request: 2026-10-01T17:00:52.9954012Z
  Time since last request: 0.0002643 seconds.
  importAddress: GUID: a57d0bc93481bd844af3c2236db044f2 - Path: Packages/com.unity.collab-proxy/Editor/Assets/Images/iconaddedoverlay.png - Importer: ScriptedImporter/UnityEditor.QuickSearchModule:UnityEditor.Search:ASIAI0B
Importing 'GUID: a57d0bc93481bd844af3c2236db044f2 - Path: Packages/com.unity.collab-proxy/Editor/Assets/Images/iconaddedoverlay.png - Importer: ScriptedImporter/UnityEditor.QuickSearchModule:UnityEditor.Search:ASIAI0B' with importer (ScriptedImporter : UnityEditor.QuickSearchModule:UnityEditor.Search:ASIAI0B)
Imported 'GUID: a57d0bc93481bd844af3c2236db044f2' -> (Import Result ID: '4c014335c0cf4323b9a37ca8de009df7') in 0.005 seconds [static and dynamic dependencies]. Details - ImportResultOutputID=a789a3371976120db763a7813a3b0425 DependenciesID=96aebf02aa2833c8da53577860a26275 StaticDependenciesID=66c4d98a747af8cb9d6731951a008f2b 
Number of updated asset objects reloaded before import = 0
Number of asset objects unloaded after import = 3
========================================================================
Received Import Request.
  Time of request: 2026-10-01T17:00:53.0078018Z
  Time since last request: 0.0002677 seconds.
  importAddress: GUID: 309b1d5a294fd6c43ae9cf77656c1852 - Path: Packages/com.unity.collab-proxy/Editor/Assets/Images/iconconflictresolvedoverlay@2x.png - Importer: ScriptedImporter/UnityEditor.QuickSearchModule:UnityEditor.Search:ASIAI0B
Importing 'GUID: 309b1d5a294fd6c43ae9cf77656c1852 - Path: Packages/com.unity.collab-proxy/Editor/Assets/Images/iconconflictresolvedoverlay@2x.png - Importer: ScriptedImporter/UnityEditor.QuickSearchModule:UnityEditor.Search:ASIAI0B' with importer (ScriptedImporter : UnityEditor.QuickSearchModule:UnityEditor.Search:ASIAI0B)
Imported 'GUID: 309b1d5a294fd6c43ae9cf77656c1852' -> (Import Result ID: '17ab5aa3cf04f3299d7bd79b68785b7f') in 0.004 seconds [static and dynamic dependencies]. Details - ImportResultOutputID=0a58331957be5ea8a81f8aa8719cde5d DependenciesID=4f0545e28788ca72ce38342b2529d0b9 StaticDependenciesID=b595ba1d321018a63e3ed2885207f4ee 
Number of updated asset objects reloaded before import = 0
Number of asset objects unloaded after import = 1
========================================================================
Received Import Request.
  Time of request: 2026-10-01T17:00:53.0178181Z
  Time since last request: 0.0003207 seconds.
  importAddress: GUID: e45389a8a97044d4caf408f252370632 - Path: Packages/com.unity.collab-proxy/Editor/Assets/Images/iconbranches@2x.png - Importer: ScriptedImporter/UnityEditor.QuickSearchModule:UnityEditor.Search:ASIAI0B
Importing 'GUID: e45389a8a97044d4caf408f252370632 - Path: Packages/com.unity.collab-proxy/Editor/Assets/Images/iconbranches@2x.png - Importer: ScriptedImporter/UnityEditor.QuickSearchModule:UnityEditor.Search:ASIAI0B' with importer (ScriptedImporter : UnityEditor.QuickSearchModule:UnityEditor.Search:ASIAI0B)
Imported 'GUID: e45389a8a97044d4caf408f252370632' -> (Import Result ID: '436114004d46289574f5ef3300f4c403') in 0.004 seconds [static and dynamic dependencies]. Details - ImportResultOutputID=6428770489309f8cebe78b0745195f64 DependenciesID=747af22a6d647379e1a34f5a2c1a7731 StaticDependenciesID=c5dadea1c6ce9a113b8508be74099cfb 
Number of updated asset objects reloaded before import = 0
Number of asset objects unloaded after import = 1
========================================================================
Received Import Request.
  Time of request: 2026-10-01T17:00:53.0285389Z
  Time since last request: 0.0002959 seconds.
  importAddress: GUID: 38236a82ff44aaa4b972248479d5f970 - Path: Packages/com.unity.collab-proxy/Editor/Assets/Images/d_step1.png - Importer: ScriptedImporter/UnityEditor.QuickSearchModule:UnityEditor.Search:ASIAI0B
Importing 'GUID: 38236a82ff44aaa4b972248479d5f970 - Path: Packages/com.unity.collab-proxy/Editor/Assets/Images/d_step1.png - Importer: ScriptedImporter/UnityEditor.QuickSearchModule:UnityEditor.Search:ASIAI0B' with importer (ScriptedImporter : UnityEditor.QuickSearchModule:UnityEditor.Search:ASIAI0B)
Imported 'GUID: 38236a82ff44aaa4b972248479d5f970' -> (Import Result ID: '2d0375576f1d1a1b2075592cbe47877e') in 0.004 seconds [static and dynamic dependencies]. Details - ImportResultOutputID=3a63f4f0398364bfbf9b1d6cb20fa132 DependenciesID=b91d5989d17dac5a28b6a184441ac0df StaticDependenciesID=5447f722b8b90fa4ce9db53eab101aec 
Number of updated asset objects reloaded before import = 0
Number of asset objects unloaded after import = 1
========================================================================
Received Import Request.
  Time of request: 2026-10-01T17:00:53.0385787Z
  Time since last request: 0.0002764 seconds.
  importAddress: GUID: 8c6487f945627471fb8a5adb32901fe8 - Path: Packages/com.unity.collab-proxy/Editor/Assets/Images/iconfirst@2x.png - Importer: ScriptedImporter/UnityEditor.QuickSearchModule:UnityEditor.Search:ASIAI0B
Importing 'GUID: 8c6487f945627471fb8a5adb32901fe8 - Path: Packages/com.unity.collab-proxy/Editor/Assets/Images/iconfirst@2x.png - Importer: ScriptedImporter/UnityEditor.QuickSearchModule:UnityEditor.Search:ASIAI0B' with importer (ScriptedImporter : UnityEditor.QuickSearchModule:UnityEditor.Search:ASIAI0B)
Imported 'GUID: 8c6487f945627471fb8a5adb32901fe8' -> (Import Result ID: '588a7de5d2cba61c106f3c750b460de1') in 0.004 seconds [static and dynamic dependencies]. Details - ImportResultOutputID=b9e14963a3c12b56ec2e0673d0181042 DependenciesID=1162a7f40c80c39f4551f87e49b5f845 StaticDependenciesID=75a0d54e81e348f16aa364f01f2452ee 
Number of updated asset objects reloaded before import = 0
Number of asset objects unloaded after import = 3
========================================================================
Received Import Request.
  Time of request: 2026-10-01T17:00:53.0488378Z
  Time since last request: 0.0001388 seconds.
  importAddress: GUID: fea4bd4d5cc294ea59798fa81207b6d9 - Path: Packages/com.unity.collab-proxy/Editor/Assets/Images/iconclosebutton@2x.png - Importer: ScriptedImporter/UnityEditor.QuickSearchModule:UnityEditor.Search:ASIAI0B
Importing 'GUID: fea4bd4d5cc294ea59798fa81207b6d9 - Path: Packages/com.unity.collab-proxy/Editor/Assets/Images/iconclosebutton@2x.png - Importer: ScriptedImporter/UnityEditor.QuickSearchModule:UnityEditor.Search:ASIAI0B' with importer (ScriptedImporter : UnityEditor.QuickSearchModule:UnityEditor.Search:ASIAI0B)
Imported 'GUID: fea4bd4d5cc294ea59798fa81207b6d9' -> (Import Result ID: '0e559ee16a2e3c8bda5cc2ea3ce71884') in 0.005 seconds [static and dynamic dependencies]. Details - ImportResultOutputID=0f3ba61367de5c09d3d3f50f8c729e70 DependenciesID=68691aff7574a47cf6699f1511ae824a StaticDependenciesID=ec2aec858191667ada65036d06351512 
Number of updated asset objects reloaded before import = 0
Number of asset objects unloaded after import = 3
========================================================================
Received Import Request.
  Time of request: 2026-10-01T17:00:53.0596962Z
  Time since last request: 0.0002572 seconds.
  importAddress: GUID: 9aa4348290784b2468144a97eb15d8d7 - Path: Packages/com.unity.collab-proxy/Editor/Assets/Images/d_secondarytabclosehover@2x.png - Importer: ScriptedImporter/UnityEditor.QuickSearchModule:UnityEditor.Search:ASIAI0B
Importing 'GUID: 9aa4348290784b2468144a97eb15d8d7 - Path: Packages/com.unity.collab-proxy/Editor/Assets/Images/d_secondarytabclosehover@2x.png - Importer: ScriptedImporter/UnityEditor.QuickSearchModule:UnityEditor.Search:ASIAI0B' with importer (ScriptedImporter : UnityEditor.QuickSearchModule:UnityEditor.Search:ASIAI0B)
Imported 'GUID: 9aa4348290784b2468144a97eb15d8d7' -> (Import Result ID: '5945ce22d08a4fe5ffeb0b1a3e878bb2') in 0.004 seconds [static and dynamic dependencies]. Details - ImportResultOutputID=9105623c262197b3b842039228f8bada DependenciesID=d16b774d7ac97e381ea689d5adb9e830 StaticDependenciesID=b9f6686059cebb5a207d1892366d96b9 
Number of updated asset objects reloaded before import = 0
Number of asset objects unloaded after import = 1
========================================================================
Received Import Request.
  Time of request: 2026-10-01T17:00:53.0699374Z
  Time since last request: 0.0002628 seconds.
  importAddress: GUID: 155b8a0cbfb7948baab0167cb548c0f6 - Path: Packages/com.unity.collab-proxy/Editor/Assets/Images/iconcheckmark@2x.png - Importer: ScriptedImporter/UnityEditor.QuickSearchModule:UnityEditor.Search:ASIAI0B
Importing 'GUID: 155b8a0cbfb7948baab0167cb548c0f6 - Path: Packages/com.unity.collab-proxy/Editor/Assets/Images/iconcheckmark@2x.png - Importer: ScriptedImporter/UnityEditor.QuickSearchModule:UnityEditor.Search:ASIAI0B' with importer (ScriptedImporter : UnityEditor.QuickSearchModule:UnityEditor.Search:ASIAI0B)
Imported 'GUID: 155b8a0cbfb7948baab0167cb548c0f6' -> (Import Result ID: 'ca6327f1e6c60da4ae9ce8ad217ae9f9') in 0.004 seconds [static and dynamic dependencies]. Details - ImportResultOutputID=8970517d6cd2b19f2615ac64ed1dc64f DependenciesID=efa5aa95f082169714e870df78f028c9 StaticDependenciesID=2a7a94f1754a77842e4dcf378093b01a 
Number of updated asset objects reloaded before import = 0
Number of asset objects unloaded after import = 3
========================================================================
Received Import Request.
  Time of request: 2026-10-01T17:00:53.0802843Z
  Time since last request: 0.0002432 seconds.
  importAddress: GUID: c5d82e0b4fbcf42539ceffc642e631ce - Path: Packages/com.unity.collab-proxy/Editor/Assets/Images/iconchangesets.png - Importer: ScriptedImporter/UnityEditor.QuickSearchModule:UnityEditor.Search:ASIAI0B
Importing 'GUID: c5d82e0b4fbcf42539ceffc642e631ce - Path: Packages/com.unity.collab-proxy/Editor/Assets/Images/iconchangesets.png - Importer: ScriptedImporter/UnityEditor.QuickSearchModule:UnityEditor.Search:ASIAI0B' with importer (ScriptedImporter : UnityEditor.QuickSearchModule:UnityEditor.Search:ASIAI0B)
Imported 'GUID: c5d82e0b4fbcf42539ceffc642e631ce' -> (Import Result ID: '9b7391cd1f3e086b9cf157c52227a814') in 0.004 seconds [static and dynamic dependencies]. Details - ImportResultOutputID=5ce3adef382323988536b06210857485 DependenciesID=353001a4db4884da6232f9b7c16e3982 StaticDependenciesID=f63fed6159434ce2e1a208c9fe526f27 
Number of updated asset objects reloaded before import = 0
Number of asset objects unloaded after import = 3
========================================================================
Received Import Request.
  Time of request: 2026-10-01T17:00:53.0906092Z
  Time since last request: 0.0002008 seconds.
  importAddress: GUID: 99d1cf315f771ae48ab6f41c99a8d7cb - Path: Packages/com.unity.collab-proxy/Editor/Assets/Images/iconadd.png - Importer: ScriptedImporter/UnityEditor.QuickSearchModule:UnityEditor.Search:ASIAI0B
Importing 'GUID: 99d1cf315f771ae48ab6f41c99a8d7cb - Path: Packages/com.unity.collab-proxy/Editor/Assets/Images/iconadd.png - Importer: ScriptedImporter/UnityEditor.QuickSearchModule:UnityEditor.Search:ASIAI0B' with importer (ScriptedImporter : UnityEditor.QuickSearchModule:UnityEditor.Search:ASIAI0B)
Imported 'GUID: 99d1cf315f771ae48ab6f41c99a8d7cb' -> (Import Result ID: '8c386931be58bf425436f9c0f7dc11ec') in 0.005 seconds [static and dynamic dependencies]. Details - ImportResultOutputID=b1dbd35d6a5d89483c7cef59fb1ebd48 DependenciesID=bae912ff3b66eddfadc2171c1089f77d StaticDependenciesID=9fd5ed5ba7a5cda01a1fabe2ded4c2ab 
Number of updated asset objects reloaded before import = 0
Number of asset objects unloaded after import = 3
========================================================================
Received Import Request.
  Time of request: 2026-10-01T17:00:53.1017618Z
  Time since last request: 0.0001236 seconds.
  importAddress: GUID: 752ba7759bdbd45c59b7e7df302ea223 - Path: Packages/com.unity.collab-proxy/Editor/Assets/Images/iconarrowdown@2x.png - Importer: ScriptedImporter/UnityEditor.QuickSearchModule:UnityEditor.Search:ASIAI0B
Importing 'GUID: 752ba7759bdbd45c59b7e7df302ea223 - Path: Packages/com.unity.collab-proxy/Editor/Assets/Images/iconarrowdown@2x.png - Importer: ScriptedImporter/UnityEditor.QuickSearchModule:UnityEditor.Search:ASIAI0B' with importer (ScriptedImporter : UnityEditor.QuickSearchModule:UnityEditor.Search:ASIAI0B)
Imported 'GUID: 752ba7759bdbd45c59b7e7df302ea223' -> (Import Result ID: '1ed2a65ea9969920597f78b48d0b3ba1') in 0.004 seconds [static and dynamic dependencies]. Details - ImportResultOutputID=a19843364634f8a026b1710bc62f5cab DependenciesID=56aedf5def70347744aafcea1561b6d6 StaticDependenciesID=9927a9c9e58953c4e0b45c1d0b6f4f6b 
Number of updated asset objects reloaded before import = 0
Number of asset objects unloaded after import = 3
========================================================================
Received Import Request.
  Time of request: 2026-10-01T17:00:53.1118068Z
  Time since last request: 0.0002376 seconds.
  importAddress: GUID: 46930b20180b59e46b73494adf53abbb - Path: Packages/com.unity.collab-proxy/Editor/Assets/Images/d_step3.png - Importer: ScriptedImporter/UnityEditor.QuickSearchModule:UnityEditor.Search:ASIAI0B
Importing 'GUID: 46930b20180b59e46b73494adf53abbb - Path: Packages/com.unity.collab-proxy/Editor/Assets/Images/d_step3.png - Importer: ScriptedImporter/UnityEditor.QuickSearchModule:UnityEditor.Search:ASIAI0B' with importer (ScriptedImporter : UnityEditor.QuickSearchModule:UnityEditor.Search:ASIAI0B)
Imported 'GUID: 46930b20180b59e46b73494adf53abbb' -> (Import Result ID: '05043c0b4c553007b4e946ab01ecf125') in 0.005 seconds [static and dynamic dependencies]. Details - ImportResultOutputID=c0dbacb92c49aa7f3fbe0e5bdf63ac7f DependenciesID=933ddec86842b0186823160129653a75 StaticDependenciesID=f638ea6c944d0eb41ba3205b424a9981 
Number of updated asset objects reloaded before import = 0
Number of asset objects unloaded after import = 1
========================================================================
Received Import Request.
  Time of request: 2026-10-01T17:00:53.1228763Z
  Time since last request: 0.0001488 seconds.
  importAddress: GUID: 6a9d211bea1bc4a429d86cbb2d0b0a3e - Path: Packages/com.unity.collab-proxy/Editor/Assets/Images/d_secondarytabclosehover.png - Importer: ScriptedImporter/UnityEditor.QuickSearchModule:UnityEditor.Search:ASIAI0B
Importing 'GUID: 6a9d211bea1bc4a429d86cbb2d0b0a3e - Path: Packages/com.unity.collab-proxy/Editor/Assets/Images/d_secondarytabclosehover.png - Importer: ScriptedImporter/UnityEditor.QuickSearchModule:UnityEditor.Search:ASIAI0B' with importer (ScriptedImporter : UnityEditor.QuickSearchModule:UnityEditor.Search:ASIAI0B)
Imported 'GUID: 6a9d211bea1bc4a429d86cbb2d0b0a3e' -> (Import Result ID: 'c6e0dfce6d1d40d832072d7696ff0440') in 0.004 seconds [static and dynamic dependencies]. Details - ImportResultOutputID=7802c99d0bf7919707099b18a5e250c8 DependenciesID=b26e25071f34538f04354e0c1299bc5f StaticDependenciesID=eb42981370ac70d255720eecdb238fa3 
Number of updated asset objects reloaded before import = 0
Number of asset objects unloaded after import = 1
========================================================================
Received Import Request.
  Time of request: 2026-10-01T17:00:53.1326436Z
  Time since last request: 0.0002565 seconds.
  importAddress: GUID: 092347b12f348a6439e85218cd291ea2 - Path: Packages/com.unity.collab-proxy/Editor/Assets/Images/icondeletedremoteoverlay.png - Importer: ScriptedImporter/UnityEditor.QuickSearchModule:UnityEditor.Search:ASIAI0B
Importing 'GUID: 092347b12f348a6439e85218cd291ea2 - Path: Packages/com.unity.collab-proxy/Editor/Assets/Images/icondeletedremoteoverlay.png - Importer: ScriptedImporter/UnityEditor.QuickSearchModule:UnityEditor.Search:ASIAI0B' with importer (ScriptedImporter : UnityEditor.QuickSearchModule:UnityEditor.Search:ASIAI0B)
Imported 'GUID: 092347b12f348a6439e85218cd291ea2' -> (Import Result ID: '3690a6bd9b5d6cb6b5a7769e139c1f03') in 0.004 seconds [static and dynamic dependencies]. Details - ImportResultOutputID=68e96309b2ed512f011f62d0df2285fd DependenciesID=9fdcb22cd7bd552d39d03e0a3e566754 StaticDependenciesID=48347a2b0d15686cb02be4dcd6c305af 
Number of updated asset objects reloaded before import = 0
Number of asset objects unloaded after import = 3
========================================================================
Received Import Request.
  Time of request: 2026-10-01T17:00:53.1438942Z
  Time since last request: 0.0001728 seconds.
  importAddress: GUID: cd221d2235472c94491e607ae42942dd - Path: Packages/com.unity.collab-proxy/Editor/Assets/Images/icondeletedlocaloverlay.png - Importer: ScriptedImporter/UnityEditor.QuickSearchModule:UnityEditor.Search:ASIAI0B
Importing 'GUID: cd221d2235472c94491e607ae42942dd - Path: Packages/com.unity.collab-proxy/Editor/Assets/Images/icondeletedlocaloverlay.png - Importer: ScriptedImporter/UnityEditor.QuickSearchModule:UnityEditor.Search:ASIAI0B' with importer (ScriptedImporter : UnityEditor.QuickSearchModule:UnityEditor.Search:ASIAI0B)
Imported 'GUID: cd221d2235472c94491e607ae42942dd' -> (Import Result ID: '159fe36481f1d9132f0bc74521253484') in 0.004 seconds [static and dynamic dependencies]. Details - ImportResultOutputID=7beab5e24916817449866899f64eabd9 DependenciesID=bdcd01647d3cbd6471752eebdedf91cc StaticDependenciesID=888eef049922624b0ffb0e70df5fd12c 
Number of updated asset objects reloaded before import = 0
Number of asset objects unloaded after import = 3
========================================================================
Received Import Request.
  Time of request: 2026-10-01T17:00:53.1535031Z
  Time since last request: 0.0001166 seconds.
  importAddress: GUID: 87480bc179519ff4da25283c61c2573b - Path: Packages/com.unity.collab-proxy/Editor/Assets/Images/iconbrex.png - Importer: ScriptedImporter/UnityEditor.QuickSearchModule:UnityEditor.Search:ASIAI0B
Importing 'GUID: 87480bc179519ff4da25283c61c2573b - Path: Packages/com.unity.collab-proxy/Editor/Assets/Images/iconbrex.png - Importer: ScriptedImporter/UnityEditor.QuickSearchModule:UnityEditor.Search:ASIAI0B' with importer (ScriptedImporter : UnityEditor.QuickSearchModule:UnityEditor.Search:ASIAI0B)
Imported 'GUID: 87480bc179519ff4da25283c61c2573b' -> (Import Result ID: '337b6300fcbf15943813cfa73a433b3c') in 0.004 seconds [static and dynamic dependencies]. Details - ImportResultOutputID=9a77e1a8f25b2db5af59a67b8d7090d2 DependenciesID=4bf2b0c734899b6ad73f966daa0c9c7d StaticDependenciesID=4cd7249d01c276b8e1b784d476457e9b 
Number of updated asset objects reloaded before import = 0
Number of asset objects unloaded after import = 3
========================================================================
Received Import Request.
  Time of request: 2026-10-01T17:00:53.1658988Z
  Time since last request: 0.0001674 seconds.
  importAddress: GUID: 1318ab8bf649dcf43b922511fa5e155b - Path: Packages/com.unity.collab-proxy/Editor/Assets/Images/iconconflictresolvedoverlay.png - Importer: ScriptedImporter/UnityEditor.QuickSearchModule:UnityEditor.Search:ASIAI0B
Importing 'GUID: 1318ab8bf649dcf43b922511fa5e155b - Path: Packages/com.unity.collab-proxy/Editor/Assets/Images/iconconflictresolvedoverlay.png - Importer: ScriptedImporter/UnityEditor.QuickSearchModule:UnityEditor.Search:ASIAI0B' with importer (ScriptedImporter : UnityEditor.QuickSearchModule:UnityEditor.Search:ASIAI0B)
Imported 'GUID: 1318ab8bf649dcf43b922511fa5e155b' -> (Import Result ID: 'f857352087962ce73c695e63f3898fe7') in 0.005 seconds [static and dynamic dependencies]. Details - ImportResultOutputID=76693e5e677ecd2ea604018bf09650ad DependenciesID=72aeb9960134458ae2a198ba9229a737 StaticDependenciesID=06807ee4249943f49e3da67ea8f07218 
Number of updated asset objects reloaded before import = 0
Number of asset objects unloaded after import = 3
========================================================================
Received Import Request.
  Time of request: 2026-10-01T17:00:53.1768852Z
  Time since last request: 0.0001544 seconds.
  importAddress: GUID: d80583d4126ca4f74bd2c5e97e49f70d - Path: Packages/com.unity.collab-proxy/Editor/Assets/Images/iconfirst.png - Importer: ScriptedImporter/UnityEditor.QuickSearchModule:UnityEditor.Search:ASIAI0B
Importing 'GUID: d80583d4126ca4f74bd2c5e97e49f70d - Path: Packages/com.unity.collab-proxy/Editor/Assets/Images/iconfirst.png - Importer: ScriptedImporter/UnityEditor.QuickSearchModule:UnityEditor.Search:ASIAI0B' with importer (ScriptedImporter : UnityEditor.QuickSearchModule:UnityEditor.Search:ASIAI0B)
Imported 'GUID: d80583d4126ca4f74bd2c5e97e49f70d' -> (Import Result ID: '7d41de88e3de9dfa92922ba3cc7ec96b') in 0.004 seconds [static and dynamic dependencies]. Details - ImportResultOutputID=7f87a001ffe1d89fbe74416c47be61fc DependenciesID=94503e582890966de31ebcb78ea89ab5 StaticDependenciesID=288f9d11e1faec03c38eea0d7d70a7c4 
Number of updated asset objects reloaded before import = 0
Number of asset objects unloaded after import = 3
========================================================================
Received Import Request.
  Time of request: 2026-10-01T17:00:53.1868465Z
  Time since last request: 0.0001647 seconds.
  importAddress: GUID: df8c4eeadc2f24a3c8d1c1bad53d1cae - Path: Packages/com.unity.collab-proxy/Editor/Assets/Images/d_RGBARed@2x.png - Importer: ScriptedImporter/UnityEditor.QuickSearchModule:UnityEditor.Search:ASIAI0B
Importing 'GUID: df8c4eeadc2f24a3c8d1c1bad53d1cae - Path: Packages/com.unity.collab-proxy/Editor/Assets/Images/d_RGBARed@2x.png - Importer: ScriptedImporter/UnityEditor.QuickSearchModule:UnityEditor.Search:ASIAI0B' with importer (ScriptedImporter : UnityEditor.QuickSearchModule:UnityEditor.Search:ASIAI0B)
Imported 'GUID: df8c4eeadc2f24a3c8d1c1bad53d1cae' -> (Import Result ID: '4642e9eddb9dee51cbcbd3fe40832ae6') in 0.005 seconds [static and dynamic dependencies]. Details - ImportResultOutputID=eadedded85dfda3ab60491946a7601a4 DependenciesID=e47a9a1601801fa28e9418476a66dac9 StaticDependenciesID=239edc799fe57278da79692049da4c53 
Number of updated asset objects reloaded before import = 0
Number of asset objects unloaded after import = 3
========================================================================
Received Import Request.
  Time of request: 2026-10-01T17:00:53.1972579Z
  Time since last request: 0.0000371 seconds.
  importAddress: GUID: c8a69ecdf54ac8e4b873466605de27ff - Path: Packages/com.unity.collab-proxy/Editor/Assets/Images/d_step1@2x.png - Importer: ScriptedImporter/UnityEditor.QuickSearchModule:UnityEditor.Search:ASIAI0B
Importing 'GUID: c8a69ecdf54ac8e4b873466605de27ff - Path: Packages/com.unity.collab-proxy/Editor/Assets/Images/d_step1@2x.png - Importer: ScriptedImporter/UnityEditor.QuickSearchModule:UnityEditor.Search:ASIAI0B' with importer (ScriptedImporter : UnityEditor.QuickSearchModule:UnityEditor.Search:ASIAI0B)
Imported 'GUID: c8a69ecdf54ac8e4b873466605de27ff' -> (Import Result ID: '89cea31fa719bbb714d6e836c1ac4976') in 0.004 seconds [static and dynamic dependencies]. Details - ImportResultOutputID=38d7f8c594283d645c816968361ec18f DependenciesID=0f190bf59618cf3e026b3db48328bc99 StaticDependenciesID=f351437b5e0a1deeb6782093e4eb248d 
Number of updated asset objects reloaded before import = 0
Number of asset objects unloaded after import = 1
========================================================================
Received Import Request.
  Time of request: 2026-10-01T17:00:53.2072917Z
  Time since last request: 0.000232 seconds.
  importAddress: GUID: 70e3ce8ad01f39248a3ea97a35bcf238 - Path: Packages/com.unity.collab-proxy/Editor/Assets/Images/icondeletedremote@2x.png - Importer: ScriptedImporter/UnityEditor.QuickSearchModule:UnityEditor.Search:ASIAI0B
Importing 'GUID: 70e3ce8ad01f39248a3ea97a35bcf238 - Path: Packages/com.unity.collab-proxy/Editor/Assets/Images/icondeletedremote@2x.png - Importer: ScriptedImporter/UnityEditor.QuickSearchModule:UnityEditor.Search:ASIAI0B' with importer (ScriptedImporter : UnityEditor.QuickSearchModule:UnityEditor.Search:ASIAI0B)
Imported 'GUID: 70e3ce8ad01f39248a3ea97a35bcf238' -> (Import Result ID: '1fc30caadcc71e2a0660509640e7c0b5') in 0.004 seconds [static and dynamic dependencies]. Details - ImportResultOutputID=f3eca9a3892e20dfbb8e5937ca155e85 DependenciesID=c6189cfe095de1f5ed432ef47993a5d3 StaticDependenciesID=1d8515a8d3f1726dfaaa65de5a94a09a 
Number of updated asset objects reloaded before import = 0
Number of asset objects unloaded after import = 1
========================================================================
Received Import Request.
  Time of request: 2026-10-01T17:00:53.2169817Z
  Time since last request: 0.0002465 seconds.
  importAddress: GUID: 8d91317e8f7610f41a30fcb9c0d99196 - Path: Packages/com.unity.collab-proxy/Editor/Assets/Images/iconclipboard.png - Importer: ScriptedImporter/UnityEditor.QuickSearchModule:UnityEditor.Search:ASIAI0B
Importing 'GUID: 8d91317e8f7610f41a30fcb9c0d99196 - Path: Packages/com.unity.collab-proxy/Editor/Assets/Images/iconclipboard.png - Importer: ScriptedImporter/UnityEditor.QuickSearchModule:UnityEditor.Search:ASIAI0B' with importer (ScriptedImporter : UnityEditor.QuickSearchModule:UnityEditor.Search:ASIAI0B)
Imported 'GUID: 8d91317e8f7610f41a30fcb9c0d99196' -> (Import Result ID: '413cafb1dc4b1f806bb24a4db725f105') in 0.005 seconds [static and dynamic dependencies]. Details - ImportResultOutputID=e773d50c033ca6c3eab3d2f6552626b8 DependenciesID=1d882c31a09e686821043880c0b15fd3 StaticDependenciesID=ebbb18b4da2a6eedd091220b9ba30cb8 
Number of updated asset objects reloaded before import = 0
Number of asset objects unloaded after import = 3
========================================================================
Received Import Request.
  Time of request: 2026-10-01T17:00:53.2284111Z
  Time since last request: 0.000189 seconds.
  importAddress: GUID: 4c635bf514a064e8d9688218d937fe77 - Path: Packages/com.unity.collab-proxy/Editor/Assets/Images/exclusionrule@2x.png - Importer: ScriptedImporter/UnityEditor.QuickSearchModule:UnityEditor.Search:ASIAI0B
Importing 'GUID: 4c635bf514a064e8d9688218d937fe77 - Path: Packages/com.unity.collab-proxy/Editor/Assets/Images/exclusionrule@2x.png - Importer: ScriptedImporter/UnityEditor.QuickSearchModule:UnityEditor.Search:ASIAI0B' with importer (ScriptedImporter : UnityEditor.QuickSearchModule:UnityEditor.Search:ASIAI0B)
Imported 'GUID: 4c635bf514a064e8d9688218d937fe77' -> (Import Result ID: '17025849ab808c2d367124b73bba5070') in 0.004 seconds [static and dynamic dependencies]. Details - ImportResultOutputID=7658015612507b7e08474891d43f351f DependenciesID=4063e02b4c7594dd4166b042e6e17211 StaticDependenciesID=7d470f46b2431298223d0e9b881863a5 
Number of updated asset objects reloaded before import = 0
Number of asset objects unloaded after import = 3
========================================================================
Received Import Request.
  Time of request: 2026-10-01T17:00:53.2392565Z
  Time since last request: 0.0003193 seconds.
  importAddress: GUID: 74ef721fef79c44489d4e3edb0ab0c01 - Path: Packages/com.unity.collab-proxy/Editor/Assets/Images/iconaddedoverlay@2x.png - Importer: ScriptedImporter/UnityEditor.QuickSearchModule:UnityEditor.Search:ASIAI0B
Importing 'GUID: 74ef721fef79c44489d4e3edb0ab0c01 - Path: Packages/com.unity.collab-proxy/Editor/Assets/Images/iconaddedoverlay@2x.png - Importer: ScriptedImporter/UnityEditor.QuickSearchModule:UnityEditor.Search:ASIAI0B' with importer (ScriptedImporter : UnityEditor.QuickSearchModule:UnityEditor.Search:ASIAI0B)
Imported 'GUID: 74ef721fef79c44489d4e3edb0ab0c01' -> (Import Result ID: '78c943fd088a9df0314665415dc52297') in 0.004 seconds [static and dynamic dependencies]. Details - ImportResultOutputID=f72d72c775730ed111de76f5d33c9932 DependenciesID=14befa7e6f9da3100446c1d54e4a6ab3 StaticDependenciesID=62b2ebee9c66c25911b6e1c982baf032 
Number of updated asset objects reloaded before import = 0
Number of asset objects unloaded after import = 1
========================================================================
Received Import Request.
  Time of request: 2026-10-01T17:00:53.2546917Z
  Time since last request: 0.0053329 seconds.
  importAddress: GUID: 4cffcba66879d7a4a9da8554709e9825 - Path: Packages/com.unity.collab-proxy/Editor/Assets/Images/iconlockedremoteoverlay.png - Importer: ScriptedImporter/UnityEditor.QuickSearchModule:UnityEditor.Search:ASIAI0B
Importing 'GUID: 4cffcba66879d7a4a9da8554709e9825 - Path: Packages/com.unity.collab-proxy/Editor/Assets/Images/iconlockedremoteoverlay.png - Importer: ScriptedImporter/UnityEditor.QuickSearchModule:UnityEditor.Search:ASIAI0B' with importer (ScriptedImporter : UnityEditor.QuickSearchModule:UnityEditor.Search:ASIAI0B)
Imported 'GUID: 4cffcba66879d7a4a9da8554709e9825' -> (Import Result ID: '2807903fc7d122ba10bc942bbe6d5012') in 0.004 seconds [static and dynamic dependencies]. Details - ImportResultOutputID=cb75dcae6aac06eddd8b208765e4cb59 DependenciesID=b106d88afa99607a13f58b0dccc2970f StaticDependenciesID=ffd15e8378fe745d08eef9fdee1ee53c 
Number of updated asset objects reloaded before import = 0
Number of asset objects unloaded after import = 3
========================================================================
Received Import Request.
  Time of request: 2026-10-01T17:00:53.2652974Z
  Time since last request: 0.0003136 seconds.
  importAddress: GUID: a01087ce1455c7e4c8f2410c26afcfd2 - Path: Packages/com.unity.collab-proxy/Editor/Assets/Images/iconretainedoverlay@2x.png - Importer: ScriptedImporter/UnityEditor.QuickSearchModule:UnityEditor.Search:ASIAI0B
Importing 'GUID: a01087ce1455c7e4c8f2410c26afcfd2 - Path: Packages/com.unity.collab-proxy/Editor/Assets/Images/iconretainedoverlay@2x.png - Importer: ScriptedImporter/UnityEditor.QuickSearchModule:UnityEditor.Search:ASIAI0B' with importer (ScriptedImporter : UnityEditor.QuickSearchModule:UnityEditor.Search:ASIAI0B)
Imported 'GUID: a01087ce1455c7e4c8f2410c26afcfd2' -> (Import Result ID: '5c8d1de812eeb6af0f06a52f1ad20244') in 0.004 seconds [static and dynamic dependencies]. Details - ImportResultOutputID=4f98c557cdac79ca88c786f0b2472529 DependenciesID=0074b31aa6772cbe1ab626116c639626 StaticDependenciesID=482ec0ea2821dbcb2d4a5b47aec77a0e 
Number of updated asset objects reloaded before import = 0
Number of asset objects unloaded after import = 3
========================================================================
Received Import Request.
  Time of request: 2026-10-01T17:00:53.274958Z
  Time since last request: 0.0002452 seconds.
  importAddress: GUID: 232fe04bebe5e904bb0568e685bd32a6 - Path: Packages/com.unity.collab-proxy/Editor/Assets/Images/iconpendingchanges@2x.png - Importer: ScriptedImporter/UnityEditor.QuickSearchModule:UnityEditor.Search:ASIAI0B
Importing 'GUID: 232fe04bebe5e904bb0568e685bd32a6 - Path: Packages/com.unity.collab-proxy/Editor/Assets/Images/iconpendingchanges@2x.png - Importer: ScriptedImporter/UnityEditor.QuickSearchModule:UnityEditor.Search:ASIAI0B' with importer (ScriptedImporter : UnityEditor.QuickSearchModule:UnityEditor.Search:ASIAI0B)
Imported 'GUID: 232fe04bebe5e904bb0568e685bd32a6' -> (Import Result ID: 'fa0226b3ccad1e0009b8dc4145b50a19') in 0.005 seconds [static and dynamic dependencies]. Details - ImportResultOutputID=0eefce29cb71462faa019bd555c2d08f DependenciesID=d924c496544e4ef0ce03d55c91bf3811 StaticDependenciesID=48fee1fdfa709f117d4a0d09fa52d4dc 
Number of updated asset objects reloaded before import = 0
Number of asset objects unloaded after import = 3
========================================================================
Received Import Request.
  Time of request: 2026-10-01T17:00:53.2858266Z
  Time since last request: 0.0001391 seconds.
  importAddress: GUID: e73eb87336d0d0846a48f288248f52eb - Path: Packages/com.unity.collab-proxy/Editor/Assets/Images/iconretainedoverlay.png - Importer: ScriptedImporter/UnityEditor.QuickSearchModule:UnityEditor.Search:ASIAI0B
Importing 'GUID: e73eb87336d0d0846a48f288248f52eb - Path: Packages/com.unity.collab-proxy/Editor/Assets/Images/iconretainedoverlay.png - Importer: ScriptedImporter/UnityEditor.QuickSearchModule:UnityEditor.Search:ASIAI0B' with importer (ScriptedImporter : UnityEditor.QuickSearchModule:UnityEditor.Search:ASIAI0B)
Imported 'GUID: e73eb87336d0d0846a48f288248f52eb' -> (Import Result ID: '39240e5f30f89acc4e2c70e71100c7d6') in 0.004 seconds [static and dynamic dependencies]. Details - ImportResultOutputID=fbe756c8119cd8c183f4b6d4b7775e38 DependenciesID=074427f722170c0966e6ecb7e860a7e5 StaticDependenciesID=1a8315f2dd9af1b104271cd0343f11e3 
Number of updated asset objects reloaded before import = 0
Number of asset objects unloaded after import = 3
========================================================================
Received Import Request.
  Time of request: 2026-10-01T17:00:53.2953501Z
  Time since last request: 0.0004193 seconds.
  importAddress: GUID: e9cc02852345307449379a9a877679da - Path: Packages/com.unity.collab-proxy/Editor/Assets/Images/iconpackageupdateavailable.png - Importer: ScriptedImporter/UnityEditor.QuickSearchModule:UnityEditor.Search:ASIAI0B
Importing 'GUID: e9cc02852345307449379a9a877679da - Path: Packages/com.unity.collab-proxy/Editor/Assets/Images/iconpackageupdateavailable.png - Importer: ScriptedImporter/UnityEditor.QuickSearchModule:UnityEditor.Search:ASIAI0B' with importer (ScriptedImporter : UnityEditor.QuickSearchModule:UnityEditor.Search:ASIAI0B)
Imported 'GUID: e9cc02852345307449379a9a877679da' -> (Import Result ID: '3be740ce62907c456f78c013a986d819') in 0.004 seconds [static and dynamic dependencies]. Details - ImportResultOutputID=a34fefc68f97cfef03b82bf7de83290f DependenciesID=c66e2fc55a3ce83b1e0721552b0259a1 StaticDependenciesID=acef9bd471457f838cd224c4dacc18f2 
Number of updated asset objects reloaded before import = 0
Number of asset objects unloaded after import = 3
========================================================================
Received Import Request.
  Time of request: 2026-10-01T17:00:53.3050082Z
  Time since last request: 0.0002815 seconds.
  importAddress: GUID: b43651fb085b38445ade3f9de3ab0636 - Path: Packages/com.unity.collab-proxy/Editor/Assets/Images/iconinviteusers@2x.png - Importer: ScriptedImporter/UnityEditor.QuickSearchModule:UnityEditor.Search:ASIAI0B
Importing 'GUID: b43651fb085b38445ade3f9de3ab0636 - Path: Packages/com.unity.collab-proxy/Editor/Assets/Images/iconinviteusers@2x.png - Importer: ScriptedImporter/UnityEditor.QuickSearchModule:UnityEditor.Search:ASIAI0B' with importer (ScriptedImporter : UnityEditor.QuickSearchModule:UnityEditor.Search:ASIAI0B)
Imported 'GUID: b43651fb085b38445ade3f9de3ab0636' -> (Import Result ID: 'ea144c3f71f5383f7f4e99a6a27cc42e') in 0.004 seconds [static and dynamic dependencies]. Details - ImportResultOutputID=798ba52a5f3f7e3498ca0ae28b2cf058 DependenciesID=29a444a6548857e3f347b03cfddebac9 StaticDependenciesID=6204e22764946959b6852c2260238fb5 
Number of updated asset objects reloaded before import = 0
Number of asset objects unloaded after import = 3
========================================================================
Received Import Request.
  Time of request: 2026-10-01T17:00:53.3149985Z
  Time since last request: 0.0002546 seconds.
  importAddress: GUID: b1b37c2733b68854ba004ff712ef849f - Path: Packages/com.unity.collab-proxy/Editor/Assets/Images/iconshelve.png - Importer: ScriptedImporter/UnityEditor.QuickSearchModule:UnityEditor.Search:ASIAI0B
Importing 'GUID: b1b37c2733b68854ba004ff712ef849f - Path: Packages/com.unity.collab-proxy/Editor/Assets/Images/iconshelve.png - Importer: ScriptedImporter/UnityEditor.QuickSearchModule:UnityEditor.Search:ASIAI0B' with importer (ScriptedImporter : UnityEditor.QuickSearchModule:UnityEditor.Search:ASIAI0B)
Imported 'GUID: b1b37c2733b68854ba004ff712ef849f' -> (Import Result ID: '91ccddbcc1e662df93b0cbafec1f5060') in 0.004 seconds [static and dynamic dependencies]. Details - ImportResultOutputID=08816cc4014635bab0b4d923878de7b2 DependenciesID=ac0369af2c32d84ca36a3c0306030fad StaticDependenciesID=22cccd72b97431fe72006d1fb305886a 
Number of updated asset objects reloaded before import = 0
Number of asset objects unloaded after import = 3
========================================================================
Received Import Request.
  Time of request: 2026-10-01T17:00:53.3252051Z
  Time since last request: 0.0003414 seconds.
  importAddress: GUID: 6e0a54826ffc3ee46b0aa3e1c1575a69 - Path: Packages/com.unity.collab-proxy/Editor/Assets/Images/iconplasticnotifyconflict@2x.png - Importer: ScriptedImporter/UnityEditor.QuickSearchModule:UnityEditor.Search:ASIAI0B
Importing 'GUID: 6e0a54826ffc3ee46b0aa3e1c1575a69 - Path: Packages/com.unity.collab-proxy/Editor/Assets/Images/iconplasticnotifyconflict@2x.png - Importer: ScriptedImporter/UnityEditor.QuickSearchModule:UnityEditor.Search:ASIAI0B' with importer (ScriptedImporter : UnityEditor.QuickSearchModule:UnityEditor.Search:ASIAI0B)
Imported 'GUID: 6e0a54826ffc3ee46b0aa3e1c1575a69' -> (Import Result ID: 'a75b7a76e477a0bd1894fb124b474b5b') in 0.005 seconds [static and dynamic dependencies]. Details - ImportResultOutputID=36aabbc1ec9f19c8be3ad513d71b8ad9 DependenciesID=1b6ef63351a72f07f13840c18643b920 StaticDependenciesID=466b98a575c06d1ee2574b6dee911232 
Number of updated asset objects reloaded before import = 0
Number of asset objects unloaded after import = 1
========================================================================
Received Import Request.
  Time of request: 2026-10-01T17:00:53.3355332Z
  Time since last request: 0.0001911 seconds.
  importAddress: GUID: 940b9d1a2dc73495da39c6d329f2b3a0 - Path: Packages/com.unity.collab-proxy/Editor/Assets/Images/iconnext@2x.png - Importer: ScriptedImporter/UnityEditor.QuickSearchModule:UnityEditor.Search:ASIAI0B
Importing 'GUID: 940b9d1a2dc73495da39c6d329f2b3a0 - Path: Packages/com.unity.collab-proxy/Editor/Assets/Images/iconnext@2x.png - Importer: ScriptedImporter/UnityEditor.QuickSearchModule:UnityEditor.Search:ASIAI0B' with importer (ScriptedImporter : UnityEditor.QuickSearchModule:UnityEditor.Search:ASIAI0B)
Imported 'GUID: 940b9d1a2dc73495da39c6d329f2b3a0' -> (Import Result ID: 'b7d27a50be357e1ef7a5ceaecbdfb68e') in 0.004 seconds [static and dynamic dependencies]. Details - ImportResultOutputID=9218395ed6a7039364ad24592b3c7c2d DependenciesID=9b6031eac3223294c3fe3951b30a2c6b StaticDependenciesID=352465368e7212a58265352af1a10b1c 
Number of updated asset objects reloaded before import = 0
Number of asset objects unloaded after import = 3
========================================================================
Received Import Request.
  Time of request: 2026-10-01T17:00:53.3469356Z
  Time since last request: 0.000371 seconds.
  importAddress: GUID: ed64f3a17f2ede646be21ed6edc9161a - Path: Packages/com.unity.collab-proxy/Editor/Assets/Images/iconrepository.png - Importer: ScriptedImporter/UnityEditor.QuickSearchModule:UnityEditor.Search:ASIAI0B
Importing 'GUID: ed64f3a17f2ede646be21ed6edc9161a - Path: Packages/com.unity.collab-proxy/Editor/Assets/Images/iconrepository.png - Importer: ScriptedImporter/UnityEditor.QuickSearchModule:UnityEditor.Search:ASIAI0B' with importer (ScriptedImporter : UnityEditor.QuickSearchModule:UnityEditor.Search:ASIAI0B)
Imported 'GUID: ed64f3a17f2ede646be21ed6edc9161a' -> (Import Result ID: 'b51eebc9190bcb395d2d708d9b63f6d4') in 0.004 seconds [static and dynamic dependencies]. Details - ImportResultOutputID=b7466a8c9a4ca06ca7805beb69cf754f DependenciesID=1b94952fc4466940924634b83996d6f7 StaticDependenciesID=68e0fd4744124f87d60362eecf22c336 
Number of updated asset objects reloaded before import = 0
Number of asset objects unloaded after import = 1
========================================================================
Received Import Request.
  Time of request: 2026-10-01T17:00:53.3572401Z
  Time since last request: 0.0002406 seconds.
  importAddress: GUID: 08c1bc2a008284ed6987b801a480e64a - Path: Packages/com.unity.collab-proxy/Editor/Assets/Images/iconhistory@2x.png - Importer: ScriptedImporter/UnityEditor.QuickSearchModule:UnityEditor.Search:ASIAI0B
Importing 'GUID: 08c1bc2a008284ed6987b801a480e64a - Path: Packages/com.unity.collab-proxy/Editor/Assets/Images/iconhistory@2x.png - Importer: ScriptedImporter/UnityEditor.QuickSearchModule:UnityEditor.Search:ASIAI0B' with importer (ScriptedImporter : UnityEditor.QuickSearchModule:UnityEditor.Search:ASIAI0B)
Imported 'GUID: 08c1bc2a008284ed6987b801a480e64a' -> (Import Result ID: 'fa927fdb6b76d800b2ae0c77785af3b3') in 0.004 seconds [static and dynamic dependencies]. Details - ImportResultOutputID=3cf60b305d6d8bffe35542f4ad1a5ed6 DependenciesID=7c2f607873f4fb7ceb61ddba9d0b18b9 StaticDependenciesID=fb8a03a56909634eb3e69d2971370353 
Number of updated asset objects reloaded before import = 0
Number of asset objects unloaded after import = 3
========================================================================
Received Import Request.
  Time of request: 2026-10-01T17:00:53.367476Z
  Time since last request: 0.0002842 seconds.
  importAddress: GUID: eb1c900f0d4a3ee42a9a49630bf88a12 - Path: Packages/com.unity.collab-proxy/Editor/Assets/Images/iconplasticnotifypendingchanges@2x.png - Importer: ScriptedImporter/UnityEditor.QuickSearchModule:UnityEditor.Search:ASIAI0B
Importing 'GUID: eb1c900f0d4a3ee42a9a49630bf88a12 - Path: Packages/com.unity.collab-proxy/Editor/Assets/Images/iconplasticnotifypendingchanges@2x.png - Importer: ScriptedImporter/UnityEditor.QuickSearchModule:UnityEditor.Search:ASIAI0B' with importer (ScriptedImporter : UnityEditor.QuickSearchModule:UnityEditor.Search:ASIAI0B)
Imported 'GUID: eb1c900f0d4a3ee42a9a49630bf88a12' -> (Import Result ID: '2ca2137babc09ec712c88edb46392867') in 0.004 seconds [static and dynamic dependencies]. Details - ImportResultOutputID=3e28a650a0f207e455a1fd4c2526a271 DependenciesID=1c6f5a6d1d927f50030c6e5d72413c46 StaticDependenciesID=bf997f838feaa859babc64ccd6de26f0 
Number of updated asset objects reloaded before import = 0
Number of asset objects unloaded after import = 3
========================================================================
Received Import Request.
  Time of request: 2026-10-01T17:00:53.377704Z
  Time since last request: 0.0002382 seconds.
  importAddress: GUID: 1844d3d99090a0b43b60a5f1ff821467 - Path: Packages/com.unity.collab-proxy/Editor/Assets/Images/iconlockretained@2x.png - Importer: ScriptedImporter/UnityEditor.QuickSearchModule:UnityEditor.Search:ASIAI0B
Importing 'GUID: 1844d3d99090a0b43b60a5f1ff821467 - Path: Packages/com.unity.collab-proxy/Editor/Assets/Images/iconlockretained@2x.png - Importer: ScriptedImporter/UnityEditor.QuickSearchModule:UnityEditor.Search:ASIAI0B' with importer (ScriptedImporter : UnityEditor.QuickSearchModule:UnityEditor.Search:ASIAI0B)
Imported 'GUID: 1844d3d99090a0b43b60a5f1ff821467' -> (Import Result ID: '1083090e20571c20b7c8f52b48e1f7a1') in 0.005 seconds [static and dynamic dependencies]. Details - ImportResultOutputID=f01404f4df421ff33e255b23994e1a73 DependenciesID=7a9bcfb5d40516fbef576f9cbd7e0739 StaticDependenciesID=992e57e115ad45cd9a9f61905b12ab66 
Number of updated asset objects reloaded before import = 0
Number of asset objects unloaded after import = 3
========================================================================
Received Import Request.
  Time of request: 2026-10-01T17:00:53.3885883Z
  Time since last request: 0.0002369 seconds.
  importAddress: GUID: 1463dc66197dc49609f516a8540465f0 - Path: Packages/com.unity.collab-proxy/Editor/Assets/Images/iconoriginalsize.png - Importer: ScriptedImporter/UnityEditor.QuickSearchModule:UnityEditor.Search:ASIAI0B
Importing 'GUID: 1463dc66197dc49609f516a8540465f0 - Path: Packages/com.unity.collab-proxy/Editor/Assets/Images/iconoriginalsize.png - Importer: ScriptedImporter/UnityEditor.QuickSearchModule:UnityEditor.Search:ASIAI0B' with importer (ScriptedImporter : UnityEditor.QuickSearchModule:UnityEditor.Search:ASIAI0B)
Imported 'GUID: 1463dc66197dc49609f516a8540465f0' -> (Import Result ID: 'a52e3c22bcf304e1cf65ea879325d8e0') in 0.004 seconds [static and dynamic dependencies]. Details - ImportResultOutputID=7f9889f3939e401bf18172c4847be22d DependenciesID=3ce89e2a6ae2edf3949d049564dbcd98 StaticDependenciesID=80525a9ccb462aeec5771523562ad243 
Number of updated asset objects reloaded before import = 0
Number of asset objects unloaded after import = 3
========================================================================
Received Import Request.
  Time of request: 2026-10-01T17:00:53.3982723Z
  Time since last request: 0.0002186 seconds.
  importAddress: GUID: f73a7d8758d7be04588b15637d94b5a8 - Path: Packages/com.unity.collab-proxy/Editor/Assets/Images/iconlockedremoteoverlay@2x.png - Importer: ScriptedImporter/UnityEditor.QuickSearchModule:UnityEditor.Search:ASIAI0B
Importing 'GUID: f73a7d8758d7be04588b15637d94b5a8 - Path: Packages/com.unity.collab-proxy/Editor/Assets/Images/iconlockedremoteoverlay@2x.png - Importer: ScriptedImporter/UnityEditor.QuickSearchModule:UnityEditor.Search:ASIAI0B' with importer (ScriptedImporter : UnityEditor.QuickSearchModule:UnityEditor.Search:ASIAI0B)
Imported 'GUID: f73a7d8758d7be04588b15637d94b5a8' -> (Import Result ID: 'a05219c6014edef0c98a62e33c5aac2d') in 0.004 seconds [static and dynamic dependencies]. Details - ImportResultOutputID=162e67aae4b3ec1dc5083fa694d7b73c DependenciesID=330b1b276f44baeb2f2a86f2783fa96f StaticDependenciesID=48368111e02221dc4afcc41dc121cce6 
Number of updated asset objects reloaded before import = 0
Number of asset objects unloaded after import = 1
========================================================================
Received Import Request.
  Time of request: 2026-10-01T17:00:53.4077719Z
  Time since last request: 0.0002523 seconds.
  importAddress: GUID: fcbeb36f6ab89fb498ccbbc3bc2ef51c - Path: Packages/com.unity.collab-proxy/Editor/Assets/Images/iconignoredoverlay@2x.png - Importer: ScriptedImporter/UnityEditor.QuickSearchModule:UnityEditor.Search:ASIAI0B
Importing 'GUID: fcbeb36f6ab89fb498ccbbc3bc2ef51c - Path: Packages/com.unity.collab-proxy/Editor/Assets/Images/iconignoredoverlay@2x.png - Importer: ScriptedImporter/UnityEditor.QuickSearchModule:UnityEditor.Search:ASIAI0B' with importer (ScriptedImporter : UnityEditor.QuickSearchModule:UnityEditor.Search:ASIAI0B)
Imported 'GUID: fcbeb36f6ab89fb498ccbbc3bc2ef51c' -> (Import Result ID: 'cb9a364ffae1dedc730289daef26662a') in 0.004 seconds [static and dynamic dependencies]. Details - ImportResultOutputID=2891429cffe850c206ef0bc2275fca8e DependenciesID=47627568fbaccded1958975c05fa94e8 StaticDependenciesID=a4b24602bd7c5e7ec0206cac5d2eceab 
Number of updated asset objects reloaded before import = 0
Number of asset objects unloaded after import = 3
========================================================================
Received Import Request.
  Time of request: 2026-10-01T17:00:53.4175071Z
  Time since last request: 0.0002422 seconds.
  importAddress: GUID: 120bf54dff785a0429b068b814e9c12a - Path: Packages/com.unity.collab-proxy/Editor/Assets/Images/iconmergelink.png - Importer: ScriptedImporter/UnityEditor.QuickSearchModule:UnityEditor.Search:ASIAI0B
Importing 'GUID: 120bf54dff785a0429b068b814e9c12a - Path: Packages/com.unity.collab-proxy/Editor/Assets/Images/iconmergelink.png - Importer: ScriptedImporter/UnityEditor.QuickSearchModule:UnityEditor.Search:ASIAI0B' with importer (ScriptedImporter : UnityEditor.QuickSearchModule:UnityEditor.Search:ASIAI0B)
Imported 'GUID: 120bf54dff785a0429b068b814e9c12a' -> (Import Result ID: '5cc1590fb1c05123de15d6e1586a25ab') in 0.004 seconds [static and dynamic dependencies]. Details - ImportResultOutputID=a043418d8d305bb8342971392ff9e5d3 DependenciesID=5e9dc218e38bd406d0d8ac614c4be090 StaticDependenciesID=6b452014f763f9f71328356799422f96 
Number of updated asset objects reloaded before import = 0
Number of asset objects unloaded after import = 1
========================================================================
Received Import Request.
  Time of request: 2026-10-01T17:00:53.4269146Z
  Time since last request: 0.0002442 seconds.
  importAddress: GUID: 0dfbb2b6ddcdd254da80e3418498b3a6 - Path: Packages/com.unity.collab-proxy/Editor/Assets/Images/iconundo@2x.png - Importer: ScriptedImporter/UnityEditor.QuickSearchModule:UnityEditor.Search:ASIAI0B
Importing 'GUID: 0dfbb2b6ddcdd254da80e3418498b3a6 - Path: Packages/com.unity.collab-proxy/Editor/Assets/Images/iconundo@2x.png - Importer: ScriptedImporter/UnityEditor.QuickSearchModule:UnityEditor.Search:ASIAI0B' with importer (ScriptedImporter : UnityEditor.QuickSearchModule:UnityEditor.Search:ASIAI0B)
Imported 'GUID: 0dfbb2b6ddcdd254da80e3418498b3a6' -> (Import Result ID: 'a225afc1171c182c6cfcb4fd7715b037') in 0.003 seconds [static and dynamic dependencies]. Details - ImportResultOutputID=e2fd5944f61dc8e7ba4a0bdeffeb188c DependenciesID=a950b92c5d23cb920669c319f4d29c90 StaticDependenciesID=71492340d5db2a398133afe7bcfb3d3d 
Number of updated asset objects reloaded before import = 0
Number of asset objects unloaded after import = 1
========================================================================
Received Import Request.
  Time of request: 2026-10-01T17:00:53.4366957Z
  Time since last request: 0.0002545 seconds.
  importAddress: GUID: 94fe868620119564f9474f40cd6145aa - Path: Packages/com.unity.collab-proxy/Editor/Assets/Images/iconpressedclosebutton.png - Importer: ScriptedImporter/UnityEditor.QuickSearchModule:UnityEditor.Search:ASIAI0B
Importing 'GUID: 94fe868620119564f9474f40cd6145aa - Path: Packages/com.unity.collab-proxy/Editor/Assets/Images/iconpressedclosebutton.png - Importer: ScriptedImporter/UnityEditor.QuickSearchModule:UnityEditor.Search:ASIAI0B' with importer (ScriptedImporter : UnityEditor.QuickSearchModule:UnityEditor.Search:ASIAI0B)
Imported 'GUID: 94fe868620119564f9474f40cd6145aa' -> (Import Result ID: 'fa552ea3ec56bece92c36b34107023f0') in 0.005 seconds [static and dynamic dependencies]. Details - ImportResultOutputID=9dbf2267368d1dbf9ee2d3aca8cb37e3 DependenciesID=61180774c7ad94b25e1bdc43f57284a0 StaticDependenciesID=45232eff34e6b47f40aab30d5b196d88 
Number of updated asset objects reloaded before import = 0
Number of asset objects unloaded after import = 1
========================================================================
Received Import Request.
  Time of request: 2026-10-01T17:00:53.4477161Z
  Time since last request: 0.0002642 seconds.
  importAddress: GUID: 1e6c9635b80f973488d8335a081c905f - Path: Packages/com.unity.collab-proxy/Editor/Assets/Images/iconplasticnotifyincoming.png - Importer: ScriptedImporter/UnityEditor.QuickSearchModule:UnityEditor.Search:ASIAI0B
Importing 'GUID: 1e6c9635b80f973488d8335a081c905f - Path: Packages/com.unity.collab-proxy/Editor/Assets/Images/iconplasticnotifyincoming.png - Importer: ScriptedImporter/UnityEditor.QuickSearchModule:UnityEditor.Search:ASIAI0B' with importer (ScriptedImporter : UnityEditor.QuickSearchModule:UnityEditor.Search:ASIAI0B)
Imported 'GUID: 1e6c9635b80f973488d8335a081c905f' -> (Import Result ID: '8505fd03a8e30927a0b6a15c68f67ac0') in 0.004 seconds [static and dynamic dependencies]. Details - ImportResultOutputID=7be911df468752b98b57542c60e3d0c3 DependenciesID=2ce94b7c547f3be824863eed149cb723 StaticDependenciesID=d5b943f90704a631bd52b8882119abc9 
Number of updated asset objects reloaded before import = 0
Number of asset objects unloaded after import = 1
========================================================================
Received Import Request.
  Time of request: 2026-10-01T17:00:53.4568766Z
  Time since last request: 0.0002299 seconds.
  importAddress: GUID: 3728580c149181a44b359e89f6edacae - Path: Packages/com.unity.collab-proxy/Editor/Assets/Images/iconoutofsyncoverlay@2x.png - Importer: ScriptedImporter/UnityEditor.QuickSearchModule:UnityEditor.Search:ASIAI0B
Importing 'GUID: 3728580c149181a44b359e89f6edacae - Path: Packages/com.unity.collab-proxy/Editor/Assets/Images/iconoutofsyncoverlay@2x.png - Importer: ScriptedImporter/UnityEditor.QuickSearchModule:UnityEditor.Search:ASIAI0B' with importer (ScriptedImporter : UnityEditor.QuickSearchModule:UnityEditor.Search:ASIAI0B)
Imported 'GUID: 3728580c149181a44b359e89f6edacae' -> (Import Result ID: 'c15d019caceb7429ec11bc681426e134') in 0.004 seconds [static and dynamic dependencies]. Details - ImportResultOutputID=fbdbd17921be026d9ade61f314f7d6b1 DependenciesID=23c851c8da82e52d279311f60c4aeced StaticDependenciesID=cc96738675e104e1cfb53ab10466d2ac 
Number of updated asset objects reloaded before import = 0
Number of asset objects unloaded after import = 1
========================================================================
Received Import Request.
  Time of request: 2026-10-01T17:00:53.4664295Z
  Time since last request: 0.0002508 seconds.
  importAddress: GUID: 76a05d2ec901a8b49a064fe0b0674ba7 - Path: Packages/com.unity.collab-proxy/Editor/Assets/Images/iconpendingchanges.png - Importer: ScriptedImporter/UnityEditor.QuickSearchModule:UnityEditor.Search:ASIAI0B
Importing 'GUID: 76a05d2ec901a8b49a064fe0b0674ba7 - Path: Packages/com.unity.collab-proxy/Editor/Assets/Images/iconpendingchanges.png - Importer: ScriptedImporter/UnityEditor.QuickSearchModule:UnityEditor.Search:ASIAI0B' with importer (ScriptedImporter : UnityEditor.QuickSearchModule:UnityEditor.Search:ASIAI0B)
Imported 'GUID: 76a05d2ec901a8b49a064fe0b0674ba7' -> (Import Result ID: 'ef499dddb9025a676c03a3dafa2fdae5') in 0.005 seconds [static and dynamic dependencies]. Details - ImportResultOutputID=dda3e6a0770daacf71750115208bc971 DependenciesID=64d0e3caa15924c1a65cd8d938e5e337 StaticDependenciesID=b19772137fa23530d3495e58148ff67b 
Number of updated asset objects reloaded before import = 0
Number of asset objects unloaded after import = 3
========================================================================
Received Import Request.
  Time of request: 2026-10-01T17:00:53.4771175Z
  Time since last request: 0.000199 seconds.
  importAddress: GUID: 52a825037e457964f9c91a99d4522f14 - Path: Packages/com.unity.collab-proxy/Editor/Assets/Images/iconignoredoverlay.png - Importer: ScriptedImporter/UnityEditor.QuickSearchModule:UnityEditor.Search:ASIAI0B
Importing 'GUID: 52a825037e457964f9c91a99d4522f14 - Path: Packages/com.unity.collab-proxy/Editor/Assets/Images/iconignoredoverlay.png - Importer: ScriptedImporter/UnityEditor.QuickSearchModule:UnityEditor.Search:ASIAI0B' with importer (ScriptedImporter : UnityEditor.QuickSearchModule:UnityEditor.Search:ASIAI0B)
Imported 'GUID: 52a825037e457964f9c91a99d4522f14' -> (Import Result ID: 'c5d3c73ab9fde9f1f03f3aa6f2246986') in 0.004 seconds [static and dynamic dependencies]. Details - ImportResultOutputID=1f69322a96c5cb809a212c6a6cdfef4a DependenciesID=b1f0d989a863da9f0b7a6173076d2ca4 StaticDependenciesID=2a26e987223e10d060ef6a2ce8d695f9 
Number of updated asset objects reloaded before import = 0
Number of asset objects unloaded after import = 3
========================================================================
Received Import Request.
  Time of request: 2026-10-01T17:00:53.4873349Z
  Time since last request: 0.0002536 seconds.
  importAddress: GUID: ca92e845b7b4b41da8e081ca8c0ed3b8 - Path: Packages/com.unity.collab-proxy/Editor/Assets/Images/iconmergeview@2x.png - Importer: ScriptedImporter/UnityEditor.QuickSearchModule:UnityEditor.Search:ASIAI0B
Importing 'GUID: ca92e845b7b4b41da8e081ca8c0ed3b8 - Path: Packages/com.unity.collab-proxy/Editor/Assets/Images/iconmergeview@2x.png - Importer: ScriptedImporter/UnityEditor.QuickSearchModule:UnityEditor.Search:ASIAI0B' with importer (ScriptedImporter : UnityEditor.QuickSearchModule:UnityEditor.Search:ASIAI0B)
Imported 'GUID: ca92e845b7b4b41da8e081ca8c0ed3b8' -> (Import Result ID: '0f5d0e6377457ede224b63a2be9bf111') in 0.004 seconds [static and dynamic dependencies]. Details - ImportResultOutputID=69b919a93d97ac9546fb8dab6fd94dc0 DependenciesID=81aa273412f05d3cf404c07edd7b1dd8 StaticDependenciesID=e114d2761be40006fec1cad673f73046 
Number of updated asset objects reloaded before import = 0
Number of asset objects unloaded after import = 3
========================================================================
Received Import Request.
  Time of request: 2026-10-01T17:00:53.4969256Z
  Time since last request: 0.0002395 seconds.
  importAddress: GUID: d937bd39ca592471b942d16ee8094535 - Path: Packages/com.unity.collab-proxy/Editor/Assets/Images/iconprev@2x.png - Importer: ScriptedImporter/UnityEditor.QuickSearchModule:UnityEditor.Search:ASIAI0B
Importing 'GUID: d937bd39ca592471b942d16ee8094535 - Path: Packages/com.unity.collab-proxy/Editor/Assets/Images/iconprev@2x.png - Importer: ScriptedImporter/UnityEditor.QuickSearchModule:UnityEditor.Search:ASIAI0B' with importer (ScriptedImporter : UnityEditor.QuickSearchModule:UnityEditor.Search:ASIAI0B)
Imported 'GUID: d937bd39ca592471b942d16ee8094535' -> (Import Result ID: '4847232d3babd31418a7ff371f42586e') in 0.004 seconds [static and dynamic dependencies]. Details - ImportResultOutputID=9d535932dcec003d00e3a311769589aa DependenciesID=568b7b69816d747d773ff5bbc5f04f4a StaticDependenciesID=25670dad3b1904b3e24727065f50efc3 
Number of updated asset objects reloaded before import = 0
Number of asset objects unloaded after import = 3
========================================================================
Received Import Request.
  Time of request: 2026-10-01T17:00:53.5069597Z
  Time since last request: 0.0002369 seconds.
  importAddress: GUID: ba96945b6a1b743579931a87e98041fe - Path: Packages/com.unity.collab-proxy/Editor/Assets/Images/iconlock@2x.png - Importer: ScriptedImporter/UnityEditor.QuickSearchModule:UnityEditor.Search:ASIAI0B
Importing 'GUID: ba96945b6a1b743579931a87e98041fe - Path: Packages/com.unity.collab-proxy/Editor/Assets/Images/iconlock@2x.png - Importer: ScriptedImporter/UnityEditor.QuickSearchModule:UnityEditor.Search:ASIAI0B' with importer (ScriptedImporter : UnityEditor.QuickSearchModule:UnityEditor.Search:ASIAI0B)
Imported 'GUID: ba96945b6a1b743579931a87e98041fe' -> (Import Result ID: '0f395ca9b751686511b8df868983a007') in 0.004 seconds [static and dynamic dependencies]. Details - ImportResultOutputID=ad85421d8439f4919d412d047b6133c6 DependenciesID=684ddbd4dfacb741ee951dfc46531bd3 StaticDependenciesID=f8ab3bd4a6206ef08ef446f376d8ab47 
Number of updated asset objects reloaded before import = 0
Number of asset objects unloaded after import = 3
========================================================================
Received Import Request.
  Time of request: 2026-10-01T17:00:53.516548Z
  Time since last request: 0.000231 seconds.
  importAddress: GUID: d63fb8a8a3f06407e8e712a29a3499c0 - Path: Packages/com.unity.collab-proxy/Editor/Assets/Images/iconmovedoverlay.png - Importer: ScriptedImporter/UnityEditor.QuickSearchModule:UnityEditor.Search:ASIAI0B
Importing 'GUID: d63fb8a8a3f06407e8e712a29a3499c0 - Path: Packages/com.unity.collab-proxy/Editor/Assets/Images/iconmovedoverlay.png - Importer: ScriptedImporter/UnityEditor.QuickSearchModule:UnityEditor.Search:ASIAI0B' with importer (ScriptedImporter : UnityEditor.QuickSearchModule:UnityEditor.Search:ASIAI0B)
Imported 'GUID: d63fb8a8a3f06407e8e712a29a3499c0' -> (Import Result ID: 'dccb58a24be056833c29352544a81221') in 0.004 seconds [static and dynamic dependencies]. Details - ImportResultOutputID=bdcc9c1b61f1e86edb278466386669a4 DependenciesID=643a5512864326dff95c55a1ce4f77fb StaticDependenciesID=ea3985b8a26926261888b68893d1b905 
Number of updated asset objects reloaded before import = 0
Number of asset objects unloaded after import = 3
========================================================================
Received Import Request.
  Time of request: 2026-10-01T17:00:53.5268338Z
  Time since last request: 0.0002371 seconds.
  importAddress: GUID: c677bcd9111fb4514aa1a56844e9006f - Path: Packages/com.unity.collab-proxy/Editor/Assets/Images/iconincomingchangesview.png - Importer: ScriptedImporter/UnityEditor.QuickSearchModule:UnityEditor.Search:ASIAI0B
Importing 'GUID: c677bcd9111fb4514aa1a56844e9006f - Path: Packages/com.unity.collab-proxy/Editor/Assets/Images/iconincomingchangesview.png - Importer: ScriptedImporter/UnityEditor.QuickSearchModule:UnityEditor.Search:ASIAI0B' with importer (ScriptedImporter : UnityEditor.QuickSearchModule:UnityEditor.Search:ASIAI0B)
Imported 'GUID: c677bcd9111fb4514aa1a56844e9006f' -> (Import Result ID: 'a2cc773ec02d816c2590ee5c89412797') in 0.005 seconds [static and dynamic dependencies]. Details - ImportResultOutputID=1d5eca38a9af70c7893af309ad503998 DependenciesID=a2dc7e2748af8c311e69419d1ba819a6 StaticDependenciesID=6da2d871d52b5d512557209c888536a6 
Number of updated asset objects reloaded before import = 0
Number of asset objects unloaded after import = 3
========================================================================
Received Import Request.
  Time of request: 2026-10-01T17:00:53.5380754Z
  Time since last request: 0.0004131 seconds.
  importAddress: GUID: dcb2ee37925b97e438ae244996d81a55 - Path: Packages/com.unity.collab-proxy/Editor/Assets/Images/iconplasticview.png - Importer: ScriptedImporter/UnityEditor.QuickSearchModule:UnityEditor.Search:ASIAI0B
Importing 'GUID: dcb2ee37925b97e438ae244996d81a55 - Path: Packages/com.unity.collab-proxy/Editor/Assets/Images/iconplasticview.png - Importer: ScriptedImporter/UnityEditor.QuickSearchModule:UnityEditor.Search:ASIAI0B' with importer (ScriptedImporter : UnityEditor.QuickSearchModule:UnityEditor.Search:ASIAI0B)
Imported 'GUID: dcb2ee37925b97e438ae244996d81a55' -> (Import Result ID: 'f4c5091212bad3b7f17c28d5a960605a') in 0.003 seconds [static and dynamic dependencies]. Details - ImportResultOutputID=54efe971cd610719b878f58cbad93ebf DependenciesID=3d90f3948ab25838c8820889bf83ca5e StaticDependenciesID=b2aba09edda88637dfbdf342267dd5ea 
Number of updated asset objects reloaded before import = 0
Number of asset objects unloaded after import = 1
========================================================================
Received Import Request.
  Time of request: 2026-10-01T17:00:53.5472067Z
  Time since last request: 0.0002468 seconds.
  importAddress: GUID: bf9a3e542f66af64a80a6631aa93e516 - Path: Packages/com.unity.collab-proxy/Editor/Assets/Images/iconzoomin.png - Importer: ScriptedImporter/UnityEditor.QuickSearchModule:UnityEditor.Search:ASIAI0B
Importing 'GUID: bf9a3e542f66af64a80a6631aa93e516 - Path: Packages/com.unity.collab-proxy/Editor/Assets/Images/iconzoomin.png - Importer: ScriptedImporter/UnityEditor.QuickSearchModule:UnityEditor.Search:ASIAI0B' with importer (ScriptedImporter : UnityEditor.QuickSearchModule:UnityEditor.Search:ASIAI0B)
Imported 'GUID: bf9a3e542f66af64a80a6631aa93e516' -> (Import Result ID: '6fe9a080350ae78dc6fce70966652a24') in 0.004 seconds [static and dynamic dependencies]. Details - ImportResultOutputID=95706ea811039f71027c38f615c4508d DependenciesID=be216f3d3b5ff082cc41fce247e518ec StaticDependenciesID=22156f663c7a72e1c570facb4bb7972e 
Number of updated asset objects reloaded before import = 0
Number of asset objects unloaded after import = 3
========================================================================
Received Import Request.
  Time of request: 2026-10-01T17:00:53.5569349Z
  Time since last request: 0.0002399 seconds.
  importAddress: GUID: 695fbddd7238dc94c8f102d9191c2886 - Path: Packages/com.unity.collab-proxy/Editor/Assets/Images/iconshelve@2x.png - Importer: ScriptedImporter/UnityEditor.QuickSearchModule:UnityEditor.Search:ASIAI0B
Importing 'GUID: 695fbddd7238dc94c8f102d9191c2886 - Path: Packages/com.unity.collab-proxy/Editor/Assets/Images/iconshelve@2x.png - Importer: ScriptedImporter/UnityEditor.QuickSearchModule:UnityEditor.Search:ASIAI0B' with importer (ScriptedImporter : UnityEditor.QuickSearchModule:UnityEditor.Search:ASIAI0B)
Imported 'GUID: 695fbddd7238dc94c8f102d9191c2886' -> (Import Result ID: '958d8ef32e440362bf0b74dbc9db44b2') in 0.004 seconds [static and dynamic dependencies]. Details - ImportResultOutputID=7725a4cd0bb89872c7e76eab035d68a0 DependenciesID=0550ee65b1ea825e93f98d7061a17f9b StaticDependenciesID=1ba423301422d949b44551a4fbd0058d 
Number of updated asset objects reloaded before import = 0
Number of asset objects unloaded after import = 3
========================================================================
Received Import Request.
  Time of request: 2026-10-01T17:00:53.5668135Z
  Time since last request: 0.0002188 seconds.
  importAddress: GUID: b8263c2f8ead9485180cfeaa9bde0999 - Path: Packages/com.unity.collab-proxy/Editor/Assets/Images/iconincomingchangesview@2x.png - Importer: ScriptedImporter/UnityEditor.QuickSearchModule:UnityEditor.Search:ASIAI0B
Importing 'GUID: b8263c2f8ead9485180cfeaa9bde0999 - Path: Packages/com.unity.collab-proxy/Editor/Assets/Images/iconincomingchangesview@2x.png - Importer: ScriptedImporter/UnityEditor.QuickSearchModule:UnityEditor.Search:ASIAI0B' with importer (ScriptedImporter : UnityEditor.QuickSearchModule:UnityEditor.Search:ASIAI0B)
Imported 'GUID: b8263c2f8ead9485180cfeaa9bde0999' -> (Import Result ID: 'f016882d6e78ef8261a24edde33c8555') in 0.004 seconds [static and dynamic dependencies]. Details - ImportResultOutputID=91a05222d3d90da1d17042bf47a371ec DependenciesID=cd8f2d6dd77637b500cdfd48f9ca00da StaticDependenciesID=9fe1887f7385eeb1cdac9c65039fb4eb 
Number of updated asset objects reloaded before import = 0
Number of asset objects unloaded after import = 3
Editor requested this worker to shutdown with reason: Editor is closing down
AcceleratorClientConnectionCallback - disconnected - :0
AssetImportWorker is now disconnected from the server
Process exiting
Curl error 42: Callback aborted
[ExitDontLaunchBugReporter] Exiting without the bug reporter. Application will exit with return code 0
