[Licensing::Module] Trying to connect to existing licensing client channel...
[Licensing::IpcConnector] Successfully connected to: "LicenseClient-Vili" at "2026-10-01T17:13:20.5788458Z"
Built from '6000.6/staging' branch; Version is '6000.6.3f1 (45d8eee7de74) revision 4577518'; Using compiler version '194234433'; Build Type 'Release'
OS: 'Windows 11  (10.0.26200) Core' Language: 'fi' Physical Memory: 32023 MB
BatchMode: 1, IsHumanControllingUs: 0, StartBugReporterOnCrash: 0, Is64bit: 1
System  architecture: x64
Process architecture: x64
Date: 2026-10-01T17:13:20Z

COMMAND LINE ARGUMENTS:
C:\Program Files\Unity\Hub\Editor\6000.6.3f1\Editor\Unity.exe
-adb2
-batchMode
-noUpm
-name
AssetImportWorkerHW6
-projectPath
C:/Users/Vili/Desktop/github/Grass-Cutting-Simulator/Grass Cutting Simulator
-logFile
Logs/AssetImportWorkerHW6.log
-srvPort
45351
-parentPid
33680
-analyticsCloudUserId
5773977707800
-analyticsCloudProjectId
7d824529-088f-4f09-9f4c-c0d29d82a747
-analyticsLocalProjectId
387bd64261cf92e44b2bed5e80f963ff
-editorAnalyticsEnabled
1
-cbmEditorLicense
cb9776e15f345ce24656809293ac4ff9fbc95dd9
-cbmMachineId
PyBBTEDoBxvTxxwF9jJ6rtLMgCY=
-licensingIpc
LicenseClient-Vili
-noDiagnosticSwitchPersistentStore
-job-worker-count
9
-background-job-worker-count
8
-asset-garbage-collectors
1
-force-d3d12
-name
AssetImport
Successfully changed project path to: C:/Users/Vili/Desktop/github/Grass-Cutting-Simulator/Grass Cutting Simulator
C:/Users/Vili/Desktop/github/Grass-Cutting-Simulator/Grass Cutting Simulator
[UnityMemory] Configuration Parameters - Can be set up in boot.config
    "memorysetup-temp-allocator-size-gi-baking-worker=262144"
    "memorysetup-temp-allocator-size-gi-baking-worker=262144"
    "memorysetup-temp-allocator-size-gi-baking-worker=262144"
    "memorysetup-temp-allocator-size-gi-baking-worker=262144"
    "memorysetup-temp-allocator-size-gi-baking-worker=262144"
    "memorysetup-temp-allocator-size-nav-mesh-worker=65536"
    "memorysetup-temp-allocator-size-audio-worker=65536"
    "memorysetup-temp-allocator-size-cloud-worker=32768"
    "memorysetup-temp-allocator-size-gfx=262144"
    "memorysetup-remapper-allocator-initial-capacity=32768"
    "memorysetup-temp-allocator-size-preload-manager=33554432"
    "memorysetup-allocator-temp-initial-block-size-main=262144"
    "memorysetup-allocator-temp-initial-block-size-worker=262144"
    "memorysetup-temp-allocator-size-job-worker=262144"
    "memorysetup-temp-allocator-size-background-worker=32768"
    "memorysetup-bucket-allocator-granularity=16"
    "memorysetup-bucket-allocator-bucket-count=8"
    "memorysetup-bucket-allocator-block-size=33554432"
    "memorysetup-bucket-allocator-block-count=8"
    "memorysetup-main-allocator-block-size=16777216"
    "memorysetup-thread-allocator-block-size=16777216"
    "memorysetup-main-allocator-mimalloc-enabled=1"
    "memorysetup-gfx-main-allocator-block-size=16777216"
    "memorysetup-gfx-thread-allocator-block-size=16777216"
    "memorysetup-cache-allocator-block-size=4194304"
    "memorysetup-typetree-allocator-block-size=2097152"
    "memorysetup-profiler-bucket-allocator-granularity=16"
    "memorysetup-profiler-bucket-allocator-bucket-count=8"
    "memorysetup-profiler-bucket-allocator-block-size=33554432"
    "memorysetup-profiler-bucket-allocator-block-count=8"
    "memorysetup-profiler-allocator-block-size=16777216"
    "memorysetup-profiler-editor-allocator-block-size=1048576"
    "memorysetup-temp-allocator-size-main=16777216"
    "memorysetup-job-temp-allocator-block-size=2097152"
    "memorysetup-job-temp-allocator-block-size-background=1048576"
    "memorysetup-job-temp-allocator-reduction-small-platforms=262144"
Player connection [36148]  Target information:

Player connection [36148]  * "[IP] 192.168.1.217 [Port] 0 [Flags] 2 [Guid] 1517935913 [EditorId] 1517935913 [Version] 1048832 [Id] WindowsEditor(7,DESKTOP-9AEMHAV) [Debug] 1 [PackageName] WindowsEditor [ProjectName] Editor" 

Player connection [36148]  * "[IP] 192.168.56.1 [Port] 0 [Flags] 2 [Guid] 1517935913 [EditorId] 1517935913 [Version] 1048832 [Id] WindowsEditor(7,DESKTOP-9AEMHAV) [Debug] 1 [PackageName] WindowsEditor [ProjectName] Editor" 

Player connection [36148]  * "[IP] 169.254.123.238 [Port] 0 [Flags] 2 [Guid] 1517935913 [EditorId] 1517935913 [Version] 1048832 [Id] WindowsEditor(7,DESKTOP-9AEMHAV) [Debug] 1 [PackageName] WindowsEditor [ProjectName] Editor" 

Player connection [36148] Host joined multi-casting on [225.0.0.222:54997]...
Player connection [36148] Host joined alternative multi-casting on [225.0.0.222:34997]...
JobSystem: Creating JobQueue using job-worker-count value 9
Input System module state changed to: Initialized.
[Physics::Module] Initialized fallback backend.
[Physics::Module] Id: 0xdecafbad
Library Redirect Path: Library/
Initialising UDS system complete:
  - System type: Client
  - Resource namespace: dea073b6a550bc21f8c3db02f12f4e48
  - Shared memory size: 1073741824
  - Command buffer id: 1052576
  - Command buffer size: 8192
  - Hashmap size: 4194304
  - Service connected: true
  - Service working directory: Library/DataStore/
Refreshing native plugins compatible for Editor in 2.16 ms, found 4 plugins.
[Physics::Module] Selected backend (deferred post-plugins).
[Physics::Module] Name: PhysX
[Physics::Module] Id: 0xf2b8ea05
[Physics::Module] SDK Version: 4.1.2
[Physics::Module] Integration Version: 1.0.0
[Physics::Module] Threading Mode: Multi-Threaded
Initialize engine version: 6000.6.3f1 (45d8eee7de74)
[EntityIdStore] init: VM path (explicit commit), pageSize=4096, blockCount=1048576, entitiesPerBlock=256, slots reserved=4294967296 bytes
[Subsystems] Discovering subsystems at path C:/Program Files/Unity/Hub/Editor/6000.6.3f1/Editor/Data/Resources/UnitySubsystems
[Subsystems] Discovering subsystems at path C:/Users/Vili/Desktop/github/Grass-Cutting-Simulator/Grass Cutting Simulator/Assets
Forcing GfxDevice: Direct3D 12
GfxDevice: creating device client; kGfxThreadingModeNonThreaded
d3d12: failed to query info queue interface (0x80004002).
Direct3D:
    Version:         Direct3D 12 [level 12.2]
    Renderer:        NVIDIA GeForce RTX 5070 Ti (ID=0x2c05)
    Vendor:          NVIDIA
    VRAM:            15995 MB
    App VRAM Budget: 15227 MB
    Driver:          32.0.16.1074
Initialize mono
Mono path[0] = 'C:/Program Files/Unity/Hub/Editor/6000.6.3f1/Editor/Data/Managed'
Mono path[1] = 'C:/Program Files/Unity/Hub/Editor/6000.6.3f1/Editor/Data/BCLExtensions/runtime/netstandard2.1'
Mono path[2] = 'C:/Program Files/Unity/Hub/Editor/6000.6.3f1/Editor/Data/MonoBleedingEdge/lib/mono/unityjit-win32'
Mono config path = 'C:/Program Files/Unity/Hub/Editor/6000.6.3f1/Editor/Data/MonoBleedingEdge/etc'
Using monoOptions --debugger-agent=transport=dt_socket,embedding=1,server=y,suspend=n,address=127.0.0.1:56280
CodeReloadManager initialized
Begin MonoManager ReloadAssembly
[Licensing::Client] Error: HandshakeResponse reported an error:
	ResponseCode: 505
	ResponseStatus: Unsupported protocol version '1.18.3'.
[Licensing::Module] Error: Failed to handshake to channel: "LicenseClient-Vili"
[Licensing::IpcConnector] LicenseClient-Vili channel disconnected successfully.
[Licensing::IpcConnector] Successfully connected to: "LicenseClient-Vili-6000.6.3" at "2026-10-01T17:13:21.4630733Z"
[Licensing::Client] Code 10 while verifying Licensing Client signature (process Id: 37028, path: "C:/Program Files/Unity/Hub/Editor/6000.6.3f1/Editor/Data/Resources/Licensing/Client/Unity.Licensing.Client.exe")
[Licensing::Module] LicensingClient has failed validation; ignoring
[Licensing::Client] Handshaking with LicensingClient:
  Version:                 1.18.3+d7ffd15
  Session Id:              28ba1bb31f9b495ba80cb0dd7477bddb
  Correlation Id:          9d772537a86dfcf9fb3ac8ba76d1adb7
  External correlation Id: 222229267371756324
  Machine Id:              PyBBTEDoBxvTxxwF9jJ6rtLMgCY=
[Licensing::Module] Successfully connected to LicensingClient on channel: "LicenseClient-Vili-6000.6.3" (connect: 0.00s, validation: 0.00s, handshake: 0.01s)
[Licensing::IpcConnector] Successfully connected to: "LicenseClient-Vili-6000.6.3-notifications" at "2026-10-01T17:13:21.4699433Z"
[Licensing::Module] Licensing Background thread has ended after 0.89s
Registering precompiled unity dll's ...
Register platform support module: C:/Program Files/Unity/Hub/Editor/6000.6.3f1/Editor/Data/PlaybackEngines/WindowsStandaloneSupport/UnityEditor.WindowsStandalone.Extensions.dll
Registered in 0.001625 seconds.
Native extension for WindowsStandalone target not found
Package Manager log level set to [2]
[Package Manager] Failed to launch server process. Reason: Unity was launched with the -noUpm command-line argument
[Package Manager] Unable to send message (not connected to server process).
[Package Manager] Cannot connect to Unity Package Manager local server
ScheduleIndexationOnStartup MainProcess:False IndexOnStartup:True
Scripting: successfully reloaded assembly
- Finished resetting the current domain, in  0.406 seconds
Domain Reload Profiling: 894ms
	BeginReloadAssembly (118ms)
	RebuildCommonClasses (4ms)
	RebuildNativeTypeToScriptingClass (13ms)
	initialDomainReloadingComplete (59ms)
	LoadAllAssembliesAndSetupDomain (292ms)
		LoadAssemblies (115ms)
		TypeCache.Refresh (193ms)
			TypeCache.ScanAssembly (179ms)
		AnalyzeDomain (1ms)
	FinalizeReload (407ms)
		SetupLoadedEditorAssemblies (0ms)
			BeforeProcessingInitializeOnLoad (87ms)
			ProcessInitializeOnLoadAttributes (89ms)
			ProcessInitializeOnLoadMethodAttributes (149ms)
Initializing Unity extensions:
[Licensing::Client] Successfully resolved entitlement details
[Licensing::Module] License group:
  Id: 5773977707800-UnityPersXXXX
  Product: Unity Personal
  Type: Assigned
  Expiration: Unlimited
========================================================================
Worker process is ready to serve import requests
Import Worker Mode flag is 0x00
Begin MonoManager ReloadAssembly
'Packages/com.unity.render-pipelines.core/Editor/Deprecated.cs' contains partial class of Unity.Object, exactly 1 of the partial classes needs to be in a file with the same filename. This is to know the one that can be referenced from ie. GameObjects
'Packages/com.unity.render-pipelines.core/Editor/Deprecated.cs' contains partial class of Unity.Object, exactly 1 of the partial classes needs to be in a file with the same filename. This is to know the one that can be referenced from ie. GameObjects
Native extension for WindowsStandalone target not found
[Package Manager] Failed to launch server process. Reason: Unity was launched with the -noUpm command-line argument
[Package Manager] Unable to send message (not connected to server process).
[Package Manager] Cannot connect to Unity Package Manager local server
[Package Manager] Failed to launch server process. Reason: Unity was launched with the -noUpm command-line argument
[Package Manager] Unable to send message (not connected to server process).
[Package Manager] Cannot connect to Unity Package Manager local server
ScheduleIndexationOnStartup MainProcess:False IndexOnStartup:True
Scripting: successfully reloaded assembly
- Finished resetting the current domain, in  0.654 seconds
Domain Reload Profiling: 1520ms
	BeginReloadAssembly (211ms)
		DisableScriptedObjects (8ms)
		CreateAndSetChildDomain (28ms)
	RebuildCommonClasses (8ms)
	RebuildNativeTypeToScriptingClass (15ms)
	initialDomainReloadingComplete (60ms)
	LoadAllAssembliesAndSetupDomain (571ms)
		LoadAssemblies (333ms)
		TypeCache.Refresh (147ms)
			TypeCache.ScanAssembly (131ms)
		AnalyzeDomain (65ms)
			BuildScriptInfoCaches (59ms)
			ResolveRequiredComponents (5ms)
	FinalizeReload (655ms)
		SetupLoadedEditorAssemblies (0ms)
			BeforeProcessingInitializeOnLoad (95ms)
			ProcessInitializeOnLoadAttributes (240ms)
			ProcessInitializeOnLoadMethodAttributes (82ms)
			AfterProcessingInitializeOnLoad (5ms)
		AwakeInstancesAfterBackupRestoration (6ms)
AcceleratorClientConnectionCallback - disconnected - :0
Launched and connected shader compiler UnityShaderCompiler.exe after 0.01 seconds
Unloading 24 Unused Serialized files (Serialized files now loaded: 0)
Unloading 6575 unused Assets / (6.7 MB). Loaded Objects now: 7491.
Memory consumption went from 338.9 MB to 332.2 MB.
Total: 6.688600 ms (FindLiveObjects: 0.985100 ms CreateObjectMapping: 0.255700 ms MarkObjects: 3.882500 ms  DeleteObjects: 1.330200 ms)

========================================================================
Received Import Request.
  Time of request: 2026-10-01T17:13:24.5888948Z
  Time since last request: 256664.50954160001129 seconds.
  importAddress: GUID: cc0ce06a7515c044bb8db4c75db84114 - Path: Packages/com.unity.test-framework/UnityEditor.TestRunner/TestRun/Tasks/SaveUndoIndexTask.cs - Importer: ScriptedImporter/UnityEditor.QuickSearchModule:UnityEditor.Search:ASIAI0B
Importing 'GUID: cc0ce06a7515c044bb8db4c75db84114 - Path: Packages/com.unity.test-framework/UnityEditor.TestRunner/TestRun/Tasks/SaveUndoIndexTask.cs - Importer: ScriptedImporter/UnityEditor.QuickSearchModule:UnityEditor.Search:ASIAI0B' with importer (ScriptedImporter : UnityEditor.QuickSearchModule:UnityEditor.Search:ASIAI0B)
Imported 'GUID: cc0ce06a7515c044bb8db4c75db84114' -> (Import Result ID: '61ddfa33b5e84da8d2caf491b4cbcedb') in 0.069 seconds [static and dynamic dependencies]. Details - ImportResultOutputID=f66ff3ef744228ed31349cf92f669f74 DependenciesID=72df6821fc1bd3dde56105d4d3b840f3 StaticDependenciesID=3c80caa06655f6d5c6d2fbafe3982550 
Number of updated asset objects reloaded before import = 0
Number of asset objects unloaded after import = 0
========================================================================
Received Import Request.
  Time of request: 2026-10-01T17:13:24.6709112Z
  Time since last request: 0.0052701 seconds.
  importAddress: GUID: 528c8790cf844716aead80624be893aa - Path: Packages/com.unity.test-framework/UnityEngine.TestRunner/NUnitExtensions/Attributes/PreservedValuesAttribute.cs - Importer: ScriptedImporter/UnityEditor.QuickSearchModule:UnityEditor.Search:ASIAI0B
Importing 'GUID: 528c8790cf844716aead80624be893aa - Path: Packages/com.unity.test-framework/UnityEngine.TestRunner/NUnitExtensions/Attributes/PreservedValuesAttribute.cs - Importer: ScriptedImporter/UnityEditor.QuickSearchModule:UnityEditor.Search:ASIAI0B' with importer (ScriptedImporter : UnityEditor.QuickSearchModule:UnityEditor.Search:ASIAI0B)
Imported 'GUID: 528c8790cf844716aead80624be893aa' -> (Import Result ID: '185a59ed4b26c49b8121c77a6b60511d') in 0.001 seconds [static and dynamic dependencies]. Details - ImportResultOutputID=101de8c670739bf88bbe79ad864a5dbc DependenciesID=71fd77f41502e716bd57b8de129fa3eb StaticDependenciesID=5db21d4890e2c45b46f268db69e06a98 
Number of updated asset objects reloaded before import = 0
Number of asset objects unloaded after import = 0
========================================================================
Received Import Request.
  Time of request: 2026-10-01T17:13:24.6794431Z
  Time since last request: 0.0003881 seconds.
  importAddress: GUID: cc6401f13df54ba44bfd7cdc93c7d64d - Path: Packages/com.unity.test-framework/UnityEngine.TestRunner/NUnitExtensions/Attributes/UnitySetUpAttribute.cs - Importer: ScriptedImporter/UnityEditor.QuickSearchModule:UnityEditor.Search:ASIAI0B
Importing 'GUID: cc6401f13df54ba44bfd7cdc93c7d64d - Path: Packages/com.unity.test-framework/UnityEngine.TestRunner/NUnitExtensions/Attributes/UnitySetUpAttribute.cs - Importer: ScriptedImporter/UnityEditor.QuickSearchModule:UnityEditor.Search:ASIAI0B' with importer (ScriptedImporter : UnityEditor.QuickSearchModule:UnityEditor.Search:ASIAI0B)
Imported 'GUID: cc6401f13df54ba44bfd7cdc93c7d64d' -> (Import Result ID: '0da4489d320143580366cd1564a64cef') in 0.002 seconds [static and dynamic dependencies]. Details - ImportResultOutputID=14901dd8ec3881ed4f77579bf9428392 DependenciesID=7d8de60ab68671dbef96be18c78b4d8d StaticDependenciesID=8a1b186c2777e84459e28d2cfb1a81aa 
Number of updated asset objects reloaded before import = 0
Number of asset objects unloaded after import = 0
========================================================================
Received Import Request.
  Time of request: 2026-10-01T17:13:24.6879456Z
  Time since last request: 0.000285 seconds.
  importAddress: GUID: 82075836be5e0c64bbe84e1f9436682e - Path: Packages/com.unity.test-framework/UnityEditor.TestRunner/TestRunner/Callbacks/WindowResultUpdaterDataHolder.cs - Importer: ScriptedImporter/UnityEditor.QuickSearchModule:UnityEditor.Search:ASIAI0B
Importing 'GUID: 82075836be5e0c64bbe84e1f9436682e - Path: Packages/com.unity.test-framework/UnityEditor.TestRunner/TestRunner/Callbacks/WindowResultUpdaterDataHolder.cs - Importer: ScriptedImporter/UnityEditor.QuickSearchModule:UnityEditor.Search:ASIAI0B' with importer (ScriptedImporter : UnityEditor.QuickSearchModule:UnityEditor.Search:ASIAI0B)
Imported 'GUID: 82075836be5e0c64bbe84e1f9436682e' -> (Import Result ID: '6cc2596ff62828d234be5d042a34de5e') in 0.002 seconds [static and dynamic dependencies]. Details - ImportResultOutputID=762343ed30fbb437ce36f5fad3291540 DependenciesID=16732eb77e03a9f83518805f137ffc06 StaticDependenciesID=3c0fb44eaf8bd3ebd9165764dfe85c09 
Number of updated asset objects reloaded before import = 0
Number of asset objects unloaded after import = 0
========================================================================
Received Import Request.
  Time of request: 2026-10-01T17:13:24.6976053Z
  Time since last request: 0.000205 seconds.
  importAddress: GUID: 408674d91d506a54aac9a7f07951c018 - Path: Packages/com.unity.test-framework/UnityEditor.TestRunner/TestRunner/Messages/ExitPlayMode.cs - Importer: ScriptedImporter/UnityEditor.QuickSearchModule:UnityEditor.Search:ASIAI0B
Importing 'GUID: 408674d91d506a54aac9a7f07951c018 - Path: Packages/com.unity.test-framework/UnityEditor.TestRunner/TestRunner/Messages/ExitPlayMode.cs - Importer: ScriptedImporter/UnityEditor.QuickSearchModule:UnityEditor.Search:ASIAI0B' with importer (ScriptedImporter : UnityEditor.QuickSearchModule:UnityEditor.Search:ASIAI0B)
Imported 'GUID: 408674d91d506a54aac9a7f07951c018' -> (Import Result ID: '198ffd11e2e43ac9de3a5bf1915e814a') in 0.001 seconds [static and dynamic dependencies]. Details - ImportResultOutputID=68272ea6cd6c26f02027024ebf9c73ee DependenciesID=e6b3f798b2a739b3e729db046491b3ce StaticDependenciesID=0f206f0e693adb6099b0841843c78bac 
Number of updated asset objects reloaded before import = 0
Number of asset objects unloaded after import = 0
========================================================================
Received Import Request.
  Time of request: 2026-10-01T17:13:24.7064202Z
  Time since last request: 0.0005339 seconds.
  importAddress: GUID: dec9066d4afefe444be0dad3f137730d - Path: Packages/com.unity.test-framework/UnityEditor.TestRunner/TestRunner/Utils/TestListJob.cs - Importer: ScriptedImporter/UnityEditor.QuickSearchModule:UnityEditor.Search:ASIAI0B
Importing 'GUID: dec9066d4afefe444be0dad3f137730d - Path: Packages/com.unity.test-framework/UnityEditor.TestRunner/TestRunner/Utils/TestListJob.cs - Importer: ScriptedImporter/UnityEditor.QuickSearchModule:UnityEditor.Search:ASIAI0B' with importer (ScriptedImporter : UnityEditor.QuickSearchModule:UnityEditor.Search:ASIAI0B)
Imported 'GUID: dec9066d4afefe444be0dad3f137730d' -> (Import Result ID: '312c009279c66897537f51329eb1d31f') in 0.003 seconds [static and dynamic dependencies]. Details - ImportResultOutputID=e7675bfb55dbc1b6ef92ce62403f3f0d DependenciesID=2002d93aa0753e211015e5718c44c0ca StaticDependenciesID=08ebd655059d108d4a47cbb243cf3a4b 
Number of updated asset objects reloaded before import = 0
Number of asset objects unloaded after import = 0
========================================================================
Received Import Request.
  Time of request: 2026-10-01T17:13:24.7164297Z
  Time since last request: 0.0002942 seconds.
  importAddress: GUID: efce3ac61ba34d3590656de761a677e3 - Path: Packages/com.unity.test-framework/UnityEditor.TestRunner/UnityTestProtocol/Data/QualitySettings.cs - Importer: ScriptedImporter/UnityEditor.QuickSearchModule:UnityEditor.Search:ASIAI0B
Importing 'GUID: efce3ac61ba34d3590656de761a677e3 - Path: Packages/com.unity.test-framework/UnityEditor.TestRunner/UnityTestProtocol/Data/QualitySettings.cs - Importer: ScriptedImporter/UnityEditor.QuickSearchModule:UnityEditor.Search:ASIAI0B' with importer (ScriptedImporter : UnityEditor.QuickSearchModule:UnityEditor.Search:ASIAI0B)
Imported 'GUID: efce3ac61ba34d3590656de761a677e3' -> (Import Result ID: '2aa8a330473cd9cf1068905f5d5dccb2') in 0.001 seconds [static and dynamic dependencies]. Details - ImportResultOutputID=9479f808042835a1176f9866ec666885 DependenciesID=114efb8b01bde56ac43bbac9299d4daa StaticDependenciesID=59dd51e85697ee3d5d8af805eaba1410 
Number of updated asset objects reloaded before import = 0
Number of asset objects unloaded after import = 0
========================================================================
Received Import Request.
  Time of request: 2026-10-01T17:13:24.7242834Z
  Time since last request: 0.0002453 seconds.
  importAddress: GUID: 26f3e7301af463c4ca72fa98d59b429e - Path: Packages/com.unity.test-framework/UnityEditor.TestRunner/TestRunner/Utils/CachingTestListProvider.cs - Importer: ScriptedImporter/UnityEditor.QuickSearchModule:UnityEditor.Search:ASIAI0B
Importing 'GUID: 26f3e7301af463c4ca72fa98d59b429e - Path: Packages/com.unity.test-framework/UnityEditor.TestRunner/TestRunner/Utils/CachingTestListProvider.cs - Importer: ScriptedImporter/UnityEditor.QuickSearchModule:UnityEditor.Search:ASIAI0B' with importer (ScriptedImporter : UnityEditor.QuickSearchModule:UnityEditor.Search:ASIAI0B)
Imported 'GUID: 26f3e7301af463c4ca72fa98d59b429e' -> (Import Result ID: 'f2a2bce95dfd66e483ce4d14edd6da04') in 0.001 seconds [static and dynamic dependencies]. Details - ImportResultOutputID=a65dd2b0710b860cc0427bcdd7d145ea DependenciesID=42946046b53d66e656dc5116281ada8b StaticDependenciesID=b8acaa4102c7d749863d7a2c7a654672 
Number of updated asset objects reloaded before import = 0
Number of asset objects unloaded after import = 0
========================================================================
Received Import Request.
  Time of request: 2026-10-01T17:13:24.7319917Z
  Time since last request: 0.0001922 seconds.
  importAddress: GUID: a704c010bcdb1ec4a9f3417b3c393164 - Path: Packages/com.unity.test-framework/UnityEditor.TestRunner/TestRunner/Utils/ITestListCache.cs - Importer: ScriptedImporter/UnityEditor.QuickSearchModule:UnityEditor.Search:ASIAI0B
Importing 'GUID: a704c010bcdb1ec4a9f3417b3c393164 - Path: Packages/com.unity.test-framework/UnityEditor.TestRunner/TestRunner/Utils/ITestListCache.cs - Importer: ScriptedImporter/UnityEditor.QuickSearchModule:UnityEditor.Search:ASIAI0B' with importer (ScriptedImporter : UnityEditor.QuickSearchModule:UnityEditor.Search:ASIAI0B)
Imported 'GUID: a704c010bcdb1ec4a9f3417b3c393164' -> (Import Result ID: '5ee442da7d36b0f2652063c368b2067f') in 0.001 seconds [static and dynamic dependencies]. Details - ImportResultOutputID=489c134597a94fdc67ca66ae2f7c881a DependenciesID=5f36cdd355204fc25078d05ce2205d63 StaticDependenciesID=fc8df97ec18d9633534efcce171812b2 
Number of updated asset objects reloaded before import = 0
Number of asset objects unloaded after import = 0
========================================================================
Received Import Request.
  Time of request: 2026-10-01T17:13:24.7398103Z
  Time since last request: 0.0002205 seconds.
  importAddress: GUID: 7f65567c9026afb4db5de3355accc636 - Path: Packages/com.unity.test-framework/UnityEngine.TestRunner/NUnitExtensions/Commands/BeforeAfterTestCommandState.cs - Importer: ScriptedImporter/UnityEditor.QuickSearchModule:UnityEditor.Search:ASIAI0B
Importing 'GUID: 7f65567c9026afb4db5de3355accc636 - Path: Packages/com.unity.test-framework/UnityEngine.TestRunner/NUnitExtensions/Commands/BeforeAfterTestCommandState.cs - Importer: ScriptedImporter/UnityEditor.QuickSearchModule:UnityEditor.Search:ASIAI0B' with importer (ScriptedImporter : UnityEditor.QuickSearchModule:UnityEditor.Search:ASIAI0B)
Imported 'GUID: 7f65567c9026afb4db5de3355accc636' -> (Import Result ID: 'ab661236e0c425a3596c73040dbc7733') in 0.001 seconds [static and dynamic dependencies]. Details - ImportResultOutputID=4a37cc5f68b3c2575a715c4c381ded3b DependenciesID=3cdf6c5e2ca2ae52b323ec0f16d88f4b StaticDependenciesID=136a74137b078c2c87dce5204c9d5723 
Number of updated asset objects reloaded before import = 0
Number of asset objects unloaded after import = 0
========================================================================
Received Import Request.
  Time of request: 2026-10-01T17:13:24.7609512Z
  Time since last request: 0.0128011 seconds.
  importAddress: GUID: f180b12c4cff494c91056caa03f9c109 - Path: Packages/com.unity.test-framework/UnityEngine.TestRunner/NUnitExtensions/Commands/RetryCommand.cs - Importer: ScriptedImporter/UnityEditor.QuickSearchModule:UnityEditor.Search:ASIAI0B
Importing 'GUID: f180b12c4cff494c91056caa03f9c109 - Path: Packages/com.unity.test-framework/UnityEngine.TestRunner/NUnitExtensions/Commands/RetryCommand.cs - Importer: ScriptedImporter/UnityEditor.QuickSearchModule:UnityEditor.Search:ASIAI0B' with importer (ScriptedImporter : UnityEditor.QuickSearchModule:UnityEditor.Search:ASIAI0B)
Imported 'GUID: f180b12c4cff494c91056caa03f9c109' -> (Import Result ID: '9e1608829f09785844cbcc0047d4df43') in 0.002 seconds [static and dynamic dependencies]. Details - ImportResultOutputID=77bffc697bcaa5e738acea4967297701 DependenciesID=5c485cd169fc8ad98f96531ad2f6fe03 StaticDependenciesID=052f69e45c417a64d247b045357573c1 
Number of updated asset objects reloaded before import = 0
Number of asset objects unloaded after import = 0
========================================================================
Received Import Request.
  Time of request: 2026-10-01T17:13:24.7692493Z
  Time since last request: 0.0005151 seconds.
  importAddress: GUID: 41d60936b62cc6d4ca7fe628b22b0e40 - Path: Packages/com.unity.test-framework/UnityEngine.TestRunner/TestRunner/RemoteHelpers/PlayerConnectionMessageIds.cs - Importer: ScriptedImporter/UnityEditor.QuickSearchModule:UnityEditor.Search:ASIAI0B
Importing 'GUID: 41d60936b62cc6d4ca7fe628b22b0e40 - Path: Packages/com.unity.test-framework/UnityEngine.TestRunner/TestRunner/RemoteHelpers/PlayerConnectionMessageIds.cs - Importer: ScriptedImporter/UnityEditor.QuickSearchModule:UnityEditor.Search:ASIAI0B' with importer (ScriptedImporter : UnityEditor.QuickSearchModule:UnityEditor.Search:ASIAI0B)
Imported 'GUID: 41d60936b62cc6d4ca7fe628b22b0e40' -> (Import Result ID: '04015b34dbb77b1839f0c399acb804ae') in 0.001 seconds [static and dynamic dependencies]. Details - ImportResultOutputID=749042972273dd24e8a442c9c18be3bc DependenciesID=72073feb852e11443919c6ef2731abed StaticDependenciesID=c7e8a7f364845a827f43ea575116d6dd 
Number of updated asset objects reloaded before import = 0
Number of asset objects unloaded after import = 0
========================================================================
Received Import Request.
  Time of request: 2026-10-01T17:13:24.7768827Z
  Time since last request: 0.0005352 seconds.
  importAddress: GUID: e0db3f3921670cd4ca2e925737c3fba4 - Path: Packages/com.unity.test-framework/UnityEngine.TestRunner/NUnitExtensions/Commands/SetUpTearDownCommand.cs - Importer: ScriptedImporter/UnityEditor.QuickSearchModule:UnityEditor.Search:ASIAI0B
Importing 'GUID: e0db3f3921670cd4ca2e925737c3fba4 - Path: Packages/com.unity.test-framework/UnityEngine.TestRunner/NUnitExtensions/Commands/SetUpTearDownCommand.cs - Importer: ScriptedImporter/UnityEditor.QuickSearchModule:UnityEditor.Search:ASIAI0B' with importer (ScriptedImporter : UnityEditor.QuickSearchModule:UnityEditor.Search:ASIAI0B)
Imported 'GUID: e0db3f3921670cd4ca2e925737c3fba4' -> (Import Result ID: 'c1b9ee1fb9704137feede6a2d7b938f9') in 0.002 seconds [static and dynamic dependencies]. Details - ImportResultOutputID=92f2d324c76bb68ceed4b8ef3319dc1f DependenciesID=cc3d2e70a13abb004331ebcb92984aed StaticDependenciesID=0b15dd397f92bc04e8d39db552b35e99 
Number of updated asset objects reloaded before import = 0
Number of asset objects unloaded after import = 0
========================================================================
Received Import Request.
  Time of request: 2026-10-01T17:13:24.7848559Z
  Time since last request: 0.0005209 seconds.
  importAddress: GUID: b135ec222fdcd11468014c90d11d6821 - Path: Packages/com.unity.test-framework/UnityEngine.TestRunner/TestRunner/RemoteHelpers/RemoteTestData.cs - Importer: ScriptedImporter/UnityEditor.QuickSearchModule:UnityEditor.Search:ASIAI0B
Importing 'GUID: b135ec222fdcd11468014c90d11d6821 - Path: Packages/com.unity.test-framework/UnityEngine.TestRunner/TestRunner/RemoteHelpers/RemoteTestData.cs - Importer: ScriptedImporter/UnityEditor.QuickSearchModule:UnityEditor.Search:ASIAI0B' with importer (ScriptedImporter : UnityEditor.QuickSearchModule:UnityEditor.Search:ASIAI0B)
Imported 'GUID: b135ec222fdcd11468014c90d11d6821' -> (Import Result ID: 'dd960dfdbf1b95cb0c0dbe441a0a9ccb') in 0.001 seconds [static and dynamic dependencies]. Details - ImportResultOutputID=a72de00eab6e02ce91a09480bd6bd642 DependenciesID=39279d89e26642af581891eb74a181aa StaticDependenciesID=9e79480d0de2b3cc34136f3e9e3f4e5c 
Number of updated asset objects reloaded before import = 0
Number of asset objects unloaded after import = 0
========================================================================
Received Import Request.
  Time of request: 2026-10-01T17:13:24.7928095Z
  Time since last request: 0.0003465 seconds.
  importAddress: GUID: 91319408591cec1478efd3c62f9f418a - Path: Packages/com.unity.test-framework/UnityEngine.TestRunner/NUnitExtensions/Filters/AssemblyNameFilter.cs - Importer: ScriptedImporter/UnityEditor.QuickSearchModule:UnityEditor.Search:ASIAI0B
Importing 'GUID: 91319408591cec1478efd3c62f9f418a - Path: Packages/com.unity.test-framework/UnityEngine.TestRunner/NUnitExtensions/Filters/AssemblyNameFilter.cs - Importer: ScriptedImporter/UnityEditor.QuickSearchModule:UnityEditor.Search:ASIAI0B' with importer (ScriptedImporter : UnityEditor.QuickSearchModule:UnityEditor.Search:ASIAI0B)
Imported 'GUID: 91319408591cec1478efd3c62f9f418a' -> (Import Result ID: '15dff4ed3f1a8973051d711a1ad3de86') in 0.001 seconds [static and dynamic dependencies]. Details - ImportResultOutputID=24f0321d8f31bfed489e06c7ce71e3bd DependenciesID=690c5d806d66f853103e018a9e9235bb StaticDependenciesID=88e8d2766457858c90a5f51fc9491261 
Number of updated asset objects reloaded before import = 0
Number of asset objects unloaded after import = 0
========================================================================
Received Import Request.
  Time of request: 2026-10-01T17:13:24.801055Z
  Time since last request: 0.0002385 seconds.
  importAddress: GUID: 2e3b9bbf2c1a3cd4f88883ca32882ec6 - Path: Packages/com.unity.test-framework/UnityEngine.TestRunner/Utils/AssemblyProvider/AssemblyWrapper.cs - Importer: ScriptedImporter/UnityEditor.QuickSearchModule:UnityEditor.Search:ASIAI0B
Importing 'GUID: 2e3b9bbf2c1a3cd4f88883ca32882ec6 - Path: Packages/com.unity.test-framework/UnityEngine.TestRunner/Utils/AssemblyProvider/AssemblyWrapper.cs - Importer: ScriptedImporter/UnityEditor.QuickSearchModule:UnityEditor.Search:ASIAI0B' with importer (ScriptedImporter : UnityEditor.QuickSearchModule:UnityEditor.Search:ASIAI0B)
Imported 'GUID: 2e3b9bbf2c1a3cd4f88883ca32882ec6' -> (Import Result ID: 'cf2b610efb6fdb3fe41016482900fc21') in 0.001 seconds [static and dynamic dependencies]. Details - ImportResultOutputID=7b6167bb94375cc2491ce7ec2e042425 DependenciesID=44a01fecc5044338bcc4c8b107405221 StaticDependenciesID=958d389438650d7d95ccedcfa93e79d0 
Number of updated asset objects reloaded before import = 0
Number of asset objects unloaded after import = 0
========================================================================
Received Import Request.
  Time of request: 2026-10-01T17:13:24.8086691Z
  Time since last request: 0.0002203 seconds.
  importAddress: GUID: 5b3e90046c38f1d4dad2e0d5a79e871c - Path: Packages/com.unity.test-framework/UnityEngine.TestRunner/NUnitExtensions/Runner/UnityWorkItemDataHolder.cs - Importer: ScriptedImporter/UnityEditor.QuickSearchModule:UnityEditor.Search:ASIAI0B
Importing 'GUID: 5b3e90046c38f1d4dad2e0d5a79e871c - Path: Packages/com.unity.test-framework/UnityEngine.TestRunner/NUnitExtensions/Runner/UnityWorkItemDataHolder.cs - Importer: ScriptedImporter/UnityEditor.QuickSearchModule:UnityEditor.Search:ASIAI0B' with importer (ScriptedImporter : UnityEditor.QuickSearchModule:UnityEditor.Search:ASIAI0B)
Imported 'GUID: 5b3e90046c38f1d4dad2e0d5a79e871c' -> (Import Result ID: '001108192cc3b06bc3780708491e3093') in 0.001 seconds [static and dynamic dependencies]. Details - ImportResultOutputID=fe23488c9bbd219e1a296cef04eaa6e1 DependenciesID=c8ff9a0caad29fc5a9e2646ddfc69974 StaticDependenciesID=c9f096df6bd457106d2b920236d4938c 
Number of updated asset objects reloaded before import = 0
Number of asset objects unloaded after import = 0
========================================================================
Received Import Request.
  Time of request: 2026-10-01T17:13:24.8165021Z
  Time since last request: 0.0005004 seconds.
  importAddress: GUID: 03e4d63665d06f04c8a6cf68133c1592 - Path: Packages/com.unity.test-framework/UnityEngine.TestRunner/TestRunner/RemoteHelpers/RemoteTestResultData.cs - Importer: ScriptedImporter/UnityEditor.QuickSearchModule:UnityEditor.Search:ASIAI0B
Importing 'GUID: 03e4d63665d06f04c8a6cf68133c1592 - Path: Packages/com.unity.test-framework/UnityEngine.TestRunner/TestRunner/RemoteHelpers/RemoteTestResultData.cs - Importer: ScriptedImporter/UnityEditor.QuickSearchModule:UnityEditor.Search:ASIAI0B' with importer (ScriptedImporter : UnityEditor.QuickSearchModule:UnityEditor.Search:ASIAI0B)
Imported 'GUID: 03e4d63665d06f04c8a6cf68133c1592' -> (Import Result ID: 'e4e22e2f79e39001770df39c9b34a14e') in 0.001 seconds [static and dynamic dependencies]. Details - ImportResultOutputID=7f86c2660cacf5253c05ab5bc30a1232 DependenciesID=d554884df9686a647a9a3dab37eb319d StaticDependenciesID=323c40c026c112d405250f2951fcb706 
Number of updated asset objects reloaded before import = 0
Number of asset objects unloaded after import = 0
========================================================================
Received Import Request.
  Time of request: 2026-10-01T17:13:24.8246609Z
  Time since last request: 0.0001903 seconds.
  importAddress: GUID: 94cf1990d9304aff8063ceaa4bc68f6d - Path: Packages/com.unity.test-framework/UnityEngine.TestRunner/NUnitExtensions/Filters/AndFilterExtended.cs - Importer: ScriptedImporter/UnityEditor.QuickSearchModule:UnityEditor.Search:ASIAI0B
Importing 'GUID: 94cf1990d9304aff8063ceaa4bc68f6d - Path: Packages/com.unity.test-framework/UnityEngine.TestRunner/NUnitExtensions/Filters/AndFilterExtended.cs - Importer: ScriptedImporter/UnityEditor.QuickSearchModule:UnityEditor.Search:ASIAI0B' with importer (ScriptedImporter : UnityEditor.QuickSearchModule:UnityEditor.Search:ASIAI0B)
Imported 'GUID: 94cf1990d9304aff8063ceaa4bc68f6d' -> (Import Result ID: 'd2a051725280472a0d3616e5a5c68b3b') in 0.001 seconds [static and dynamic dependencies]. Details - ImportResultOutputID=78fbeca807cedf9a2a91a1d6cbe5be4e DependenciesID=5139445e40e57f984b19e8ee56ddc78d StaticDependenciesID=81f618c8db506149c2a21ff90ffa52b6 
Number of updated asset objects reloaded before import = 0
Number of asset objects unloaded after import = 0
========================================================================
Received Import Request.
  Time of request: 2026-10-01T17:13:24.852988Z
  Time since last request: 0.019284 seconds.
  importAddress: GUID: 31d26a10516a4ac7a9bfdcac13a6386e - Path: Packages/com.unity.test-framework/UnityEditor.TestRunner/TestRun/Tasks/Platform/PlatformSpecificSuccessfulLaunchTask.cs - Importer: ScriptedImporter/UnityEditor.QuickSearchModule:UnityEditor.Search:ASIAI0B
Importing 'GUID: 31d26a10516a4ac7a9bfdcac13a6386e - Path: Packages/com.unity.test-framework/UnityEditor.TestRunner/TestRun/Tasks/Platform/PlatformSpecificSuccessfulLaunchTask.cs - Importer: ScriptedImporter/UnityEditor.QuickSearchModule:UnityEditor.Search:ASIAI0B' with importer (ScriptedImporter : UnityEditor.QuickSearchModule:UnityEditor.Search:ASIAI0B)
Imported 'GUID: 31d26a10516a4ac7a9bfdcac13a6386e' -> (Import Result ID: '6b7b47d231f13883eddaa018b533f159') in 0.001 seconds [static and dynamic dependencies]. Details - ImportResultOutputID=934df8e85bb9588d4b3c8758ccc92253 DependenciesID=e04699917d9cda3d6667eeabbffbf13c StaticDependenciesID=c8535b57b10e2d27a57b533886ae49c1 
Number of updated asset objects reloaded before import = 0
Number of asset objects unloaded after import = 0
========================================================================
Received Import Request.
  Time of request: 2026-10-01T17:13:24.8609834Z
  Time since last request: 0.0005307 seconds.
  importAddress: GUID: 9b1a5759726ef9d39a0ab82047b615f1 - Path: Packages/com.unity.modules.hierarchycore/package.json - Importer: ScriptedImporter/UnityEditor.QuickSearchModule:UnityEditor.Search:ASIAI0B
Importing 'GUID: 9b1a5759726ef9d39a0ab82047b615f1 - Path: Packages/com.unity.modules.hierarchycore/package.json - Importer: ScriptedImporter/UnityEditor.QuickSearchModule:UnityEditor.Search:ASIAI0B' with importer (ScriptedImporter : UnityEditor.QuickSearchModule:UnityEditor.Search:ASIAI0B)
Imported 'GUID: 9b1a5759726ef9d39a0ab82047b615f1' -> (Import Result ID: '5819f6430945fe1c39fcba9257c209ea') in 0.002 seconds [static and dynamic dependencies]. Details - ImportResultOutputID=73d414abbfc444216f793268b4de7f2c DependenciesID=81906b3d27980bc23054f6f66ebe5b3c StaticDependenciesID=fce92ec5282ed28456140216b3db54f3 
Number of updated asset objects reloaded before import = 0
Number of asset objects unloaded after import = 1
========================================================================
Received Import Request.
  Time of request: 2026-10-01T17:13:24.8691228Z
  Time since last request: 0.0002377 seconds.
  importAddress: GUID: 41b01d3964f844d8b43923c18b3a9a6f - Path: Packages/com.unity.inputsystem/DocCodeSamples.Tests/DocCodeSamples.asmdef - Importer: ScriptedImporter/UnityEditor.QuickSearchModule:UnityEditor.Search:ASIAI0B
Importing 'GUID: 41b01d3964f844d8b43923c18b3a9a6f - Path: Packages/com.unity.inputsystem/DocCodeSamples.Tests/DocCodeSamples.asmdef - Importer: ScriptedImporter/UnityEditor.QuickSearchModule:UnityEditor.Search:ASIAI0B' with importer (ScriptedImporter : UnityEditor.QuickSearchModule:UnityEditor.Search:ASIAI0B)
Imported 'GUID: 41b01d3964f844d8b43923c18b3a9a6f' -> (Import Result ID: 'c9da120f495715429e6d9342c9d2bb46') in 0.002 seconds [static and dynamic dependencies]. Details - ImportResultOutputID=522ba59436fd0e1033fb076e8cc7f93b DependenciesID=386b8b384697d2de0082473a87bf6c79 StaticDependenciesID=ff1789c237b28dd11f3787081d64c196 
Number of updated asset objects reloaded before import = 0
Number of asset objects unloaded after import = 1
========================================================================
Received Import Request.
  Time of request: 2026-10-01T17:13:24.8779945Z
  Time since last request: 0.0001946 seconds.
  importAddress: GUID: 21e367e100361604f9ad6287fd367d4a - Path: Packages/com.unity.inputsystem/ValidationConfig.json - Importer: ScriptedImporter/UnityEditor.QuickSearchModule:UnityEditor.Search:ASIAI0B
Importing 'GUID: 21e367e100361604f9ad6287fd367d4a - Path: Packages/com.unity.inputsystem/ValidationConfig.json - Importer: ScriptedImporter/UnityEditor.QuickSearchModule:UnityEditor.Search:ASIAI0B' with importer (ScriptedImporter : UnityEditor.QuickSearchModule:UnityEditor.Search:ASIAI0B)
Imported 'GUID: 21e367e100361604f9ad6287fd367d4a' -> (Import Result ID: '32b0e922693443e0998b90bdc0abf67f') in 0.001 seconds [static and dynamic dependencies]. Details - ImportResultOutputID=ac24ea538c3a871b13593fb8be3a759f DependenciesID=14da98a30852ae9ea9ff43248c9d1a55 StaticDependenciesID=63e21f601a02529114021c449c27b136 
Number of updated asset objects reloaded before import = 0
Number of asset objects unloaded after import = 1
========================================================================
Received Import Request.
  Time of request: 2026-10-01T17:13:24.8859241Z
  Time since last request: 0.0001824 seconds.
  importAddress: GUID: 9858d4c8055fd45539a2e86388f7c5ba - Path: Packages/com.unity.inputsystem/InputSystem/Editor/DownloadableSample.cs - Importer: ScriptedImporter/UnityEditor.QuickSearchModule:UnityEditor.Search:ASIAI0B
Importing 'GUID: 9858d4c8055fd45539a2e86388f7c5ba - Path: Packages/com.unity.inputsystem/InputSystem/Editor/DownloadableSample.cs - Importer: ScriptedImporter/UnityEditor.QuickSearchModule:UnityEditor.Search:ASIAI0B' with importer (ScriptedImporter : UnityEditor.QuickSearchModule:UnityEditor.Search:ASIAI0B)
Imported 'GUID: 9858d4c8055fd45539a2e86388f7c5ba' -> (Import Result ID: 'b61de0d0d87d1add1fe8e4b0b25192f2') in 0.001 seconds [static and dynamic dependencies]. Details - ImportResultOutputID=f37ec8d793d633bf55f4d61c27fd06c8 DependenciesID=d660380f701dbcc6232e6bb4c82819fb StaticDependenciesID=8b5a1d1f383c8c6de4e241c213ca0c3d 
Number of updated asset objects reloaded before import = 0
Number of asset objects unloaded after import = 0
========================================================================
Received Import Request.
  Time of request: 2026-10-01T17:13:24.8931911Z
  Time since last request: 0.0001624 seconds.
  importAddress: GUID: 8a752aaaadd2410dd9a84e01c1bace9f - Path: Packages/com.unity.modules.uielements/package.ModuleCompilationTrigger - Importer: ScriptedImporter/UnityEditor.QuickSearchModule:UnityEditor.Search:ASIAI0B
Importing 'GUID: 8a752aaaadd2410dd9a84e01c1bace9f - Path: Packages/com.unity.modules.uielements/package.ModuleCompilationTrigger - Importer: ScriptedImporter/UnityEditor.QuickSearchModule:UnityEditor.Search:ASIAI0B' with importer (ScriptedImporter : UnityEditor.QuickSearchModule:UnityEditor.Search:ASIAI0B)
Imported 'GUID: 8a752aaaadd2410dd9a84e01c1bace9f' -> (Import Result ID: '32241fd2b61868472b1d9eafba41a199') in 0.002 seconds [static and dynamic dependencies]. Details - ImportResultOutputID=c24c0c2a1e8235a2c827bc35bf6e1c72 DependenciesID=850f36789208bcb839dcc4c7b5bd6982 StaticDependenciesID=35dfe791e53225291e18c695a538c073 
Number of updated asset objects reloaded before import = 0
Number of asset objects unloaded after import = 1
========================================================================
Received Import Request.
  Time of request: 2026-10-01T17:13:24.9010501Z
  Time since last request: 0.0001758 seconds.
  importAddress: GUID: 2c814623cb42764d304be0c5ddd03ceb - Path: Packages/com.unity.modules.xr/package.json - Importer: ScriptedImporter/UnityEditor.QuickSearchModule:UnityEditor.Search:ASIAI0B
Importing 'GUID: 2c814623cb42764d304be0c5ddd03ceb - Path: Packages/com.unity.modules.xr/package.json - Importer: ScriptedImporter/UnityEditor.QuickSearchModule:UnityEditor.Search:ASIAI0B' with importer (ScriptedImporter : UnityEditor.QuickSearchModule:UnityEditor.Search:ASIAI0B)
Imported 'GUID: 2c814623cb42764d304be0c5ddd03ceb' -> (Import Result ID: '33bcfc8738404efefb284a1669b63521') in 0.001 seconds [static and dynamic dependencies]. Details - ImportResultOutputID=3587360da48bbafc6ac82d2e6d52c071 DependenciesID=d83d558c54698da155b639f3135b4898 StaticDependenciesID=f1a93d6735979a143829cf2ff7442362 
Number of updated asset objects reloaded before import = 0
Number of asset objects unloaded after import = 1
========================================================================
Received Import Request.
  Time of request: 2026-10-01T17:13:24.9098492Z
  Time since last request: 0.000262 seconds.
  importAddress: GUID: 1b6246f2248883964991eac9e9b4817c - Path: Packages/com.unity.modules.umbra/package.ModuleCompilationTrigger - Importer: ScriptedImporter/UnityEditor.QuickSearchModule:UnityEditor.Search:ASIAI0B
Importing 'GUID: 1b6246f2248883964991eac9e9b4817c - Path: Packages/com.unity.modules.umbra/package.ModuleCompilationTrigger - Importer: ScriptedImporter/UnityEditor.QuickSearchModule:UnityEditor.Search:ASIAI0B' with importer (ScriptedImporter : UnityEditor.QuickSearchModule:UnityEditor.Search:ASIAI0B)
Imported 'GUID: 1b6246f2248883964991eac9e9b4817c' -> (Import Result ID: 'be259299f3fef3616ef453e349a8859d') in 0.002 seconds [static and dynamic dependencies]. Details - ImportResultOutputID=eeecd3afc046dd80823606bce5365bd0 DependenciesID=9ba6b1d67b305e8b184d97f302c2e894 StaticDependenciesID=0999fa7bb55e4b556a0fb20a4b05f116 
Number of updated asset objects reloaded before import = 0
Number of asset objects unloaded after import = 1
========================================================================
Received Import Request.
  Time of request: 2026-10-01T17:13:24.9186688Z
  Time since last request: 0.0002451 seconds.
  importAddress: GUID: bfcb3ba499f7d452b92d9a9cc3378788 - Path: Packages/com.unity.ext.nunit/Third Party Notices.md - Importer: ScriptedImporter/UnityEditor.QuickSearchModule:UnityEditor.Search:ASIAI0B
Importing 'GUID: bfcb3ba499f7d452b92d9a9cc3378788 - Path: Packages/com.unity.ext.nunit/Third Party Notices.md - Importer: ScriptedImporter/UnityEditor.QuickSearchModule:UnityEditor.Search:ASIAI0B' with importer (ScriptedImporter : UnityEditor.QuickSearchModule:UnityEditor.Search:ASIAI0B)
Imported 'GUID: bfcb3ba499f7d452b92d9a9cc3378788' -> (Import Result ID: 'd55bee5f7223aa6f13594a50c604408b') in 0.002 seconds [static and dynamic dependencies]. Details - ImportResultOutputID=dc48aca52ccfa6c0af8f85a8f0d41899 DependenciesID=1622d008e4e8c533578a9b3bbd9d17c9 StaticDependenciesID=901bdab89cb96b2f8f7eb9d361a82df1 
Number of updated asset objects reloaded before import = 0
Number of asset objects unloaded after import = 1
========================================================================
Received Import Request.
  Time of request: 2026-10-01T17:13:24.9468339Z
  Time since last request: 0.0193069 seconds.
  importAddress: GUID: 32ca74660a65e46c4b2bc0f3e3c327f4 - Path: Packages/com.unity.inputsystem/InputSystem/Runtime/InputEditorUserSettings.cs - Importer: ScriptedImporter/UnityEditor.QuickSearchModule:UnityEditor.Search:ASIAI0B
Importing 'GUID: 32ca74660a65e46c4b2bc0f3e3c327f4 - Path: Packages/com.unity.inputsystem/InputSystem/Runtime/InputEditorUserSettings.cs - Importer: ScriptedImporter/UnityEditor.QuickSearchModule:UnityEditor.Search:ASIAI0B' with importer (ScriptedImporter : UnityEditor.QuickSearchModule:UnityEditor.Search:ASIAI0B)
Imported 'GUID: 32ca74660a65e46c4b2bc0f3e3c327f4' -> (Import Result ID: '2a43ba17f46526ffdb4da4c86a27f86d') in 0.001 seconds [static and dynamic dependencies]. Details - ImportResultOutputID=b381ab56213cd8558acb15d9e6dd1a02 DependenciesID=3461928d3d0e3ec9857eb1cdfa1b67f9 StaticDependenciesID=f94c8af17b8d023b84dd375406713f25 
Number of updated asset objects reloaded before import = 0
Number of asset objects unloaded after import = 0
========================================================================
Received Import Request.
  Time of request: 2026-10-01T17:13:24.955566Z
  Time since last request: 0.0002048 seconds.
  importAddress: GUID: 595b51cc3a67d49dd9168092dc0f6eec - Path: Packages/com.unity.inputsystem/InputSystem/Runtime/NativeInputRuntime.cs - Importer: ScriptedImporter/UnityEditor.QuickSearchModule:UnityEditor.Search:ASIAI0B
Importing 'GUID: 595b51cc3a67d49dd9168092dc0f6eec - Path: Packages/com.unity.inputsystem/InputSystem/Runtime/NativeInputRuntime.cs - Importer: ScriptedImporter/UnityEditor.QuickSearchModule:UnityEditor.Search:ASIAI0B' with importer (ScriptedImporter : UnityEditor.QuickSearchModule:UnityEditor.Search:ASIAI0B)
Imported 'GUID: 595b51cc3a67d49dd9168092dc0f6eec' -> (Import Result ID: 'd51daff84071cf16df54240130b5ce8c') in 0.001 seconds [static and dynamic dependencies]. Details - ImportResultOutputID=2814102e0785e66a2b616764ac12d25e DependenciesID=02e849603d01e0112d763cedab4a0440 StaticDependenciesID=19f5f9d11930da957a8b94cc141eb1e6 
Number of updated asset objects reloaded before import = 0
Number of asset objects unloaded after import = 0
========================================================================
Received Import Request.
  Time of request: 2026-10-01T17:13:24.9832324Z
  Time since last request: 0.0202188 seconds.
  importAddress: GUID: 183f7887e5104e1593ce980b9d0159e3 - Path: Packages/com.unity.inputsystem/InputSystem/Editor/Analytics/VirtualMouseInputEditorAnalytic.cs - Importer: ScriptedImporter/UnityEditor.QuickSearchModule:UnityEditor.Search:ASIAI0B
Importing 'GUID: 183f7887e5104e1593ce980b9d0159e3 - Path: Packages/com.unity.inputsystem/InputSystem/Editor/Analytics/VirtualMouseInputEditorAnalytic.cs - Importer: ScriptedImporter/UnityEditor.QuickSearchModule:UnityEditor.Search:ASIAI0B' with importer (ScriptedImporter : UnityEditor.QuickSearchModule:UnityEditor.Search:ASIAI0B)
Imported 'GUID: 183f7887e5104e1593ce980b9d0159e3' -> (Import Result ID: '49a9af9bb5cb2e6110f60440deeb3958') in 0.002 seconds [static and dynamic dependencies]. Details - ImportResultOutputID=87c9e50800fbee4c8dc857d7c3874557 DependenciesID=7a173a4b7772427c44fcf2db8841e0d2 StaticDependenciesID=88918baa544ee7350b6be32a0986ba97 
Number of updated asset objects reloaded before import = 0
Number of asset objects unloaded after import = 0
========================================================================
Received Import Request.
  Time of request: 2026-10-01T17:13:24.9924248Z
  Time since last request: 0.0002189 seconds.
  importAddress: GUID: c5b4f9c3390c14106a5006fd5d3d3cbe - Path: Packages/com.unity.inputsystem/InputSystem/Editor/AssetEditor/InputActionAssetManager.cs - Importer: ScriptedImporter/UnityEditor.QuickSearchModule:UnityEditor.Search:ASIAI0B
Importing 'GUID: c5b4f9c3390c14106a5006fd5d3d3cbe - Path: Packages/com.unity.inputsystem/InputSystem/Editor/AssetEditor/InputActionAssetManager.cs - Importer: ScriptedImporter/UnityEditor.QuickSearchModule:UnityEditor.Search:ASIAI0B' with importer (ScriptedImporter : UnityEditor.QuickSearchModule:UnityEditor.Search:ASIAI0B)
Imported 'GUID: c5b4f9c3390c14106a5006fd5d3d3cbe' -> (Import Result ID: '05b1a1b791c3f202ef3659941f21d894') in 0.001 seconds [static and dynamic dependencies]. Details - ImportResultOutputID=21d0be64d6f1e7d1ee28069cd19b1638 DependenciesID=c99670ca57a9e9813f1263ec82510d22 StaticDependenciesID=e06c8a6a9e895095f1ab861981cd85a7 
Number of updated asset objects reloaded before import = 0
Number of asset objects unloaded after import = 0
========================================================================
Received Import Request.
  Time of request: 2026-10-01T17:13:25.0012621Z
  Time since last request: 0.0001922 seconds.
  importAddress: GUID: 3ae5734e49d646442ad24f37762ebdd2 - Path: Packages/com.unity.inputsystem/Tests/IntegrationTests/Unity.InputSystem.IntegrationTests.asmdef - Importer: ScriptedImporter/UnityEditor.QuickSearchModule:UnityEditor.Search:ASIAI0B
Importing 'GUID: 3ae5734e49d646442ad24f37762ebdd2 - Path: Packages/com.unity.inputsystem/Tests/IntegrationTests/Unity.InputSystem.IntegrationTests.asmdef - Importer: ScriptedImporter/UnityEditor.QuickSearchModule:UnityEditor.Search:ASIAI0B' with importer (ScriptedImporter : UnityEditor.QuickSearchModule:UnityEditor.Search:ASIAI0B)
Imported 'GUID: 3ae5734e49d646442ad24f37762ebdd2' -> (Import Result ID: '0f2e38b015f3bfd2f46f593f21a72c2b') in 0.002 seconds [static and dynamic dependencies]. Details - ImportResultOutputID=5ca5b16a3b56c8b196983a3e34496f01 DependenciesID=81dc5a984c817fa6659d37b26b597042 StaticDependenciesID=eb985e046342bca940ea3a0c88bba136 
Number of updated asset objects reloaded before import = 0
Number of asset objects unloaded after import = 1
========================================================================
Received Import Request.
  Time of request: 2026-10-01T17:13:25.0102722Z
  Time since last request: 0.0001973 seconds.
  importAddress: GUID: 862c5ca31844d4a6d9aa804af982ce65 - Path: Packages/com.unity.inputsystem/InputSystem/Editor/Icons/Add Binding@4x.png - Importer: ScriptedImporter/UnityEditor.QuickSearchModule:UnityEditor.Search:ASIAI0B
Importing 'GUID: 862c5ca31844d4a6d9aa804af982ce65 - Path: Packages/com.unity.inputsystem/InputSystem/Editor/Icons/Add Binding@4x.png - Importer: ScriptedImporter/UnityEditor.QuickSearchModule:UnityEditor.Search:ASIAI0B' with importer (ScriptedImporter : UnityEditor.QuickSearchModule:UnityEditor.Search:ASIAI0B)
Imported 'GUID: 862c5ca31844d4a6d9aa804af982ce65' -> (Import Result ID: '3666d29164b71dd4409aadaab5dbc164') in 0.032 seconds [static and dynamic dependencies]. Details - ImportResultOutputID=f4085397f8b1a2d0658e45081818a186 DependenciesID=38ba981e82d5966fcf27159dc993c457 StaticDependenciesID=e5075b603712998f2812ee2785d31716 
Number of updated asset objects reloaded before import = 0
Number of asset objects unloaded after import = 1
========================================================================
Received Import Request.
  Time of request: 2026-10-01T17:13:25.0499898Z
  Time since last request: 0.0002676 seconds.
  importAddress: GUID: 2e27a82b5cc4e4ef98cbef2d0b324aed - Path: Packages/com.unity.inputsystem/InputSystem/Editor/Icons/Axis@3x.png - Importer: ScriptedImporter/UnityEditor.QuickSearchModule:UnityEditor.Search:ASIAI0B
Importing 'GUID: 2e27a82b5cc4e4ef98cbef2d0b324aed - Path: Packages/com.unity.inputsystem/InputSystem/Editor/Icons/Axis@3x.png - Importer: ScriptedImporter/UnityEditor.QuickSearchModule:UnityEditor.Search:ASIAI0B' with importer (ScriptedImporter : UnityEditor.QuickSearchModule:UnityEditor.Search:ASIAI0B)
Imported 'GUID: 2e27a82b5cc4e4ef98cbef2d0b324aed' -> (Import Result ID: '5f8ff6f2b01b9717dbc7b825409a1f6b') in 0.003 seconds [static and dynamic dependencies]. Details - ImportResultOutputID=841ae09af9d4b1bc2ab1d9f0f1f8cbfb DependenciesID=e2d40038b1d55f82ca5af1c7d61bde43 StaticDependenciesID=0fb88c569fd1fa26c5db9911199df1ca 
Number of updated asset objects reloaded before import = 0
Number of asset objects unloaded after import = 1
========================================================================
Received Import Request.
  Time of request: 2026-10-01T17:13:25.0724439Z
  Time since last request: 0.0125552 seconds.
  importAddress: GUID: c4235c4abfa134435bd4c8c1f8fd8c56 - Path: Packages/com.unity.inputsystem/InputSystem/Editor/Icons/d_InputControl@2x.png - Importer: ScriptedImporter/UnityEditor.QuickSearchModule:UnityEditor.Search:ASIAI0B
Importing 'GUID: c4235c4abfa134435bd4c8c1f8fd8c56 - Path: Packages/com.unity.inputsystem/InputSystem/Editor/Icons/d_InputControl@2x.png - Importer: ScriptedImporter/UnityEditor.QuickSearchModule:UnityEditor.Search:ASIAI0B' with importer (ScriptedImporter : UnityEditor.QuickSearchModule:UnityEditor.Search:ASIAI0B)
Imported 'GUID: c4235c4abfa134435bd4c8c1f8fd8c56' -> (Import Result ID: '06df00a3b6e87972e155576f821a0e2a') in 0.005 seconds [static and dynamic dependencies]. Details - ImportResultOutputID=58ce35aabdc299f07c086700bb7bf060 DependenciesID=73c4a89c6cc27fc86e540b806c9e583a StaticDependenciesID=abab4862fe4aef0908261a25b2687570 
Number of updated asset objects reloaded before import = 0
Number of asset objects unloaded after import = 1
========================================================================
Received Import Request.
  Time of request: 2026-10-01T17:13:25.0844188Z
  Time since last request: 0.0002371 seconds.
  importAddress: GUID: ba304f5556a3a4fac98d126883083e7e - Path: Packages/com.unity.inputsystem/InputSystem/Editor/Icons/ChevronDown.png - Importer: ScriptedImporter/UnityEditor.QuickSearchModule:UnityEditor.Search:ASIAI0B
Importing 'GUID: ba304f5556a3a4fac98d126883083e7e - Path: Packages/com.unity.inputsystem/InputSystem/Editor/Icons/ChevronDown.png - Importer: ScriptedImporter/UnityEditor.QuickSearchModule:UnityEditor.Search:ASIAI0B' with importer (ScriptedImporter : UnityEditor.QuickSearchModule:UnityEditor.Search:ASIAI0B)
Imported 'GUID: ba304f5556a3a4fac98d126883083e7e' -> (Import Result ID: '1527a2cd9e3f8c4de2447379540e5b50') in 0.003 seconds [static and dynamic dependencies]. Details - ImportResultOutputID=028c3787c8aff7a486b400b8167d03cb DependenciesID=e6d5a7f91d5e56961d0c16b2b7e5800b StaticDependenciesID=1404be07d37e82d2e001d05c6cb6d4e6 
Number of updated asset objects reloaded before import = 0
Number of asset objects unloaded after import = 1
========================================================================
Received Import Request.
  Time of request: 2026-10-01T17:13:25.0943017Z
  Time since last request: 0.0001392 seconds.
  importAddress: GUID: 62c846073cb844a2b926e4bbd3189647 - Path: Packages/com.unity.inputsystem/InputSystem/Editor/Icons/d_Axis@3x.png - Importer: ScriptedImporter/UnityEditor.QuickSearchModule:UnityEditor.Search:ASIAI0B
Importing 'GUID: 62c846073cb844a2b926e4bbd3189647 - Path: Packages/com.unity.inputsystem/InputSystem/Editor/Icons/d_Axis@3x.png - Importer: ScriptedImporter/UnityEditor.QuickSearchModule:UnityEditor.Search:ASIAI0B' with importer (ScriptedImporter : UnityEditor.QuickSearchModule:UnityEditor.Search:ASIAI0B)
Imported 'GUID: 62c846073cb844a2b926e4bbd3189647' -> (Import Result ID: 'a108a274e0fc9ae3ab93e67a771679f4') in 0.003 seconds [static and dynamic dependencies]. Details - ImportResultOutputID=08db247cab569a2ce7b244b4f4c117f4 DependenciesID=8e3c05fe2b970082823cff4259f7fd4c StaticDependenciesID=ad6cf7de1c0bacab6f74abffaede2ba4 
Number of updated asset objects reloaded before import = 0
Number of asset objects unloaded after import = 1
========================================================================
Received Import Request.
  Time of request: 2026-10-01T17:13:25.1047415Z
  Time since last request: 0.0001921 seconds.
  importAddress: GUID: 06ad495fb07444736b59782982d96250 - Path: Packages/com.unity.inputsystem/InputSystem/Editor/Icons/d_ChevronDown.png - Importer: ScriptedImporter/UnityEditor.QuickSearchModule:UnityEditor.Search:ASIAI0B
Importing 'GUID: 06ad495fb07444736b59782982d96250 - Path: Packages/com.unity.inputsystem/InputSystem/Editor/Icons/d_ChevronDown.png - Importer: ScriptedImporter/UnityEditor.QuickSearchModule:UnityEditor.Search:ASIAI0B' with importer (ScriptedImporter : UnityEditor.QuickSearchModule:UnityEditor.Search:ASIAI0B)
Imported 'GUID: 06ad495fb07444736b59782982d96250' -> (Import Result ID: '2c13fb60e4a980bb3dad782dbc3cc5e3') in 0.003 seconds [static and dynamic dependencies]. Details - ImportResultOutputID=8fc5ed02c13a99062c3aa6412f55dd84 DependenciesID=03f60fc902b666da6c4349ca7e365cf0 StaticDependenciesID=d15a05ad9bd8a14eccf37c8ce3776917 
Number of updated asset objects reloaded before import = 0
Number of asset objects unloaded after import = 1
========================================================================
Received Import Request.
  Time of request: 2026-10-01T17:13:25.1143662Z
  Time since last request: 0.0001869 seconds.
  importAddress: GUID: ca933a91c81734ddd88b17c8481ec1e9 - Path: Packages/com.unity.inputsystem/InputSystem/Editor/Icons/d_Add Binding@3x.png - Importer: ScriptedImporter/UnityEditor.QuickSearchModule:UnityEditor.Search:ASIAI0B
Importing 'GUID: ca933a91c81734ddd88b17c8481ec1e9 - Path: Packages/com.unity.inputsystem/InputSystem/Editor/Icons/d_Add Binding@3x.png - Importer: ScriptedImporter/UnityEditor.QuickSearchModule:UnityEditor.Search:ASIAI0B' with importer (ScriptedImporter : UnityEditor.QuickSearchModule:UnityEditor.Search:ASIAI0B)
Imported 'GUID: ca933a91c81734ddd88b17c8481ec1e9' -> (Import Result ID: '0c1a6f32d75a5231fc523a1bff9458b9') in 0.003 seconds [static and dynamic dependencies]. Details - ImportResultOutputID=9f6370cceabe452127911a0a8f9b3f3e DependenciesID=ae3e84dc9583159ad5204a97fc866930 StaticDependenciesID=0ff24cd7966d4db58e6c8372177908db 
Number of updated asset objects reloaded before import = 0
Number of asset objects unloaded after import = 1
========================================================================
Received Import Request.
  Time of request: 2026-10-01T17:13:25.1243274Z
  Time since last request: 0.0002426 seconds.
  importAddress: GUID: 3b78dc1763429489c9a1c70faf4f9a0e - Path: Packages/com.unity.inputsystem/InputSystem/Editor/Icons/d_Interactive Binding@2x.png - Importer: ScriptedImporter/UnityEditor.QuickSearchModule:UnityEditor.Search:ASIAI0B
Importing 'GUID: 3b78dc1763429489c9a1c70faf4f9a0e - Path: Packages/com.unity.inputsystem/InputSystem/Editor/Icons/d_Interactive Binding@2x.png - Importer: ScriptedImporter/UnityEditor.QuickSearchModule:UnityEditor.Search:ASIAI0B' with importer (ScriptedImporter : UnityEditor.QuickSearchModule:UnityEditor.Search:ASIAI0B)
Imported 'GUID: 3b78dc1763429489c9a1c70faf4f9a0e' -> (Import Result ID: '84a6294fee257fc97eaa4b664a8d0159') in 0.004 seconds [static and dynamic dependencies]. Details - ImportResultOutputID=4c0b1ac0ff1c09100c0cc9a58eb74b6d DependenciesID=72d4ca617ee2c3cda6d219677f89c5fe StaticDependenciesID=02b0277bd178335f2957a0753bfe323c 
Number of updated asset objects reloaded before import = 0
Number of asset objects unloaded after import = 1
========================================================================
Received Import Request.
  Time of request: 2026-10-01T17:13:25.1368651Z
  Time since last request: 0.0002727 seconds.
  importAddress: GUID: daa9ba527d8a34b218224b8287ce11d3 - Path: Packages/com.unity.inputsystem/InputSystem/Editor/Icons/d_Mouse@2x.png - Importer: ScriptedImporter/UnityEditor.QuickSearchModule:UnityEditor.Search:ASIAI0B
Importing 'GUID: daa9ba527d8a34b218224b8287ce11d3 - Path: Packages/com.unity.inputsystem/InputSystem/Editor/Icons/d_Mouse@2x.png - Importer: ScriptedImporter/UnityEditor.QuickSearchModule:UnityEditor.Search:ASIAI0B' with importer (ScriptedImporter : UnityEditor.QuickSearchModule:UnityEditor.Search:ASIAI0B)
Imported 'GUID: daa9ba527d8a34b218224b8287ce11d3' -> (Import Result ID: '7fdcbfbf8168e4690f4b0d58510ca664') in 0.003 seconds [static and dynamic dependencies]. Details - ImportResultOutputID=d515d3055b61f846a34c859343cb6507 DependenciesID=8895ebe8554d556d470f777dff7c168c StaticDependenciesID=60780a91984e4bebaf72e1f6024c6d79 
Number of updated asset objects reloaded before import = 0
Number of asset objects unloaded after import = 1
========================================================================
Received Import Request.
  Time of request: 2026-10-01T17:13:25.1464489Z
  Time since last request: 0.0001914 seconds.
  importAddress: GUID: e46ad23216d074f828f3437b21912c64 - Path: Packages/com.unity.inputsystem/InputSystem/Editor/Icons/d_ChevronUp@4x.png - Importer: ScriptedImporter/UnityEditor.QuickSearchModule:UnityEditor.Search:ASIAI0B
Importing 'GUID: e46ad23216d074f828f3437b21912c64 - Path: Packages/com.unity.inputsystem/InputSystem/Editor/Icons/d_ChevronUp@4x.png - Importer: ScriptedImporter/UnityEditor.QuickSearchModule:UnityEditor.Search:ASIAI0B' with importer (ScriptedImporter : UnityEditor.QuickSearchModule:UnityEditor.Search:ASIAI0B)
Imported 'GUID: e46ad23216d074f828f3437b21912c64' -> (Import Result ID: '839d4bd0745406124ed38e54f2432381') in 0.003 seconds [static and dynamic dependencies]. Details - ImportResultOutputID=b23191daa3e58d4173a3148a6535c877 DependenciesID=8e866bc4f5a2a15cf27ba5d878a4b7fb StaticDependenciesID=feb42ccff89872dd4b5f7325d8ab6e24 
Number of updated asset objects reloaded before import = 0
Number of asset objects unloaded after import = 1
========================================================================
Received Import Request.
  Time of request: 2026-10-01T17:13:25.1572782Z
  Time since last request: 0.0002654 seconds.
  importAddress: GUID: c933c2bcad7ef46309fde7c1cf11b39a - Path: Packages/com.unity.inputsystem/InputSystem/Editor/Icons/d_Orientation.png - Importer: ScriptedImporter/UnityEditor.QuickSearchModule:UnityEditor.Search:ASIAI0B
Importing 'GUID: c933c2bcad7ef46309fde7c1cf11b39a - Path: Packages/com.unity.inputsystem/InputSystem/Editor/Icons/d_Orientation.png - Importer: ScriptedImporter/UnityEditor.QuickSearchModule:UnityEditor.Search:ASIAI0B' with importer (ScriptedImporter : UnityEditor.QuickSearchModule:UnityEditor.Search:ASIAI0B)
Imported 'GUID: c933c2bcad7ef46309fde7c1cf11b39a' -> (Import Result ID: '1cb4175ac6831d1fef7b497cf178e3e5') in 0.004 seconds [static and dynamic dependencies]. Details - ImportResultOutputID=7d099fb4933ce93b1dc6542903e96025 DependenciesID=4d36ccd23693cf175354030e5cb394d9 StaticDependenciesID=b6c33f43beea2bc36f9f435cf052ffbe 
Number of updated asset objects reloaded before import = 0
Number of asset objects unloaded after import = 1
========================================================================
Received Import Request.
  Time of request: 2026-10-01T17:13:25.1791049Z
  Time since last request: 0.0106489 seconds.
  importAddress: GUID: 0aec7c7bf99354f66bc2a1d18bd0b4d2 - Path: Packages/com.unity.inputsystem/InputSystem/Editor/Icons/d_Pen@4x.png - Importer: ScriptedImporter/UnityEditor.QuickSearchModule:UnityEditor.Search:ASIAI0B
Importing 'GUID: 0aec7c7bf99354f66bc2a1d18bd0b4d2 - Path: Packages/com.unity.inputsystem/InputSystem/Editor/Icons/d_Pen@4x.png - Importer: ScriptedImporter/UnityEditor.QuickSearchModule:UnityEditor.Search:ASIAI0B' with importer (ScriptedImporter : UnityEditor.QuickSearchModule:UnityEditor.Search:ASIAI0B)
Imported 'GUID: 0aec7c7bf99354f66bc2a1d18bd0b4d2' -> (Import Result ID: 'b5862c4f306a8842014dfbf900909ea3') in 0.004 seconds [static and dynamic dependencies]. Details - ImportResultOutputID=179c22cb016f5a128606b0988cdf6ae9 DependenciesID=d6e36ba8f5569099b7e9da3f1d64e6d1 StaticDependenciesID=426e24575756707368b5d91054efe944 
Number of updated asset objects reloaded before import = 0
Number of asset objects unloaded after import = 1
========================================================================
Received Import Request.
  Time of request: 2026-10-01T17:13:25.1893487Z
  Time since last request: 0.0005588 seconds.
  importAddress: GUID: 6191a40940a3e46899ecf82fa8389d01 - Path: Packages/com.unity.inputsystem/InputSystem/Editor/Icons/Keyboard@3x.png - Importer: ScriptedImporter/UnityEditor.QuickSearchModule:UnityEditor.Search:ASIAI0B
Importing 'GUID: 6191a40940a3e46899ecf82fa8389d01 - Path: Packages/com.unity.inputsystem/InputSystem/Editor/Icons/Keyboard@3x.png - Importer: ScriptedImporter/UnityEditor.QuickSearchModule:UnityEditor.Search:ASIAI0B' with importer (ScriptedImporter : UnityEditor.QuickSearchModule:UnityEditor.Search:ASIAI0B)
Imported 'GUID: 6191a40940a3e46899ecf82fa8389d01' -> (Import Result ID: '7e7b31cb6b711e27a83c6e6cc498950f') in 0.004 seconds [static and dynamic dependencies]. Details - ImportResultOutputID=46b232e5df0a8b9733c4908ecf75b256 DependenciesID=2ab3b5bdeff09ef914b6ab530ac6f5de StaticDependenciesID=017423534cb8e4c002df55c0db6c82f1 
Number of updated asset objects reloaded before import = 0
Number of asset objects unloaded after import = 1
========================================================================
Received Import Request.
  Time of request: 2026-10-01T17:13:25.2001163Z
  Time since last request: 0.0002347 seconds.
  importAddress: GUID: 5881d226463a047cb8db57c9cb0ebc0f - Path: Packages/com.unity.inputsystem/InputSystem/Editor/Icons/Stick@2x.png - Importer: ScriptedImporter/UnityEditor.QuickSearchModule:UnityEditor.Search:ASIAI0B
Importing 'GUID: 5881d226463a047cb8db57c9cb0ebc0f - Path: Packages/com.unity.inputsystem/InputSystem/Editor/Icons/Stick@2x.png - Importer: ScriptedImporter/UnityEditor.QuickSearchModule:UnityEditor.Search:ASIAI0B' with importer (ScriptedImporter : UnityEditor.QuickSearchModule:UnityEditor.Search:ASIAI0B)
Imported 'GUID: 5881d226463a047cb8db57c9cb0ebc0f' -> (Import Result ID: '4e72d062a107cb4b860afe33a752bdc2') in 0.003 seconds [static and dynamic dependencies]. Details - ImportResultOutputID=85eab57a1ff6f61a5d6da03a87fe7869 DependenciesID=9b4e262dba1bc15cfa395f3dfbbb890c StaticDependenciesID=13f3fccac5c9c5852509fb08b31a7d91 
Number of updated asset objects reloaded before import = 0
Number of asset objects unloaded after import = 1
========================================================================
Received Import Request.
  Time of request: 2026-10-01T17:13:25.2107636Z
  Time since last request: 0.0003317 seconds.
  importAddress: GUID: 08c99f7c2a7fa410d8567323e32ad5f5 - Path: Packages/com.unity.inputsystem/InputSystem/Editor/Icons/InputControl@4x.png - Importer: ScriptedImporter/UnityEditor.QuickSearchModule:UnityEditor.Search:ASIAI0B
Importing 'GUID: 08c99f7c2a7fa410d8567323e32ad5f5 - Path: Packages/com.unity.inputsystem/InputSystem/Editor/Icons/InputControl@4x.png - Importer: ScriptedImporter/UnityEditor.QuickSearchModule:UnityEditor.Search:ASIAI0B' with importer (ScriptedImporter : UnityEditor.QuickSearchModule:UnityEditor.Search:ASIAI0B)
Imported 'GUID: 08c99f7c2a7fa410d8567323e32ad5f5' -> (Import Result ID: '3deee20d23ee490a946f797f1208e79b') in 0.003 seconds [static and dynamic dependencies]. Details - ImportResultOutputID=f1abd43b5e1bf09838825d6834d97bd8 DependenciesID=c8ce0477e1ac952d417d55ac97b03a4d StaticDependenciesID=c273d436bdc220974c908aab8bd3bce3 
Number of updated asset objects reloaded before import = 0
Number of asset objects unloaded after import = 1
========================================================================
Received Import Request.
  Time of request: 2026-10-01T17:13:25.2206721Z
  Time since last request: 0.0003115 seconds.
  importAddress: GUID: 17b3fef87d666459d860ad88452862da - Path: Packages/com.unity.inputsystem/InputSystem/Editor/Icons/d_Pen@3x.png - Importer: ScriptedImporter/UnityEditor.QuickSearchModule:UnityEditor.Search:ASIAI0B
Importing 'GUID: 17b3fef87d666459d860ad88452862da - Path: Packages/com.unity.inputsystem/InputSystem/Editor/Icons/d_Pen@3x.png - Importer: ScriptedImporter/UnityEditor.QuickSearchModule:UnityEditor.Search:ASIAI0B' with importer (ScriptedImporter : UnityEditor.QuickSearchModule:UnityEditor.Search:ASIAI0B)
Imported 'GUID: 17b3fef87d666459d860ad88452862da' -> (Import Result ID: 'f1123e95ea28c411cf536ae11433ef51') in 0.003 seconds [static and dynamic dependencies]. Details - ImportResultOutputID=c294aa803fc231938b6f2b415faf3a25 DependenciesID=06e1e789c0dafb5e6c45928fc4f142b1 StaticDependenciesID=154e0a589dd690431438e8c5a696e16d 
Number of updated asset objects reloaded before import = 0
Number of asset objects unloaded after import = 1
========================================================================
Received Import Request.
  Time of request: 2026-10-01T17:13:25.2316718Z
  Time since last request: 0.0003649 seconds.
  importAddress: GUID: e77ee65b5139048949dc0ac5614efeec - Path: Packages/com.unity.inputsystem/InputSystem/Editor/Icons/d_Touch@3x.png - Importer: ScriptedImporter/UnityEditor.QuickSearchModule:UnityEditor.Search:ASIAI0B
Importing 'GUID: e77ee65b5139048949dc0ac5614efeec - Path: Packages/com.unity.inputsystem/InputSystem/Editor/Icons/d_Touch@3x.png - Importer: ScriptedImporter/UnityEditor.QuickSearchModule:UnityEditor.Search:ASIAI0B' with importer (ScriptedImporter : UnityEditor.QuickSearchModule:UnityEditor.Search:ASIAI0B)
Imported 'GUID: e77ee65b5139048949dc0ac5614efeec' -> (Import Result ID: '3aca99e500e5883d5ead0fb72a23a3c6') in 0.004 seconds [static and dynamic dependencies]. Details - ImportResultOutputID=d2ecc4099316be09d2cb9b921562621f DependenciesID=43f0efeca333456ed69e15205870021d StaticDependenciesID=864dac034d3c37dfd30939df790bfa4a 
Number of updated asset objects reloaded before import = 0
Number of asset objects unloaded after import = 1
========================================================================
Received Import Request.
  Time of request: 2026-10-01T17:13:25.2422606Z
  Time since last request: 0.0003455 seconds.
  importAddress: GUID: a0b78c5ab9d654a9daba91ff774b4931 - Path: Packages/com.unity.inputsystem/InputSystem/Editor/Icons/Mouse@4x.png - Importer: ScriptedImporter/UnityEditor.QuickSearchModule:UnityEditor.Search:ASIAI0B
Importing 'GUID: a0b78c5ab9d654a9daba91ff774b4931 - Path: Packages/com.unity.inputsystem/InputSystem/Editor/Icons/Mouse@4x.png - Importer: ScriptedImporter/UnityEditor.QuickSearchModule:UnityEditor.Search:ASIAI0B' with importer (ScriptedImporter : UnityEditor.QuickSearchModule:UnityEditor.Search:ASIAI0B)
Imported 'GUID: a0b78c5ab9d654a9daba91ff774b4931' -> (Import Result ID: '38ff2ea88528fe3db443e4bac9f60078') in 0.006 seconds [static and dynamic dependencies]. Details - ImportResultOutputID=3dbb347273297223263bdc8d6ccc1ea3 DependenciesID=c4b4f0babf35193e2a90c782fc3f5159 StaticDependenciesID=f59f7c902e3e7457a8ae2ca3a7a3d6db 
Number of updated asset objects reloaded before import = 0
Number of asset objects unloaded after import = 1
========================================================================
Received Import Request.
  Time of request: 2026-10-01T17:13:25.2562386Z
  Time since last request: 0.0001934 seconds.
  importAddress: GUID: 17c8753d0e5e24194b06404851be7f13 - Path: Packages/com.unity.inputsystem/InputSystem/Editor/Icons/Gamepad.png - Importer: ScriptedImporter/UnityEditor.QuickSearchModule:UnityEditor.Search:ASIAI0B
Importing 'GUID: 17c8753d0e5e24194b06404851be7f13 - Path: Packages/com.unity.inputsystem/InputSystem/Editor/Icons/Gamepad.png - Importer: ScriptedImporter/UnityEditor.QuickSearchModule:UnityEditor.Search:ASIAI0B' with importer (ScriptedImporter : UnityEditor.QuickSearchModule:UnityEditor.Search:ASIAI0B)
Imported 'GUID: 17c8753d0e5e24194b06404851be7f13' -> (Import Result ID: 'b50d81d38b3087d3d26fa27e2b5dab6b') in 0.003 seconds [static and dynamic dependencies]. Details - ImportResultOutputID=c42df2a9d29dcb8e1ab5377b4a01af6e DependenciesID=51c4efdadfb4a8887542e8ae1a7bd9d5 StaticDependenciesID=1d12e484ea4b9ab77463e1a78818fb18 
Number of updated asset objects reloaded before import = 0
Number of asset objects unloaded after import = 1
========================================================================
Received Import Request.
  Time of request: 2026-10-01T17:13:25.2664879Z
  Time since last request: 0.0003289 seconds.
  importAddress: GUID: 7543bb6341c2140f292c8c852e7a3bbf - Path: Packages/com.unity.inputsystem/InputSystem/Editor/Icons/Gamepad@4x.png - Importer: ScriptedImporter/UnityEditor.QuickSearchModule:UnityEditor.Search:ASIAI0B
Importing 'GUID: 7543bb6341c2140f292c8c852e7a3bbf - Path: Packages/com.unity.inputsystem/InputSystem/Editor/Icons/Gamepad@4x.png - Importer: ScriptedImporter/UnityEditor.QuickSearchModule:UnityEditor.Search:ASIAI0B' with importer (ScriptedImporter : UnityEditor.QuickSearchModule:UnityEditor.Search:ASIAI0B)
Imported 'GUID: 7543bb6341c2140f292c8c852e7a3bbf' -> (Import Result ID: '4fd6d44d178a9973a7067b874c39de5b') in 0.003 seconds [static and dynamic dependencies]. Details - ImportResultOutputID=b3760a43256bf53d32316c82cbd972c4 DependenciesID=1281eec7f7b4839f89da66ccda16f386 StaticDependenciesID=8e7c2fe41140ea8bb66fd15d4a8247a8 
Number of updated asset objects reloaded before import = 0
Number of asset objects unloaded after import = 1
========================================================================
Received Import Request.
  Time of request: 2026-10-01T17:13:25.2845515Z
  Time since last request: 0.0083984 seconds.
  importAddress: GUID: 54ee1a1058dfd4e089fe94a8e880938e - Path: Packages/com.unity.inputsystem/InputSystem/Editor/Internal/GUIHelpers.cs - Importer: ScriptedImporter/UnityEditor.QuickSearchModule:UnityEditor.Search:ASIAI0B
Importing 'GUID: 54ee1a1058dfd4e089fe94a8e880938e - Path: Packages/com.unity.inputsystem/InputSystem/Editor/Internal/GUIHelpers.cs - Importer: ScriptedImporter/UnityEditor.QuickSearchModule:UnityEditor.Search:ASIAI0B' with importer (ScriptedImporter : UnityEditor.QuickSearchModule:UnityEditor.Search:ASIAI0B)
Imported 'GUID: 54ee1a1058dfd4e089fe94a8e880938e' -> (Import Result ID: 'b0d992b12b52b831fc0c5a8cb0020bec') in 0.002 seconds [static and dynamic dependencies]. Details - ImportResultOutputID=c759bfd1d9e105a3a86b89f3824da36d DependenciesID=44da3f91a3f69402db6cb58c1be711c1 StaticDependenciesID=b9b4d33e0d8916ca6dd3cfd2a73aea01 
Number of updated asset objects reloaded before import = 0
Number of asset objects unloaded after import = 0
========================================================================
Received Import Request.
  Time of request: 2026-10-01T17:13:25.2928616Z
  Time since last request: 0.0004792 seconds.
  importAddress: GUID: 7c93968c9be74a1fa43a3dad5eed4cbd - Path: Packages/com.unity.inputsystem/InputSystem/Editor/Internal/InputActionSerializationHelpers.cs - Importer: ScriptedImporter/UnityEditor.QuickSearchModule:UnityEditor.Search:ASIAI0B
Importing 'GUID: 7c93968c9be74a1fa43a3dad5eed4cbd - Path: Packages/com.unity.inputsystem/InputSystem/Editor/Internal/InputActionSerializationHelpers.cs - Importer: ScriptedImporter/UnityEditor.QuickSearchModule:UnityEditor.Search:ASIAI0B' with importer (ScriptedImporter : UnityEditor.QuickSearchModule:UnityEditor.Search:ASIAI0B)
Imported 'GUID: 7c93968c9be74a1fa43a3dad5eed4cbd' -> (Import Result ID: '3b5535d6611714694d62991b71a0310e') in 0.001 seconds [static and dynamic dependencies]. Details - ImportResultOutputID=bb4b9c228f9d021f4d5acbc11de91870 DependenciesID=b3b34d24377c185b5e462efbfd8cf075 StaticDependenciesID=128759bff494b4e5922745561dfc1cff 
Number of updated asset objects reloaded before import = 0
Number of asset objects unloaded after import = 0
========================================================================
Received Import Request.
  Time of request: 2026-10-01T17:13:25.3016114Z
  Time since last request: 0.0001902 seconds.
  importAddress: GUID: a6f2f33363708814e8530579e2d8cf2d - Path: Packages/com.unity.inputsystem/InputSystem/Editor/UITKAssetEditor/ReactiveProperty.cs - Importer: ScriptedImporter/UnityEditor.QuickSearchModule:UnityEditor.Search:ASIAI0B
Importing 'GUID: a6f2f33363708814e8530579e2d8cf2d - Path: Packages/com.unity.inputsystem/InputSystem/Editor/UITKAssetEditor/ReactiveProperty.cs - Importer: ScriptedImporter/UnityEditor.QuickSearchModule:UnityEditor.Search:ASIAI0B' with importer (ScriptedImporter : UnityEditor.QuickSearchModule:UnityEditor.Search:ASIAI0B)
Imported 'GUID: a6f2f33363708814e8530579e2d8cf2d' -> (Import Result ID: 'd28941c39d02818a828e0f1fa374dec1') in 0.002 seconds [static and dynamic dependencies]. Details - ImportResultOutputID=5a1c77271c2a3e47a4e34da1223097da DependenciesID=8459337c6fc76638d21e576299be95fa StaticDependenciesID=27b900ae4c1d3926a5a0171d97039af8 
Number of updated asset objects reloaded before import = 0
Number of asset objects unloaded after import = 0
========================================================================
Received Import Request.
  Time of request: 2026-10-01T17:13:25.3094721Z
  Time since last request: 0.0003472 seconds.
  importAddress: GUID: a4d5a38cb01e9c54aa75431f797059cb - Path: Packages/com.unity.inputsystem/InputSystem/Editor/Icons/TrackedPoseDriver.png - Importer: ScriptedImporter/UnityEditor.QuickSearchModule:UnityEditor.Search:ASIAI0B
Importing 'GUID: a4d5a38cb01e9c54aa75431f797059cb - Path: Packages/com.unity.inputsystem/InputSystem/Editor/Icons/TrackedPoseDriver.png - Importer: ScriptedImporter/UnityEditor.QuickSearchModule:UnityEditor.Search:ASIAI0B' with importer (ScriptedImporter : UnityEditor.QuickSearchModule:UnityEditor.Search:ASIAI0B)
Imported 'GUID: a4d5a38cb01e9c54aa75431f797059cb' -> (Import Result ID: '965256badfad259cef1226f4a36781e9') in 0.004 seconds [static and dynamic dependencies]. Details - ImportResultOutputID=d748fff41e3c88583a677c37cc901053 DependenciesID=2d80fbafeab55b1c1ef5621a5a101208 StaticDependenciesID=9a5963be090bda4980741bd58a3b405b 
Number of updated asset objects reloaded before import = 0
Number of asset objects unloaded after import = 1
========================================================================
Received Import Request.
  Time of request: 2026-10-01T17:13:25.3195208Z
  Time since last request: 0.0002284 seconds.
  importAddress: GUID: 5e64ea03a5bf05845977ae0cd2e1dd4f - Path: Packages/com.unity.inputsystem/InputSystem/Editor/PropertyDrawers/GamepadButtonPropertyDrawer.cs - Importer: ScriptedImporter/UnityEditor.QuickSearchModule:UnityEditor.Search:ASIAI0B
Importing 'GUID: 5e64ea03a5bf05845977ae0cd2e1dd4f - Path: Packages/com.unity.inputsystem/InputSystem/Editor/PropertyDrawers/GamepadButtonPropertyDrawer.cs - Importer: ScriptedImporter/UnityEditor.QuickSearchModule:UnityEditor.Search:ASIAI0B' with importer (ScriptedImporter : UnityEditor.QuickSearchModule:UnityEditor.Search:ASIAI0B)
Imported 'GUID: 5e64ea03a5bf05845977ae0cd2e1dd4f' -> (Import Result ID: '0ee1173a82d8df7dad795b4e3b963251') in 0.002 seconds [static and dynamic dependencies]. Details - ImportResultOutputID=e810b0f4fe344adf3a51c52b0c054cc6 DependenciesID=ccda79b6429adaf8309878ef6d57917f StaticDependenciesID=6be6cc7f7b846b9f7e89b7b44f1cb6f7 
Number of updated asset objects reloaded before import = 0
Number of asset objects unloaded after import = 0
========================================================================
Received Import Request.
  Time of request: 2026-10-01T17:13:25.3282387Z
  Time since last request: 0.0003207 seconds.
  importAddress: GUID: baaf1bd005134bc6825c06f3510c6643 - Path: Packages/com.unity.inputsystem/InputSystem/Editor/PropertyDrawers/InputActionReferenceSearchProviders.cs - Importer: ScriptedImporter/UnityEditor.QuickSearchModule:UnityEditor.Search:ASIAI0B
Importing 'GUID: baaf1bd005134bc6825c06f3510c6643 - Path: Packages/com.unity.inputsystem/InputSystem/Editor/PropertyDrawers/InputActionReferenceSearchProviders.cs - Importer: ScriptedImporter/UnityEditor.QuickSearchModule:UnityEditor.Search:ASIAI0B' with importer (ScriptedImporter : UnityEditor.QuickSearchModule:UnityEditor.Search:ASIAI0B)
Imported 'GUID: baaf1bd005134bc6825c06f3510c6643' -> (Import Result ID: '55278de34efb87b898a053f8a4b1a010') in 0.001 seconds [static and dynamic dependencies]. Details - ImportResultOutputID=7a4c32331d10da537d0fff1d14a15128 DependenciesID=3e687f35b9d7f3dd0c13a03b7beb53c1 StaticDependenciesID=b9a0979d3e0eb19620c649d557d691b2 
Number of updated asset objects reloaded before import = 0
Number of asset objects unloaded after import = 0
========================================================================
Received Import Request.
  Time of request: 2026-10-01T17:13:25.3362026Z
  Time since last request: 0.0002399 seconds.
  importAddress: GUID: fbe76c3f0e980e6468b895ac1133c20d - Path: Packages/com.unity.inputsystem/InputSystem/Runtime/Actions/InputBindingCompositeContext.cs - Importer: ScriptedImporter/UnityEditor.QuickSearchModule:UnityEditor.Search:ASIAI0B
Importing 'GUID: fbe76c3f0e980e6468b895ac1133c20d - Path: Packages/com.unity.inputsystem/InputSystem/Runtime/Actions/InputBindingCompositeContext.cs - Importer: ScriptedImporter/UnityEditor.QuickSearchModule:UnityEditor.Search:ASIAI0B' with importer (ScriptedImporter : UnityEditor.QuickSearchModule:UnityEditor.Search:ASIAI0B)
Imported 'GUID: fbe76c3f0e980e6468b895ac1133c20d' -> (Import Result ID: '2b5cac71214d84216cfb293598f4b6e5') in 0.001 seconds [static and dynamic dependencies]. Details - ImportResultOutputID=0c9a6b62357a6671f19fbccc518c8bc2 DependenciesID=e899abaff014f79be1e899bc0ec6738c StaticDependenciesID=626aa627403f9908b7aa82001c018538 
Number of updated asset objects reloaded before import = 0
Number of asset objects unloaded after import = 0
========================================================================
Received Import Request.
  Time of request: 2026-10-01T17:13:25.3435678Z
  Time since last request: 0.0002407 seconds.
  importAddress: GUID: 84ed8f0fc9aae9347b3b0a962eeacf32 - Path: Packages/com.unity.inputsystem/InputSystem/Runtime/Actions/InputBindingResolver.cs - Importer: ScriptedImporter/UnityEditor.QuickSearchModule:UnityEditor.Search:ASIAI0B
Importing 'GUID: 84ed8f0fc9aae9347b3b0a962eeacf32 - Path: Packages/com.unity.inputsystem/InputSystem/Runtime/Actions/InputBindingResolver.cs - Importer: ScriptedImporter/UnityEditor.QuickSearchModule:UnityEditor.Search:ASIAI0B' with importer (ScriptedImporter : UnityEditor.QuickSearchModule:UnityEditor.Search:ASIAI0B)
Imported 'GUID: 84ed8f0fc9aae9347b3b0a962eeacf32' -> (Import Result ID: 'a1e3d07a501863ae35b01d7c66e93802') in 0.002 seconds [static and dynamic dependencies]. Details - ImportResultOutputID=8c936053ffb74750b0f9a384300ed147 DependenciesID=22a64bb3d9cad362eacc514392a4a9d4 StaticDependenciesID=646842f38d45951c39584845ce527da4 
Number of updated asset objects reloaded before import = 0
Number of asset objects unloaded after import = 0
========================================================================
Received Import Request.
  Time of request: 2026-10-01T17:13:25.3513686Z
  Time since last request: 0.000323 seconds.
  importAddress: GUID: 2539bd7bca18c47e5a76ad1471ed6829 - Path: Packages/com.unity.inputsystem/InputSystem/Editor/PropertyDrawers/InputActionDrawer.cs - Importer: ScriptedImporter/UnityEditor.QuickSearchModule:UnityEditor.Search:ASIAI0B
Importing 'GUID: 2539bd7bca18c47e5a76ad1471ed6829 - Path: Packages/com.unity.inputsystem/InputSystem/Editor/PropertyDrawers/InputActionDrawer.cs - Importer: ScriptedImporter/UnityEditor.QuickSearchModule:UnityEditor.Search:ASIAI0B' with importer (ScriptedImporter : UnityEditor.QuickSearchModule:UnityEditor.Search:ASIAI0B)
Imported 'GUID: 2539bd7bca18c47e5a76ad1471ed6829' -> (Import Result ID: '63965c9db77fb1267c6e0c51c12836c8') in 0.001 seconds [static and dynamic dependencies]. Details - ImportResultOutputID=ce219ca7f62222d613cd7f7ce366b632 DependenciesID=352e34b14a37e4e91270b69662a29a9d StaticDependenciesID=67ad1457a8f9f792f7900f0c31be2211 
Number of updated asset objects reloaded before import = 0
Number of asset objects unloaded after import = 0
========================================================================
Received Import Request.
  Time of request: 2026-10-01T17:13:25.3770607Z
  Time since last request: 0.017863 seconds.
  importAddress: GUID: a8cfbe75f80984c1d9700ef41f6e2aeb - Path: Packages/com.unity.inputsystem/InputSystem/Runtime/Controls/InputControlExtensions.cs - Importer: ScriptedImporter/UnityEditor.QuickSearchModule:UnityEditor.Search:ASIAI0B
Importing 'GUID: a8cfbe75f80984c1d9700ef41f6e2aeb - Path: Packages/com.unity.inputsystem/InputSystem/Runtime/Controls/InputControlExtensions.cs - Importer: ScriptedImporter/UnityEditor.QuickSearchModule:UnityEditor.Search:ASIAI0B' with importer (ScriptedImporter : UnityEditor.QuickSearchModule:UnityEditor.Search:ASIAI0B)
Imported 'GUID: a8cfbe75f80984c1d9700ef41f6e2aeb' -> (Import Result ID: 'c98eadd2921609e122aac55500f3c622') in 0.003 seconds [static and dynamic dependencies]. Details - ImportResultOutputID=58814110d29b59d4615e2b61efea7f0b DependenciesID=bdc56ef00d15b5b0b221af8cfdc3deeb StaticDependenciesID=5c626c121b3b5b61421848f451421af4 
Number of updated asset objects reloaded before import = 0
Number of asset objects unloaded after import = 0
========================================================================
Received Import Request.
  Time of request: 2026-10-01T17:13:25.3869897Z
  Time since last request: 0.0001805 seconds.
  importAddress: GUID: c632b886b4d04e6b856720556b399ffe - Path: Packages/com.unity.inputsystem/InputSystem/Runtime/Events/DeltaStateEvent.cs - Importer: ScriptedImporter/UnityEditor.QuickSearchModule:UnityEditor.Search:ASIAI0B
Importing 'GUID: c632b886b4d04e6b856720556b399ffe - Path: Packages/com.unity.inputsystem/InputSystem/Runtime/Events/DeltaStateEvent.cs - Importer: ScriptedImporter/UnityEditor.QuickSearchModule:UnityEditor.Search:ASIAI0B' with importer (ScriptedImporter : UnityEditor.QuickSearchModule:UnityEditor.Search:ASIAI0B)
Imported 'GUID: c632b886b4d04e6b856720556b399ffe' -> (Import Result ID: '99f2f508a99a098c4b4e2f8a7ee0f355') in 0.002 seconds [static and dynamic dependencies]. Details - ImportResultOutputID=68cfe9604be6a833e2b24b6306012f2c DependenciesID=a46b030256f7f1cf6b568f6e1dcca834 StaticDependenciesID=a2b1c6e0751a9fd35155b8a2d4155af2 
Number of updated asset objects reloaded before import = 0
Number of asset objects unloaded after import = 0
========================================================================
Received Import Request.
  Time of request: 2026-10-01T17:13:25.394761Z
  Time since last request: 0.0002877 seconds.
  importAddress: GUID: 02a54f9a4f584f5397cf3e9697372394 - Path: Packages/com.unity.inputsystem/InputSystem/Runtime/Events/IInputEventTypeInfo.cs - Importer: ScriptedImporter/UnityEditor.QuickSearchModule:UnityEditor.Search:ASIAI0B
Importing 'GUID: 02a54f9a4f584f5397cf3e9697372394 - Path: Packages/com.unity.inputsystem/InputSystem/Runtime/Events/IInputEventTypeInfo.cs - Importer: ScriptedImporter/UnityEditor.QuickSearchModule:UnityEditor.Search:ASIAI0B' with importer (ScriptedImporter : UnityEditor.QuickSearchModule:UnityEditor.Search:ASIAI0B)
Imported 'GUID: 02a54f9a4f584f5397cf3e9697372394' -> (Import Result ID: '54ea9295361a3879878d77abb1ebce31') in 0.001 seconds [static and dynamic dependencies]. Details - ImportResultOutputID=8686a5feae8f0c6610f02612e66206bb DependenciesID=a7c0d1c5fbf77a7f3fb3c87b6c5fc977 StaticDependenciesID=dc2788df1d1e8f37aaee5d3a8e5edd16 
Number of updated asset objects reloaded before import = 0
Number of asset objects unloaded after import = 0
========================================================================
Received Import Request.
  Time of request: 2026-10-01T17:13:25.403038Z
  Time since last request: 0.0001193 seconds.
  importAddress: GUID: d59a0dc8508f4cf1819f6ba99250cd8e - Path: Packages/com.unity.inputsystem/InputSystem/Runtime/Controls/InputControl.cs - Importer: ScriptedImporter/UnityEditor.QuickSearchModule:UnityEditor.Search:ASIAI0B
Importing 'GUID: d59a0dc8508f4cf1819f6ba99250cd8e - Path: Packages/com.unity.inputsystem/InputSystem/Runtime/Controls/InputControl.cs - Importer: ScriptedImporter/UnityEditor.QuickSearchModule:UnityEditor.Search:ASIAI0B' with importer (ScriptedImporter : UnityEditor.QuickSearchModule:UnityEditor.Search:ASIAI0B)
Imported 'GUID: d59a0dc8508f4cf1819f6ba99250cd8e' -> (Import Result ID: '6a6897f22cf7aae37ecdb29a2e4c3861') in 0.001 seconds [static and dynamic dependencies]. Details - ImportResultOutputID=6dc34944f19e8dd174797d35c17da6e7 DependenciesID=9668b5dfd68cba0faad4b11a4d8f4340 StaticDependenciesID=e716891d86bd0df93d1f6165f0554f5e 
Number of updated asset objects reloaded before import = 0
Number of asset objects unloaded after import = 0
========================================================================
Received Import Request.
  Time of request: 2026-10-01T17:13:25.4103865Z
  Time since last request: 0.0001934 seconds.
  importAddress: GUID: 9af5cfc54cf34eb1ac27c9c90a9a7440 - Path: Packages/com.unity.inputsystem/InputSystem/Runtime/Events/DeviceRemoveEvent.cs - Importer: ScriptedImporter/UnityEditor.QuickSearchModule:UnityEditor.Search:ASIAI0B
Importing 'GUID: 9af5cfc54cf34eb1ac27c9c90a9a7440 - Path: Packages/com.unity.inputsystem/InputSystem/Runtime/Events/DeviceRemoveEvent.cs - Importer: ScriptedImporter/UnityEditor.QuickSearchModule:UnityEditor.Search:ASIAI0B' with importer (ScriptedImporter : UnityEditor.QuickSearchModule:UnityEditor.Search:ASIAI0B)
Imported 'GUID: 9af5cfc54cf34eb1ac27c9c90a9a7440' -> (Import Result ID: '2c1731942580ce303ca975d05ce6634f') in 0.001 seconds [static and dynamic dependencies]. Details - ImportResultOutputID=09c6bf227a2d9852b030a8b832b3a725 DependenciesID=e670a4b9700a2844d5328f37f7b5855b StaticDependenciesID=95d2e0cdf1049495762f8d5d22eccf43 
Number of updated asset objects reloaded before import = 0
Number of asset objects unloaded after import = 0
========================================================================
Received Import Request.
  Time of request: 2026-10-01T17:13:25.4188437Z
  Time since last request: 0.0002152 seconds.
  importAddress: GUID: f5899dcacd4e3004eaa9107c97e75e09 - Path: Packages/com.unity.inputsystem/InputSystem/Runtime/Controls/InputControlLayoutChange.cs - Importer: ScriptedImporter/UnityEditor.QuickSearchModule:UnityEditor.Search:ASIAI0B
Importing 'GUID: f5899dcacd4e3004eaa9107c97e75e09 - Path: Packages/com.unity.inputsystem/InputSystem/Runtime/Controls/InputControlLayoutChange.cs - Importer: ScriptedImporter/UnityEditor.QuickSearchModule:UnityEditor.Search:ASIAI0B' with importer (ScriptedImporter : UnityEditor.QuickSearchModule:UnityEditor.Search:ASIAI0B)
Imported 'GUID: f5899dcacd4e3004eaa9107c97e75e09' -> (Import Result ID: '63e3d5a5fe1fddd900cd7bc28f55f5c3') in 0.001 seconds [static and dynamic dependencies]. Details - ImportResultOutputID=faf9866f62c35404d76c476f9610e362 DependenciesID=2c95b95c11cadd2e29d2cc57d88f5938 StaticDependenciesID=9483d02c61e561a4aed137ab2c42e125 
Number of updated asset objects reloaded before import = 0
Number of asset objects unloaded after import = 0
========================================================================
Received Import Request.
  Time of request: 2026-10-01T17:13:25.4263026Z
  Time since last request: 0.0002252 seconds.
  importAddress: GUID: d4a83784946017a4182f41a54d468481 - Path: Packages/com.unity.inputsystem/InputSystem/Runtime/Devices/TrackedDevice.cs - Importer: ScriptedImporter/UnityEditor.QuickSearchModule:UnityEditor.Search:ASIAI0B
Importing 'GUID: d4a83784946017a4182f41a54d468481 - Path: Packages/com.unity.inputsystem/InputSystem/Runtime/Devices/TrackedDevice.cs - Importer: ScriptedImporter/UnityEditor.QuickSearchModule:UnityEditor.Search:ASIAI0B' with importer (ScriptedImporter : UnityEditor.QuickSearchModule:UnityEditor.Search:ASIAI0B)
Imported 'GUID: d4a83784946017a4182f41a54d468481' -> (Import Result ID: 'a754a441ee71e55e8432f0f1156cced0') in 0.001 seconds [static and dynamic dependencies]. Details - ImportResultOutputID=e1475987db81ef98f5640107abc3a038 DependenciesID=7b19571f641f16fa492b5892c94e1bd9 StaticDependenciesID=ec79bedb4a3fc777fec6675e132f0d13 
Number of updated asset objects reloaded before import = 0
Number of asset objects unloaded after import = 0
========================================================================
Received Import Request.
  Time of request: 2026-10-01T17:13:25.4338686Z
  Time since last request: 0.0004253 seconds.
  importAddress: GUID: 864a08de8a08473ebf82029d80696449 - Path: Packages/com.unity.inputsystem/InputSystem/Runtime/Devices/Keyboard.cs - Importer: ScriptedImporter/UnityEditor.QuickSearchModule:UnityEditor.Search:ASIAI0B
Importing 'GUID: 864a08de8a08473ebf82029d80696449 - Path: Packages/com.unity.inputsystem/InputSystem/Runtime/Devices/Keyboard.cs - Importer: ScriptedImporter/UnityEditor.QuickSearchModule:UnityEditor.Search:ASIAI0B' with importer (ScriptedImporter : UnityEditor.QuickSearchModule:UnityEditor.Search:ASIAI0B)
Imported 'GUID: 864a08de8a08473ebf82029d80696449' -> (Import Result ID: '87be3c5a9d7e40daa7d92d76e9a5d226') in 0.001 seconds [static and dynamic dependencies]. Details - ImportResultOutputID=c6a6e6ec9c55d6d804da4e2b09bc224f DependenciesID=5d4a7a9cf9561a9b114f8d75f1452c01 StaticDependenciesID=dcac0615f9cd4f7bd5077f21876930b0 
Number of updated asset objects reloaded before import = 0
Number of asset objects unloaded after import = 0
========================================================================
Received Import Request.
  Time of request: 2026-10-01T17:13:25.4418429Z
  Time since last request: 0.0002457 seconds.
  importAddress: GUID: 644895dd25f14937a1d11481e2338925 - Path: Packages/com.unity.inputsystem/InputSystem/Runtime/Devices/Gamepad.cs - Importer: ScriptedImporter/UnityEditor.QuickSearchModule:UnityEditor.Search:ASIAI0B
Importing 'GUID: 644895dd25f14937a1d11481e2338925 - Path: Packages/com.unity.inputsystem/InputSystem/Runtime/Devices/Gamepad.cs - Importer: ScriptedImporter/UnityEditor.QuickSearchModule:UnityEditor.Search:ASIAI0B' with importer (ScriptedImporter : UnityEditor.QuickSearchModule:UnityEditor.Search:ASIAI0B)
Imported 'GUID: 644895dd25f14937a1d11481e2338925' -> (Import Result ID: 'c66f5b7c94ca61fb9471ffa046fa470c') in 0.001 seconds [static and dynamic dependencies]. Details - ImportResultOutputID=8718660e3995f9f458e65a6dfb38e106 DependenciesID=a35f5f952d46762bc395e2c429ce43ce StaticDependenciesID=617fbb6ca1f2308ae4ef9e6b65e4c312 
Number of updated asset objects reloaded before import = 0
Number of asset objects unloaded after import = 0
========================================================================
Received Import Request.
  Time of request: 2026-10-01T17:13:25.4590495Z
  Time since last request: 0.0097702 seconds.
  importAddress: GUID: 6633b33d60f14b81927d89a4b06c8a1f - Path: Packages/com.unity.inputsystem/InputSystem/Runtime/State/InputStateBuffers.cs - Importer: ScriptedImporter/UnityEditor.QuickSearchModule:UnityEditor.Search:ASIAI0B
Importing 'GUID: 6633b33d60f14b81927d89a4b06c8a1f - Path: Packages/com.unity.inputsystem/InputSystem/Runtime/State/InputStateBuffers.cs - Importer: ScriptedImporter/UnityEditor.QuickSearchModule:UnityEditor.Search:ASIAI0B' with importer (ScriptedImporter : UnityEditor.QuickSearchModule:UnityEditor.Search:ASIAI0B)
Imported 'GUID: 6633b33d60f14b81927d89a4b06c8a1f' -> (Import Result ID: '093f290b9402fa00dc65c63a0ec8e2ae') in 0.001 seconds [static and dynamic dependencies]. Details - ImportResultOutputID=6b94820b9a85980a7ccf51b6d7eb6852 DependenciesID=04039e6e562f9fe3654f317223f23bb7 StaticDependenciesID=bd0983a0adcd40c93b6119a5084fcd82 
Number of updated asset objects reloaded before import = 0
Number of asset objects unloaded after import = 0
========================================================================
Received Import Request.
  Time of request: 2026-10-01T17:13:25.4674639Z
  Time since last request: 0.0005987 seconds.
  importAddress: GUID: 3f04ed13d477436fa6a48ff5d0d46d8c - Path: Packages/com.unity.inputsystem/InputSystem/Runtime/Utilities/Substring.cs - Importer: ScriptedImporter/UnityEditor.QuickSearchModule:UnityEditor.Search:ASIAI0B
Importing 'GUID: 3f04ed13d477436fa6a48ff5d0d46d8c - Path: Packages/com.unity.inputsystem/InputSystem/Runtime/Utilities/Substring.cs - Importer: ScriptedImporter/UnityEditor.QuickSearchModule:UnityEditor.Search:ASIAI0B' with importer (ScriptedImporter : UnityEditor.QuickSearchModule:UnityEditor.Search:ASIAI0B)
Imported 'GUID: 3f04ed13d477436fa6a48ff5d0d46d8c' -> (Import Result ID: 'a3b0fe4580eb163bd03640986d23d904') in 0.001 seconds [static and dynamic dependencies]. Details - ImportResultOutputID=d072f3dda193808cf6c8ea1d355c119f DependenciesID=bae6ad5c8e11727a59b6c759db55a345 StaticDependenciesID=981c59cebcf887c8b080de89ca3182c3 
Number of updated asset objects reloaded before import = 0
Number of asset objects unloaded after import = 0
========================================================================
Received Import Request.
  Time of request: 2026-10-01T17:13:25.4753397Z
  Time since last request: 0.0005695 seconds.
  importAddress: GUID: 7c6a2891083312645a7be416176261c1 - Path: Packages/com.unity.inputsystem/InputSystem/Runtime/Utilities/CSharpCodeHelpers.cs - Importer: ScriptedImporter/UnityEditor.QuickSearchModule:UnityEditor.Search:ASIAI0B
Importing 'GUID: 7c6a2891083312645a7be416176261c1 - Path: Packages/com.unity.inputsystem/InputSystem/Runtime/Utilities/CSharpCodeHelpers.cs - Importer: ScriptedImporter/UnityEditor.QuickSearchModule:UnityEditor.Search:ASIAI0B' with importer (ScriptedImporter : UnityEditor.QuickSearchModule:UnityEditor.Search:ASIAI0B)
Imported 'GUID: 7c6a2891083312645a7be416176261c1' -> (Import Result ID: 'b894ad64b265b2c4beb7cf45bb1c8a7d') in 0.001 seconds [static and dynamic dependencies]. Details - ImportResultOutputID=66f6c9af481521407af87df3721ad5cb DependenciesID=125a422ee1cde6159bb4793c4584931a StaticDependenciesID=4f33a835bad7eeb020ac5df7b6ae7f11 
Number of updated asset objects reloaded before import = 0
Number of asset objects unloaded after import = 0
========================================================================
Received Import Request.
  Time of request: 2026-10-01T17:13:25.4830808Z
  Time since last request: 0.0005482 seconds.
  importAddress: GUID: a8d605b1e92964b5b94668b1511799ed - Path: Packages/com.unity.inputsystem/InputSystem/Runtime/State/InputState.cs - Importer: ScriptedImporter/UnityEditor.QuickSearchModule:UnityEditor.Search:ASIAI0B
Importing 'GUID: a8d605b1e92964b5b94668b1511799ed - Path: Packages/com.unity.inputsystem/InputSystem/Runtime/State/InputState.cs - Importer: ScriptedImporter/UnityEditor.QuickSearchModule:UnityEditor.Search:ASIAI0B' with importer (ScriptedImporter : UnityEditor.QuickSearchModule:UnityEditor.Search:ASIAI0B)
Imported 'GUID: a8d605b1e92964b5b94668b1511799ed' -> (Import Result ID: '512bdc2a39bfd16b3479f3e4be6da747') in 0.002 seconds [static and dynamic dependencies]. Details - ImportResultOutputID=bca13eea10b6a9dda3714eb5e96cf92b DependenciesID=c0ff6dba43baa015321324cc88827095 StaticDependenciesID=29fddb29cd0f711ce1768aabae565b98 
Number of updated asset objects reloaded before import = 0
Number of asset objects unloaded after import = 0
========================================================================
Received Import Request.
  Time of request: 2026-10-01T17:13:25.4910151Z
  Time since last request: 0.0005126 seconds.
  importAddress: GUID: ef4e8c908ae24e438f4baea55d866f5e - Path: Packages/com.unity.inputsystem/InputSystem/Runtime/State/InputStateBlock.cs - Importer: ScriptedImporter/UnityEditor.QuickSearchModule:UnityEditor.Search:ASIAI0B
Importing 'GUID: ef4e8c908ae24e438f4baea55d866f5e - Path: Packages/com.unity.inputsystem/InputSystem/Runtime/State/InputStateBlock.cs - Importer: ScriptedImporter/UnityEditor.QuickSearchModule:UnityEditor.Search:ASIAI0B' with importer (ScriptedImporter : UnityEditor.QuickSearchModule:UnityEditor.Search:ASIAI0B)
Imported 'GUID: ef4e8c908ae24e438f4baea55d866f5e' -> (Import Result ID: 'cc18a4a932387729b62955a2f6b5a7f0') in 0.001 seconds [static and dynamic dependencies]. Details - ImportResultOutputID=0b8949aaa99ba7dde4f34c70f3a12bc8 DependenciesID=61b2055f949673742863368e0ced67ba StaticDependenciesID=ed7a427fdd7e1318b7a9d2e9d87206e6 
Number of updated asset objects reloaded before import = 0
Number of asset objects unloaded after import = 0
========================================================================
Received Import Request.
  Time of request: 2026-10-01T17:13:25.5093941Z
  Time since last request: 0.0108992 seconds.
  importAddress: GUID: 7717bf968da90024b9c047ba1a3394ec - Path: Packages/com.unity.inputsystem/InputSystem/Editor/ControlPicker/Layouts/DefaultInputControlPickerLayout.cs - Importer: ScriptedImporter/UnityEditor.QuickSearchModule:UnityEditor.Search:ASIAI0B
Importing 'GUID: 7717bf968da90024b9c047ba1a3394ec - Path: Packages/com.unity.inputsystem/InputSystem/Editor/ControlPicker/Layouts/DefaultInputControlPickerLayout.cs - Importer: ScriptedImporter/UnityEditor.QuickSearchModule:UnityEditor.Search:ASIAI0B' with importer (ScriptedImporter : UnityEditor.QuickSearchModule:UnityEditor.Search:ASIAI0B)
Imported 'GUID: 7717bf968da90024b9c047ba1a3394ec' -> (Import Result ID: 'e59bcb80b6bb88f1ad48db82ac3134ca') in 0.001 seconds [static and dynamic dependencies]. Details - ImportResultOutputID=24be7462d8111d72aa8f201366949dc0 DependenciesID=68dce672130385be17f72aaa1ce2ce91 StaticDependenciesID=e3b5dcbe117ed7015d3f4cfae7a5cbd0 
Number of updated asset objects reloaded before import = 0
Number of asset objects unloaded after import = 0
========================================================================
Received Import Request.
  Time of request: 2026-10-01T17:13:25.5177522Z
  Time since last request: 0.0006572 seconds.
  importAddress: GUID: 9744e96a967da4f29909add206a6b27f - Path: Packages/com.unity.inputsystem/InputSystem/Editor/Controls/Processors/AxisDeadzoneProcessorEditor.cs - Importer: ScriptedImporter/UnityEditor.QuickSearchModule:UnityEditor.Search:ASIAI0B
Importing 'GUID: 9744e96a967da4f29909add206a6b27f - Path: Packages/com.unity.inputsystem/InputSystem/Editor/Controls/Processors/AxisDeadzoneProcessorEditor.cs - Importer: ScriptedImporter/UnityEditor.QuickSearchModule:UnityEditor.Search:ASIAI0B' with importer (ScriptedImporter : UnityEditor.QuickSearchModule:UnityEditor.Search:ASIAI0B)
Imported 'GUID: 9744e96a967da4f29909add206a6b27f' -> (Import Result ID: '4fa6b62cb4b327d42c93fa15adff1fee') in 0.002 seconds [static and dynamic dependencies]. Details - ImportResultOutputID=39b3ad56e1ee504da53a3e89e5f53247 DependenciesID=a19fa9a90a86db23471db0b7af371412 StaticDependenciesID=b255275c707d23ad102a3564442b65a8 
Number of updated asset objects reloaded before import = 0
Number of asset objects unloaded after import = 0
========================================================================
Received Import Request.
  Time of request: 2026-10-01T17:13:25.5256405Z
  Time since last request: 0.000626 seconds.
  importAddress: GUID: 8f6c78efe2b334209908669a961187f4 - Path: Packages/com.unity.inputsystem/InputSystem/Editor/Devices/Remote/RemoteInputPlayerConnectionEditor.cs - Importer: ScriptedImporter/UnityEditor.QuickSearchModule:UnityEditor.Search:ASIAI0B
Importing 'GUID: 8f6c78efe2b334209908669a961187f4 - Path: Packages/com.unity.inputsystem/InputSystem/Editor/Devices/Remote/RemoteInputPlayerConnectionEditor.cs - Importer: ScriptedImporter/UnityEditor.QuickSearchModule:UnityEditor.Search:ASIAI0B' with importer (ScriptedImporter : UnityEditor.QuickSearchModule:UnityEditor.Search:ASIAI0B)
Imported 'GUID: 8f6c78efe2b334209908669a961187f4' -> (Import Result ID: 'e12ca1c7965a8d5f9d11f5d4772b9ee1') in 0.001 seconds [static and dynamic dependencies]. Details - ImportResultOutputID=bb2d0a4df579f446ca939cb5c8f3eff1 DependenciesID=db26c553345d291716756c64bfbae5ba StaticDependenciesID=af836d402b07a4a3a9fedd3827421a94 
Number of updated asset objects reloaded before import = 0
Number of asset objects unloaded after import = 0
========================================================================
Received Import Request.
  Time of request: 2026-10-01T17:13:25.5334108Z
  Time since last request: 0.0004856 seconds.
  importAddress: GUID: 6109a857ac56b4017b44b06a9de0f827 - Path: Packages/com.unity.inputsystem/InputSystem/Editor/Internal/AdvancedDropdown/AdvancedDropdownGUI.cs - Importer: ScriptedImporter/UnityEditor.QuickSearchModule:UnityEditor.Search:ASIAI0B
Importing 'GUID: 6109a857ac56b4017b44b06a9de0f827 - Path: Packages/com.unity.inputsystem/InputSystem/Editor/Internal/AdvancedDropdown/AdvancedDropdownGUI.cs - Importer: ScriptedImporter/UnityEditor.QuickSearchModule:UnityEditor.Search:ASIAI0B' with importer (ScriptedImporter : UnityEditor.QuickSearchModule:UnityEditor.Search:ASIAI0B)
Imported 'GUID: 6109a857ac56b4017b44b06a9de0f827' -> (Import Result ID: '6ab3186a50b558b2a964fe0163111ebf') in 0.001 seconds [static and dynamic dependencies]. Details - ImportResultOutputID=b979737380fc560d25003d6017211af4 DependenciesID=4e10dc5e1c1d7c609bceccaf74f3eaba StaticDependenciesID=90b205c908e45172057d57566da31c2d 
Number of updated asset objects reloaded before import = 0
Number of asset objects unloaded after import = 0
========================================================================
Received Import Request.
  Time of request: 2026-10-01T17:13:25.5421074Z
  Time since last request: 0.000249 seconds.
  importAddress: GUID: 0fb454a124e8649bb9326261b1739032 - Path: Packages/com.unity.inputsystem/InputSystem/Editor/Internal/AdvancedDropdown/AdvancedDropdownDataSource.cs - Importer: ScriptedImporter/UnityEditor.QuickSearchModule:UnityEditor.Search:ASIAI0B
Importing 'GUID: 0fb454a124e8649bb9326261b1739032 - Path: Packages/com.unity.inputsystem/InputSystem/Editor/Internal/AdvancedDropdown/AdvancedDropdownDataSource.cs - Importer: ScriptedImporter/UnityEditor.QuickSearchModule:UnityEditor.Search:ASIAI0B' with importer (ScriptedImporter : UnityEditor.QuickSearchModule:UnityEditor.Search:ASIAI0B)
Imported 'GUID: 0fb454a124e8649bb9326261b1739032' -> (Import Result ID: '6705b6f7cbd94ec0b07e3efc5b78f79e') in 0.001 seconds [static and dynamic dependencies]. Details - ImportResultOutputID=a180f4ae2144073c7e2e00d3f828dad2 DependenciesID=9166a828224f34e049b1dd0c46179bd1 StaticDependenciesID=8eff7ed2e7240a4779a5b983f824042e 
Number of updated asset objects reloaded before import = 0
Number of asset objects unloaded after import = 0
========================================================================
Received Import Request.
  Time of request: 2026-10-01T17:13:25.5502612Z
  Time since last request: 0.0001966 seconds.
  importAddress: GUID: ffeba93637e654de6a5906b48520dc94 - Path: Packages/com.unity.inputsystem/InputSystem/Editor/AssetEditor/PackageResources/green.png - Importer: ScriptedImporter/UnityEditor.QuickSearchModule:UnityEditor.Search:ASIAI0B
Importing 'GUID: ffeba93637e654de6a5906b48520dc94 - Path: Packages/com.unity.inputsystem/InputSystem/Editor/AssetEditor/PackageResources/green.png - Importer: ScriptedImporter/UnityEditor.QuickSearchModule:UnityEditor.Search:ASIAI0B' with importer (ScriptedImporter : UnityEditor.QuickSearchModule:UnityEditor.Search:ASIAI0B)
Imported 'GUID: ffeba93637e654de6a5906b48520dc94' -> (Import Result ID: 'a15aaff6bdb199fde063dad795fc7460') in 0.003 seconds [static and dynamic dependencies]. Details - ImportResultOutputID=29725795f37d26a6012de866d1eae884 DependenciesID=87b85c57e2555aeac5d2130958ea7112 StaticDependenciesID=b42080295adef8461acb93370d2b4aaf 
Number of updated asset objects reloaded before import = 0
Number of asset objects unloaded after import = 1
========================================================================
Received Import Request.
  Time of request: 2026-10-01T17:13:25.5765296Z
  Time since last request: 0.0162588 seconds.
  importAddress: GUID: cda1b45d3bda468a95dca208b99174da - Path: Packages/com.unity.inputsystem/InputSystem/Runtime/Actions/Composites/Vector3Composite.cs - Importer: ScriptedImporter/UnityEditor.QuickSearchModule:UnityEditor.Search:ASIAI0B
Importing 'GUID: cda1b45d3bda468a95dca208b99174da - Path: Packages/com.unity.inputsystem/InputSystem/Runtime/Actions/Composites/Vector3Composite.cs - Importer: ScriptedImporter/UnityEditor.QuickSearchModule:UnityEditor.Search:ASIAI0B' with importer (ScriptedImporter : UnityEditor.QuickSearchModule:UnityEditor.Search:ASIAI0B)
Imported 'GUID: cda1b45d3bda468a95dca208b99174da' -> (Import Result ID: '9f32157a8c1e0a06db796bf7ef2b6fdd') in 0.002 seconds [static and dynamic dependencies]. Details - ImportResultOutputID=117af6d0587077d6564772e980caf381 DependenciesID=78b28f7a77caa4229fe3555a873baad3 StaticDependenciesID=edad11b93b2cef04371c90f169c15ece 
Number of updated asset objects reloaded before import = 0
Number of asset objects unloaded after import = 0
========================================================================
Received Import Request.
  Time of request: 2026-10-01T17:13:25.5852312Z
  Time since last request: 0.0006573 seconds.
  importAddress: GUID: 1d3813199fcb56b45b916ac51d58dc80 - Path: Packages/com.unity.inputsystem/InputSystem/Editor/UITKAssetEditor/Views/CompositePartBindingPropertiesView.cs - Importer: ScriptedImporter/UnityEditor.QuickSearchModule:UnityEditor.Search:ASIAI0B
Importing 'GUID: 1d3813199fcb56b45b916ac51d58dc80 - Path: Packages/com.unity.inputsystem/InputSystem/Editor/UITKAssetEditor/Views/CompositePartBindingPropertiesView.cs - Importer: ScriptedImporter/UnityEditor.QuickSearchModule:UnityEditor.Search:ASIAI0B' with importer (ScriptedImporter : UnityEditor.QuickSearchModule:UnityEditor.Search:ASIAI0B)
Imported 'GUID: 1d3813199fcb56b45b916ac51d58dc80' -> (Import Result ID: 'fac4064bcad86ad65624ed61131b9c4e') in 0.001 seconds [static and dynamic dependencies]. Details - ImportResultOutputID=3b08f23d6c18b7d5be28e9849e27e4b9 DependenciesID=e9537ff70a98ea0b3c7f625355bbc037 StaticDependenciesID=bca418ae128e0bdd41795ebd7f4ad903 
Number of updated asset objects reloaded before import = 0
Number of asset objects unloaded after import = 0
========================================================================
Received Import Request.
  Time of request: 2026-10-01T17:13:25.5926184Z
  Time since last request: 0.0003137 seconds.
  importAddress: GUID: 449c8e5ca27af8e4a9db710c8be5e4df - Path: Packages/com.unity.inputsystem/InputSystem/Editor/UITKAssetEditor/PackageResources/BindingPanelRowTemplate.uxml - Importer: ScriptedImporter/UnityEditor.QuickSearchModule:UnityEditor.Search:ASIAI0B
Importing 'GUID: 449c8e5ca27af8e4a9db710c8be5e4df - Path: Packages/com.unity.inputsystem/InputSystem/Editor/UITKAssetEditor/PackageResources/BindingPanelRowTemplate.uxml - Importer: ScriptedImporter/UnityEditor.QuickSearchModule:UnityEditor.Search:ASIAI0B' with importer (ScriptedImporter : UnityEditor.QuickSearchModule:UnityEditor.Search:ASIAI0B)
Imported 'GUID: 449c8e5ca27af8e4a9db710c8be5e4df' -> (Import Result ID: 'c7c380375a2ab7ffbc0ba72bcc3fda82') in 0.070 seconds [static and dynamic dependencies]. Details - ImportResultOutputID=0133ee0df1d827abe4e1b7dae6470098 DependenciesID=75f2598c04dfc17250f3bfd238ab413f StaticDependenciesID=61db83e2ab15a355bf4e230070433ef3 
Number of updated asset objects reloaded before import = 0
Number of asset objects unloaded after import = 4
========================================================================
Received Import Request.
  Time of request: 2026-10-01T17:13:25.6853815Z
  Time since last request: 0.0166116 seconds.
  importAddress: GUID: ede17f8b7e9dfcf42b560545a8102eeb - Path: Packages/com.unity.inputsystem/InputSystem/Runtime/Plugins/Android/AndroidKeyCode.cs - Importer: ScriptedImporter/UnityEditor.QuickSearchModule:UnityEditor.Search:ASIAI0B
Importing 'GUID: ede17f8b7e9dfcf42b560545a8102eeb - Path: Packages/com.unity.inputsystem/InputSystem/Runtime/Plugins/Android/AndroidKeyCode.cs - Importer: ScriptedImporter/UnityEditor.QuickSearchModule:UnityEditor.Search:ASIAI0B' with importer (ScriptedImporter : UnityEditor.QuickSearchModule:UnityEditor.Search:ASIAI0B)
Imported 'GUID: ede17f8b7e9dfcf42b560545a8102eeb' -> (Import Result ID: 'f0e81b5e5addd7741a1973f5e839b5b2') in 0.002 seconds [static and dynamic dependencies]. Details - ImportResultOutputID=974bd1c8374abae9483b516ee1761872 DependenciesID=5b71b67660825915d4b7a81a149e05b6 StaticDependenciesID=2ff4b56f94d89e7a62b3818555793a5f 
Number of updated asset objects reloaded before import = 0
Number of asset objects unloaded after import = 0
========================================================================
Received Import Request.
  Time of request: 2026-10-01T17:13:25.6932747Z
  Time since last request: 0.0005474 seconds.
  importAddress: GUID: 6e6d0cbdd012f434392878fdc293f974 - Path: Packages/com.unity.inputsystem/InputSystem/Runtime/Devices/Commands/QueryEnabledStateCommand.cs - Importer: ScriptedImporter/UnityEditor.QuickSearchModule:UnityEditor.Search:ASIAI0B
Importing 'GUID: 6e6d0cbdd012f434392878fdc293f974 - Path: Packages/com.unity.inputsystem/InputSystem/Runtime/Devices/Commands/QueryEnabledStateCommand.cs - Importer: ScriptedImporter/UnityEditor.QuickSearchModule:UnityEditor.Search:ASIAI0B' with importer (ScriptedImporter : UnityEditor.QuickSearchModule:UnityEditor.Search:ASIAI0B)
Imported 'GUID: 6e6d0cbdd012f434392878fdc293f974' -> (Import Result ID: '2bd088398d53a8d119ac442b0f8f9456') in 0.001 seconds [static and dynamic dependencies]. Details - ImportResultOutputID=44a6177106b1ef176f05540dae37f8fb DependenciesID=469a1f60e3aa2a011259111bda4602bc StaticDependenciesID=cd1b19f12b82b12d78022326040eedf3 
Number of updated asset objects reloaded before import = 0
Number of asset objects unloaded after import = 0
========================================================================
Received Import Request.
  Time of request: 2026-10-01T17:13:25.7011365Z
  Time since last request: 0.0002085 seconds.
  importAddress: GUID: 830105192d35a17469c56711468d1e8f - Path: Packages/com.unity.inputsystem/InputSystem/Runtime/Plugins/Android/AndroidSensors.cs - Importer: ScriptedImporter/UnityEditor.QuickSearchModule:UnityEditor.Search:ASIAI0B
Importing 'GUID: 830105192d35a17469c56711468d1e8f - Path: Packages/com.unity.inputsystem/InputSystem/Runtime/Plugins/Android/AndroidSensors.cs - Importer: ScriptedImporter/UnityEditor.QuickSearchModule:UnityEditor.Search:ASIAI0B' with importer (ScriptedImporter : UnityEditor.QuickSearchModule:UnityEditor.Search:ASIAI0B)
Imported 'GUID: 830105192d35a17469c56711468d1e8f' -> (Import Result ID: 'e728681d6fb7e993355897433fdf55fe') in 0.002 seconds [static and dynamic dependencies]. Details - ImportResultOutputID=08a2bbab30085489d9205547ab9eec4b DependenciesID=e4e6860583f98c0deea0b2c5f87ecf66 StaticDependenciesID=adc895973db7c109cd88220991fefe8d 
Number of updated asset objects reloaded before import = 0
Number of asset objects unloaded after import = 0
========================================================================
Received Import Request.
  Time of request: 2026-10-01T17:13:25.709128Z
  Time since last request: 0.0001439 seconds.
  importAddress: GUID: 4f0b0cfb7c484e43823c1a038c97a5f3 - Path: Packages/com.unity.inputsystem/InputSystem/Runtime/Plugins/HID/HIDSupport.cs - Importer: ScriptedImporter/UnityEditor.QuickSearchModule:UnityEditor.Search:ASIAI0B
Importing 'GUID: 4f0b0cfb7c484e43823c1a038c97a5f3 - Path: Packages/com.unity.inputsystem/InputSystem/Runtime/Plugins/HID/HIDSupport.cs - Importer: ScriptedImporter/UnityEditor.QuickSearchModule:UnityEditor.Search:ASIAI0B' with importer (ScriptedImporter : UnityEditor.QuickSearchModule:UnityEditor.Search:ASIAI0B)
Imported 'GUID: 4f0b0cfb7c484e43823c1a038c97a5f3' -> (Import Result ID: '3f74a6e04454ad81988bce3de4f2dc21') in 0.001 seconds [static and dynamic dependencies]. Details - ImportResultOutputID=468df10ef16b4428553d96f49b977735 DependenciesID=f80ecdbbc5bcdfcb44008f3eaafaaf0a StaticDependenciesID=031b67d3aada5dee378d86f372702815 
Number of updated asset objects reloaded before import = 0
Number of asset objects unloaded after import = 0
========================================================================
Received Import Request.
  Time of request: 2026-10-01T17:13:25.7166026Z
  Time since last request: 0.0002244 seconds.
  importAddress: GUID: 6a390ac9b9af0fb49b702bae14eaed84 - Path: Packages/com.unity.inputsystem/InputSystem/Runtime/Devices/Precompiled/FastMouse.cs - Importer: ScriptedImporter/UnityEditor.QuickSearchModule:UnityEditor.Search:ASIAI0B
Importing 'GUID: 6a390ac9b9af0fb49b702bae14eaed84 - Path: Packages/com.unity.inputsystem/InputSystem/Runtime/Devices/Precompiled/FastMouse.cs - Importer: ScriptedImporter/UnityEditor.QuickSearchModule:UnityEditor.Search:ASIAI0B' with importer (ScriptedImporter : UnityEditor.QuickSearchModule:UnityEditor.Search:ASIAI0B)
Imported 'GUID: 6a390ac9b9af0fb49b702bae14eaed84' -> (Import Result ID: '20cd48769111492bf28dbdb3a54da27a') in 0.001 seconds [static and dynamic dependencies]. Details - ImportResultOutputID=afc990bf7dff7d98f03c3219a3cfb749 DependenciesID=cb570142a57f48f38214b4dccf69e1d6 StaticDependenciesID=146af89e71923a01c4f96c073ca053e6 
Number of updated asset objects reloaded before import = 0
Number of asset objects unloaded after import = 0
========================================================================
Received Import Request.
  Time of request: 2026-10-01T17:13:25.7245433Z
  Time since last request: 0.0002477 seconds.
  importAddress: GUID: ec5b5d14e5b51f44abf18ab8f288cdb5 - Path: Packages/com.unity.inputsystem/InputSystem/Runtime/Plugins/OSX/OSXSupport.cs - Importer: ScriptedImporter/UnityEditor.QuickSearchModule:UnityEditor.Search:ASIAI0B
Importing 'GUID: ec5b5d14e5b51f44abf18ab8f288cdb5 - Path: Packages/com.unity.inputsystem/InputSystem/Runtime/Plugins/OSX/OSXSupport.cs - Importer: ScriptedImporter/UnityEditor.QuickSearchModule:UnityEditor.Search:ASIAI0B' with importer (ScriptedImporter : UnityEditor.QuickSearchModule:UnityEditor.Search:ASIAI0B)
Imported 'GUID: ec5b5d14e5b51f44abf18ab8f288cdb5' -> (Import Result ID: 'c7673d692a5e3a8863cacae5192a94f2') in 0.001 seconds [static and dynamic dependencies]. Details - ImportResultOutputID=8dc5811a90805c1a83d69dcbb87c8efa DependenciesID=1b74bb5b0c050e73fc42cf3c6721144d StaticDependenciesID=ab7a8dbe89f9f1041c8d5d285bc7bd3f 
Number of updated asset objects reloaded before import = 0
Number of asset objects unloaded after import = 0
========================================================================
Received Import Request.
  Time of request: 2026-10-01T17:13:25.7329313Z
  Time since last request: 0.000302 seconds.
  importAddress: GUID: 5c6284fecb53e48ee832bc14c64be6fb - Path: Packages/com.unity.inputsystem/InputSystem/Runtime/Devices/Commands/QueryPairedUserAccountCommand.cs - Importer: ScriptedImporter/UnityEditor.QuickSearchModule:UnityEditor.Search:ASIAI0B
Importing 'GUID: 5c6284fecb53e48ee832bc14c64be6fb - Path: Packages/com.unity.inputsystem/InputSystem/Runtime/Devices/Commands/QueryPairedUserAccountCommand.cs - Importer: ScriptedImporter/UnityEditor.QuickSearchModule:UnityEditor.Search:ASIAI0B' with importer (ScriptedImporter : UnityEditor.QuickSearchModule:UnityEditor.Search:ASIAI0B)
Imported 'GUID: 5c6284fecb53e48ee832bc14c64be6fb' -> (Import Result ID: '72936ba4c6bb09ece2a6025a038c2a67') in 0.001 seconds [static and dynamic dependencies]. Details - ImportResultOutputID=ad8ce6d24d94b72fb97d2b9d329c36eb DependenciesID=cbcc72373475130c595d79bb841bd2e9 StaticDependenciesID=79e0064ab03cc04709aa47f8e5383561 
Number of updated asset objects reloaded before import = 0
Number of asset objects unloaded after import = 0
========================================================================
Received Import Request.
  Time of request: 2026-10-01T17:13:25.7403468Z
  Time since last request: 0.000254 seconds.
  importAddress: GUID: cc69a9a42102dea4dafad4147e3ed98e - Path: Packages/com.unity.inputsystem/InputSystem/Runtime/Plugins/PlayerInput/DefaultInputActions.cs - Importer: ScriptedImporter/UnityEditor.QuickSearchModule:UnityEditor.Search:ASIAI0B
Importing 'GUID: cc69a9a42102dea4dafad4147e3ed98e - Path: Packages/com.unity.inputsystem/InputSystem/Runtime/Plugins/PlayerInput/DefaultInputActions.cs - Importer: ScriptedImporter/UnityEditor.QuickSearchModule:UnityEditor.Search:ASIAI0B' with importer (ScriptedImporter : UnityEditor.QuickSearchModule:UnityEditor.Search:ASIAI0B)
Imported 'GUID: cc69a9a42102dea4dafad4147e3ed98e' -> (Import Result ID: 'a28d89a9afee957686ac45fc9195112d') in 0.001 seconds [static and dynamic dependencies]. Details - ImportResultOutputID=e59a7a46a292e4dde8493a0bbefc8f1e DependenciesID=285d7375ac37b8a3290c2169d1add90d StaticDependenciesID=d10f40ca90b1a6bd2c79caeb2f660433 
Number of updated asset objects reloaded before import = 0
Number of asset objects unloaded after import = 0
========================================================================
Received Import Request.
  Time of request: 2026-10-01T17:13:25.7477844Z
  Time since last request: 0.0002112 seconds.
  importAddress: GUID: 3c764fcc1188a6e489f8c305ff4077a6 - Path: Packages/com.unity.inputsystem/InputSystem/Runtime/Devices/Commands/QueryEditorWindowCoordinatesCommand.cs - Importer: ScriptedImporter/UnityEditor.QuickSearchModule:UnityEditor.Search:ASIAI0B
Importing 'GUID: 3c764fcc1188a6e489f8c305ff4077a6 - Path: Packages/com.unity.inputsystem/InputSystem/Runtime/Devices/Commands/QueryEditorWindowCoordinatesCommand.cs - Importer: ScriptedImporter/UnityEditor.QuickSearchModule:UnityEditor.Search:ASIAI0B' with importer (ScriptedImporter : UnityEditor.QuickSearchModule:UnityEditor.Search:ASIAI0B)
Imported 'GUID: 3c764fcc1188a6e489f8c305ff4077a6' -> (Import Result ID: 'c8ae20d217e9863174ca1f4628ded897') in 0.001 seconds [static and dynamic dependencies]. Details - ImportResultOutputID=97115ebeb5f1da059ae099396f411e2c DependenciesID=96fc738317133808817e72f369be6935 StaticDependenciesID=b5daeea77506e87921d350cc24943d35 
Number of updated asset objects reloaded before import = 0
Number of asset objects unloaded after import = 0
========================================================================
Received Import Request.
  Time of request: 2026-10-01T17:13:25.7685745Z
  Time since last request: 0.0136239 seconds.
  importAddress: GUID: 76765a8c5cba74c0abc5ab4afd8266e2 - Path: Packages/com.unity.inputsystem/InputSystem/Runtime/Plugins/Users/InputUserAccountHandle.cs - Importer: ScriptedImporter/UnityEditor.QuickSearchModule:UnityEditor.Search:ASIAI0B
Importing 'GUID: 76765a8c5cba74c0abc5ab4afd8266e2 - Path: Packages/com.unity.inputsystem/InputSystem/Runtime/Plugins/Users/InputUserAccountHandle.cs - Importer: ScriptedImporter/UnityEditor.QuickSearchModule:UnityEditor.Search:ASIAI0B' with importer (ScriptedImporter : UnityEditor.QuickSearchModule:UnityEditor.Search:ASIAI0B)
Imported 'GUID: 76765a8c5cba74c0abc5ab4afd8266e2' -> (Import Result ID: '28f99f0a89e1fb69bd4964234add9e18') in 0.001 seconds [static and dynamic dependencies]. Details - ImportResultOutputID=d5b6fbcf73e8ab1a8c7c5f97d8004172 DependenciesID=261334b5a9da14c3057a2900ad1d8702 StaticDependenciesID=84a7d5f66d94cfb3085a5ba86ce88a01 
Number of updated asset objects reloaded before import = 0
Number of asset objects unloaded after import = 0
========================================================================
Received Import Request.
  Time of request: 2026-10-01T17:13:25.7770429Z
  Time since last request: 0.0006606 seconds.
  importAddress: GUID: 929bef69d71fe4223b4148865a0a5e42 - Path: Packages/com.unity.inputsystem/InputSystem/Runtime/Plugins/XR/GenericXRDevice.cs - Importer: ScriptedImporter/UnityEditor.QuickSearchModule:UnityEditor.Search:ASIAI0B
Importing 'GUID: 929bef69d71fe4223b4148865a0a5e42 - Path: Packages/com.unity.inputsystem/InputSystem/Runtime/Plugins/XR/GenericXRDevice.cs - Importer: ScriptedImporter/UnityEditor.QuickSearchModule:UnityEditor.Search:ASIAI0B' with importer (ScriptedImporter : UnityEditor.QuickSearchModule:UnityEditor.Search:ASIAI0B)
Imported 'GUID: 929bef69d71fe4223b4148865a0a5e42' -> (Import Result ID: '999a8f8fd1f39c38bdc3ae2f41983061') in 0.002 seconds [static and dynamic dependencies]. Details - ImportResultOutputID=16625971da6a2d2134c6ed009cba05ce DependenciesID=c82e6934b740e20931d7de1d31f24077 StaticDependenciesID=5e6a309ed6a26eb87ec7c146cb3fc165 
Number of updated asset objects reloaded before import = 0
Number of asset objects unloaded after import = 0
========================================================================
Received Import Request.
  Time of request: 2026-10-01T17:13:25.7849419Z
  Time since last request: 0.0004088 seconds.
  importAddress: GUID: a9be5e04bc92741ccbe2c262bfaa517f - Path: Packages/com.unity.inputsystem/InputSystem/Runtime/Plugins/XR/XRSupport.cs - Importer: ScriptedImporter/UnityEditor.QuickSearchModule:UnityEditor.Search:ASIAI0B
Importing 'GUID: a9be5e04bc92741ccbe2c262bfaa517f - Path: Packages/com.unity.inputsystem/InputSystem/Runtime/Plugins/XR/XRSupport.cs - Importer: ScriptedImporter/UnityEditor.QuickSearchModule:UnityEditor.Search:ASIAI0B' with importer (ScriptedImporter : UnityEditor.QuickSearchModule:UnityEditor.Search:ASIAI0B)
Imported 'GUID: a9be5e04bc92741ccbe2c262bfaa517f' -> (Import Result ID: '1792551f5adab107c5e9840235c779b2') in 0.001 seconds [static and dynamic dependencies]. Details - ImportResultOutputID=e102f5348fb21ef83a270704acd669d2 DependenciesID=63a7b953e65d47e1cb37dccfe09a1f61 StaticDependenciesID=7d6628aa88b42a79faef4b6b92c8c063 
Number of updated asset objects reloaded before import = 0
Number of asset objects unloaded after import = 0
========================================================================
Received Import Request.
  Time of request: 2026-10-01T17:13:25.7924454Z
  Time since last request: 0.0005532 seconds.
  importAddress: GUID: e78bab4d8055a47fd933966a032e34ef - Path: Packages/com.unity.inputsystem/InputSystem/Runtime/Plugins/WebGL/WebGLGamepad.cs - Importer: ScriptedImporter/UnityEditor.QuickSearchModule:UnityEditor.Search:ASIAI0B
Importing 'GUID: e78bab4d8055a47fd933966a032e34ef - Path: Packages/com.unity.inputsystem/InputSystem/Runtime/Plugins/WebGL/WebGLGamepad.cs - Importer: ScriptedImporter/UnityEditor.QuickSearchModule:UnityEditor.Search:ASIAI0B' with importer (ScriptedImporter : UnityEditor.QuickSearchModule:UnityEditor.Search:ASIAI0B)
Imported 'GUID: e78bab4d8055a47fd933966a032e34ef' -> (Import Result ID: '697682427176b7dd6ae85c81b02db13a') in 0.002 seconds [static and dynamic dependencies]. Details - ImportResultOutputID=0b97ca096e02ce69b104d60bdcc96d52 DependenciesID=c5254a0b4de4361ebc6d81f4eb86f08e StaticDependenciesID=9db235595a3cad28c11b5719691fed00 
Number of updated asset objects reloaded before import = 0
Number of asset objects unloaded after import = 0
========================================================================
Received Import Request.
  Time of request: 2026-10-01T17:13:25.8003826Z
  Time since last request: 0.0002514 seconds.
  importAddress: GUID: cf632ed80bf1f46c980de6b1b8b903ef - Path: Packages/com.unity.inputsystem/InputSystem/Editor/AssetEditor/PackageResources/personal/actionTreeBackgroundWithoutBorder.png - Importer: ScriptedImporter/UnityEditor.QuickSearchModule:UnityEditor.Search:ASIAI0B
Importing 'GUID: cf632ed80bf1f46c980de6b1b8b903ef - Path: Packages/com.unity.inputsystem/InputSystem/Editor/AssetEditor/PackageResources/personal/actionTreeBackgroundWithoutBorder.png - Importer: ScriptedImporter/UnityEditor.QuickSearchModule:UnityEditor.Search:ASIAI0B' with importer (ScriptedImporter : UnityEditor.QuickSearchModule:UnityEditor.Search:ASIAI0B)
Imported 'GUID: cf632ed80bf1f46c980de6b1b8b903ef' -> (Import Result ID: 'bed7ccf35cfff1c4de1d586514c782c9') in 0.003 seconds [static and dynamic dependencies]. Details - ImportResultOutputID=ff76b33c0667ce0353206a9d48601082 DependenciesID=8de1f4a9248c3f1257c56e2325cc01d7 StaticDependenciesID=1f11bd1ab8b20024f15091dcd07e1254 
Number of updated asset objects reloaded before import = 0
Number of asset objects unloaded after import = 1
========================================================================
Received Import Request.
  Time of request: 2026-10-01T17:13:25.8098789Z
  Time since last request: 0.0002927 seconds.
  importAddress: GUID: 0a3e3635b85e2124b9b3147aef1cdc32 - Path: Packages/com.unity.inputsystem/InputSystem/Runtime/Plugins/XInput/XInputControllerWindows.cs - Importer: ScriptedImporter/UnityEditor.QuickSearchModule:UnityEditor.Search:ASIAI0B
Importing 'GUID: 0a3e3635b85e2124b9b3147aef1cdc32 - Path: Packages/com.unity.inputsystem/InputSystem/Runtime/Plugins/XInput/XInputControllerWindows.cs - Importer: ScriptedImporter/UnityEditor.QuickSearchModule:UnityEditor.Search:ASIAI0B' with importer (ScriptedImporter : UnityEditor.QuickSearchModule:UnityEditor.Search:ASIAI0B)
Imported 'GUID: 0a3e3635b85e2124b9b3147aef1cdc32' -> (Import Result ID: '06d1be6d1063edc8bb575eb3995f2882') in 0.003 seconds [static and dynamic dependencies]. Details - ImportResultOutputID=60f75cc3ae12a3ed835a175c114f5d6d DependenciesID=32aa8363c516564b16a836cb1ea6cca4 StaticDependenciesID=8f6e75a08db9e5426efc68ff9e46a4c6 
Number of updated asset objects reloaded before import = 0
Number of asset objects unloaded after import = 0
========================================================================
Received Import Request.
  Time of request: 2026-10-01T17:13:25.8206312Z
  Time since last request: 0.0002465 seconds.
  importAddress: GUID: c0996bc290ff74bf4834f4a8b7dc8c3e - Path: Packages/com.unity.inputsystem/InputSystem/Editor/AssetEditor/PackageResources/pro/foldoutBackground.png - Importer: ScriptedImporter/UnityEditor.QuickSearchModule:UnityEditor.Search:ASIAI0B
Importing 'GUID: c0996bc290ff74bf4834f4a8b7dc8c3e - Path: Packages/com.unity.inputsystem/InputSystem/Editor/AssetEditor/PackageResources/pro/foldoutBackground.png - Importer: ScriptedImporter/UnityEditor.QuickSearchModule:UnityEditor.Search:ASIAI0B' with importer (ScriptedImporter : UnityEditor.QuickSearchModule:UnityEditor.Search:ASIAI0B)
Imported 'GUID: c0996bc290ff74bf4834f4a8b7dc8c3e' -> (Import Result ID: '4d904877ec13ef140a91f007cee50a18') in 0.004 seconds [static and dynamic dependencies]. Details - ImportResultOutputID=8f0bdf7ddcbf3168ef04cc69d444baed DependenciesID=8f1520baf3083deeae54286a79eaab6f StaticDependenciesID=2c721af38653904476eb38fb45a546b4 
Number of updated asset objects reloaded before import = 0
Number of asset objects unloaded after import = 1
========================================================================
Received Import Request.
  Time of request: 2026-10-01T17:13:25.8306697Z
  Time since last request: 0.0002719 seconds.
  importAddress: GUID: ef73fbf6f536c4184845d789870911a3 - Path: Packages/com.unity.inputsystem/InputSystem/Runtime/Plugins/XInput/XboxGamepadMacOS.cs - Importer: ScriptedImporter/UnityEditor.QuickSearchModule:UnityEditor.Search:ASIAI0B
Importing 'GUID: ef73fbf6f536c4184845d789870911a3 - Path: Packages/com.unity.inputsystem/InputSystem/Runtime/Plugins/XInput/XboxGamepadMacOS.cs - Importer: ScriptedImporter/UnityEditor.QuickSearchModule:UnityEditor.Search:ASIAI0B' with importer (ScriptedImporter : UnityEditor.QuickSearchModule:UnityEditor.Search:ASIAI0B)
Imported 'GUID: ef73fbf6f536c4184845d789870911a3' -> (Import Result ID: 'b79256b280c2815d14657cdbbab2c2f2') in 0.002 seconds [static and dynamic dependencies]. Details - ImportResultOutputID=6eef0177756f670ab6ca02414a75ed43 DependenciesID=a1b6c4314d109adb47b7fa6b20b73943 StaticDependenciesID=f862fc80a85b7cb97ef988ce1215d5a8 
Number of updated asset objects reloaded before import = 0
Number of asset objects unloaded after import = 0
========================================================================
Received Import Request.
  Time of request: 2026-10-01T17:13:25.8401299Z
  Time since last request: 0.0002109 seconds.
  importAddress: GUID: 2ade21199e79d394ab34f4e6887f1c09 - Path: Packages/com.unity.inputsystem/InputSystem/Runtime/Plugins/XR/Haptics/GetHapticCapabilitiesCommand.cs - Importer: ScriptedImporter/UnityEditor.QuickSearchModule:UnityEditor.Search:ASIAI0B
Importing 'GUID: 2ade21199e79d394ab34f4e6887f1c09 - Path: Packages/com.unity.inputsystem/InputSystem/Runtime/Plugins/XR/Haptics/GetHapticCapabilitiesCommand.cs - Importer: ScriptedImporter/UnityEditor.QuickSearchModule:UnityEditor.Search:ASIAI0B' with importer (ScriptedImporter : UnityEditor.QuickSearchModule:UnityEditor.Search:ASIAI0B)
Imported 'GUID: 2ade21199e79d394ab34f4e6887f1c09' -> (Import Result ID: '1598009fedf3b472b884209145167007') in 0.002 seconds [static and dynamic dependencies]. Details - ImportResultOutputID=c3c0c164d231a33f6adadec926bf2fdb DependenciesID=e49870f9ffa720f07c063013caad80f7 StaticDependenciesID=e7305e55a0c5a282ffd0f08b33d263fa 
Number of updated asset objects reloaded before import = 0
Number of asset objects unloaded after import = 0
========================================================================
Received Import Request.
  Time of request: 2026-10-01T17:13:25.8627925Z
  Time since last request: 0.0149072 seconds.
  importAddress: GUID: 28daaf27186926745a8e1ebf5539c5f8 - Path: Packages/com.unity.visualscripting/ValidationExceptions.json - Importer: ScriptedImporter/UnityEditor.QuickSearchModule:UnityEditor.Search:ASIAI0B
Importing 'GUID: 28daaf27186926745a8e1ebf5539c5f8 - Path: Packages/com.unity.visualscripting/ValidationExceptions.json - Importer: ScriptedImporter/UnityEditor.QuickSearchModule:UnityEditor.Search:ASIAI0B' with importer (ScriptedImporter : UnityEditor.QuickSearchModule:UnityEditor.Search:ASIAI0B)
Imported 'GUID: 28daaf27186926745a8e1ebf5539c5f8' -> (Import Result ID: 'b2717695f0dc73b379bb94e420b6f23e') in 0.001 seconds [static and dynamic dependencies]. Details - ImportResultOutputID=bcdcb3ac6e24fd84c5f34d17beb90a00 DependenciesID=5a9ccbae3d40d613a12ceb6269063f26 StaticDependenciesID=6790213ae2531a0b5d202ecd2ccfba59 
Number of updated asset objects reloaded before import = 0
Number of asset objects unloaded after import = 1
========================================================================
Received Import Request.
  Time of request: 2026-10-01T17:13:25.8717859Z
  Time since last request: 0.0001737 seconds.
  importAddress: GUID: 04284a5c673029d43b07b690037dda4a - Path: Packages/com.unity.visualscripting/Graphics/Field_16x.ai - Importer: ScriptedImporter/UnityEditor.QuickSearchModule:UnityEditor.Search:ASIAI0B
Importing 'GUID: 04284a5c673029d43b07b690037dda4a - Path: Packages/com.unity.visualscripting/Graphics/Field_16x.ai - Importer: ScriptedImporter/UnityEditor.QuickSearchModule:UnityEditor.Search:ASIAI0B' with importer (ScriptedImporter : UnityEditor.QuickSearchModule:UnityEditor.Search:ASIAI0B)
Imported 'GUID: 04284a5c673029d43b07b690037dda4a' -> (Import Result ID: '969bb6417353ae5908052a1828361c0c') in 0.001 seconds [static and dynamic dependencies]. Details - ImportResultOutputID=8603b5100929cd3b1f6a2bfcc0ec5d95 DependenciesID=51ef8ab49adec0ea4ee9d8dd9ac2bac6 StaticDependenciesID=fa868241b95d8217bb48ecd52ae1ea01 
Number of updated asset objects reloaded before import = 0
Number of asset objects unloaded after import = 1
========================================================================
Received Import Request.
  Time of request: 2026-10-01T17:13:25.8792556Z
  Time since last request: 0.0003926 seconds.
  importAddress: GUID: b1b39c71b073f4269acc255452659ff3 - Path: Packages/com.unity.visualscripting/Editor/VisualScripting.Flow/FlowGraphUnitUISample.cs - Importer: ScriptedImporter/UnityEditor.QuickSearchModule:UnityEditor.Search:ASIAI0B
Importing 'GUID: b1b39c71b073f4269acc255452659ff3 - Path: Packages/com.unity.visualscripting/Editor/VisualScripting.Flow/FlowGraphUnitUISample.cs - Importer: ScriptedImporter/UnityEditor.QuickSearchModule:UnityEditor.Search:ASIAI0B' with importer (ScriptedImporter : UnityEditor.QuickSearchModule:UnityEditor.Search:ASIAI0B)
Imported 'GUID: b1b39c71b073f4269acc255452659ff3' -> (Import Result ID: '6e4aa17017d9ec777ce7d2d6a5ee1536') in 0.001 seconds [static and dynamic dependencies]. Details - ImportResultOutputID=0b572b7af7fa9dc21db6488c0b516358 DependenciesID=b79036f8f2af9d39f60dbadffd53d906 StaticDependenciesID=5f769a0e2dc6fe96b21476a9676945f2 
Number of updated asset objects reloaded before import = 0
Number of asset objects unloaded after import = 0
========================================================================
Received Import Request.
  Time of request: 2026-10-01T17:13:25.8877598Z
  Time since last request: 0.0001816 seconds.
  importAddress: GUID: 5f1b15ef6f7374405b6abe5fae72c2e3 - Path: Packages/com.unity.visualscripting/Editor/VisualScripting.Core/AssetBundleCreator.cs - Importer: ScriptedImporter/UnityEditor.QuickSearchModule:UnityEditor.Search:ASIAI0B
Importing 'GUID: 5f1b15ef6f7374405b6abe5fae72c2e3 - Path: Packages/com.unity.visualscripting/Editor/VisualScripting.Core/AssetBundleCreator.cs - Importer: ScriptedImporter/UnityEditor.QuickSearchModule:UnityEditor.Search:ASIAI0B' with importer (ScriptedImporter : UnityEditor.QuickSearchModule:UnityEditor.Search:ASIAI0B)
Imported 'GUID: 5f1b15ef6f7374405b6abe5fae72c2e3' -> (Import Result ID: 'e9feb780a935178677620fbd86628b45') in 0.001 seconds [static and dynamic dependencies]. Details - ImportResultOutputID=80df2e74ad951684243a63b9e35f3cdc DependenciesID=4bf47d72df5683c3756da3c38805d1d3 StaticDependenciesID=1f6c452d7ac7ae361e7e8ab9bdc693d7 
Number of updated asset objects reloaded before import = 0
Number of asset objects unloaded after import = 0
========================================================================
Received Import Request.
  Time of request: 2026-10-01T17:13:25.8968409Z
  Time since last request: 0.0003334 seconds.
  importAddress: GUID: 72a0f82474e843c2b1a9b9ca96c8d67c - Path: Packages/com.unity.visualscripting/Editor/VisualScripting.Flow/RuntimeGraphBase.cs - Importer: ScriptedImporter/UnityEditor.QuickSearchModule:UnityEditor.Search:ASIAI0B
Importing 'GUID: 72a0f82474e843c2b1a9b9ca96c8d67c - Path: Packages/com.unity.visualscripting/Editor/VisualScripting.Flow/RuntimeGraphBase.cs - Importer: ScriptedImporter/UnityEditor.QuickSearchModule:UnityEditor.Search:ASIAI0B' with importer (ScriptedImporter : UnityEditor.QuickSearchModule:UnityEditor.Search:ASIAI0B)
Imported 'GUID: 72a0f82474e843c2b1a9b9ca96c8d67c' -> (Import Result ID: '38a23c05275c0e58d746a4b746ddd5cb') in 0.002 seconds [static and dynamic dependencies]. Details - ImportResultOutputID=b99a6cef9ee53b3b3a27216370c140c5 DependenciesID=b4c083913408e1969597401ded41424c StaticDependenciesID=7383135aa6769f70990430c41481a6b4 
Number of updated asset objects reloaded before import = 0
Number of asset objects unloaded after import = 0
========================================================================
Received Import Request.
  Time of request: 2026-10-01T17:13:25.9049038Z
  Time since last request: 0.000296 seconds.
  importAddress: GUID: 2f0cb32e9f8a4724ab6642e567fa5a7d - Path: Packages/com.unity.visualscripting/Graphics/Events.afphoto - Importer: ScriptedImporter/UnityEditor.QuickSearchModule:UnityEditor.Search:ASIAI0B
Importing 'GUID: 2f0cb32e9f8a4724ab6642e567fa5a7d - Path: Packages/com.unity.visualscripting/Graphics/Events.afphoto - Importer: ScriptedImporter/UnityEditor.QuickSearchModule:UnityEditor.Search:ASIAI0B' with importer (ScriptedImporter : UnityEditor.QuickSearchModule:UnityEditor.Search:ASIAI0B)
Imported 'GUID: 2f0cb32e9f8a4724ab6642e567fa5a7d' -> (Import Result ID: 'a91e6f9fd1beeef5b689de586067e5f1') in 0.001 seconds [static and dynamic dependencies]. Details - ImportResultOutputID=b1216ffbd09c030135cfc6cf69e69221 DependenciesID=8034fa80db971e42adea7543b6f8992d StaticDependenciesID=63f007924b626467556706aef49fcf7c 
Number of updated asset objects reloaded before import = 0
Number of asset objects unloaded after import = 1
========================================================================
Received Import Request.
  Time of request: 2026-10-01T17:13:25.9124581Z
  Time since last request: 0.0002522 seconds.
  importAddress: GUID: f8d9014a332bd894485ce367ca17d086 - Path: Packages/com.unity.visualscripting/LICENSE.md - Importer: ScriptedImporter/UnityEditor.QuickSearchModule:UnityEditor.Search:ASIAI0B
Importing 'GUID: f8d9014a332bd894485ce367ca17d086 - Path: Packages/com.unity.visualscripting/LICENSE.md - Importer: ScriptedImporter/UnityEditor.QuickSearchModule:UnityEditor.Search:ASIAI0B' with importer (ScriptedImporter : UnityEditor.QuickSearchModule:UnityEditor.Search:ASIAI0B)
Imported 'GUID: f8d9014a332bd894485ce367ca17d086' -> (Import Result ID: '5d410418d0fe5d59f6b9763de493990a') in 0.001 seconds [static and dynamic dependencies]. Details - ImportResultOutputID=05754f632269b1968ec42e5feb3729f9 DependenciesID=7a16fe29fd148cbaeb3d9978fccf36aa StaticDependenciesID=89fe4ac08589b964fd9b2695effc7c30 
Number of updated asset objects reloaded before import = 0
Number of asset objects unloaded after import = 1
========================================================================
Received Import Request.
  Time of request: 2026-10-01T17:13:25.9199636Z
  Time since last request: 0.0002174 seconds.
  importAddress: GUID: 365c53ddcbed946fab90ee822d1fcced - Path: Packages/com.unity.visualscripting/Editor/VisualScripting.Shared/EmptyGraphWindow.cs - Importer: ScriptedImporter/UnityEditor.QuickSearchModule:UnityEditor.Search:ASIAI0B
Importing 'GUID: 365c53ddcbed946fab90ee822d1fcced - Path: Packages/com.unity.visualscripting/Editor/VisualScripting.Shared/EmptyGraphWindow.cs - Importer: ScriptedImporter/UnityEditor.QuickSearchModule:UnityEditor.Search:ASIAI0B' with importer (ScriptedImporter : UnityEditor.QuickSearchModule:UnityEditor.Search:ASIAI0B)
Imported 'GUID: 365c53ddcbed946fab90ee822d1fcced' -> (Import Result ID: '47ec07840351c4e0fb106934affb5b60') in 0.001 seconds [static and dynamic dependencies]. Details - ImportResultOutputID=4604771a305bf75c91609ccf5d4fe3fe DependenciesID=8ee6b35162cef479d3472f8f9ad0f6ad StaticDependenciesID=fe547f8b08c2593e3502c4439fa551b2 
Number of updated asset objects reloaded before import = 0
Number of asset objects unloaded after import = 0
========================================================================
Received Import Request.
  Time of request: 2026-10-01T17:13:25.9274415Z
  Time since last request: 0.0003194 seconds.
  importAddress: GUID: 008aaf0122c64347b088ad6d93484cb6 - Path: Packages/com.unity.visualscripting/DocCodeExamples/VariableExamples.cs - Importer: ScriptedImporter/UnityEditor.QuickSearchModule:UnityEditor.Search:ASIAI0B
Importing 'GUID: 008aaf0122c64347b088ad6d93484cb6 - Path: Packages/com.unity.visualscripting/DocCodeExamples/VariableExamples.cs - Importer: ScriptedImporter/UnityEditor.QuickSearchModule:UnityEditor.Search:ASIAI0B' with importer (ScriptedImporter : UnityEditor.QuickSearchModule:UnityEditor.Search:ASIAI0B)
Imported 'GUID: 008aaf0122c64347b088ad6d93484cb6' -> (Import Result ID: 'dc949ad5b89f46b74c3d26b615cd5828') in 0.001 seconds [static and dynamic dependencies]. Details - ImportResultOutputID=cf127e9478a1b3c4bda0b3edd848846b DependenciesID=9819393c6cd772361aecbeaf3d351120 StaticDependenciesID=3d41b1ca84b196447271d1408f497514 
Number of updated asset objects reloaded before import = 0
Number of asset objects unloaded after import = 0
========================================================================
Received Import Request.
  Time of request: 2026-10-01T17:13:25.9494261Z
  Time since last request: 0.0149069 seconds.
  importAddress: GUID: db822fb58e4f24f51a42df68ea73225a - Path: Packages/com.unity.visualscripting/Runtime/VisualScripting.Flow/UnitPortDefinitionCollection.cs - Importer: ScriptedImporter/UnityEditor.QuickSearchModule:UnityEditor.Search:ASIAI0B
Importing 'GUID: db822fb58e4f24f51a42df68ea73225a - Path: Packages/com.unity.visualscripting/Runtime/VisualScripting.Flow/UnitPortDefinitionCollection.cs - Importer: ScriptedImporter/UnityEditor.QuickSearchModule:UnityEditor.Search:ASIAI0B' with importer (ScriptedImporter : UnityEditor.QuickSearchModule:UnityEditor.Search:ASIAI0B)
Imported 'GUID: db822fb58e4f24f51a42df68ea73225a' -> (Import Result ID: '738d9153892073305d92af3b036e08da') in 0.002 seconds [static and dynamic dependencies]. Details - ImportResultOutputID=8d33edf09537fb722247f634f5cc6816 DependenciesID=9e74e1ed915553a53d0b81957e976656 StaticDependenciesID=9caa3fcf3dd9b7ca19eaec702664d611 
Number of updated asset objects reloaded before import = 0
Number of asset objects unloaded after import = 0
========================================================================
Received Import Request.
  Time of request: 2026-10-01T17:13:25.9581037Z
  Time since last request: 0.0001805 seconds.
  importAddress: GUID: 7d2bbdd7f3404e04941d986015e27acb - Path: Packages/com.unity.visualscripting/Editor/VisualScripting.Core/Analytics/AnalyticsUtilities.cs - Importer: ScriptedImporter/UnityEditor.QuickSearchModule:UnityEditor.Search:ASIAI0B
Importing 'GUID: 7d2bbdd7f3404e04941d986015e27acb - Path: Packages/com.unity.visualscripting/Editor/VisualScripting.Core/Analytics/AnalyticsUtilities.cs - Importer: ScriptedImporter/UnityEditor.QuickSearchModule:UnityEditor.Search:ASIAI0B' with importer (ScriptedImporter : UnityEditor.QuickSearchModule:UnityEditor.Search:ASIAI0B)
Imported 'GUID: 7d2bbdd7f3404e04941d986015e27acb' -> (Import Result ID: 'e649bf0eb209f111719ff4930cefbc44') in 0.001 seconds [static and dynamic dependencies]. Details - ImportResultOutputID=27f65aea719a18367b74789b3b4861f4 DependenciesID=b76e4d170c9b53e0f9f7da29d70800ad StaticDependenciesID=b6ce645d963b8db795c54e22a54ca5e6 
Number of updated asset objects reloaded before import = 0
Number of asset objects unloaded after import = 0
========================================================================
Received Import Request.
  Time of request: 2026-10-01T17:13:25.966178Z
  Time since last request: 0.0002323 seconds.
  importAddress: GUID: ff487154bf5ec41f1b830b780c2a8b0a - Path: Packages/com.unity.visualscripting/Runtime/VisualScripting.State/StateEventHooks.cs - Importer: ScriptedImporter/UnityEditor.QuickSearchModule:UnityEditor.Search:ASIAI0B
Importing 'GUID: ff487154bf5ec41f1b830b780c2a8b0a - Path: Packages/com.unity.visualscripting/Runtime/VisualScripting.State/StateEventHooks.cs - Importer: ScriptedImporter/UnityEditor.QuickSearchModule:UnityEditor.Search:ASIAI0B' with importer (ScriptedImporter : UnityEditor.QuickSearchModule:UnityEditor.Search:ASIAI0B)
Imported 'GUID: ff487154bf5ec41f1b830b780c2a8b0a' -> (Import Result ID: '30fe655c514b474502250ea0f2cbd8a1') in 0.001 seconds [static and dynamic dependencies]. Details - ImportResultOutputID=10c9486cfdb783c78d692f811352c6a8 DependenciesID=981dc66aae8509d90060454b623da391 StaticDependenciesID=3587f22704076a4c09ae17d6d904221d 
Number of updated asset objects reloaded before import = 0
Number of asset objects unloaded after import = 0
========================================================================
Received Import Request.
  Time of request: 2026-10-01T17:13:25.974941Z
  Time since last request: 0.0001885 seconds.
  importAddress: GUID: a8c0a3364f2ef4e42820eb87b5bdab69 - Path: Packages/com.unity.visualscripting/Editor/SettingsProvider/ProjectSettings/ScriptReferenceResolverSettings.cs - Importer: ScriptedImporter/UnityEditor.QuickSearchModule:UnityEditor.Search:ASIAI0B
Importing 'GUID: a8c0a3364f2ef4e42820eb87b5bdab69 - Path: Packages/com.unity.visualscripting/Editor/SettingsProvider/ProjectSettings/ScriptReferenceResolverSettings.cs - Importer: ScriptedImporter/UnityEditor.QuickSearchModule:UnityEditor.Search:ASIAI0B' with importer (ScriptedImporter : UnityEditor.QuickSearchModule:UnityEditor.Search:ASIAI0B)
Imported 'GUID: a8c0a3364f2ef4e42820eb87b5bdab69' -> (Import Result ID: '6610c9d186c91b65f81cf7177cb38142') in 0.002 seconds [static and dynamic dependencies]. Details - ImportResultOutputID=a59c5cfc97ca2e7c9d8c843085ac8c94 DependenciesID=07bf81fac90090fa99237ce1b704fe85 StaticDependenciesID=ed3d8de2acee9266bf7f042a74b0ba98 
Number of updated asset objects reloaded before import = 0
Number of asset objects unloaded after import = 0
========================================================================
Received Import Request.
  Time of request: 2026-10-01T17:13:25.9831473Z
  Time since last request: 0.000136 seconds.
  importAddress: GUID: 0d4c8c0a5be6245e2aad918069f79df5 - Path: Packages/com.unity.visualscripting/Runtime/VisualScripting.State/IState.cs - Importer: ScriptedImporter/UnityEditor.QuickSearchModule:UnityEditor.Search:ASIAI0B
Importing 'GUID: 0d4c8c0a5be6245e2aad918069f79df5 - Path: Packages/com.unity.visualscripting/Runtime/VisualScripting.State/IState.cs - Importer: ScriptedImporter/UnityEditor.QuickSearchModule:UnityEditor.Search:ASIAI0B' with importer (ScriptedImporter : UnityEditor.QuickSearchModule:UnityEditor.Search:ASIAI0B)
Imported 'GUID: 0d4c8c0a5be6245e2aad918069f79df5' -> (Import Result ID: '417fa3b24adbf29ec9fa63d03775f4b0') in 0.002 seconds [static and dynamic dependencies]. Details - ImportResultOutputID=bb365b30d6c57485ee4d8d771b3a6a17 DependenciesID=3389a6e8708842495291fd3c35bee108 StaticDependenciesID=325c4cd579fbe8547abc0b0b621b90bb 
Number of updated asset objects reloaded before import = 0
Number of asset objects unloaded after import = 0
========================================================================
Received Import Request.
  Time of request: 2026-10-01T17:13:25.9926385Z
  Time since last request: 0.0001343 seconds.
  importAddress: GUID: 10477d5d4528e40818aa77439952fa2f - Path: Packages/com.unity.visualscripting/Runtime/VisualScripting.Flow/IUnit.cs - Importer: ScriptedImporter/UnityEditor.QuickSearchModule:UnityEditor.Search:ASIAI0B
Importing 'GUID: 10477d5d4528e40818aa77439952fa2f - Path: Packages/com.unity.visualscripting/Runtime/VisualScripting.Flow/IUnit.cs - Importer: ScriptedImporter/UnityEditor.QuickSearchModule:UnityEditor.Search:ASIAI0B' with importer (ScriptedImporter : UnityEditor.QuickSearchModule:UnityEditor.Search:ASIAI0B)
Imported 'GUID: 10477d5d4528e40818aa77439952fa2f' -> (Import Result ID: 'edfea2900f40654147c36dc4dae7c2d2') in 0.001 seconds [static and dynamic dependencies]. Details - ImportResultOutputID=529facb1d5896fbc6c720d9b55a3e4a6 DependenciesID=b386d34bc149a3bc3bf6e0bdbdc09d05 StaticDependenciesID=3f5f5cdd30c63dcfbaddc3a8eb079f32 
Number of updated asset objects reloaded before import = 0
Number of asset objects unloaded after import = 0
========================================================================
Received Import Request.
  Time of request: 2026-10-01T17:13:26.0012859Z
  Time since last request: 0.0003419 seconds.
  importAddress: GUID: 4fb36d0252722495cbe1fddf45ba9185 - Path: Packages/com.unity.visualscripting/Editor/VisualScripting.Core/Analysis/IAnalysis.cs - Importer: ScriptedImporter/UnityEditor.QuickSearchModule:UnityEditor.Search:ASIAI0B
Importing 'GUID: 4fb36d0252722495cbe1fddf45ba9185 - Path: Packages/com.unity.visualscripting/Editor/VisualScripting.Core/Analysis/IAnalysis.cs - Importer: ScriptedImporter/UnityEditor.QuickSearchModule:UnityEditor.Search:ASIAI0B' with importer (ScriptedImporter : UnityEditor.QuickSearchModule:UnityEditor.Search:ASIAI0B)
Imported 'GUID: 4fb36d0252722495cbe1fddf45ba9185' -> (Import Result ID: 'da9eaf6e896db2b48490ca056a6342c9') in 0.002 seconds [static and dynamic dependencies]. Details - ImportResultOutputID=15ade85739dd823970eb7c4dca2d92f2 DependenciesID=cc87a10261ce314056aedf921f81764a StaticDependenciesID=545f9da47769f9fc541dd85dafae074d 
Number of updated asset objects reloaded before import = 0
Number of asset objects unloaded after import = 0
========================================================================
Received Import Request.
  Time of request: 2026-10-01T17:13:26.0099999Z
  Time since last request: 0.0002206 seconds.
  importAddress: GUID: c885f6b1d6214c8ea9f1970d774bdfc8 - Path: Packages/com.unity.visualscripting/Runtime/VisualScripting.Flow/IDefaultValue.cs - Importer: ScriptedImporter/UnityEditor.QuickSearchModule:UnityEditor.Search:ASIAI0B
Importing 'GUID: c885f6b1d6214c8ea9f1970d774bdfc8 - Path: Packages/com.unity.visualscripting/Runtime/VisualScripting.Flow/IDefaultValue.cs - Importer: ScriptedImporter/UnityEditor.QuickSearchModule:UnityEditor.Search:ASIAI0B' with importer (ScriptedImporter : UnityEditor.QuickSearchModule:UnityEditor.Search:ASIAI0B)
Imported 'GUID: c885f6b1d6214c8ea9f1970d774bdfc8' -> (Import Result ID: 'b83a50c486781b5b799147c15c3d1263') in 0.002 seconds [static and dynamic dependencies]. Details - ImportResultOutputID=f9a45720fb021bec6891602b40931b0a DependenciesID=7c14a832d961bd5506cf4c9acc3b17c8 StaticDependenciesID=9afb317dda48aa9a0da77293f8acfb8f 
Number of updated asset objects reloaded before import = 0
Number of asset objects unloaded after import = 0
========================================================================
Received Import Request.
  Time of request: 2026-10-01T17:13:26.0183578Z
  Time since last request: 0.0002653 seconds.
  importAddress: GUID: d2fe5546f775c47d2820aa5e8a715f53 - Path: Packages/com.unity.visualscripting/Runtime/VisualScripting.Flow/ScriptMachine.cs - Importer: ScriptedImporter/UnityEditor.QuickSearchModule:UnityEditor.Search:ASIAI0B
Importing 'GUID: d2fe5546f775c47d2820aa5e8a715f53 - Path: Packages/com.unity.visualscripting/Runtime/VisualScripting.Flow/ScriptMachine.cs - Importer: ScriptedImporter/UnityEditor.QuickSearchModule:UnityEditor.Search:ASIAI0B' with importer (ScriptedImporter : UnityEditor.QuickSearchModule:UnityEditor.Search:ASIAI0B)
Imported 'GUID: d2fe5546f775c47d2820aa5e8a715f53' -> (Import Result ID: '2ba00c7aaf9331f0c15e4803e6df4ca8') in 0.002 seconds [static and dynamic dependencies]. Details - ImportResultOutputID=504f6ce86d7611fa827f2d9a391e93fb DependenciesID=ddac91f79416003b646f3e61c123fc9e StaticDependenciesID=a15da7b6efad8a85688de2293b64822b 
Number of updated asset objects reloaded before import = 0
Number of asset objects unloaded after import = 1
========================================================================
Received Import Request.
  Time of request: 2026-10-01T17:13:26.0377898Z
  Time since last request: 0.0113645 seconds.
  importAddress: GUID: c588f7acb736b6940bac7b559c8f59dd - Path: Packages/com.unity.visualscripting/Editor/VisualScripting.Core/IconMap/GlobalMessageListener@32x.png - Importer: ScriptedImporter/UnityEditor.QuickSearchModule:UnityEditor.Search:ASIAI0B
Importing 'GUID: c588f7acb736b6940bac7b559c8f59dd - Path: Packages/com.unity.visualscripting/Editor/VisualScripting.Core/IconMap/GlobalMessageListener@32x.png - Importer: ScriptedImporter/UnityEditor.QuickSearchModule:UnityEditor.Search:ASIAI0B' with importer (ScriptedImporter : UnityEditor.QuickSearchModule:UnityEditor.Search:ASIAI0B)
Imported 'GUID: c588f7acb736b6940bac7b559c8f59dd' -> (Import Result ID: '8cfed1ac100947614f353a2d9c86de44') in 0.005 seconds [static and dynamic dependencies]. Details - ImportResultOutputID=cbe159e2657c16fd6add584ffe72ab5c DependenciesID=2260dc7e2fdf971dc37a39bef2104c57 StaticDependenciesID=ce3e48043bf07e296e2d4c4dc7444a13 
Number of updated asset objects reloaded before import = 0
Number of asset objects unloaded after import = 1
========================================================================
Received Import Request.
  Time of request: 2026-10-01T17:13:26.0492914Z
  Time since last request: 0.0002208 seconds.
  importAddress: GUID: efc35be9d817e474abdbae4ad8bcce69 - Path: Packages/com.unity.visualscripting/Editor/VisualScripting.Core/Canvases/ICanvas.cs - Importer: ScriptedImporter/UnityEditor.QuickSearchModule:UnityEditor.Search:ASIAI0B
Importing 'GUID: efc35be9d817e474abdbae4ad8bcce69 - Path: Packages/com.unity.visualscripting/Editor/VisualScripting.Core/Canvases/ICanvas.cs - Importer: ScriptedImporter/UnityEditor.QuickSearchModule:UnityEditor.Search:ASIAI0B' with importer (ScriptedImporter : UnityEditor.QuickSearchModule:UnityEditor.Search:ASIAI0B)
Imported 'GUID: efc35be9d817e474abdbae4ad8bcce69' -> (Import Result ID: '15a8540810b2e46b13d3463f26c49946') in 0.001 seconds [static and dynamic dependencies]. Details - ImportResultOutputID=19a829edc96fd7f4cb8a88765205019b DependenciesID=d1fadbbc2acc4d74b7ee5de5b6d102ed StaticDependenciesID=8548a2a210297ece5a77c1a0cbe30fe6 
Number of updated asset objects reloaded before import = 0
Number of asset objects unloaded after import = 0
========================================================================
Received Import Request.
  Time of request: 2026-10-01T17:13:26.0573193Z
  Time since last request: 0.0002407 seconds.
  importAddress: GUID: 9059e055aa673b3469a5c2896c0b8fb5 - Path: Packages/com.unity.visualscripting/Editor/VisualScripting.Core/IconMap/AnimatorMessageListener@32x.png - Importer: ScriptedImporter/UnityEditor.QuickSearchModule:UnityEditor.Search:ASIAI0B
Importing 'GUID: 9059e055aa673b3469a5c2896c0b8fb5 - Path: Packages/com.unity.visualscripting/Editor/VisualScripting.Core/IconMap/AnimatorMessageListener@32x.png - Importer: ScriptedImporter/UnityEditor.QuickSearchModule:UnityEditor.Search:ASIAI0B' with importer (ScriptedImporter : UnityEditor.QuickSearchModule:UnityEditor.Search:ASIAI0B)
Imported 'GUID: 9059e055aa673b3469a5c2896c0b8fb5' -> (Import Result ID: '1dfe219e2152fb1f724ae74548bb08eb') in 0.003 seconds [static and dynamic dependencies]. Details - ImportResultOutputID=aaa77805bc96ab4a041cc5d47e9eb7ca DependenciesID=1e32009b8c4a2950fee0709927e0caa8 StaticDependenciesID=649498556160d4e5d98abcabfb4f7de7 
Number of updated asset objects reloaded before import = 0
Number of asset objects unloaded after import = 1
========================================================================
Received Import Request.
  Time of request: 2026-10-01T17:13:26.0684202Z
  Time since last request: 0.0002291 seconds.
  importAddress: GUID: 2cf920acd4b5244af97b9ac347e05fae - Path: Packages/com.unity.visualscripting/Editor/VisualScripting.Core/Descriptors/DescriptorProvider.cs - Importer: ScriptedImporter/UnityEditor.QuickSearchModule:UnityEditor.Search:ASIAI0B
Importing 'GUID: 2cf920acd4b5244af97b9ac347e05fae - Path: Packages/com.unity.visualscripting/Editor/VisualScripting.Core/Descriptors/DescriptorProvider.cs - Importer: ScriptedImporter/UnityEditor.QuickSearchModule:UnityEditor.Search:ASIAI0B' with importer (ScriptedImporter : UnityEditor.QuickSearchModule:UnityEditor.Search:ASIAI0B)
Imported 'GUID: 2cf920acd4b5244af97b9ac347e05fae' -> (Import Result ID: 'fd57766aa92ab7f2962496407ef0a653') in 0.002 seconds [static and dynamic dependencies]. Details - ImportResultOutputID=48a62820cc85c79a0bfc5c30ce81f12e DependenciesID=56b1499aa635c49c8c51ddf8addcbae6 StaticDependenciesID=40aa0586182d9c4fcf4a8156199984b7 
Number of updated asset objects reloaded before import = 0
Number of asset objects unloaded after import = 0
========================================================================
Received Import Request.
  Time of request: 2026-10-01T17:13:26.0777054Z
  Time since last request: 0.0002477 seconds.
  importAddress: GUID: d195fcaa7976240d09b19fccb42c2068 - Path: Packages/com.unity.visualscripting/Editor/VisualScripting.Core/Assignment/AssignsAttribute.cs - Importer: ScriptedImporter/UnityEditor.QuickSearchModule:UnityEditor.Search:ASIAI0B
Importing 'GUID: d195fcaa7976240d09b19fccb42c2068 - Path: Packages/com.unity.visualscripting/Editor/VisualScripting.Core/Assignment/AssignsAttribute.cs - Importer: ScriptedImporter/UnityEditor.QuickSearchModule:UnityEditor.Search:ASIAI0B' with importer (ScriptedImporter : UnityEditor.QuickSearchModule:UnityEditor.Search:ASIAI0B)
Imported 'GUID: d195fcaa7976240d09b19fccb42c2068' -> (Import Result ID: '8788ef2e484cc49e8d44986391ca35e2') in 0.002 seconds [static and dynamic dependencies]. Details - ImportResultOutputID=66aedcc2961e8d73dc6a181f80fe421d DependenciesID=98f2685eaa7421e45260460ccb74acd8 StaticDependenciesID=22bae858f0d9369c8a2279d29e79b867 
Number of updated asset objects reloaded before import = 0
Number of asset objects unloaded after import = 0
========================================================================
Received Import Request.
  Time of request: 2026-10-01T17:13:26.0876313Z
  Time since last request: 0.0002762 seconds.
  importAddress: GUID: 7bbe96d45610a48c2ab287b1557af34b - Path: Packages/com.unity.visualscripting/Editor/VisualScripting.Core/Description/GraphItemDescriptor.cs - Importer: ScriptedImporter/UnityEditor.QuickSearchModule:UnityEditor.Search:ASIAI0B
Importing 'GUID: 7bbe96d45610a48c2ab287b1557af34b - Path: Packages/com.unity.visualscripting/Editor/VisualScripting.Core/Description/GraphItemDescriptor.cs - Importer: ScriptedImporter/UnityEditor.QuickSearchModule:UnityEditor.Search:ASIAI0B' with importer (ScriptedImporter : UnityEditor.QuickSearchModule:UnityEditor.Search:ASIAI0B)
Imported 'GUID: 7bbe96d45610a48c2ab287b1557af34b' -> (Import Result ID: 'a3b5f4a0a51a647b95d7a101360771db') in 0.002 seconds [static and dynamic dependencies]. Details - ImportResultOutputID=2ab6b36c741f42682868b3f96c06e4a0 DependenciesID=075caf415b59451df2984d178c0c81e1 StaticDependenciesID=6a5684d1fb177812b4263bf381da4854 
Number of updated asset objects reloaded before import = 0
Number of asset objects unloaded after import = 0
========================================================================
Received Import Request.
  Time of request: 2026-10-01T17:13:26.0961008Z
  Time since last request: 0.0003936 seconds.
  importAddress: GUID: 04c5dfd27e4e94db7bcad5ebb579f54d - Path: Packages/com.unity.visualscripting/Editor/VisualScripting.Core/Description/MachineDescriptor.cs - Importer: ScriptedImporter/UnityEditor.QuickSearchModule:UnityEditor.Search:ASIAI0B
Importing 'GUID: 04c5dfd27e4e94db7bcad5ebb579f54d - Path: Packages/com.unity.visualscripting/Editor/VisualScripting.Core/Description/MachineDescriptor.cs - Importer: ScriptedImporter/UnityEditor.QuickSearchModule:UnityEditor.Search:ASIAI0B' with importer (ScriptedImporter : UnityEditor.QuickSearchModule:UnityEditor.Search:ASIAI0B)
Imported 'GUID: 04c5dfd27e4e94db7bcad5ebb579f54d' -> (Import Result ID: '989bb7667da7fae94a6a39bfe2da59b5') in 0.001 seconds [static and dynamic dependencies]. Details - ImportResultOutputID=6d4a08a919c3fb4febd8f2283d65300f DependenciesID=162316e9715c662243b9a18f6e5f0dc9 StaticDependenciesID=200cf16ce79e79400669680365dc795d 
Number of updated asset objects reloaded before import = 0
Number of asset objects unloaded after import = 0
========================================================================
Received Import Request.
  Time of request: 2026-10-01T17:13:26.1040084Z
  Time since last request: 0.0001519 seconds.
  importAddress: GUID: b32061678e736470f9787cdd51b40816 - Path: Packages/com.unity.visualscripting/Editor/VisualScripting.Core/Canvases/CanvasProvider.cs - Importer: ScriptedImporter/UnityEditor.QuickSearchModule:UnityEditor.Search:ASIAI0B
Importing 'GUID: b32061678e736470f9787cdd51b40816 - Path: Packages/com.unity.visualscripting/Editor/VisualScripting.Core/Canvases/CanvasProvider.cs - Importer: ScriptedImporter/UnityEditor.QuickSearchModule:UnityEditor.Search:ASIAI0B' with importer (ScriptedImporter : UnityEditor.QuickSearchModule:UnityEditor.Search:ASIAI0B)
Imported 'GUID: b32061678e736470f9787cdd51b40816' -> (Import Result ID: 'ad1a9058be22aab0e0dc44ba95f8843e') in 0.001 seconds [static and dynamic dependencies]. Details - ImportResultOutputID=bf99ba6d713a543d2646cfe96fc47a8f DependenciesID=3d14433d7122f3b458c8d2407af02e59 StaticDependenciesID=35c4415209dccf47bf5d8e204dbc617a 
Number of updated asset objects reloaded before import = 0
Number of asset objects unloaded after import = 0
========================================================================
Received Import Request.
  Time of request: 2026-10-01T17:13:26.1112096Z
  Time since last request: 0.0002005 seconds.
  importAddress: GUID: 086f4955e34f64514a6ad986cbd7109f - Path: Packages/com.unity.visualscripting/Editor/VisualScripting.Core/Descriptors/DescriptorAttribute.cs - Importer: ScriptedImporter/UnityEditor.QuickSearchModule:UnityEditor.Search:ASIAI0B
Importing 'GUID: 086f4955e34f64514a6ad986cbd7109f - Path: Packages/com.unity.visualscripting/Editor/VisualScripting.Core/Descriptors/DescriptorAttribute.cs - Importer: ScriptedImporter/UnityEditor.QuickSearchModule:UnityEditor.Search:ASIAI0B' with importer (ScriptedImporter : UnityEditor.QuickSearchModule:UnityEditor.Search:ASIAI0B)
Imported 'GUID: 086f4955e34f64514a6ad986cbd7109f' -> (Import Result ID: 'e527d56ff3109a7d32a949b06ede37d8') in 0.001 seconds [static and dynamic dependencies]. Details - ImportResultOutputID=15d2488431b9138848faf902831c95eb DependenciesID=f13c32906960f66edea2f26b77a992cb StaticDependenciesID=3f855c03c84c66ea480cbe7b5c6312bd 
Number of updated asset objects reloaded before import = 0
Number of asset objects unloaded after import = 0
========================================================================
Received Import Request.
  Time of request: 2026-10-01T17:13:26.1310661Z
  Time since last request: 0.0123056 seconds.
  importAddress: GUID: cfe1c042201894010996b1201216f9e5 - Path: Packages/com.unity.visualscripting/Editor/VisualScripting.Core/Platforms/AotPreBuilder.cs - Importer: ScriptedImporter/UnityEditor.QuickSearchModule:UnityEditor.Search:ASIAI0B
Importing 'GUID: cfe1c042201894010996b1201216f9e5 - Path: Packages/com.unity.visualscripting/Editor/VisualScripting.Core/Platforms/AotPreBuilder.cs - Importer: ScriptedImporter/UnityEditor.QuickSearchModule:UnityEditor.Search:ASIAI0B' with importer (ScriptedImporter : UnityEditor.QuickSearchModule:UnityEditor.Search:ASIAI0B)
Imported 'GUID: cfe1c042201894010996b1201216f9e5' -> (Import Result ID: 'c07bd4dacae5e05c2ad7938018613455') in 0.001 seconds [static and dynamic dependencies]. Details - ImportResultOutputID=b183f63bd7815b4eb0412a6013003f6d DependenciesID=7a589384c306298309686b81812f99cf StaticDependenciesID=f98aafb1ec80ba39af879eacb036c3b2 
Number of updated asset objects reloaded before import = 0
Number of asset objects unloaded after import = 0
========================================================================
Received Import Request.
  Time of request: 2026-10-01T17:13:26.1395708Z
  Time since last request: 0.0005434 seconds.
  importAddress: GUID: 0b79aeb16531149669087509de46a7e3 - Path: Packages/com.unity.visualscripting/Editor/VisualScripting.Core/Inspection/EventMachineEditor.cs - Importer: ScriptedImporter/UnityEditor.QuickSearchModule:UnityEditor.Search:ASIAI0B
Importing 'GUID: 0b79aeb16531149669087509de46a7e3 - Path: Packages/com.unity.visualscripting/Editor/VisualScripting.Core/Inspection/EventMachineEditor.cs - Importer: ScriptedImporter/UnityEditor.QuickSearchModule:UnityEditor.Search:ASIAI0B' with importer (ScriptedImporter : UnityEditor.QuickSearchModule:UnityEditor.Search:ASIAI0B)
Imported 'GUID: 0b79aeb16531149669087509de46a7e3' -> (Import Result ID: '5a6901664dc9aa173143c747360f8438') in 0.002 seconds [static and dynamic dependencies]. Details - ImportResultOutputID=db886495d2ccbf2e9b23da4227b1541d DependenciesID=a366e46e13c2697efefb75379b214357 StaticDependenciesID=50daab1b6c022650d38735d2fe6bce5d 
Number of updated asset objects reloaded before import = 0
Number of asset objects unloaded after import = 0
========================================================================
Received Import Request.
  Time of request: 2026-10-01T17:13:26.1481999Z
  Time since last request: 0.000276 seconds.
  importAddress: GUID: 27dc281077fec4945b70b86ac32105d1 - Path: Packages/com.unity.visualscripting/Editor/VisualScripting.Core/Inspection/MacroEditor.cs - Importer: ScriptedImporter/UnityEditor.QuickSearchModule:UnityEditor.Search:ASIAI0B
Importing 'GUID: 27dc281077fec4945b70b86ac32105d1 - Path: Packages/com.unity.visualscripting/Editor/VisualScripting.Core/Inspection/MacroEditor.cs - Importer: ScriptedImporter/UnityEditor.QuickSearchModule:UnityEditor.Search:ASIAI0B' with importer (ScriptedImporter : UnityEditor.QuickSearchModule:UnityEditor.Search:ASIAI0B)
Imported 'GUID: 27dc281077fec4945b70b86ac32105d1' -> (Import Result ID: '7e551b27150a2bd59e79ea53399dad99') in 0.002 seconds [static and dynamic dependencies]. Details - ImportResultOutputID=b00f06cd0b1474933ba8710fcebd36ad DependenciesID=668c4b23eed5078dfcbff3801f81244d StaticDependenciesID=0bcc9a183e710f4eb2f89bb96ebf3133 
Number of updated asset objects reloaded before import = 0
Number of asset objects unloaded after import = 0
========================================================================
Received Import Request.
  Time of request: 2026-10-01T17:13:26.1574969Z
  Time since last request: 0.0003529 seconds.
  importAddress: GUID: b194adc479b2344caaee84f9790b456e - Path: Packages/com.unity.visualscripting/Editor/VisualScripting.Core/Platforms/AotStubWriterProvider.cs - Importer: ScriptedImporter/UnityEditor.QuickSearchModule:UnityEditor.Search:ASIAI0B
Importing 'GUID: b194adc479b2344caaee84f9790b456e - Path: Packages/com.unity.visualscripting/Editor/VisualScripting.Core/Platforms/AotStubWriterProvider.cs - Importer: ScriptedImporter/UnityEditor.QuickSearchModule:UnityEditor.Search:ASIAI0B' with importer (ScriptedImporter : UnityEditor.QuickSearchModule:UnityEditor.Search:ASIAI0B)
Imported 'GUID: b194adc479b2344caaee84f9790b456e' -> (Import Result ID: '346a8a099a4b65b9bf1e36268f23fe70') in 0.001 seconds [static and dynamic dependencies]. Details - ImportResultOutputID=fd9c703d1031aa4d99cb4444ef18c52b DependenciesID=0b9a78612b8e561c72d86e9b1c898368 StaticDependenciesID=7fa5f50e79712ad0d859269e7bc73e6f 
Number of updated asset objects reloaded before import = 0
Number of asset objects unloaded after import = 0
========================================================================
Received Import Request.
  Time of request: 2026-10-01T17:13:26.1656935Z
  Time since last request: 0.0002716 seconds.
  importAddress: GUID: 59291ff326ee143379f75390f501a2c6 - Path: Packages/com.unity.visualscripting/Editor/VisualScripting.Core/Meta/PluginConfigurationItemMetadata.cs - Importer: ScriptedImporter/UnityEditor.QuickSearchModule:UnityEditor.Search:ASIAI0B
Importing 'GUID: 59291ff326ee143379f75390f501a2c6 - Path: Packages/com.unity.visualscripting/Editor/VisualScripting.Core/Meta/PluginConfigurationItemMetadata.cs - Importer: ScriptedImporter/UnityEditor.QuickSearchModule:UnityEditor.Search:ASIAI0B' with importer (ScriptedImporter : UnityEditor.QuickSearchModule:UnityEditor.Search:ASIAI0B)
Imported 'GUID: 59291ff326ee143379f75390f501a2c6' -> (Import Result ID: '6d223121a0fc67f6ebbf7737d22180e7') in 0.001 seconds [static and dynamic dependencies]. Details - ImportResultOutputID=e986fefd0bcfd5778fa2b1f90332f4c4 DependenciesID=96274c4ac56f43297b94b6beab00c097 StaticDependenciesID=b64ecdab1fb72e2a49eb7712a0fa75f9 
Number of updated asset objects reloaded before import = 0
Number of asset objects unloaded after import = 0
========================================================================
Received Import Request.
  Time of request: 2026-10-01T17:13:26.1741895Z
  Time since last request: 0.0002092 seconds.
  importAddress: GUID: eb7ea5cc9f60545a9a0e0c99585e1296 - Path: Packages/com.unity.visualscripting/Editor/VisualScripting.Core/Meta/IndexMetadata.cs - Importer: ScriptedImporter/UnityEditor.QuickSearchModule:UnityEditor.Search:ASIAI0B
Importing 'GUID: eb7ea5cc9f60545a9a0e0c99585e1296 - Path: Packages/com.unity.visualscripting/Editor/VisualScripting.Core/Meta/IndexMetadata.cs - Importer: ScriptedImporter/UnityEditor.QuickSearchModule:UnityEditor.Search:ASIAI0B' with importer (ScriptedImporter : UnityEditor.QuickSearchModule:UnityEditor.Search:ASIAI0B)
Imported 'GUID: eb7ea5cc9f60545a9a0e0c99585e1296' -> (Import Result ID: '69d7971a3826737f46d19df880d70aeb') in 0.002 seconds [static and dynamic dependencies]. Details - ImportResultOutputID=7a08dfff015d87ee12f82e57b5a00f2a DependenciesID=ac47aaea4f945872453eb8357db7f984 StaticDependenciesID=054bb73f287849ccfe1a8f971d5cb2bd 
Number of updated asset objects reloaded before import = 0
Number of asset objects unloaded after import = 0
========================================================================
Received Import Request.
  Time of request: 2026-10-01T17:13:26.1833132Z
  Time since last request: 0.0001949 seconds.
  importAddress: GUID: 15ca1699a35f54611a479338163f45c3 - Path: Packages/com.unity.visualscripting/Editor/VisualScripting.Core/Inspection/InspectorAttribute.cs - Importer: ScriptedImporter/UnityEditor.QuickSearchModule:UnityEditor.Search:ASIAI0B
Importing 'GUID: 15ca1699a35f54611a479338163f45c3 - Path: Packages/com.unity.visualscripting/Editor/VisualScripting.Core/Inspection/InspectorAttribute.cs - Importer: ScriptedImporter/UnityEditor.QuickSearchModule:UnityEditor.Search:ASIAI0B' with importer (ScriptedImporter : UnityEditor.QuickSearchModule:UnityEditor.Search:ASIAI0B)
Imported 'GUID: 15ca1699a35f54611a479338163f45c3' -> (Import Result ID: '396f98412f8c2ae8c66e33601a9b6c6d') in 0.001 seconds [static and dynamic dependencies]. Details - ImportResultOutputID=8818e2a9d8d20d90d82376a3d7480cbf DependenciesID=41ea9e33ec2cd36698e9534696ff028d StaticDependenciesID=7e383f9d09c91948bc1c04b98238cf87 
Number of updated asset objects reloaded before import = 0
Number of asset objects unloaded after import = 0
========================================================================
Received Import Request.
  Time of request: 2026-10-01T17:13:26.1916655Z
  Time since last request: 0.0001578 seconds.
  importAddress: GUID: 7508277702f384ce6a761441b6dbb69b - Path: Packages/com.unity.visualscripting/Editor/VisualScripting.Core/Inspection/GraphNestEditor.cs - Importer: ScriptedImporter/UnityEditor.QuickSearchModule:UnityEditor.Search:ASIAI0B
Importing 'GUID: 7508277702f384ce6a761441b6dbb69b - Path: Packages/com.unity.visualscripting/Editor/VisualScripting.Core/Inspection/GraphNestEditor.cs - Importer: ScriptedImporter/UnityEditor.QuickSearchModule:UnityEditor.Search:ASIAI0B' with importer (ScriptedImporter : UnityEditor.QuickSearchModule:UnityEditor.Search:ASIAI0B)
Imported 'GUID: 7508277702f384ce6a761441b6dbb69b' -> (Import Result ID: '8e55a5a14e7b39b23bcb2ce0407b56d1') in 0.002 seconds [static and dynamic dependencies]. Details - ImportResultOutputID=3e31781aa1398632d20b35d121f1d337 DependenciesID=29d42578697234ba4736b21784921da7 StaticDependenciesID=648d652443df0fd94d15db2dc3bb4525 
Number of updated asset objects reloaded before import = 0
Number of asset objects unloaded after import = 0
========================================================================
Received Import Request.
  Time of request: 2026-10-01T17:13:26.2002384Z
  Time since last request: 0.0002139 seconds.
  importAddress: GUID: 8fd5d18e4d9564fa0b4245ad7af2cb42 - Path: Packages/com.unity.visualscripting/Editor/VisualScripting.Core/Meta/MemberMetadata.cs - Importer: ScriptedImporter/UnityEditor.QuickSearchModule:UnityEditor.Search:ASIAI0B
Importing 'GUID: 8fd5d18e4d9564fa0b4245ad7af2cb42 - Path: Packages/com.unity.visualscripting/Editor/VisualScripting.Core/Meta/MemberMetadata.cs - Importer: ScriptedImporter/UnityEditor.QuickSearchModule:UnityEditor.Search:ASIAI0B' with importer (ScriptedImporter : UnityEditor.QuickSearchModule:UnityEditor.Search:ASIAI0B)
Imported 'GUID: 8fd5d18e4d9564fa0b4245ad7af2cb42' -> (Import Result ID: '905ed31185b1edeba2809d8e918dd72d') in 0.001 seconds [static and dynamic dependencies]. Details - ImportResultOutputID=78ab2a3c3345cdf68e81c21edf9d3107 DependenciesID=42faa7e3848122ed115daaea31e183c5 StaticDependenciesID=b9f003586f2d8ca9012a1e88a8a861ce 
Number of updated asset objects reloaded before import = 0
Number of asset objects unloaded after import = 0
========================================================================
Received Import Request.
  Time of request: 2026-10-01T17:13:26.2166105Z
  Time since last request: 0.0074692 seconds.
  importAddress: GUID: 3f7d1c7200f234e23acfdb4c5813b7d1 - Path: Packages/com.unity.visualscripting/Editor/VisualScripting.Core/Threading/BackgroundWorker.cs - Importer: ScriptedImporter/UnityEditor.QuickSearchModule:UnityEditor.Search:ASIAI0B
Importing 'GUID: 3f7d1c7200f234e23acfdb4c5813b7d1 - Path: Packages/com.unity.visualscripting/Editor/VisualScripting.Core/Threading/BackgroundWorker.cs - Importer: ScriptedImporter/UnityEditor.QuickSearchModule:UnityEditor.Search:ASIAI0B' with importer (ScriptedImporter : UnityEditor.QuickSearchModule:UnityEditor.Search:ASIAI0B)
Imported 'GUID: 3f7d1c7200f234e23acfdb4c5813b7d1' -> (Import Result ID: '1ffcf55134bfcf0badd272ef78a0eec4') in 0.002 seconds [static and dynamic dependencies]. Details - ImportResultOutputID=8a33a31e09ef7243099a5f08fe8fc4b7 DependenciesID=e0413330826bfb4341c639c2e1a0e190 StaticDependenciesID=0297c8b47a295a48cdfd64e4e9395e27 
Number of updated asset objects reloaded before import = 0
Number of asset objects unloaded after import = 0
========================================================================
Received Import Request.
  Time of request: 2026-10-01T17:13:26.2253316Z
  Time since last request: 0.0002467 seconds.
  importAddress: GUID: 48db00ab28bb14f1b9c7de9709a64c3e - Path: Packages/com.unity.visualscripting/Editor/VisualScripting.Core/Plugins/PluginRuntimeAssemblyAttribute.cs - Importer: ScriptedImporter/UnityEditor.QuickSearchModule:UnityEditor.Search:ASIAI0B
Importing 'GUID: 48db00ab28bb14f1b9c7de9709a64c3e - Path: Packages/com.unity.visualscripting/Editor/VisualScripting.Core/Plugins/PluginRuntimeAssemblyAttribute.cs - Importer: ScriptedImporter/UnityEditor.QuickSearchModule:UnityEditor.Search:ASIAI0B' with importer (ScriptedImporter : UnityEditor.QuickSearchModule:UnityEditor.Search:ASIAI0B)
Imported 'GUID: 48db00ab28bb14f1b9c7de9709a64c3e' -> (Import Result ID: '6b932571831847b6f1bdbfee17ab46d1') in 0.001 seconds [static and dynamic dependencies]. Details - ImportResultOutputID=d79198e718d795246b77d11499f07c24 DependenciesID=c269ab9d1c2792601354d2cae425fdc8 StaticDependenciesID=1ea49464c70f39f709ba3d8b811d4ad2 
Number of updated asset objects reloaded before import = 0
Number of asset objects unloaded after import = 0
========================================================================
Received Import Request.
  Time of request: 2026-10-01T17:13:26.2337963Z
  Time since last request: 0.0006813 seconds.
  importAddress: GUID: 3f0082eee52d14623a54c1437122b8c4 - Path: Packages/com.unity.visualscripting/Editor/VisualScripting.Core/SerializedProperties/SerializedPropertyUtility.cs - Importer: ScriptedImporter/UnityEditor.QuickSearchModule:UnityEditor.Search:ASIAI0B
Importing 'GUID: 3f0082eee52d14623a54c1437122b8c4 - Path: Packages/com.unity.visualscripting/Editor/VisualScripting.Core/SerializedProperties/SerializedPropertyUtility.cs - Importer: ScriptedImporter/UnityEditor.QuickSearchModule:UnityEditor.Search:ASIAI0B' with importer (ScriptedImporter : UnityEditor.QuickSearchModule:UnityEditor.Search:ASIAI0B)
Imported 'GUID: 3f0082eee52d14623a54c1437122b8c4' -> (Import Result ID: '3f5a538c403f343a5891bbb724993120') in 0.002 seconds [static and dynamic dependencies]. Details - ImportResultOutputID=3ceb46cc9eba0dba2062a3a15805171c DependenciesID=ede321a90b85f9730416636ace712538 StaticDependenciesID=9a129cc0ec6bc9fd38f4c6883872eaaf 
Number of updated asset objects reloaded before import = 0
Number of asset objects unloaded after import = 0
========================================================================
Received Import Request.
  Time of request: 2026-10-01T17:13:26.2429398Z
  Time since last request: 0.0001943 seconds.
  importAddress: GUID: c839b1e72d19046a4b955abf6e051740 - Path: Packages/com.unity.visualscripting/Editor/VisualScripting.Core/Plugins/PluginModuleDependencyAttribute.cs - Importer: ScriptedImporter/UnityEditor.QuickSearchModule:UnityEditor.Search:ASIAI0B
Importing 'GUID: c839b1e72d19046a4b955abf6e051740 - Path: Packages/com.unity.visualscripting/Editor/VisualScripting.Core/Plugins/PluginModuleDependencyAttribute.cs - Importer: ScriptedImporter/UnityEditor.QuickSearchModule:UnityEditor.Search:ASIAI0B' with importer (ScriptedImporter : UnityEditor.QuickSearchModule:UnityEditor.Search:ASIAI0B)
Imported 'GUID: c839b1e72d19046a4b955abf6e051740' -> (Import Result ID: 'f7057f730ddaa2b26a0a503f827254ee') in 0.001 seconds [static and dynamic dependencies]. Details - ImportResultOutputID=ac240fe5ebb6eedabf1393a8b96cf5c6 DependenciesID=4804da66fadc5a49738e8c51356fa5d5 StaticDependenciesID=ece08f79eb2ef16a6a7e7f6a064d26dd 
Number of updated asset objects reloaded before import = 0
Number of asset objects unloaded after import = 0
========================================================================
Received Import Request.
  Time of request: 2026-10-01T17:13:26.2502604Z
  Time since last request: 0.0002228 seconds.
  importAddress: GUID: 80ed5f494ebd44289b2ae4e0d51647a0 - Path: Packages/com.unity.visualscripting/Editor/VisualScripting.Core/Plugins/PluginAcknowledgement.cs - Importer: ScriptedImporter/UnityEditor.QuickSearchModule:UnityEditor.Search:ASIAI0B
Importing 'GUID: 80ed5f494ebd44289b2ae4e0d51647a0 - Path: Packages/com.unity.visualscripting/Editor/VisualScripting.Core/Plugins/PluginAcknowledgement.cs - Importer: ScriptedImporter/UnityEditor.QuickSearchModule:UnityEditor.Search:ASIAI0B' with importer (ScriptedImporter : UnityEditor.QuickSearchModule:UnityEditor.Search:ASIAI0B)
Imported 'GUID: 80ed5f494ebd44289b2ae4e0d51647a0' -> (Import Result ID: 'a17a30245893faac128648c73f7c527c') in 0.001 seconds [static and dynamic dependencies]. Details - ImportResultOutputID=f6fdcbe6b4aad817ef9a16d0f624a804 DependenciesID=807c881bee6bd43d68c8c64f7a2bf476 StaticDependenciesID=e15d6e3319e281b3b827297bd207d2e6 
Number of updated asset objects reloaded before import = 0
Number of asset objects unloaded after import = 0
========================================================================
Received Import Request.
  Time of request: 2026-10-01T17:13:26.2598625Z
  Time since last request: 0.0004273 seconds.
  importAddress: GUID: c8b90e9e55e8043a1b5a6cd19daa8e98 - Path: Packages/com.unity.visualscripting/Editor/VisualScripting.Core/Utilities/AssetBundleUtility.cs - Importer: ScriptedImporter/UnityEditor.QuickSearchModule:UnityEditor.Search:ASIAI0B
Importing 'GUID: c8b90e9e55e8043a1b5a6cd19daa8e98 - Path: Packages/com.unity.visualscripting/Editor/VisualScripting.Core/Utilities/AssetBundleUtility.cs - Importer: ScriptedImporter/UnityEditor.QuickSearchModule:UnityEditor.Search:ASIAI0B' with importer (ScriptedImporter : UnityEditor.QuickSearchModule:UnityEditor.Search:ASIAI0B)
Imported 'GUID: c8b90e9e55e8043a1b5a6cd19daa8e98' -> (Import Result ID: '1472ac0f090c338a4a52831ba79ef40b') in 0.001 seconds [static and dynamic dependencies]. Details - ImportResultOutputID=3c5618990c3671b391e8079708df396d DependenciesID=8edf42c0b3ad0c697a75515f88098d3b StaticDependenciesID=737923225fa1777ce077a6ff2b24d5e9 
Number of updated asset objects reloaded before import = 0
Number of asset objects unloaded after import = 0
========================================================================
Received Import Request.
  Time of request: 2026-10-01T17:13:26.2674363Z
  Time since last request: 0.0002711 seconds.
  importAddress: GUID: 7089744d1c79149858f9d5e05872a327 - Path: Packages/com.unity.visualscripting/Editor/VisualScripting.Core/Reflection/CodebaseSubset.cs - Importer: ScriptedImporter/UnityEditor.QuickSearchModule:UnityEditor.Search:ASIAI0B
Importing 'GUID: 7089744d1c79149858f9d5e05872a327 - Path: Packages/com.unity.visualscripting/Editor/VisualScripting.Core/Reflection/CodebaseSubset.cs - Importer: ScriptedImporter/UnityEditor.QuickSearchModule:UnityEditor.Search:ASIAI0B' with importer (ScriptedImporter : UnityEditor.QuickSearchModule:UnityEditor.Search:ASIAI0B)
Imported 'GUID: 7089744d1c79149858f9d5e05872a327' -> (Import Result ID: 'b0f9422871e1d448c0f3bc1e6a535972') in 0.001 seconds [static and dynamic dependencies]. Details - ImportResultOutputID=7ab3cde45837784db6a70667a72e5e57 DependenciesID=4629effcabcb7f2f438d4ac7f767b517 StaticDependenciesID=fa2f1a58e9bf37b446eb8ee4e15e33fb 
Number of updated asset objects reloaded before import = 0
Number of asset objects unloaded after import = 0
========================================================================
Received Import Request.
  Time of request: 2026-10-01T17:13:26.2752903Z
  Time since last request: 0.0002174 seconds.
  importAddress: GUID: 1e02b1481079d4cb19c4662c04961330 - Path: Packages/com.unity.visualscripting/Editor/VisualScripting.Core/Plugins/ProjectSettingAttribute.cs - Importer: ScriptedImporter/UnityEditor.QuickSearchModule:UnityEditor.Search:ASIAI0B
Importing 'GUID: 1e02b1481079d4cb19c4662c04961330 - Path: Packages/com.unity.visualscripting/Editor/VisualScripting.Core/Plugins/ProjectSettingAttribute.cs - Importer: ScriptedImporter/UnityEditor.QuickSearchModule:UnityEditor.Search:ASIAI0B' with importer (ScriptedImporter : UnityEditor.QuickSearchModule:UnityEditor.Search:ASIAI0B)
Imported 'GUID: 1e02b1481079d4cb19c4662c04961330' -> (Import Result ID: '9700bb8f1c27bca128c685a6461e18fb') in 0.001 seconds [static and dynamic dependencies]. Details - ImportResultOutputID=af9ce85653321f326bb76427d1726798 DependenciesID=0de864eec654e95ad3816c540f875d10 StaticDependenciesID=7ddf61868312bc1505fad911b9a26486 
Number of updated asset objects reloaded before import = 0
Number of asset objects unloaded after import = 0
========================================================================
Received Import Request.
  Time of request: 2026-10-01T17:13:26.2833412Z
  Time since last request: 0.0001879 seconds.
  importAddress: GUID: 30afe544a75504d709c5ee91062345a1 - Path: Packages/com.unity.visualscripting/Editor/VisualScripting.Core/Products/ProductAttribute.cs - Importer: ScriptedImporter/UnityEditor.QuickSearchModule:UnityEditor.Search:ASIAI0B
Importing 'GUID: 30afe544a75504d709c5ee91062345a1 - Path: Packages/com.unity.visualscripting/Editor/VisualScripting.Core/Products/ProductAttribute.cs - Importer: ScriptedImporter/UnityEditor.QuickSearchModule:UnityEditor.Search:ASIAI0B' with importer (ScriptedImporter : UnityEditor.QuickSearchModule:UnityEditor.Search:ASIAI0B)
Imported 'GUID: 30afe544a75504d709c5ee91062345a1' -> (Import Result ID: '5a9a332d1d9ecd0c30811ad125a98b56') in 0.002 seconds [static and dynamic dependencies]. Details - ImportResultOutputID=cde20b102690c4eb7ed4c86c44a9399f DependenciesID=69c9da6a20557ab2b50a0aceb985f832 StaticDependenciesID=ceb6597d584826b2cd53c111933571e4 
Number of updated asset objects reloaded before import = 0
Number of asset objects unloaded after import = 0
========================================================================
Received Import Request.
  Time of request: 2026-10-01T17:13:26.3074584Z
  Time since last request: 0.013822 seconds.
  importAddress: GUID: 1cb1f41a31da547e593cfa8b58184bc0 - Path: Packages/com.unity.visualscripting/Editor/VisualScripting.Core/Utilities/NativeUtility.cs - Importer: ScriptedImporter/UnityEditor.QuickSearchModule:UnityEditor.Search:ASIAI0B
Importing 'GUID: 1cb1f41a31da547e593cfa8b58184bc0 - Path: Packages/com.unity.visualscripting/Editor/VisualScripting.Core/Utilities/NativeUtility.cs - Importer: ScriptedImporter/UnityEditor.QuickSearchModule:UnityEditor.Search:ASIAI0B' with importer (ScriptedImporter : UnityEditor.QuickSearchModule:UnityEditor.Search:ASIAI0B)
Imported 'GUID: 1cb1f41a31da547e593cfa8b58184bc0' -> (Import Result ID: '3f8558f840505e6209b133400a606a1a') in 0.002 seconds [static and dynamic dependencies]. Details - ImportResultOutputID=df5d10809f2b0aadb0932e08d59379a3 DependenciesID=c5690cedb04e25abd833d668900733c1 StaticDependenciesID=b81341dae8dff225079541063792143d 
Number of updated asset objects reloaded before import = 0
Number of asset objects unloaded after import = 0
========================================================================
Received Import Request.
  Time of request: 2026-10-01T17:13:26.3156913Z
  Time since last request: 0.0005455 seconds.
  importAddress: GUID: e05ca79d074644ae1a746335d9328772 - Path: Packages/com.unity.visualscripting/Editor/VisualScripting.Core/Utilities/VSMigrationUtility.cs - Importer: ScriptedImporter/UnityEditor.QuickSearchModule:UnityEditor.Search:ASIAI0B
Importing 'GUID: e05ca79d074644ae1a746335d9328772 - Path: Packages/com.unity.visualscripting/Editor/VisualScripting.Core/Utilities/VSMigrationUtility.cs - Importer: ScriptedImporter/UnityEditor.QuickSearchModule:UnityEditor.Search:ASIAI0B' with importer (ScriptedImporter : UnityEditor.QuickSearchModule:UnityEditor.Search:ASIAI0B)
Imported 'GUID: e05ca79d074644ae1a746335d9328772' -> (Import Result ID: 'c036cc5783244980778f5e7cfbcfbb4b') in 0.002 seconds [static and dynamic dependencies]. Details - ImportResultOutputID=4e323b77e2f8fc83c16a036380a7d653 DependenciesID=68a032e7723c14c9c89b43193a568ad2 StaticDependenciesID=253159002c7426d7c40cc22c0dd8b7f5 
Number of updated asset objects reloaded before import = 0
Number of asset objects unloaded after import = 0
========================================================================
Received Import Request.
  Time of request: 2026-10-01T17:13:26.3236493Z
  Time since last request: 0.0002743 seconds.
  importAddress: GUID: efa956a87d6a74c3e9b8e36e2350d140 - Path: Packages/com.unity.visualscripting/Editor/VisualScripting.Core/Utilities/LudiqEditorUtility.cs - Importer: ScriptedImporter/UnityEditor.QuickSearchModule:UnityEditor.Search:ASIAI0B
Importing 'GUID: efa956a87d6a74c3e9b8e36e2350d140 - Path: Packages/com.unity.visualscripting/Editor/VisualScripting.Core/Utilities/LudiqEditorUtility.cs - Importer: ScriptedImporter/UnityEditor.QuickSearchModule:UnityEditor.Search:ASIAI0B' with importer (ScriptedImporter : UnityEditor.QuickSearchModule:UnityEditor.Search:ASIAI0B)
Imported 'GUID: efa956a87d6a74c3e9b8e36e2350d140' -> (Import Result ID: 'b38368963d553e1c0886589b29d1dc39') in 0.002 seconds [static and dynamic dependencies]. Details - ImportResultOutputID=e07d79131b72228013a86aee04ac1bc1 DependenciesID=08a6cdce3c0acf722a108f8671ffb9fe StaticDependenciesID=e16804bb62b21ea5c423af5b0291c568 
Number of updated asset objects reloaded before import = 0
Number of asset objects unloaded after import = 0
========================================================================
Received Import Request.
  Time of request: 2026-10-01T17:13:26.3317431Z
  Time since last request: 0.0004409 seconds.
  importAddress: GUID: 4b9a6b214affa42b79f66d4c087b1de5 - Path: Packages/com.unity.visualscripting/Editor/VisualScripting.Core/Widgets/WidgetProvider.cs - Importer: ScriptedImporter/UnityEditor.QuickSearchModule:UnityEditor.Search:ASIAI0B
Importing 'GUID: 4b9a6b214affa42b79f66d4c087b1de5 - Path: Packages/com.unity.visualscripting/Editor/VisualScripting.Core/Widgets/WidgetProvider.cs - Importer: ScriptedImporter/UnityEditor.QuickSearchModule:UnityEditor.Search:ASIAI0B' with importer (ScriptedImporter : UnityEditor.QuickSearchModule:UnityEditor.Search:ASIAI0B)
Imported 'GUID: 4b9a6b214affa42b79f66d4c087b1de5' -> (Import Result ID: '8f7b727571a7516493afdd202fe77b48') in 0.002 seconds [static and dynamic dependencies]. Details - ImportResultOutputID=01341ef76579861b844b5ad22aa2eadc DependenciesID=94b4467f50a512844416518c1ef1b4a8 StaticDependenciesID=b5a69a2533ff3896cafa705882ba0364 
Number of updated asset objects reloaded before import = 0
Number of asset objects unloaded after import = 0
========================================================================
Received Import Request.
  Time of request: 2026-10-01T17:13:26.3399678Z
  Time since last request: 0.0004941 seconds.
  importAddress: GUID: 99874854aae104d37ad15e394c0f5c41 - Path: Packages/com.unity.visualscripting/Editor/VisualScripting.Core/Variables/VariableNameInspector.cs - Importer: ScriptedImporter/UnityEditor.QuickSearchModule:UnityEditor.Search:ASIAI0B
Importing 'GUID: 99874854aae104d37ad15e394c0f5c41 - Path: Packages/com.unity.visualscripting/Editor/VisualScripting.Core/Variables/VariableNameInspector.cs - Importer: ScriptedImporter/UnityEditor.QuickSearchModule:UnityEditor.Search:ASIAI0B' with importer (ScriptedImporter : UnityEditor.QuickSearchModule:UnityEditor.Search:ASIAI0B)
Imported 'GUID: 99874854aae104d37ad15e394c0f5c41' -> (Import Result ID: 'c0e65d03b31a4ad8a020ac06598fdf8c') in 0.002 seconds [static and dynamic dependencies]. Details - ImportResultOutputID=bfa44596b657299ce08afcfec456c3b5 DependenciesID=c32f637b6d912eecaa6e37dbfee0bc3d StaticDependenciesID=199ca616db92e001b40f2d250e28eecb 
Number of updated asset objects reloaded before import = 0
Number of asset objects unloaded after import = 0
========================================================================
Received Import Request.
  Time of request: 2026-10-01T17:13:26.3477126Z
  Time since last request: 0.0004491 seconds.
  importAddress: GUID: 77929a85e47b040f98305209898d8e05 - Path: Packages/com.unity.visualscripting/Editor/VisualScripting.Core/Windows/WebWindow.cs - Importer: ScriptedImporter/UnityEditor.QuickSearchModule:UnityEditor.Search:ASIAI0B
Importing 'GUID: 77929a85e47b040f98305209898d8e05 - Path: Packages/com.unity.visualscripting/Editor/VisualScripting.Core/Windows/WebWindow.cs - Importer: ScriptedImporter/UnityEditor.QuickSearchModule:UnityEditor.Search:ASIAI0B' with importer (ScriptedImporter : UnityEditor.QuickSearchModule:UnityEditor.Search:ASIAI0B)
Imported 'GUID: 77929a85e47b040f98305209898d8e05' -> (Import Result ID: '63a730a86239f21dadd2782799f34dd1') in 0.002 seconds [static and dynamic dependencies]. Details - ImportResultOutputID=a47a1f4a470dacf896351e3f38a3c302 DependenciesID=2ea44587d6ec209223c2277e14827b5b StaticDependenciesID=57688dd79049b9608654c3a70023d8b8 
Number of updated asset objects reloaded before import = 0
Number of asset objects unloaded after import = 0
========================================================================
Received Import Request.
  Time of request: 2026-10-01T17:13:26.3557824Z
  Time since last request: 0.0002896 seconds.
  importAddress: GUID: 7f42d0d167a7f4de598875889223bdd6 - Path: Packages/com.unity.visualscripting/Editor/VisualScripting.Core/Variables/VariablesAssetEditor.cs - Importer: ScriptedImporter/UnityEditor.QuickSearchModule:UnityEditor.Search:ASIAI0B
Importing 'GUID: 7f42d0d167a7f4de598875889223bdd6 - Path: Packages/com.unity.visualscripting/Editor/VisualScripting.Core/Variables/VariablesAssetEditor.cs - Importer: ScriptedImporter/UnityEditor.QuickSearchModule:UnityEditor.Search:ASIAI0B' with importer (ScriptedImporter : UnityEditor.QuickSearchModule:UnityEditor.Search:ASIAI0B)
Imported 'GUID: 7f42d0d167a7f4de598875889223bdd6' -> (Import Result ID: 'd2c415ead6ab0a6e1eca5b0dbcb035a8') in 0.002 seconds [static and dynamic dependencies]. Details - ImportResultOutputID=1d70ba0ca50a3b9fd5a6b802f93862df DependenciesID=6a3270faa0eab79b7b212aa13ae1c73e StaticDependenciesID=fd0b9d1185dadf434d22f88a41eddae1 
Number of updated asset objects reloaded before import = 0
Number of asset objects unloaded after import = 0
========================================================================
Received Import Request.
  Time of request: 2026-10-01T17:13:26.3639165Z
  Time since last request: 0.0003459 seconds.
  importAddress: GUID: 07e4cb113112e4eafae0c4744db6bf58 - Path: Packages/com.unity.visualscripting/Editor/VisualScripting.Core/Utilities/PluginPaths.cs - Importer: ScriptedImporter/UnityEditor.QuickSearchModule:UnityEditor.Search:ASIAI0B
Importing 'GUID: 07e4cb113112e4eafae0c4744db6bf58 - Path: Packages/com.unity.visualscripting/Editor/VisualScripting.Core/Utilities/PluginPaths.cs - Importer: ScriptedImporter/UnityEditor.QuickSearchModule:UnityEditor.Search:ASIAI0B' with importer (ScriptedImporter : UnityEditor.QuickSearchModule:UnityEditor.Search:ASIAI0B)
Imported 'GUID: 07e4cb113112e4eafae0c4744db6bf58' -> (Import Result ID: '1d419b3e3481a2250d7afd737e2131cd') in 0.001 seconds [static and dynamic dependencies]. Details - ImportResultOutputID=5484810965fca38002df6a50eb36f0bb DependenciesID=2970d6df961f63f7edaf834e744cea33 StaticDependenciesID=b78602bc439cad0076472b5ee0aa1126 
Number of updated asset objects reloaded before import = 0
Number of asset objects unloaded after import = 0
========================================================================
Received Import Request.
  Time of request: 2026-10-01T17:13:26.3728615Z
  Time since last request: 0.0003495 seconds.
  importAddress: GUID: d740e5b87888c425bbe4264a3053a525 - Path: Packages/com.unity.visualscripting/Editor/VisualScripting.Core/Utilities/ScriptReferenceResolver.cs - Importer: ScriptedImporter/UnityEditor.QuickSearchModule:UnityEditor.Search:ASIAI0B
Importing 'GUID: d740e5b87888c425bbe4264a3053a525 - Path: Packages/com.unity.visualscripting/Editor/VisualScripting.Core/Utilities/ScriptReferenceResolver.cs - Importer: ScriptedImporter/UnityEditor.QuickSearchModule:UnityEditor.Search:ASIAI0B' with importer (ScriptedImporter : UnityEditor.QuickSearchModule:UnityEditor.Search:ASIAI0B)
Imported 'GUID: d740e5b87888c425bbe4264a3053a525' -> (Import Result ID: '06cc6398b18e2952e097e68f75d63520') in 0.001 seconds [static and dynamic dependencies]. Details - ImportResultOutputID=422525a9191c7e8fa2002e3b33847d8b DependenciesID=917046833cc3373e59b9389536df42c1 StaticDependenciesID=f4c724781fed51eb1ff3bd9dd2993e18 
Number of updated asset objects reloaded before import = 0
Number of asset objects unloaded after import = 0
========================================================================
Received Import Request.
  Time of request: 2026-10-01T17:13:26.3937919Z
  Time since last request: 0.0137913 seconds.
  importAddress: GUID: ca12711a98bb548dc9eaa87d8d4d7263 - Path: Packages/com.unity.visualscripting/Editor/VisualScripting.Flow/Ports/ControlOutputWidget.cs - Importer: ScriptedImporter/UnityEditor.QuickSearchModule:UnityEditor.Search:ASIAI0B
Importing 'GUID: ca12711a98bb548dc9eaa87d8d4d7263 - Path: Packages/com.unity.visualscripting/Editor/VisualScripting.Flow/Ports/ControlOutputWidget.cs - Importer: ScriptedImporter/UnityEditor.QuickSearchModule:UnityEditor.Search:ASIAI0B' with importer (ScriptedImporter : UnityEditor.QuickSearchModule:UnityEditor.Search:ASIAI0B)
Imported 'GUID: ca12711a98bb548dc9eaa87d8d4d7263' -> (Import Result ID: '1b90ce0b8215783a7bf5ab077f78d41c') in 0.001 seconds [static and dynamic dependencies]. Details - ImportResultOutputID=0ec33cdd9343254f7224cc6c29033c1b DependenciesID=a3466257199d6eb0875153f8096d0370 StaticDependenciesID=4cb985755dde301cc5d4686e99af08eb 
Number of updated asset objects reloaded before import = 0
Number of asset objects unloaded after import = 0
========================================================================
Received Import Request.
  Time of request: 2026-10-01T17:13:26.4020993Z
  Time since last request: 0.0003874 seconds.
  importAddress: GUID: 444c595f4f0d649eba2094c40baf48cf - Path: Packages/com.unity.visualscripting/Editor/VisualScripting.Flow/Analytics/FlowMacroSavedEvent.cs - Importer: ScriptedImporter/UnityEditor.QuickSearchModule:UnityEditor.Search:ASIAI0B
Importing 'GUID: 444c595f4f0d649eba2094c40baf48cf - Path: Packages/com.unity.visualscripting/Editor/VisualScripting.Flow/Analytics/FlowMacroSavedEvent.cs - Importer: ScriptedImporter/UnityEditor.QuickSearchModule:UnityEditor.Search:ASIAI0B' with importer (ScriptedImporter : UnityEditor.QuickSearchModule:UnityEditor.Search:ASIAI0B)
Imported 'GUID: 444c595f4f0d649eba2094c40baf48cf' -> (Import Result ID: '5402bc921b28f6ae7b9dc3bee97d811a') in 0.001 seconds [static and dynamic dependencies]. Details - ImportResultOutputID=84e4affb9572005ee582913eb4f41320 DependenciesID=9bd780bf8cb2835afe5b40a6fad993aa StaticDependenciesID=4ec16495037cffccdeca359e5185d91f 
Number of updated asset objects reloaded before import = 0
Number of asset objects unloaded after import = 0
========================================================================
Received Import Request.
  Time of request: 2026-10-01T17:13:26.4100545Z
  Time since last request: 0.000199 seconds.
  importAddress: GUID: 23070ced5c01f495eb6b3dcc75ab6fc1 - Path: Packages/com.unity.visualscripting/Editor/VisualScripting.Flow/Description/FlowMacroDescriptor.cs - Importer: ScriptedImporter/UnityEditor.QuickSearchModule:UnityEditor.Search:ASIAI0B
Importing 'GUID: 23070ced5c01f495eb6b3dcc75ab6fc1 - Path: Packages/com.unity.visualscripting/Editor/VisualScripting.Flow/Description/FlowMacroDescriptor.cs - Importer: ScriptedImporter/UnityEditor.QuickSearchModule:UnityEditor.Search:ASIAI0B' with importer (ScriptedImporter : UnityEditor.QuickSearchModule:UnityEditor.Search:ASIAI0B)
Imported 'GUID: 23070ced5c01f495eb6b3dcc75ab6fc1' -> (Import Result ID: '599735ef61fb9b0ced6e1a022d3d6b09') in 0.002 seconds [static and dynamic dependencies]. Details - ImportResultOutputID=d3483e93adf8f9229e8b542831d07ee8 DependenciesID=dc98c6226ce6ebec5b135acb47e901f4 StaticDependenciesID=190336e37375ace6bc9d0a0438009a97 
Number of updated asset objects reloaded before import = 0
Number of asset objects unloaded after import = 0
========================================================================
Received Import Request.
  Time of request: 2026-10-01T17:13:26.418796Z
  Time since last request: 0.0002599 seconds.
  importAddress: GUID: 37d8f9a231f5545c8aa227756649439d - Path: Packages/com.unity.visualscripting/Editor/VisualScripting.Flow/Options/UnitOption.cs - Importer: ScriptedImporter/UnityEditor.QuickSearchModule:UnityEditor.Search:ASIAI0B
Importing 'GUID: 37d8f9a231f5545c8aa227756649439d - Path: Packages/com.unity.visualscripting/Editor/VisualScripting.Flow/Options/UnitOption.cs - Importer: ScriptedImporter/UnityEditor.QuickSearchModule:UnityEditor.Search:ASIAI0B' with importer (ScriptedImporter : UnityEditor.QuickSearchModule:UnityEditor.Search:ASIAI0B)
Imported 'GUID: 37d8f9a231f5545c8aa227756649439d' -> (Import Result ID: 'bc25201788c628ac435863c52707618d') in 0.001 seconds [static and dynamic dependencies]. Details - ImportResultOutputID=e663b3443cce150d933774c9a82542f1 DependenciesID=05afbda3526365eab75407d250d51dc2 StaticDependenciesID=1aeda30ddf4e9d9f3478e6204285c290 
Number of updated asset objects reloaded before import = 0
Number of asset objects unloaded after import = 0
========================================================================
Received Import Request.
  Time of request: 2026-10-01T17:13:26.4266822Z
  Time since last request: 0.000197 seconds.
  importAddress: GUID: afd111c0051bd41439aa4f5de930fb9e - Path: Packages/com.unity.visualscripting/Editor/VisualScripting.Flow/Plugin/BoltFlowConfiguration.cs - Importer: ScriptedImporter/UnityEditor.QuickSearchModule:UnityEditor.Search:ASIAI0B
Importing 'GUID: afd111c0051bd41439aa4f5de930fb9e - Path: Packages/com.unity.visualscripting/Editor/VisualScripting.Flow/Plugin/BoltFlowConfiguration.cs - Importer: ScriptedImporter/UnityEditor.QuickSearchModule:UnityEditor.Search:ASIAI0B' with importer (ScriptedImporter : UnityEditor.QuickSearchModule:UnityEditor.Search:ASIAI0B)
Imported 'GUID: afd111c0051bd41439aa4f5de930fb9e' -> (Import Result ID: '324b66cfc888fe0c7b746560a008f09e') in 0.002 seconds [static and dynamic dependencies]. Details - ImportResultOutputID=4eb3335eb0be64dbd8dc88fa07c5b250 DependenciesID=9841fce835c97af4cf78e967bfb9e8a4 StaticDependenciesID=7c0db911d3b5fce06d5e1862d990fe74 
Number of updated asset objects reloaded before import = 0
Number of asset objects unloaded after import = 0
========================================================================
Received Import Request.
  Time of request: 2026-10-01T17:13:26.4343886Z
  Time since last request: 0.0002142 seconds.
  importAddress: GUID: 8547e7db1fc234a80b57c9d30108abac - Path: Packages/com.unity.visualscripting/Editor/VisualScripting.Flow/Ports/ValuePortDefinitionInspector.cs - Importer: ScriptedImporter/UnityEditor.QuickSearchModule:UnityEditor.Search:ASIAI0B
Importing 'GUID: 8547e7db1fc234a80b57c9d30108abac - Path: Packages/com.unity.visualscripting/Editor/VisualScripting.Flow/Ports/ValuePortDefinitionInspector.cs - Importer: ScriptedImporter/UnityEditor.QuickSearchModule:UnityEditor.Search:ASIAI0B' with importer (ScriptedImporter : UnityEditor.QuickSearchModule:UnityEditor.Search:ASIAI0B)
Imported 'GUID: 8547e7db1fc234a80b57c9d30108abac' -> (Import Result ID: 'fdc861f8bdd45ad57d08ed5cc7ebf06f') in 0.001 seconds [static and dynamic dependencies]. Details - ImportResultOutputID=78856343b8b84c58af3267a289efc4f9 DependenciesID=99e686fb63b0b4143a0966b270e719e9 StaticDependenciesID=c837c4c446fbf294784a6f0d61f784de 
Number of updated asset objects reloaded before import = 0
Number of asset objects unloaded after import = 0
========================================================================
Received Import Request.
  Time of request: 2026-10-01T17:13:26.4425575Z
  Time since last request: 0.0002427 seconds.
  importAddress: GUID: fd6fd6310ecb2405fae7d988941661de - Path: Packages/com.unity.visualscripting/Editor/VisualScripting.Flow/Options/IUnitOption.cs - Importer: ScriptedImporter/UnityEditor.QuickSearchModule:UnityEditor.Search:ASIAI0B
Importing 'GUID: fd6fd6310ecb2405fae7d988941661de - Path: Packages/com.unity.visualscripting/Editor/VisualScripting.Flow/Options/IUnitOption.cs - Importer: ScriptedImporter/UnityEditor.QuickSearchModule:UnityEditor.Search:ASIAI0B' with importer (ScriptedImporter : UnityEditor.QuickSearchModule:UnityEditor.Search:ASIAI0B)
Imported 'GUID: fd6fd6310ecb2405fae7d988941661de' -> (Import Result ID: 'd14fdc5a053c3982479b603ab08de8a7') in 0.001 seconds [static and dynamic dependencies]. Details - ImportResultOutputID=87d9476d954ebba41053e43d510b4601 DependenciesID=d2e21eb6f9051cc2cb3f55825ace1662 StaticDependenciesID=dd196257d4009fa560c614d4669903c5 
Number of updated asset objects reloaded before import = 0
Number of asset objects unloaded after import = 0
========================================================================
Received Import Request.
  Time of request: 2026-10-01T17:13:26.4506372Z
  Time since last request: 0.0001826 seconds.
  importAddress: GUID: 41f5d158b421e44c78e95341ab945c13 - Path: Packages/com.unity.visualscripting/Editor/VisualScripting.Flow/Invocations/MemberInvocationInspector.cs - Importer: ScriptedImporter/UnityEditor.QuickSearchModule:UnityEditor.Search:ASIAI0B
Importing 'GUID: 41f5d158b421e44c78e95341ab945c13 - Path: Packages/com.unity.visualscripting/Editor/VisualScripting.Flow/Invocations/MemberInvocationInspector.cs - Importer: ScriptedImporter/UnityEditor.QuickSearchModule:UnityEditor.Search:ASIAI0B' with importer (ScriptedImporter : UnityEditor.QuickSearchModule:UnityEditor.Search:ASIAI0B)
Imported 'GUID: 41f5d158b421e44c78e95341ab945c13' -> (Import Result ID: 'e2e001405768dd783d2aa2b2832f4da8') in 0.001 seconds [static and dynamic dependencies]. Details - ImportResultOutputID=41b6c891ddcdbccf40de98091cf58d08 DependenciesID=8c04b0fa8a8823f4c75456cdda992bdf StaticDependenciesID=3c452542d93cef7ebbe5496b29b67287 
Number of updated asset objects reloaded before import = 0
Number of asset objects unloaded after import = 0
========================================================================
Received Import Request.
  Time of request: 2026-10-01T17:13:26.4594325Z
  Time since last request: 0.0001825 seconds.
  importAddress: GUID: 6de90288101284c5891d285c63d67c40 - Path: Packages/com.unity.visualscripting/Editor/VisualScripting.Flow/Ports/ValueInputWidget.cs - Importer: ScriptedImporter/UnityEditor.QuickSearchModule:UnityEditor.Search:ASIAI0B
Importing 'GUID: 6de90288101284c5891d285c63d67c40 - Path: Packages/com.unity.visualscripting/Editor/VisualScripting.Flow/Ports/ValueInputWidget.cs - Importer: ScriptedImporter/UnityEditor.QuickSearchModule:UnityEditor.Search:ASIAI0B' with importer (ScriptedImporter : UnityEditor.QuickSearchModule:UnityEditor.Search:ASIAI0B)
Imported 'GUID: 6de90288101284c5891d285c63d67c40' -> (Import Result ID: '1153c9003ffd2e0ecd5867a56548e1bc') in 0.001 seconds [static and dynamic dependencies]. Details - ImportResultOutputID=93d75d9799d1c3d9ef29db6f4c5148de DependenciesID=b5efaefa63b2d3ced8de9a5797468208 StaticDependenciesID=d6c0587c64e900b1e8de7404e52ca238 
Number of updated asset objects reloaded before import = 0
Number of asset objects unloaded after import = 0
========================================================================
Received Import Request.
  Time of request: 2026-10-01T17:13:26.4835319Z
  Time since last request: 0.0165345 seconds.
  importAddress: GUID: dad6936c226ce49b9a651479afeb690b - Path: Packages/com.unity.visualscripting/Editor/VisualScripting.State/Plugin/BoltStateConfiguration.cs - Importer: ScriptedImporter/UnityEditor.QuickSearchModule:UnityEditor.Search:ASIAI0B
Importing 'GUID: dad6936c226ce49b9a651479afeb690b - Path: Packages/com.unity.visualscripting/Editor/VisualScripting.State/Plugin/BoltStateConfiguration.cs - Importer: ScriptedImporter/UnityEditor.QuickSearchModule:UnityEditor.Search:ASIAI0B' with importer (ScriptedImporter : UnityEditor.QuickSearchModule:UnityEditor.Search:ASIAI0B)
Imported 'GUID: dad6936c226ce49b9a651479afeb690b' -> (Import Result ID: '1f0c73a326990314c9563a69be0dacf5') in 0.001 seconds [static and dynamic dependencies]. Details - ImportResultOutputID=3bf8921e71c568be779f05bb6078e76d DependenciesID=53205836e90b079ec19ccb004a501f67 StaticDependenciesID=d40e4e31947d0686b66d46426a2d57ff 
Number of updated asset objects reloaded before import = 0
Number of asset objects unloaded after import = 0
========================================================================
Received Import Request.
  Time of request: 2026-10-01T17:13:26.4918875Z
  Time since last request: 0.0005398 seconds.
  importAddress: GUID: f66f8803a57c44b2eb4880f870823740 - Path: Packages/com.unity.visualscripting/Editor/VisualScripting.State/States/FlowStateDescriptor.cs - Importer: ScriptedImporter/UnityEditor.QuickSearchModule:UnityEditor.Search:ASIAI0B
Importing 'GUID: f66f8803a57c44b2eb4880f870823740 - Path: Packages/com.unity.visualscripting/Editor/VisualScripting.State/States/FlowStateDescriptor.cs - Importer: ScriptedImporter/UnityEditor.QuickSearchModule:UnityEditor.Search:ASIAI0B' with importer (ScriptedImporter : UnityEditor.QuickSearchModule:UnityEditor.Search:ASIAI0B)
Imported 'GUID: f66f8803a57c44b2eb4880f870823740' -> (Import Result ID: '2e6629aa34e75373b86b66990bfcbeff') in 0.002 seconds [static and dynamic dependencies]. Details - ImportResultOutputID=8ba81af8b0730ec28a8011b6f1ca6154 DependenciesID=3671e19149ac48a5182aba724d17eb2d StaticDependenciesID=9b66e483fd43bca5db1712ea72463dbb 
Number of updated asset objects reloaded before import = 0
Number of asset objects unloaded after import = 0
========================================================================
Received Import Request.
  Time of request: 2026-10-01T17:13:26.5000579Z
  Time since last request: 0.0002499 seconds.
  importAddress: GUID: 6a1240097a06b411090f9cb6c29cf64a - Path: Packages/com.unity.visualscripting/Editor/VisualScripting.State/Transitions/FlowStateTransitionEditor.cs - Importer: ScriptedImporter/UnityEditor.QuickSearchModule:UnityEditor.Search:ASIAI0B
Importing 'GUID: 6a1240097a06b411090f9cb6c29cf64a - Path: Packages/com.unity.visualscripting/Editor/VisualScripting.State/Transitions/FlowStateTransitionEditor.cs - Importer: ScriptedImporter/UnityEditor.QuickSearchModule:UnityEditor.Search:ASIAI0B' with importer (ScriptedImporter : UnityEditor.QuickSearchModule:UnityEditor.Search:ASIAI0B)
Imported 'GUID: 6a1240097a06b411090f9cb6c29cf64a' -> (Import Result ID: '8eca28962457f4f9956184bfe57bf623') in 0.001 seconds [static and dynamic dependencies]. Details - ImportResultOutputID=bf9ad2f4195128d534ba40bdec9b3b24 DependenciesID=39e83c7a52d89a120b04577dc991b534 StaticDependenciesID=5b4b3c0fa773e479fcea53f125e1ce79 
Number of updated asset objects reloaded before import = 0
Number of asset objects unloaded after import = 0
========================================================================
Received Import Request.
  Time of request: 2026-10-01T17:13:26.5092934Z
  Time since last request: 0.0002903 seconds.
  importAddress: GUID: d891a8dfd0a4d464897c1598d1a0f5a0 - Path: Packages/com.unity.visualscripting/Editor/VisualScripting.State/States/FlowStateWidget.cs - Importer: ScriptedImporter/UnityEditor.QuickSearchModule:UnityEditor.Search:ASIAI0B
Importing 'GUID: d891a8dfd0a4d464897c1598d1a0f5a0 - Path: Packages/com.unity.visualscripting/Editor/VisualScripting.State/States/FlowStateWidget.cs - Importer: ScriptedImporter/UnityEditor.QuickSearchModule:UnityEditor.Search:ASIAI0B' with importer (ScriptedImporter : UnityEditor.QuickSearchModule:UnityEditor.Search:ASIAI0B)
Imported 'GUID: d891a8dfd0a4d464897c1598d1a0f5a0' -> (Import Result ID: '8fac4dd41a0eb2f28a2093bb78abf912') in 0.001 seconds [static and dynamic dependencies]. Details - ImportResultOutputID=2176894be6c79d9c4ae44c10dd9a8271 DependenciesID=2e700e9d8a9dd3ac0e091323788c70d6 StaticDependenciesID=4774a78752ea41bf87f0b478913660ac 
Number of updated asset objects reloaded before import = 0
Number of asset objects unloaded after import = 0
========================================================================
Received Import Request.
  Time of request: 2026-10-01T17:13:26.5170145Z
  Time since last request: 0.0002494 seconds.
  importAddress: GUID: a8adccab0e6b44bfa9204ceaad999770 - Path: Packages/com.unity.visualscripting/Runtime/VisualScripting.Core/Collections/AotList.cs - Importer: ScriptedImporter/UnityEditor.QuickSearchModule:UnityEditor.Search:ASIAI0B
Importing 'GUID: a8adccab0e6b44bfa9204ceaad999770 - Path: Packages/com.unity.visualscripting/Runtime/VisualScripting.Core/Collections/AotList.cs - Importer: ScriptedImporter/UnityEditor.QuickSearchModule:UnityEditor.Search:ASIAI0B' with importer (ScriptedImporter : UnityEditor.QuickSearchModule:UnityEditor.Search:ASIAI0B)
Imported 'GUID: a8adccab0e6b44bfa9204ceaad999770' -> (Import Result ID: '60f07653590aff9f352d1b9d29e71e5e') in 0.002 seconds [static and dynamic dependencies]. Details - ImportResultOutputID=11291f34c802ba6a4aeaeb0c35c09120 DependenciesID=994c8f42b8d9f54f091c058ce6319486 StaticDependenciesID=d1a7ce28e5dea2d00a18cebf0688c953 
Number of updated asset objects reloaded before import = 0
Number of asset objects unloaded after import = 0
========================================================================
Received Import Request.
  Time of request: 2026-10-01T17:13:26.5253552Z
  Time since last request: 0.0003031 seconds.
  importAddress: GUID: b04c1e280ff6e45de9c1ee0c405a5711 - Path: Packages/com.unity.visualscripting/Editor/VisualScripting.State/Description/StateMachineDescriptor.cs - Importer: ScriptedImporter/UnityEditor.QuickSearchModule:UnityEditor.Search:ASIAI0B
Importing 'GUID: b04c1e280ff6e45de9c1ee0c405a5711 - Path: Packages/com.unity.visualscripting/Editor/VisualScripting.State/Description/StateMachineDescriptor.cs - Importer: ScriptedImporter/UnityEditor.QuickSearchModule:UnityEditor.Search:ASIAI0B' with importer (ScriptedImporter : UnityEditor.QuickSearchModule:UnityEditor.Search:ASIAI0B)
Imported 'GUID: b04c1e280ff6e45de9c1ee0c405a5711' -> (Import Result ID: '61ddecf09e8edfa0fb60ff7e268d40ac') in 0.002 seconds [static and dynamic dependencies]. Details - ImportResultOutputID=a826f6a3a9a6dc7d3a769551924ea738 DependenciesID=f638ee2ded0c8017d7e69b86e97d82a9 StaticDependenciesID=b556a165d872fe1065d87f66798747d5 
Number of updated asset objects reloaded before import = 0
Number of asset objects unloaded after import = 0
========================================================================
Received Import Request.
  Time of request: 2026-10-01T17:13:26.5332862Z
  Time since last request: 0.0001727 seconds.
  importAddress: GUID: caccb2b4912fd42848baed54c72fcaec - Path: Packages/com.unity.visualscripting/Runtime/VisualScripting.Core/Cloning/Cloning.cs - Importer: ScriptedImporter/UnityEditor.QuickSearchModule:UnityEditor.Search:ASIAI0B
Importing 'GUID: caccb2b4912fd42848baed54c72fcaec - Path: Packages/com.unity.visualscripting/Runtime/VisualScripting.Core/Cloning/Cloning.cs - Importer: ScriptedImporter/UnityEditor.QuickSearchModule:UnityEditor.Search:ASIAI0B' with importer (ScriptedImporter : UnityEditor.QuickSearchModule:UnityEditor.Search:ASIAI0B)
Imported 'GUID: caccb2b4912fd42848baed54c72fcaec' -> (Import Result ID: 'c41cdbca08284db6c049da260fcf68c9') in 0.001 seconds [static and dynamic dependencies]. Details - ImportResultOutputID=15ccb0ffbcec592e59972898cde1217f DependenciesID=f90adf971bb1c3c077a37d3fdfb8ad73 StaticDependenciesID=7170ffe31ab323a2f88691456e5ae742 
Number of updated asset objects reloaded before import = 0
Number of asset objects unloaded after import = 0
========================================================================
Received Import Request.
  Time of request: 2026-10-01T17:13:26.5413238Z
  Time since last request: 0.0002581 seconds.
  importAddress: GUID: 3ef8f00bbef6a4ceaaaa090c41d2cf23 - Path: Packages/com.unity.visualscripting/Editor/VisualScripting.State/Transitions/NesterStateTransitionDescriptor.cs - Importer: ScriptedImporter/UnityEditor.QuickSearchModule:UnityEditor.Search:ASIAI0B
Importing 'GUID: 3ef8f00bbef6a4ceaaaa090c41d2cf23 - Path: Packages/com.unity.visualscripting/Editor/VisualScripting.State/Transitions/NesterStateTransitionDescriptor.cs - Importer: ScriptedImporter/UnityEditor.QuickSearchModule:UnityEditor.Search:ASIAI0B' with importer (ScriptedImporter : UnityEditor.QuickSearchModule:UnityEditor.Search:ASIAI0B)
Imported 'GUID: 3ef8f00bbef6a4ceaaaa090c41d2cf23' -> (Import Result ID: '2b3d0d340dbe1897e8d0b8729e513a2a') in 0.001 seconds [static and dynamic dependencies]. Details - ImportResultOutputID=2e6ea4788af600611026cc47ec9d1c41 DependenciesID=638070f11f04866e864fb59dbd9fd110 StaticDependenciesID=9098b8d6719d92ff3a4cffd22d659a63 
Number of updated asset objects reloaded before import = 0
Number of asset objects unloaded after import = 0
========================================================================
Received Import Request.
  Time of request: 2026-10-01T17:13:26.5490454Z
  Time since last request: 0.0003409 seconds.
  importAddress: GUID: 355c8a593616d459494378fc4c6f39a2 - Path: Packages/com.unity.visualscripting/Editor/VisualScripting.State/Transitions/FlowStateTransitionDescriptor.cs - Importer: ScriptedImporter/UnityEditor.QuickSearchModule:UnityEditor.Search:ASIAI0B
Importing 'GUID: 355c8a593616d459494378fc4c6f39a2 - Path: Packages/com.unity.visualscripting/Editor/VisualScripting.State/Transitions/FlowStateTransitionDescriptor.cs - Importer: ScriptedImporter/UnityEditor.QuickSearchModule:UnityEditor.Search:ASIAI0B' with importer (ScriptedImporter : UnityEditor.QuickSearchModule:UnityEditor.Search:ASIAI0B)
Imported 'GUID: 355c8a593616d459494378fc4c6f39a2' -> (Import Result ID: '76ede254251bee563a18628e0aa0e988') in 0.002 seconds [static and dynamic dependencies]. Details - ImportResultOutputID=6c7b50b51a1bab6c22dc157353c66a83 DependenciesID=455de4b57c6b90fef4c86f94fe753fa9 StaticDependenciesID=ef9636ddf3b38319e85bd761beac1f2a 
Number of updated asset objects reloaded before import = 0
Number of asset objects unloaded after import = 0
========================================================================
Received Import Request.
  Time of request: 2026-10-01T17:13:26.5739517Z
  Time since last request: 0.0167739 seconds.
  importAddress: GUID: 4fae8bb7c6499466c8e4b78650b40808 - Path: Packages/com.unity.visualscripting/Runtime/VisualScripting.Core/Ensure/EnsureThat.Strings.cs - Importer: ScriptedImporter/UnityEditor.QuickSearchModule:UnityEditor.Search:ASIAI0B
Importing 'GUID: 4fae8bb7c6499466c8e4b78650b40808 - Path: Packages/com.unity.visualscripting/Runtime/VisualScripting.Core/Ensure/EnsureThat.Strings.cs - Importer: ScriptedImporter/UnityEditor.QuickSearchModule:UnityEditor.Search:ASIAI0B' with importer (ScriptedImporter : UnityEditor.QuickSearchModule:UnityEditor.Search:ASIAI0B)
Imported 'GUID: 4fae8bb7c6499466c8e4b78650b40808' -> (Import Result ID: '263de9421505bd8b108ee373d6087022') in 0.003 seconds [static and dynamic dependencies]. Details - ImportResultOutputID=d6d1524e2ac0cdfb138a9315a6e51cc0 DependenciesID=4ee5d9e82397ec0b15939d3be2676e94 StaticDependenciesID=7db2d9a47bc1bedb3cca4e579ee3ed17 
Number of updated asset objects reloaded before import = 0
Number of asset objects unloaded after import = 0
========================================================================
Received Import Request.
  Time of request: 2026-10-01T17:13:26.5830607Z
  Time since last request: 0.0001329 seconds.
  importAddress: GUID: 43726dbe3dc9b43e7b7757fe847b033a - Path: Packages/com.unity.visualscripting/Runtime/VisualScripting.Core/Collections/NonNullableList.cs - Importer: ScriptedImporter/UnityEditor.QuickSearchModule:UnityEditor.Search:ASIAI0B
Importing 'GUID: 43726dbe3dc9b43e7b7757fe847b033a - Path: Packages/com.unity.visualscripting/Runtime/VisualScripting.Core/Collections/NonNullableList.cs - Importer: ScriptedImporter/UnityEditor.QuickSearchModule:UnityEditor.Search:ASIAI0B' with importer (ScriptedImporter : UnityEditor.QuickSearchModule:UnityEditor.Search:ASIAI0B)
Imported 'GUID: 43726dbe3dc9b43e7b7757fe847b033a' -> (Import Result ID: '07024653828d3c53c17d47dd92de9cbd') in 0.001 seconds [static and dynamic dependencies]. Details - ImportResultOutputID=db60e7e19591eed3af98b4bf2fd6cd18 DependenciesID=b4566e3ae80eadd44d02fdc5f8dedaf3 StaticDependenciesID=791e841f859434b52953c12acebb06bc 
Number of updated asset objects reloaded before import = 0
Number of asset objects unloaded after import = 0
========================================================================
Received Import Request.
  Time of request: 2026-10-01T17:13:26.5906717Z
  Time since last request: 0.0005294 seconds.
  importAddress: GUID: 20f39ddd76d774d55a60c16f4db75963 - Path: Packages/com.unity.visualscripting/Runtime/VisualScripting.Core/Ensure/EnsureThat.Types.cs - Importer: ScriptedImporter/UnityEditor.QuickSearchModule:UnityEditor.Search:ASIAI0B
Importing 'GUID: 20f39ddd76d774d55a60c16f4db75963 - Path: Packages/com.unity.visualscripting/Runtime/VisualScripting.Core/Ensure/EnsureThat.Types.cs - Importer: ScriptedImporter/UnityEditor.QuickSearchModule:UnityEditor.Search:ASIAI0B' with importer (ScriptedImporter : UnityEditor.QuickSearchModule:UnityEditor.Search:ASIAI0B)
Imported 'GUID: 20f39ddd76d774d55a60c16f4db75963' -> (Import Result ID: 'c14ef10f3bd6e47299952f9578ad60ca') in 0.001 seconds [static and dynamic dependencies]. Details - ImportResultOutputID=2729cb6c9434e11b614edfaf730bedf8 DependenciesID=5983373440da4a8a20dfcea18a22b9b0 StaticDependenciesID=e3f0b0e2d1ae2f36a6c99c55cf2cd725 
Number of updated asset objects reloaded before import = 0
Number of asset objects unloaded after import = 0
========================================================================
Received Import Request.
  Time of request: 2026-10-01T17:13:26.5990321Z
  Time since last request: 0.0002228 seconds.
  importAddress: GUID: 954150586dd10405f91f4be9407eeff1 - Path: Packages/com.unity.visualscripting/Runtime/VisualScripting.Core/Collections/IMergedCollection.cs - Importer: ScriptedImporter/UnityEditor.QuickSearchModule:UnityEditor.Search:ASIAI0B
Importing 'GUID: 954150586dd10405f91f4be9407eeff1 - Path: Packages/com.unity.visualscripting/Runtime/VisualScripting.Core/Collections/IMergedCollection.cs - Importer: ScriptedImporter/UnityEditor.QuickSearchModule:UnityEditor.Search:ASIAI0B' with importer (ScriptedImporter : UnityEditor.QuickSearchModule:UnityEditor.Search:ASIAI0B)
Imported 'GUID: 954150586dd10405f91f4be9407eeff1' -> (Import Result ID: 'e578c2cb0a228038b850c2473fe22624') in 0.002 seconds [static and dynamic dependencies]. Details - ImportResultOutputID=d9a00f51ce12a07859c138961571621e DependenciesID=503950994bb3ba3b39255038da9f7199 StaticDependenciesID=1a5478ccc708f3cfbfdc09e1d0a88800 
Number of updated asset objects reloaded before import = 0
Number of asset objects unloaded after import = 0
========================================================================
Received Import Request.
  Time of request: 2026-10-01T17:13:26.607337Z
  Time since last request: 0.0002062 seconds.
  importAddress: GUID: cfb22729ea2604a4fa969fe03e12362c - Path: Packages/com.unity.visualscripting/Runtime/VisualScripting.Core/Ensure/Ensure.cs - Importer: ScriptedImporter/UnityEditor.QuickSearchModule:UnityEditor.Search:ASIAI0B
Importing 'GUID: cfb22729ea2604a4fa969fe03e12362c - Path: Packages/com.unity.visualscripting/Runtime/VisualScripting.Core/Ensure/Ensure.cs - Importer: ScriptedImporter/UnityEditor.QuickSearchModule:UnityEditor.Search:ASIAI0B' with importer (ScriptedImporter : UnityEditor.QuickSearchModule:UnityEditor.Search:ASIAI0B)
Imported 'GUID: cfb22729ea2604a4fa969fe03e12362c' -> (Import Result ID: '4b269680fbcd8184c1f97a72ebc18d60') in 0.001 seconds [static and dynamic dependencies]. Details - ImportResultOutputID=8e16cbf25196f5a2bbe87a227a41495f DependenciesID=0e3f36f9021bbb2ca157dd346f053e2d StaticDependenciesID=f2c47eec3d8557decee5c97416162ff6 
Number of updated asset objects reloaded before import = 0
Number of asset objects unloaded after import = 0
========================================================================
Received Import Request.
  Time of request: 2026-10-01T17:13:26.6149539Z
  Time since last request: 0.0003314 seconds.
  importAddress: GUID: f63e64e83be93471eb84fcc9606ebff1 - Path: Packages/com.unity.visualscripting/Runtime/VisualScripting.Core/EditorBinding/NullMeansSelfAttribute.cs - Importer: ScriptedImporter/UnityEditor.QuickSearchModule:UnityEditor.Search:ASIAI0B
Importing 'GUID: f63e64e83be93471eb84fcc9606ebff1 - Path: Packages/com.unity.visualscripting/Runtime/VisualScripting.Core/EditorBinding/NullMeansSelfAttribute.cs - Importer: ScriptedImporter/UnityEditor.QuickSearchModule:UnityEditor.Search:ASIAI0B' with importer (ScriptedImporter : UnityEditor.QuickSearchModule:UnityEditor.Search:ASIAI0B)
Imported 'GUID: f63e64e83be93471eb84fcc9606ebff1' -> (Import Result ID: '15844e0ba58968c196bd133ff2d691f2') in 0.001 seconds [static and dynamic dependencies]. Details - ImportResultOutputID=6310ec505146bb099f1d2a5842f9de9e DependenciesID=5f3f0e91fa8f6605228dc0edc8736e49 StaticDependenciesID=eb51c53bed1932cf63b082d5ff1b1b12 
Number of updated asset objects reloaded before import = 0
Number of asset objects unloaded after import = 0
========================================================================
Received Import Request.
  Time of request: 2026-10-01T17:13:26.6226493Z
  Time since last request: 0.0004056 seconds.
  importAddress: GUID: 9e147a4fe5cb14a9cb1eae8b8c321dc0 - Path: Packages/com.unity.visualscripting/Runtime/VisualScripting.Core/Collections/VariantKeyedCollection.cs - Importer: ScriptedImporter/UnityEditor.QuickSearchModule:UnityEditor.Search:ASIAI0B
Importing 'GUID: 9e147a4fe5cb14a9cb1eae8b8c321dc0 - Path: Packages/com.unity.visualscripting/Runtime/VisualScripting.Core/Collections/VariantKeyedCollection.cs - Importer: ScriptedImporter/UnityEditor.QuickSearchModule:UnityEditor.Search:ASIAI0B' with importer (ScriptedImporter : UnityEditor.QuickSearchModule:UnityEditor.Search:ASIAI0B)
Imported 'GUID: 9e147a4fe5cb14a9cb1eae8b8c321dc0' -> (Import Result ID: 'b1a049dcf34ace09ac7c9a7e25de8165') in 0.002 seconds [static and dynamic dependencies]. Details - ImportResultOutputID=b069ae1ac85d97a7eb7ce44dba541f93 DependenciesID=a12cac31a23c01b1313abea9d39a97ea StaticDependenciesID=53045a22b22efe226cca506c42d13355 
Number of updated asset objects reloaded before import = 0
Number of asset objects unloaded after import = 0
========================================================================
Received Import Request.
  Time of request: 2026-10-01T17:13:26.6309374Z
  Time since last request: 0.0001699 seconds.
  importAddress: GUID: 182155fe62dac4be7a19d3a064a6178f - Path: Packages/com.unity.visualscripting/Runtime/VisualScripting.Core/EditorBinding/InspectableIfAttribute.cs - Importer: ScriptedImporter/UnityEditor.QuickSearchModule:UnityEditor.Search:ASIAI0B
Importing 'GUID: 182155fe62dac4be7a19d3a064a6178f - Path: Packages/com.unity.visualscripting/Runtime/VisualScripting.Core/EditorBinding/InspectableIfAttribute.cs - Importer: ScriptedImporter/UnityEditor.QuickSearchModule:UnityEditor.Search:ASIAI0B' with importer (ScriptedImporter : UnityEditor.QuickSearchModule:UnityEditor.Search:ASIAI0B)
Imported 'GUID: 182155fe62dac4be7a19d3a064a6178f' -> (Import Result ID: 'cff21bb6de4f611e39d4172a3d8106bd') in 0.002 seconds [static and dynamic dependencies]. Details - ImportResultOutputID=3939e8e561d43ccca6b26f2183b241b7 DependenciesID=171bd5610a1beed85ac40e7c7d2888db StaticDependenciesID=70c0de04555e74a59442665358850df3 
Number of updated asset objects reloaded before import = 0
Number of asset objects unloaded after import = 0
========================================================================
Received Import Request.
  Time of request: 2026-10-01T17:13:26.6390496Z
  Time since last request: 0.0002241 seconds.
  importAddress: GUID: ed948b29f5fab40c2b0a902e8248cc20 - Path: Packages/com.unity.visualscripting/Runtime/VisualScripting.Core/Events/IEventGraph.cs - Importer: ScriptedImporter/UnityEditor.QuickSearchModule:UnityEditor.Search:ASIAI0B
Importing 'GUID: ed948b29f5fab40c2b0a902e8248cc20 - Path: Packages/com.unity.visualscripting/Runtime/VisualScripting.Core/Events/IEventGraph.cs - Importer: ScriptedImporter/UnityEditor.QuickSearchModule:UnityEditor.Search:ASIAI0B' with importer (ScriptedImporter : UnityEditor.QuickSearchModule:UnityEditor.Search:ASIAI0B)
Imported 'GUID: ed948b29f5fab40c2b0a902e8248cc20' -> (Import Result ID: 'c9a48dda33977673de7da86a996d458e') in 0.001 seconds [static and dynamic dependencies]. Details - ImportResultOutputID=7df63232125e9710cd176fb90d28781c DependenciesID=ac8916077370a752dc8d660696af0d5f StaticDependenciesID=687e27e4c7cfa8ba508e94790573727b 
Number of updated asset objects reloaded before import = 0
Number of asset objects unloaded after import = 0
========================================================================
Received Import Request.
  Time of request: 2026-10-01T17:13:26.6693545Z
  Time since last request: 0.0224852 seconds.
  importAddress: GUID: 2779fdac2027441508654540bc9b17dc - Path: Packages/com.unity.visualscripting/Runtime/VisualScripting.Core/Graphs/GraphInstances.cs - Importer: ScriptedImporter/UnityEditor.QuickSearchModule:UnityEditor.Search:ASIAI0B
Importing 'GUID: 2779fdac2027441508654540bc9b17dc - Path: Packages/com.unity.visualscripting/Runtime/VisualScripting.Core/Graphs/GraphInstances.cs - Importer: ScriptedImporter/UnityEditor.QuickSearchModule:UnityEditor.Search:ASIAI0B' with importer (ScriptedImporter : UnityEditor.QuickSearchModule:UnityEditor.Search:ASIAI0B)
Imported 'GUID: 2779fdac2027441508654540bc9b17dc' -> (Import Result ID: '4eafd73690388401fd45037ca59c0ee8') in 0.001 seconds [static and dynamic dependencies]. Details - ImportResultOutputID=42b888dcefea9d90dcb8a174a58a6949 DependenciesID=52013619e08700c309fef58b7697a109 StaticDependenciesID=f4d85a535529921fa0c3cf8250fd463d 
Number of updated asset objects reloaded before import = 0
Number of asset objects unloaded after import = 0
========================================================================
Received Import Request.
  Time of request: 2026-10-01T17:13:26.6778922Z
  Time since last request: 0.0001923 seconds.
  importAddress: GUID: 6b3f6fbc3eebd4d3dabcf39e2e98ee73 - Path: Packages/com.unity.visualscripting/Runtime/VisualScripting.Core/Input/PressState.cs - Importer: ScriptedImporter/UnityEditor.QuickSearchModule:UnityEditor.Search:ASIAI0B
Importing 'GUID: 6b3f6fbc3eebd4d3dabcf39e2e98ee73 - Path: Packages/com.unity.visualscripting/Runtime/VisualScripting.Core/Input/PressState.cs - Importer: ScriptedImporter/UnityEditor.QuickSearchModule:UnityEditor.Search:ASIAI0B' with importer (ScriptedImporter : UnityEditor.QuickSearchModule:UnityEditor.Search:ASIAI0B)
Imported 'GUID: 6b3f6fbc3eebd4d3dabcf39e2e98ee73' -> (Import Result ID: 'fd126bd43a21ef9cd693232402165431') in 0.001 seconds [static and dynamic dependencies]. Details - ImportResultOutputID=74d3f746085011d057187861f132544c DependenciesID=c676463a0d5723d2770afbb0523beb85 StaticDependenciesID=17a9ce0535e32c9eaa4efef65bfba69c 
Number of updated asset objects reloaded before import = 0
Number of asset objects unloaded after import = 0
========================================================================
Received Import Request.
  Time of request: 2026-10-01T17:13:26.6854292Z
  Time since last request: 0.0004271 seconds.
  importAddress: GUID: 052fca7ced5fd4e419bc11f7627bbfc0 - Path: Packages/com.unity.visualscripting/Runtime/VisualScripting.Core/Exceptions/InvalidConversionException.cs - Importer: ScriptedImporter/UnityEditor.QuickSearchModule:UnityEditor.Search:ASIAI0B
Importing 'GUID: 052fca7ced5fd4e419bc11f7627bbfc0 - Path: Packages/com.unity.visualscripting/Runtime/VisualScripting.Core/Exceptions/InvalidConversionException.cs - Importer: ScriptedImporter/UnityEditor.QuickSearchModule:UnityEditor.Search:ASIAI0B' with importer (ScriptedImporter : UnityEditor.QuickSearchModule:UnityEditor.Search:ASIAI0B)
Imported 'GUID: 052fca7ced5fd4e419bc11f7627bbfc0' -> (Import Result ID: '4286e13576fb70c6cfc5e38507b1499d') in 0.001 seconds [static and dynamic dependencies]. Details - ImportResultOutputID=db6e79b6abaf9a13aa593d93c28d8146 DependenciesID=6281dde295aec0b79728ca9a41fe3a8c StaticDependenciesID=12e25b68d3811c5138ea819a8f018d69 
Number of updated asset objects reloaded before import = 0
Number of asset objects unloaded after import = 0
========================================================================
Received Import Request.
  Time of request: 2026-10-01T17:13:26.6932577Z
  Time since last request: 0.000342 seconds.
  importAddress: GUID: aac53a58d9e78493d916ada4ed9e309e - Path: Packages/com.unity.visualscripting/Runtime/VisualScripting.Core/Graphs/IGraphElementData.cs - Importer: ScriptedImporter/UnityEditor.QuickSearchModule:UnityEditor.Search:ASIAI0B
Importing 'GUID: aac53a58d9e78493d916ada4ed9e309e - Path: Packages/com.unity.visualscripting/Runtime/VisualScripting.Core/Graphs/IGraphElementData.cs - Importer: ScriptedImporter/UnityEditor.QuickSearchModule:UnityEditor.Search:ASIAI0B' with importer (ScriptedImporter : UnityEditor.QuickSearchModule:UnityEditor.Search:ASIAI0B)
Imported 'GUID: aac53a58d9e78493d916ada4ed9e309e' -> (Import Result ID: 'cd8559845e0473de9fe74c3031cc6d0e') in 0.001 seconds [static and dynamic dependencies]. Details - ImportResultOutputID=2b2e1e70ed4c0131b2270ceb08f6ef7d DependenciesID=f31b9f42ea389258a58ea37ae1e84225 StaticDependenciesID=a39d2963501ad92672b2466e21aeaa37 
Number of updated asset objects reloaded before import = 0
Number of asset objects unloaded after import = 0
========================================================================
Received Import Request.
  Time of request: 2026-10-01T17:13:26.7010721Z
  Time since last request: 0.000275 seconds.
  importAddress: GUID: 55b94feb6833e4cb4a7f7ed332598d2d - Path: Packages/com.unity.visualscripting/Runtime/VisualScripting.Core/Graphs/IGraphRoot.cs - Importer: ScriptedImporter/UnityEditor.QuickSearchModule:UnityEditor.Search:ASIAI0B
Importing 'GUID: 55b94feb6833e4cb4a7f7ed332598d2d - Path: Packages/com.unity.visualscripting/Runtime/VisualScripting.Core/Graphs/IGraphRoot.cs - Importer: ScriptedImporter/UnityEditor.QuickSearchModule:UnityEditor.Search:ASIAI0B' with importer (ScriptedImporter : UnityEditor.QuickSearchModule:UnityEditor.Search:ASIAI0B)
Imported 'GUID: 55b94feb6833e4cb4a7f7ed332598d2d' -> (Import Result ID: 'e9bbfc0e7c66a3bc5f280a2c4d66c2ca') in 0.001 seconds [static and dynamic dependencies]. Details - ImportResultOutputID=d09c55768e02f2077451b80f0bf87a9f DependenciesID=60c2b479426138e68026e3f7045e8024 StaticDependenciesID=6c76110d9311172fea157fd02f57fc7d 
Number of updated asset objects reloaded before import = 0
Number of asset objects unloaded after import = 0
========================================================================
Received Import Request.
  Time of request: 2026-10-01T17:13:26.7094682Z
  Time since last request: 0.0003608 seconds.
  importAddress: GUID: 3af658b760ac04b8ea3f040f301bbc1d - Path: Packages/com.unity.visualscripting/Runtime/VisualScripting.Core/Graphs/Graph.cs - Importer: ScriptedImporter/UnityEditor.QuickSearchModule:UnityEditor.Search:ASIAI0B
Importing 'GUID: 3af658b760ac04b8ea3f040f301bbc1d - Path: Packages/com.unity.visualscripting/Runtime/VisualScripting.Core/Graphs/Graph.cs - Importer: ScriptedImporter/UnityEditor.QuickSearchModule:UnityEditor.Search:ASIAI0B' with importer (ScriptedImporter : UnityEditor.QuickSearchModule:UnityEditor.Search:ASIAI0B)
Imported 'GUID: 3af658b760ac04b8ea3f040f301bbc1d' -> (Import Result ID: 'c81c072e0c06802d0da59054423d91b1') in 0.001 seconds [static and dynamic dependencies]. Details - ImportResultOutputID=2226b967b7532a9fc075d1f8a4b911b0 DependenciesID=9ec8d6da61fbe61ca53da1f0ef7f471c StaticDependenciesID=8e3077f1ddebc8ccf475654179ea8dd4 
Number of updated asset objects reloaded before import = 0
Number of asset objects unloaded after import = 0
========================================================================
Received Import Request.
  Time of request: 2026-10-01T17:13:26.7184917Z
  Time since last request: 0.0003106 seconds.
  importAddress: GUID: e8107ffb6540d4965a7e91dc321d9c3c - Path: Packages/com.unity.visualscripting/Runtime/VisualScripting.Core/Graphs/IGraphElementWithData.cs - Importer: ScriptedImporter/UnityEditor.QuickSearchModule:UnityEditor.Search:ASIAI0B
Importing 'GUID: e8107ffb6540d4965a7e91dc321d9c3c - Path: Packages/com.unity.visualscripting/Runtime/VisualScripting.Core/Graphs/IGraphElementWithData.cs - Importer: ScriptedImporter/UnityEditor.QuickSearchModule:UnityEditor.Search:ASIAI0B' with importer (ScriptedImporter : UnityEditor.QuickSearchModule:UnityEditor.Search:ASIAI0B)
Imported 'GUID: e8107ffb6540d4965a7e91dc321d9c3c' -> (Import Result ID: '6f4a10b51f8b765aa8d107c0604cd700') in 0.001 seconds [static and dynamic dependencies]. Details - ImportResultOutputID=464a0da40031cf436d98fc36eaa01c25 DependenciesID=5e44cbdb8921bd4ecfaf1cf82e2297a2 StaticDependenciesID=384c5adb34b070c8109a7625b2657b5e 
Number of updated asset objects reloaded before import = 0
Number of asset objects unloaded after import = 0
========================================================================
Received Import Request.
  Time of request: 2026-10-01T17:13:26.7267343Z
  Time since last request: 0.0002552 seconds.
  importAddress: GUID: 779cf47f045cf4a49b1862f4d115f23b - Path: Packages/com.unity.visualscripting/Runtime/VisualScripting.Core/Profiling/ProfiledSegmentCollection.cs - Importer: ScriptedImporter/UnityEditor.QuickSearchModule:UnityEditor.Search:ASIAI0B
Importing 'GUID: 779cf47f045cf4a49b1862f4d115f23b - Path: Packages/com.unity.visualscripting/Runtime/VisualScripting.Core/Profiling/ProfiledSegmentCollection.cs - Importer: ScriptedImporter/UnityEditor.QuickSearchModule:UnityEditor.Search:ASIAI0B' with importer (ScriptedImporter : UnityEditor.QuickSearchModule:UnityEditor.Search:ASIAI0B)
Imported 'GUID: 779cf47f045cf4a49b1862f4d115f23b' -> (Import Result ID: 'cd6ecd560246974e3d99a2eefdfbdc2a') in 0.002 seconds [static and dynamic dependencies]. Details - ImportResultOutputID=d387931a5b365a23715e97f8a13cd525 DependenciesID=a413bb4e9759967c1d1e41d9c068d919 StaticDependenciesID=c54271b3dbf89b8a24160e9b40468407 
Number of updated asset objects reloaded before import = 0
Number of asset objects unloaded after import = 0
========================================================================
Received Import Request.
  Time of request: 2026-10-01T17:13:26.7343648Z
  Time since last request: 0.0003216 seconds.
  importAddress: GUID: df194c6a0ebd14f2b9e5debcd26784ee - Path: Packages/com.unity.visualscripting/Runtime/VisualScripting.Core/Machines/IMachine.cs - Importer: ScriptedImporter/UnityEditor.QuickSearchModule:UnityEditor.Search:ASIAI0B
Importing 'GUID: df194c6a0ebd14f2b9e5debcd26784ee - Path: Packages/com.unity.visualscripting/Runtime/VisualScripting.Core/Machines/IMachine.cs - Importer: ScriptedImporter/UnityEditor.QuickSearchModule:UnityEditor.Search:ASIAI0B' with importer (ScriptedImporter : UnityEditor.QuickSearchModule:UnityEditor.Search:ASIAI0B)
Imported 'GUID: df194c6a0ebd14f2b9e5debcd26784ee' -> (Import Result ID: 'd3138ea175342224c105fef94170f06e') in 0.001 seconds [static and dynamic dependencies]. Details - ImportResultOutputID=ebd66b8f2f8a7ec5c0075af5d3a587fb DependenciesID=0fa03c9689221bc15cc638363c47f4f4 StaticDependenciesID=b47fa50a83793e446372be70dd20407d 
Number of updated asset objects reloaded before import = 0
Number of asset objects unloaded after import = 0
========================================================================
Received Import Request.
  Time of request: 2026-10-01T17:13:26.7601256Z
  Time since last request: 0.01804 seconds.
  importAddress: GUID: dbd2d7f4ee9254367bd1b9f18f807872 - Path: Packages/com.unity.visualscripting/Runtime/VisualScripting.Core/Reflection/TypeQualifier.cs - Importer: ScriptedImporter/UnityEditor.QuickSearchModule:UnityEditor.Search:ASIAI0B
Importing 'GUID: dbd2d7f4ee9254367bd1b9f18f807872 - Path: Packages/com.unity.visualscripting/Runtime/VisualScripting.Core/Reflection/TypeQualifier.cs - Importer: ScriptedImporter/UnityEditor.QuickSearchModule:UnityEditor.Search:ASIAI0B' with importer (ScriptedImporter : UnityEditor.QuickSearchModule:UnityEditor.Search:ASIAI0B)
Imported 'GUID: dbd2d7f4ee9254367bd1b9f18f807872' -> (Import Result ID: '73ca689d6192bd94e7df9a77053b2bcc') in 0.001 seconds [static and dynamic dependencies]. Details - ImportResultOutputID=64765b5754f248509506395644125295 DependenciesID=50521c529a7f797ba78813649491980c StaticDependenciesID=a9bdbbd76d5cfb4e704b80f5240f4f5e 
Number of updated asset objects reloaded before import = 0
Number of asset objects unloaded after import = 0
========================================================================
Received Import Request.
  Time of request: 2026-10-01T17:13:26.7684653Z
  Time since last request: 0.0005559 seconds.
  importAddress: GUID: f775daa8bfc69495ca472b905c44a3a1 - Path: Packages/com.unity.visualscripting/Runtime/VisualScripting.Core/Reflection/TypesMatching.cs - Importer: ScriptedImporter/UnityEditor.QuickSearchModule:UnityEditor.Search:ASIAI0B
Importing 'GUID: f775daa8bfc69495ca472b905c44a3a1 - Path: Packages/com.unity.visualscripting/Runtime/VisualScripting.Core/Reflection/TypesMatching.cs - Importer: ScriptedImporter/UnityEditor.QuickSearchModule:UnityEditor.Search:ASIAI0B' with importer (ScriptedImporter : UnityEditor.QuickSearchModule:UnityEditor.Search:ASIAI0B)
Imported 'GUID: f775daa8bfc69495ca472b905c44a3a1' -> (Import Result ID: '0e4ae4d1d7671e52bde4089fde4163d5') in 0.001 seconds [static and dynamic dependencies]. Details - ImportResultOutputID=28918de732a684acf82096687d2e56a3 DependenciesID=8ec2376d5431e6b58f6bbdcd1ba8823b StaticDependenciesID=66adc2521f10e4209c3f6371a1411691 
Number of updated asset objects reloaded before import = 0
Number of asset objects unloaded after import = 0
========================================================================
Received Import Request.
  Time of request: 2026-10-01T17:13:26.7760351Z
  Time since last request: 0.0002763 seconds.
  importAddress: GUID: 28f68b4d087241c5b91fe67f0dd234f9 - Path: Packages/com.unity.visualscripting/Runtime/VisualScripting.Core/Serialization/SerializableType.cs - Importer: ScriptedImporter/UnityEditor.QuickSearchModule:UnityEditor.Search:ASIAI0B
Importing 'GUID: 28f68b4d087241c5b91fe67f0dd234f9 - Path: Packages/com.unity.visualscripting/Runtime/VisualScripting.Core/Serialization/SerializableType.cs - Importer: ScriptedImporter/UnityEditor.QuickSearchModule:UnityEditor.Search:ASIAI0B' with importer (ScriptedImporter : UnityEditor.QuickSearchModule:UnityEditor.Search:ASIAI0B)
Imported 'GUID: 28f68b4d087241c5b91fe67f0dd234f9' -> (Import Result ID: '822f455111727e45a53f618330a84bc3') in 0.001 seconds [static and dynamic dependencies]. Details - ImportResultOutputID=3acb8325969e158f28e3f31d8b14f0f2 DependenciesID=40208d20303283889fdcc1332e8da8da StaticDependenciesID=755887a247c9acf496638d12400a22d2 
Number of updated asset objects reloaded before import = 0
Number of asset objects unloaded after import = 0
========================================================================
Received Import Request.
  Time of request: 2026-10-01T17:13:26.783638Z
  Time since last request: 0.0002341 seconds.
  importAddress: GUID: ab267aba735c944839ba79767a1955e9 - Path: Packages/com.unity.visualscripting/Runtime/VisualScripting.Core/Serialization/ISerializationDepender.cs - Importer: ScriptedImporter/UnityEditor.QuickSearchModule:UnityEditor.Search:ASIAI0B
Importing 'GUID: ab267aba735c944839ba79767a1955e9 - Path: Packages/com.unity.visualscripting/Runtime/VisualScripting.Core/Serialization/ISerializationDepender.cs - Importer: ScriptedImporter/UnityEditor.QuickSearchModule:UnityEditor.Search:ASIAI0B' with importer (ScriptedImporter : UnityEditor.QuickSearchModule:UnityEditor.Search:ASIAI0B)
Imported 'GUID: ab267aba735c944839ba79767a1955e9' -> (Import Result ID: 'b5513189f97a36a8c78da6e824bc71bf') in 0.002 seconds [static and dynamic dependencies]. Details - ImportResultOutputID=0905fd0b11559b008ca9578bbe46351c DependenciesID=e0429f0ae6d6565ac3d561890f6806ce StaticDependenciesID=c316b9eb37bce3cb908a702cc6f808eb 
Number of updated asset objects reloaded before import = 0
Number of asset objects unloaded after import = 0
========================================================================
Received Import Request.
  Time of request: 2026-10-01T17:13:26.7913996Z
  Time since last request: 0.0004083 seconds.
  importAddress: GUID: 4e87565dfd6f14a4ba52932102776550 - Path: Packages/com.unity.visualscripting/Runtime/VisualScripting.Core/Reflection/TypeNameDetail.cs - Importer: ScriptedImporter/UnityEditor.QuickSearchModule:UnityEditor.Search:ASIAI0B
Importing 'GUID: 4e87565dfd6f14a4ba52932102776550 - Path: Packages/com.unity.visualscripting/Runtime/VisualScripting.Core/Reflection/TypeNameDetail.cs - Importer: ScriptedImporter/UnityEditor.QuickSearchModule:UnityEditor.Search:ASIAI0B' with importer (ScriptedImporter : UnityEditor.QuickSearchModule:UnityEditor.Search:ASIAI0B)
Imported 'GUID: 4e87565dfd6f14a4ba52932102776550' -> (Import Result ID: 'd0c4320aec3b497ac6a4388691cde318') in 0.002 seconds [static and dynamic dependencies]. Details - ImportResultOutputID=e299cfbbc2414cbfb793e5f4d0c92b16 DependenciesID=bff0fb97d5a4cd217fd84c5c81131e81 StaticDependenciesID=220f42581a5da3d5eb8678caaac9cc91 
Number of updated asset objects reloaded before import = 0
Number of asset objects unloaded after import = 0
========================================================================
Received Import Request.
  Time of request: 2026-10-01T17:13:26.8000758Z
  Time since last request: 0.0002141 seconds.
  importAddress: GUID: 06cf7033246114febb1d5c2f284969a3 - Path: Packages/com.unity.visualscripting/Runtime/VisualScripting.Core/Unity/UnityObjectOwnershipUtility.cs - Importer: ScriptedImporter/UnityEditor.QuickSearchModule:UnityEditor.Search:ASIAI0B
Importing 'GUID: 06cf7033246114febb1d5c2f284969a3 - Path: Packages/com.unity.visualscripting/Runtime/VisualScripting.Core/Unity/UnityObjectOwnershipUtility.cs - Importer: ScriptedImporter/UnityEditor.QuickSearchModule:UnityEditor.Search:ASIAI0B' with importer (ScriptedImporter : UnityEditor.QuickSearchModule:UnityEditor.Search:ASIAI0B)
Imported 'GUID: 06cf7033246114febb1d5c2f284969a3' -> (Import Result ID: 'f07fa97b999d5519d73857a596ac4cf8') in 0.002 seconds [static and dynamic dependencies]. Details - ImportResultOutputID=3f8efa6158c29d4e9d2b219b67c6dcc6 DependenciesID=ccca9fa5b94703b200fa130d0095dafe StaticDependenciesID=fbbd1c9f9dc73f66e797f2e395c57a3d 
Number of updated asset objects reloaded before import = 0
Number of asset objects unloaded after import = 0
========================================================================
Received Import Request.
  Time of request: 2026-10-01T17:13:26.8085113Z
  Time since last request: 0.0002912 seconds.
  importAddress: GUID: cefc61f3b485d4f83b7932574b4b3130 - Path: Packages/com.unity.visualscripting/Runtime/VisualScripting.Core/Utilities/Empty.cs - Importer: ScriptedImporter/UnityEditor.QuickSearchModule:UnityEditor.Search:ASIAI0B
Importing 'GUID: cefc61f3b485d4f83b7932574b4b3130 - Path: Packages/com.unity.visualscripting/Runtime/VisualScripting.Core/Utilities/Empty.cs - Importer: ScriptedImporter/UnityEditor.QuickSearchModule:UnityEditor.Search:ASIAI0B' with importer (ScriptedImporter : UnityEditor.QuickSearchModule:UnityEditor.Search:ASIAI0B)
Imported 'GUID: cefc61f3b485d4f83b7932574b4b3130' -> (Import Result ID: '44389555f6e8b0c93d35ac897b873347') in 0.002 seconds [static and dynamic dependencies]. Details - ImportResultOutputID=f953f41cb7666f372ef57afc0b469040 DependenciesID=40c9124eb05b43107eda81b286a6261d StaticDependenciesID=ba6f6bc86f5508911e0288388adb407d 
Number of updated asset objects reloaded before import = 0
Number of asset objects unloaded after import = 0
========================================================================
Received Import Request.
  Time of request: 2026-10-01T17:13:26.8179671Z
  Time since last request: 0.0002249 seconds.
  importAddress: GUID: f45eb13c750f34cc497852f2312d5937 - Path: Packages/com.unity.visualscripting/Runtime/VisualScripting.Core/Unity/Singleton.cs - Importer: ScriptedImporter/UnityEditor.QuickSearchModule:UnityEditor.Search:ASIAI0B
Importing 'GUID: f45eb13c750f34cc497852f2312d5937 - Path: Packages/com.unity.visualscripting/Runtime/VisualScripting.Core/Unity/Singleton.cs - Importer: ScriptedImporter/UnityEditor.QuickSearchModule:UnityEditor.Search:ASIAI0B' with importer (ScriptedImporter : UnityEditor.QuickSearchModule:UnityEditor.Search:ASIAI0B)
Imported 'GUID: f45eb13c750f34cc497852f2312d5937' -> (Import Result ID: '9fb94326f15cb88b5fff5d02a5d25a35') in 0.001 seconds [static and dynamic dependencies]. Details - ImportResultOutputID=f97e88476e2a13edf2f6348a6d389b71 DependenciesID=c39f9da367d3a0bac4bb3469d60724a4 StaticDependenciesID=d3cd5478776a318b5aae7ce2971b8fff 
Number of updated asset objects reloaded before import = 0
Number of asset objects unloaded after import = 0
========================================================================
Received Import Request.
  Time of request: 2026-10-01T17:13:26.8265136Z
  Time since last request: 0.000159 seconds.
  importAddress: GUID: ddc56ee1b48ba4e36ab04eb5d94716e4 - Path: Packages/com.unity.visualscripting/Runtime/VisualScripting.Core/SerializedProperties/SerializedPropertyProviderAttribute.cs - Importer: ScriptedImporter/UnityEditor.QuickSearchModule:UnityEditor.Search:ASIAI0B
Importing 'GUID: ddc56ee1b48ba4e36ab04eb5d94716e4 - Path: Packages/com.unity.visualscripting/Runtime/VisualScripting.Core/SerializedProperties/SerializedPropertyProviderAttribute.cs - Importer: ScriptedImporter/UnityEditor.QuickSearchModule:UnityEditor.Search:ASIAI0B' with importer (ScriptedImporter : UnityEditor.QuickSearchModule:UnityEditor.Search:ASIAI0B)
Imported 'GUID: ddc56ee1b48ba4e36ab04eb5d94716e4' -> (Import Result ID: 'fb722d081ebe1422ca13a4f73957fada') in 0.001 seconds [static and dynamic dependencies]. Details - ImportResultOutputID=e955980afa8a4568664b3439a62bd33b DependenciesID=91c9f55fa60341cad746af06e7e054dc StaticDependenciesID=c03d480ee632481c2688d97135f39dd7 
Number of updated asset objects reloaded before import = 0
Number of asset objects unloaded after import = 0
========================================================================
Received Import Request.
  Time of request: 2026-10-01T17:13:26.8491125Z
  Time since last request: 0.0150383 seconds.
  importAddress: GUID: b71fe733d92c1489cb3c89d5841ea222 - Path: Packages/com.unity.visualscripting/Runtime/VisualScripting.Flow/Connections/ControlConnection.cs - Importer: ScriptedImporter/UnityEditor.QuickSearchModule:UnityEditor.Search:ASIAI0B
Importing 'GUID: b71fe733d92c1489cb3c89d5841ea222 - Path: Packages/com.unity.visualscripting/Runtime/VisualScripting.Flow/Connections/ControlConnection.cs - Importer: ScriptedImporter/UnityEditor.QuickSearchModule:UnityEditor.Search:ASIAI0B' with importer (ScriptedImporter : UnityEditor.QuickSearchModule:UnityEditor.Search:ASIAI0B)
Imported 'GUID: b71fe733d92c1489cb3c89d5841ea222' -> (Import Result ID: '4bf05162869f5962bb548cb8a7262de8') in 0.002 seconds [static and dynamic dependencies]. Details - ImportResultOutputID=8860128a97f442c582394d2da5eb3b9a DependenciesID=cb04ae49cb355a88d002465dc5271703 StaticDependenciesID=560e231a75030c7e7dbd9379048beeee 
Number of updated asset objects reloaded before import = 0
Number of asset objects unloaded after import = 0
========================================================================
Received Import Request.
  Time of request: 2026-10-01T17:13:26.8572066Z
  Time since last request: 0.000647 seconds.
  importAddress: GUID: e762a163978c84082924f89ccdd7dbf3 - Path: Packages/com.unity.visualscripting/Runtime/VisualScripting.Core/Variables/VariableDeclaration.cs - Importer: ScriptedImporter/UnityEditor.QuickSearchModule:UnityEditor.Search:ASIAI0B
Importing 'GUID: e762a163978c84082924f89ccdd7dbf3 - Path: Packages/com.unity.visualscripting/Runtime/VisualScripting.Core/Variables/VariableDeclaration.cs - Importer: ScriptedImporter/UnityEditor.QuickSearchModule:UnityEditor.Search:ASIAI0B' with importer (ScriptedImporter : UnityEditor.QuickSearchModule:UnityEditor.Search:ASIAI0B)
Imported 'GUID: e762a163978c84082924f89ccdd7dbf3' -> (Import Result ID: '07907989f760f84fff46b6ecde51d2fb') in 0.002 seconds [static and dynamic dependencies]. Details - ImportResultOutputID=2d2c8f4a5c7fe78ade4b8ce80d71605f DependenciesID=452e33ae35a96132fc321a38fba2e11e StaticDependenciesID=0e9b00f52245d3678c2e1ce5d61bd77d 
Number of updated asset objects reloaded before import = 0
Number of asset objects unloaded after import = 0
========================================================================
Received Import Request.
  Time of request: 2026-10-01T17:13:26.8654622Z
  Time since last request: 0.0005327 seconds.
  importAddress: GUID: dc809ec21d2bf44b983265840a5ed2f4 - Path: Packages/com.unity.visualscripting/Runtime/VisualScripting.Flow/Connections/IUnitConnection.cs - Importer: ScriptedImporter/UnityEditor.QuickSearchModule:UnityEditor.Search:ASIAI0B
Importing 'GUID: dc809ec21d2bf44b983265840a5ed2f4 - Path: Packages/com.unity.visualscripting/Runtime/VisualScripting.Flow/Connections/IUnitConnection.cs - Importer: ScriptedImporter/UnityEditor.QuickSearchModule:UnityEditor.Search:ASIAI0B' with importer (ScriptedImporter : UnityEditor.QuickSearchModule:UnityEditor.Search:ASIAI0B)
Imported 'GUID: dc809ec21d2bf44b983265840a5ed2f4' -> (Import Result ID: 'd8b0b4615dd45d44586c00f90ebefc30') in 0.002 seconds [static and dynamic dependencies]. Details - ImportResultOutputID=723086615f498bad92447a6d1bfabbe0 DependenciesID=db0c86beb298b89c8dd7bfc015b7d28e StaticDependenciesID=a15ef84ea4fbbfc2a7fbbca7c0c27c66 
Number of updated asset objects reloaded before import = 0
Number of asset objects unloaded after import = 0
========================================================================
Received Import Request.
  Time of request: 2026-10-01T17:13:26.8749608Z
  Time since last request: 0.0002423 seconds.
  importAddress: GUID: 2bcda4e39d6514aae9e35205bd64bdb2 - Path: Packages/com.unity.visualscripting/Runtime/VisualScripting.Flow/Ports/IUnitOutputPortDefinition.cs - Importer: ScriptedImporter/UnityEditor.QuickSearchModule:UnityEditor.Search:ASIAI0B
Importing 'GUID: 2bcda4e39d6514aae9e35205bd64bdb2 - Path: Packages/com.unity.visualscripting/Runtime/VisualScripting.Flow/Ports/IUnitOutputPortDefinition.cs - Importer: ScriptedImporter/UnityEditor.QuickSearchModule:UnityEditor.Search:ASIAI0B' with importer (ScriptedImporter : UnityEditor.QuickSearchModule:UnityEditor.Search:ASIAI0B)
Imported 'GUID: 2bcda4e39d6514aae9e35205bd64bdb2' -> (Import Result ID: '984d08b81973d4174ffa6ce44a465abc') in 0.001 seconds [static and dynamic dependencies]. Details - ImportResultOutputID=d80c9dfae5d11ddbb55856d16472bd2f DependenciesID=1f667804e425968bbfa4db49290cc82e StaticDependenciesID=a73f735d2bf6b4b6daedbb182b1bc5d4 
Number of updated asset objects reloaded before import = 0
Number of asset objects unloaded after import = 0
========================================================================
Received Import Request.
  Time of request: 2026-10-01T17:13:26.8837971Z
  Time since last request: 0.000288 seconds.
  importAddress: GUID: 9e785d5d13e7445c59a02007dd2d9880 - Path: Packages/com.unity.visualscripting/Runtime/VisualScripting.Flow/Ports/IUnitControlPort.cs - Importer: ScriptedImporter/UnityEditor.QuickSearchModule:UnityEditor.Search:ASIAI0B
Importing 'GUID: 9e785d5d13e7445c59a02007dd2d9880 - Path: Packages/com.unity.visualscripting/Runtime/VisualScripting.Flow/Ports/IUnitControlPort.cs - Importer: ScriptedImporter/UnityEditor.QuickSearchModule:UnityEditor.Search:ASIAI0B' with importer (ScriptedImporter : UnityEditor.QuickSearchModule:UnityEditor.Search:ASIAI0B)
Imported 'GUID: 9e785d5d13e7445c59a02007dd2d9880' -> (Import Result ID: 'ff75aa7dad34cfb6e5230590393ca0fd') in 0.002 seconds [static and dynamic dependencies]. Details - ImportResultOutputID=8b9f998963a763fb87820abf2ab97117 DependenciesID=d674807a6ae0d4090b99fb3013fef180 StaticDependenciesID=93e208dd20fca0dc51150a4e6466a18c 
Number of updated asset objects reloaded before import = 0
Number of asset objects unloaded after import = 0
========================================================================
Received Import Request.
  Time of request: 2026-10-01T17:13:26.8924335Z
  Time since last request: 0.0002198 seconds.
  importAddress: GUID: 61ab10f4687d1455da6d4845e21f5401 - Path: Packages/com.unity.visualscripting/Runtime/VisualScripting.Core/Utilities/StringUtility.cs - Importer: ScriptedImporter/UnityEditor.QuickSearchModule:UnityEditor.Search:ASIAI0B
Importing 'GUID: 61ab10f4687d1455da6d4845e21f5401 - Path: Packages/com.unity.visualscripting/Runtime/VisualScripting.Core/Utilities/StringUtility.cs - Importer: ScriptedImporter/UnityEditor.QuickSearchModule:UnityEditor.Search:ASIAI0B' with importer (ScriptedImporter : UnityEditor.QuickSearchModule:UnityEditor.Search:ASIAI0B)
Imported 'GUID: 61ab10f4687d1455da6d4845e21f5401' -> (Import Result ID: '7151bef4b9e6ae73049eae814bf66bab') in 0.002 seconds [static and dynamic dependencies]. Details - ImportResultOutputID=0a8930916a6e6f510168b3ca82ab1073 DependenciesID=9a402af811b46b62c0f0ed13b3384d5a StaticDependenciesID=dda93d08b0439b2aa260c8e6fde10244 
Number of updated asset objects reloaded before import = 0
Number of asset objects unloaded after import = 0
========================================================================
Received Import Request.
  Time of request: 2026-10-01T17:13:26.900937Z
  Time since last request: 0.0002378 seconds.
  importAddress: GUID: b7ea96f808d5944a5994aab176a2809b - Path: Packages/com.unity.visualscripting/Runtime/VisualScripting.Core/Variables/InspectorVariableNameAttribute.cs - Importer: ScriptedImporter/UnityEditor.QuickSearchModule:UnityEditor.Search:ASIAI0B
Importing 'GUID: b7ea96f808d5944a5994aab176a2809b - Path: Packages/com.unity.visualscripting/Runtime/VisualScripting.Core/Variables/InspectorVariableNameAttribute.cs - Importer: ScriptedImporter/UnityEditor.QuickSearchModule:UnityEditor.Search:ASIAI0B' with importer (ScriptedImporter : UnityEditor.QuickSearchModule:UnityEditor.Search:ASIAI0B)
Imported 'GUID: b7ea96f808d5944a5994aab176a2809b' -> (Import Result ID: 'd819aea7d46c72d11d5c0dc29c173f4c') in 0.001 seconds [static and dynamic dependencies]. Details - ImportResultOutputID=216cf45ea8929647d23778dbadfc0037 DependenciesID=fdf3fe431804997434fdea095bd8240d StaticDependenciesID=087ae2d46cd6dac6d77340c7b51059b6 
Number of updated asset objects reloaded before import = 0
Number of asset objects unloaded after import = 0
========================================================================
Received Import Request.
  Time of request: 2026-10-01T17:13:26.9098951Z
  Time since last request: 0.0003415 seconds.
  importAddress: GUID: 5f18108287c734fc3a7fa414dc6ca3fa - Path: Packages/com.unity.visualscripting/Runtime/VisualScripting.Flow/Ports/IUnitPortCollection.cs - Importer: ScriptedImporter/UnityEditor.QuickSearchModule:UnityEditor.Search:ASIAI0B
Importing 'GUID: 5f18108287c734fc3a7fa414dc6ca3fa - Path: Packages/com.unity.visualscripting/Runtime/VisualScripting.Flow/Ports/IUnitPortCollection.cs - Importer: ScriptedImporter/UnityEditor.QuickSearchModule:UnityEditor.Search:ASIAI0B' with importer (ScriptedImporter : UnityEditor.QuickSearchModule:UnityEditor.Search:ASIAI0B)
Imported 'GUID: 5f18108287c734fc3a7fa414dc6ca3fa' -> (Import Result ID: '19646d552439b5484cc691acb7051618') in 0.003 seconds [static and dynamic dependencies]. Details - ImportResultOutputID=07552aa303ff78401249efd4aedd30f3 DependenciesID=635dd9673a34888531364d99392820a1 StaticDependenciesID=7dd1e98689da3b03def0928be505f98c 
Number of updated asset objects reloaded before import = 0
Number of asset objects unloaded after import = 0
========================================================================
Received Import Request.
  Time of request: 2026-10-01T17:13:26.9200515Z
  Time since last request: 0.0002733 seconds.
  importAddress: GUID: 0c89b45dbb68e46bcb601d11297cf52f - Path: Packages/com.unity.visualscripting/Runtime/VisualScripting.Core/Variables/IGraphWithVariables.cs - Importer: ScriptedImporter/UnityEditor.QuickSearchModule:UnityEditor.Search:ASIAI0B
Importing 'GUID: 0c89b45dbb68e46bcb601d11297cf52f - Path: Packages/com.unity.visualscripting/Runtime/VisualScripting.Core/Variables/IGraphWithVariables.cs - Importer: ScriptedImporter/UnityEditor.QuickSearchModule:UnityEditor.Search:ASIAI0B' with importer (ScriptedImporter : UnityEditor.QuickSearchModule:UnityEditor.Search:ASIAI0B)
Imported 'GUID: 0c89b45dbb68e46bcb601d11297cf52f' -> (Import Result ID: 'ffeaf5a7764815383e2f0c65580d6c1c') in 0.002 seconds [static and dynamic dependencies]. Details - ImportResultOutputID=2ff30308a1fb5dcdb4118af0472fdf2f DependenciesID=18e638edfc084d7fe1456625d4f62df7 StaticDependenciesID=fffbe4eb7f5757bb5d4be62f1708d27a 
Number of updated asset objects reloaded before import = 0
Number of asset objects unloaded after import = 0
========================================================================
Received Import Request.
  Time of request: 2026-10-01T17:13:26.9402543Z
  Time since last request: 0.0121109 seconds.
  importAddress: GUID: bd46e493293084cb4ad0597463418259 - Path: Packages/com.unity.visualscripting/Runtime/VisualScripting.Flow/Ports/ValueOutput.cs - Importer: ScriptedImporter/UnityEditor.QuickSearchModule:UnityEditor.Search:ASIAI0B
Importing 'GUID: bd46e493293084cb4ad0597463418259 - Path: Packages/com.unity.visualscripting/Runtime/VisualScripting.Flow/Ports/ValueOutput.cs - Importer: ScriptedImporter/UnityEditor.QuickSearchModule:UnityEditor.Search:ASIAI0B' with importer (ScriptedImporter : UnityEditor.QuickSearchModule:UnityEditor.Search:ASIAI0B)
Imported 'GUID: bd46e493293084cb4ad0597463418259' -> (Import Result ID: '506080ed8f9b418d49998b9f350feed2') in 0.002 seconds [static and dynamic dependencies]. Details - ImportResultOutputID=2a30db9677659d7624e979a04717909d DependenciesID=4c4d4bbe9b139079f37d76481c958f31 StaticDependenciesID=2ffd3ceb70cd472fffa5e85a17a5ccf6 
Number of updated asset objects reloaded before import = 0
Number of asset objects unloaded after import = 0
========================================================================
Received Import Request.
  Time of request: 2026-10-01T17:13:26.9482515Z
  Time since last request: 0.0004668 seconds.
  importAddress: GUID: 479e89d22607b496daa5439ec0cc6070 - Path: Packages/com.unity.visualscripting/Editor/VisualScripting.Core/Dependencies/ReorderableList/ReorderableListStyles.cs - Importer: ScriptedImporter/UnityEditor.QuickSearchModule:UnityEditor.Search:ASIAI0B
Importing 'GUID: 479e89d22607b496daa5439ec0cc6070 - Path: Packages/com.unity.visualscripting/Editor/VisualScripting.Core/Dependencies/ReorderableList/ReorderableListStyles.cs - Importer: ScriptedImporter/UnityEditor.QuickSearchModule:UnityEditor.Search:ASIAI0B' with importer (ScriptedImporter : UnityEditor.QuickSearchModule:UnityEditor.Search:ASIAI0B)
Imported 'GUID: 479e89d22607b496daa5439ec0cc6070' -> (Import Result ID: 'ce2db5d9eee0176aaed4cc5a0f5bae6f') in 0.002 seconds [static and dynamic dependencies]. Details - ImportResultOutputID=796fe8d32477bf977e691507800e28b9 DependenciesID=6c24c2f7a872acebf9a3916ec643f358 StaticDependenciesID=515d7f59adf117da49724bf19098eb78 
Number of updated asset objects reloaded before import = 0
Number of asset objects unloaded after import = 0
========================================================================
Received Import Request.
  Time of request: 2026-10-01T17:13:26.9568867Z
  Time since last request: 0.0002137 seconds.
  importAddress: GUID: b858c2cddbd0d4f848d749a22fca44e1 - Path: Packages/com.unity.visualscripting/Runtime/VisualScripting.Flow/Ports/ValueOutputDefinition.cs - Importer: ScriptedImporter/UnityEditor.QuickSearchModule:UnityEditor.Search:ASIAI0B
Importing 'GUID: b858c2cddbd0d4f848d749a22fca44e1 - Path: Packages/com.unity.visualscripting/Runtime/VisualScripting.Flow/Ports/ValueOutputDefinition.cs - Importer: ScriptedImporter/UnityEditor.QuickSearchModule:UnityEditor.Search:ASIAI0B' with importer (ScriptedImporter : UnityEditor.QuickSearchModule:UnityEditor.Search:ASIAI0B)
Imported 'GUID: b858c2cddbd0d4f848d749a22fca44e1' -> (Import Result ID: '3d5b563e7155d1ef331df5840d0d927b') in 0.001 seconds [static and dynamic dependencies]. Details - ImportResultOutputID=60ed53811221ad2e0143d8a09999b57d DependenciesID=c01e47bddd7cc288d136e3179c5752ba StaticDependenciesID=a1ad5124a56221d72270c19ff8bf8ed2 
Number of updated asset objects reloaded before import = 0
Number of asset objects unloaded after import = 0
========================================================================
Received Import Request.
  Time of request: 2026-10-01T17:13:26.9660259Z
  Time since last request: 0.0002063 seconds.
  importAddress: GUID: 0c29738afb9604ca2a41ec679f8877a9 - Path: Packages/com.unity.visualscripting/Editor/VisualScripting.Core/Inspection/Root/LudiqScriptableObjectEditor.cs - Importer: ScriptedImporter/UnityEditor.QuickSearchModule:UnityEditor.Search:ASIAI0B
Importing 'GUID: 0c29738afb9604ca2a41ec679f8877a9 - Path: Packages/com.unity.visualscripting/Editor/VisualScripting.Core/Inspection/Root/LudiqScriptableObjectEditor.cs - Importer: ScriptedImporter/UnityEditor.QuickSearchModule:UnityEditor.Search:ASIAI0B' with importer (ScriptedImporter : UnityEditor.QuickSearchModule:UnityEditor.Search:ASIAI0B)
Imported 'GUID: 0c29738afb9604ca2a41ec679f8877a9' -> (Import Result ID: '12c40866db34ee515254b9c1b4cced72') in 0.001 seconds [static and dynamic dependencies]. Details - ImportResultOutputID=c04634f92addf6da63a4a7ac61e31951 DependenciesID=7aa291c6dd6cd7359d4313a5808e0b93 StaticDependenciesID=466cf067119194e2d35696f2501d4e72 
Number of updated asset objects reloaded before import = 0
Number of asset objects unloaded after import = 0
========================================================================
Received Import Request.
  Time of request: 2026-10-01T17:13:26.9743985Z
  Time since last request: 0.0002181 seconds.
  importAddress: GUID: 429fcc6056466493b99c9143b13106c5 - Path: Packages/com.unity.visualscripting/Editor/VisualScripting.Core/Inspection/Special/DictionaryInspector.cs - Importer: ScriptedImporter/UnityEditor.QuickSearchModule:UnityEditor.Search:ASIAI0B
Importing 'GUID: 429fcc6056466493b99c9143b13106c5 - Path: Packages/com.unity.visualscripting/Editor/VisualScripting.Core/Inspection/Special/DictionaryInspector.cs - Importer: ScriptedImporter/UnityEditor.QuickSearchModule:UnityEditor.Search:ASIAI0B' with importer (ScriptedImporter : UnityEditor.QuickSearchModule:UnityEditor.Search:ASIAI0B)
Imported 'GUID: 429fcc6056466493b99c9143b13106c5' -> (Import Result ID: '815ef5050e7d1cd6d57cf522cda801c0') in 0.002 seconds [static and dynamic dependencies]. Details - ImportResultOutputID=33f6034fc045bd014f272175755ecc1e DependenciesID=352b30760aad609e7b6616e298bc1acc StaticDependenciesID=ca99ddc99efff18eaae363a845b711b1 
Number of updated asset objects reloaded before import = 0
Number of asset objects unloaded after import = 0
========================================================================
Received Import Request.
  Time of request: 2026-10-01T17:13:26.9825242Z
  Time since last request: 0.0001819 seconds.
  importAddress: GUID: 13e9378f4ed8b4dca89012148c86e76d - Path: Packages/com.unity.visualscripting/Editor/VisualScripting.Core/Inspection/Special/SystemObjectInspector.cs - Importer: ScriptedImporter/UnityEditor.QuickSearchModule:UnityEditor.Search:ASIAI0B
Importing 'GUID: 13e9378f4ed8b4dca89012148c86e76d - Path: Packages/com.unity.visualscripting/Editor/VisualScripting.Core/Inspection/Special/SystemObjectInspector.cs - Importer: ScriptedImporter/UnityEditor.QuickSearchModule:UnityEditor.Search:ASIAI0B' with importer (ScriptedImporter : UnityEditor.QuickSearchModule:UnityEditor.Search:ASIAI0B)
Imported 'GUID: 13e9378f4ed8b4dca89012148c86e76d' -> (Import Result ID: '6f076bbc9486b5fd77e1eade49f4792d') in 0.001 seconds [static and dynamic dependencies]. Details - ImportResultOutputID=449245887f6a9a13ba839f7516c62f6c DependenciesID=99bb0d964241dc2edae9a85ca5f9dfc5 StaticDependenciesID=c870f782e2d496ccf08aeeb285288cfc 
Number of updated asset objects reloaded before import = 0
Number of asset objects unloaded after import = 0
========================================================================
Received Import Request.
  Time of request: 2026-10-01T17:13:26.9903064Z
  Time since last request: 0.0002228 seconds.
  importAddress: GUID: 4cd54a79dd8cb415290e0d02fc958989 - Path: Packages/com.unity.visualscripting/Editor/VisualScripting.Core/Inspection/Primitives/ByteInspector.cs - Importer: ScriptedImporter/UnityEditor.QuickSearchModule:UnityEditor.Search:ASIAI0B
Importing 'GUID: 4cd54a79dd8cb415290e0d02fc958989 - Path: Packages/com.unity.visualscripting/Editor/VisualScripting.Core/Inspection/Primitives/ByteInspector.cs - Importer: ScriptedImporter/UnityEditor.QuickSearchModule:UnityEditor.Search:ASIAI0B' with importer (ScriptedImporter : UnityEditor.QuickSearchModule:UnityEditor.Search:ASIAI0B)
Imported 'GUID: 4cd54a79dd8cb415290e0d02fc958989' -> (Import Result ID: '7f598f2175b0f20955e8c410dcc2f3f0') in 0.002 seconds [static and dynamic dependencies]. Details - ImportResultOutputID=11345d4391064130688d4080f283ba8e DependenciesID=2d9e20bf31194ec7336530c75a08e40d StaticDependenciesID=ab85828089edc27ba96b0293992e52b2 
Number of updated asset objects reloaded before import = 0
Number of asset objects unloaded after import = 0
========================================================================
Received Import Request.
  Time of request: 2026-10-01T17:13:26.9991667Z
  Time since last request: 0.0002543 seconds.
  importAddress: GUID: 2343d42783ba84cfcbb29799bf755aa6 - Path: Packages/com.unity.visualscripting/Editor/VisualScripting.Core/Inspection/Special/EnumInspector.cs - Importer: ScriptedImporter/UnityEditor.QuickSearchModule:UnityEditor.Search:ASIAI0B
Importing 'GUID: 2343d42783ba84cfcbb29799bf755aa6 - Path: Packages/com.unity.visualscripting/Editor/VisualScripting.Core/Inspection/Special/EnumInspector.cs - Importer: ScriptedImporter/UnityEditor.QuickSearchModule:UnityEditor.Search:ASIAI0B' with importer (ScriptedImporter : UnityEditor.QuickSearchModule:UnityEditor.Search:ASIAI0B)
Imported 'GUID: 2343d42783ba84cfcbb29799bf755aa6' -> (Import Result ID: '30636c4ec6ae0052fff98a03a76d3fea') in 0.002 seconds [static and dynamic dependencies]. Details - ImportResultOutputID=e20df8ce1092ff3ffc27baafbdbb1839 DependenciesID=6eb3a7a8fd14727e4f66519a46634c26 StaticDependenciesID=99324b2b2320fa76ae898e9462d42bc3 
Number of updated asset objects reloaded before import = 0
Number of asset objects unloaded after import = 0
========================================================================
Received Import Request.
  Time of request: 2026-10-01T17:13:27.007285Z
  Time since last request: 0.0002504 seconds.
  importAddress: GUID: e380bf94909cd4a31bf16f045cb2b50e - Path: Packages/com.unity.visualscripting/Editor/VisualScripting.Core/Inspection/Primitives/BoolInspector.cs - Importer: ScriptedImporter/UnityEditor.QuickSearchModule:UnityEditor.Search:ASIAI0B
Importing 'GUID: e380bf94909cd4a31bf16f045cb2b50e - Path: Packages/com.unity.visualscripting/Editor/VisualScripting.Core/Inspection/Primitives/BoolInspector.cs - Importer: ScriptedImporter/UnityEditor.QuickSearchModule:UnityEditor.Search:ASIAI0B' with importer (ScriptedImporter : UnityEditor.QuickSearchModule:UnityEditor.Search:ASIAI0B)
Imported 'GUID: e380bf94909cd4a31bf16f045cb2b50e' -> (Import Result ID: 'c9ff80b1a30b0279eb0589970e17131f') in 0.002 seconds [static and dynamic dependencies]. Details - ImportResultOutputID=726e7efccb4ce7722cecbc8b1b2db6be DependenciesID=248713000e72901eb30bd623d701b363 StaticDependenciesID=914bc06001010bd63d6d47d1ed372ae6 
Number of updated asset objects reloaded before import = 0
Number of asset objects unloaded after import = 0
========================================================================
Received Import Request.
  Time of request: 2026-10-01T17:13:27.0294003Z
  Time since last request: 0.0140337 seconds.
  importAddress: GUID: b77530c9d13544093b1a023a6f00ac4b - Path: Packages/com.unity.visualscripting/Editor/VisualScripting.Core/Inspection/Unity/Vector3Inspector.cs - Importer: ScriptedImporter/UnityEditor.QuickSearchModule:UnityEditor.Search:ASIAI0B
Importing 'GUID: b77530c9d13544093b1a023a6f00ac4b - Path: Packages/com.unity.visualscripting/Editor/VisualScripting.Core/Inspection/Unity/Vector3Inspector.cs - Importer: ScriptedImporter/UnityEditor.QuickSearchModule:UnityEditor.Search:ASIAI0B' with importer (ScriptedImporter : UnityEditor.QuickSearchModule:UnityEditor.Search:ASIAI0B)
Imported 'GUID: b77530c9d13544093b1a023a6f00ac4b' -> (Import Result ID: '83c1546eb419cab784d4917f8645cf89') in 0.002 seconds [static and dynamic dependencies]. Details - ImportResultOutputID=9ea003ef2e65f9789621999c46ea8b7c DependenciesID=33b2bc7a4a5a1fe1900b1f808de4849d StaticDependenciesID=c5cd84eede4744b4a10589537f505913 
Number of updated asset objects reloaded before import = 0
Number of asset objects unloaded after import = 0
========================================================================
Received Import Request.
  Time of request: 2026-10-01T17:13:27.0381271Z
  Time since last request: 0.0003383 seconds.
  importAddress: GUID: 81f5de5cab87c46a6b35c95e3293e424 - Path: Packages/com.unity.visualscripting/Editor/VisualScripting.Core/Interface/Licenses/License.CCA3.cs - Importer: ScriptedImporter/UnityEditor.QuickSearchModule:UnityEditor.Search:ASIAI0B
Importing 'GUID: 81f5de5cab87c46a6b35c95e3293e424 - Path: Packages/com.unity.visualscripting/Editor/VisualScripting.Core/Interface/Licenses/License.CCA3.cs - Importer: ScriptedImporter/UnityEditor.QuickSearchModule:UnityEditor.Search:ASIAI0B' with importer (ScriptedImporter : UnityEditor.QuickSearchModule:UnityEditor.Search:ASIAI0B)
Imported 'GUID: 81f5de5cab87c46a6b35c95e3293e424' -> (Import Result ID: '451e961f3fe59a53eb3bb71049295152') in 0.001 seconds [static and dynamic dependencies]. Details - ImportResultOutputID=963853b22bde1173f9ee01b871eb34d9 DependenciesID=a699e634b21a7285f91730fefc4ddf5e StaticDependenciesID=a0d4d00b0e2a45cf2449dfe59e375a1e 
Number of updated asset objects reloaded before import = 0
Number of asset objects unloaded after import = 0
========================================================================
Received Import Request.
  Time of request: 2026-10-01T17:13:27.0461377Z
  Time since last request: 0.000406 seconds.
  importAddress: GUID: 74f59e13dc547459883874f9cc5e5953 - Path: Packages/com.unity.visualscripting/Editor/VisualScripting.Core/Inspection/Unity/AnimationCurveInspector.cs - Importer: ScriptedImporter/UnityEditor.QuickSearchModule:UnityEditor.Search:ASIAI0B
Importing 'GUID: 74f59e13dc547459883874f9cc5e5953 - Path: Packages/com.unity.visualscripting/Editor/VisualScripting.Core/Inspection/Unity/AnimationCurveInspector.cs - Importer: ScriptedImporter/UnityEditor.QuickSearchModule:UnityEditor.Search:ASIAI0B' with importer (ScriptedImporter : UnityEditor.QuickSearchModule:UnityEditor.Search:ASIAI0B)
Imported 'GUID: 74f59e13dc547459883874f9cc5e5953' -> (Import Result ID: '4f4e32dbea44a341b292e06c88be09fa') in 0.001 seconds [static and dynamic dependencies]. Details - ImportResultOutputID=34aefe5db56c713217c62be9a2353bce DependenciesID=db179cc4442d4b1b2504da165d6758d1 StaticDependenciesID=510d13d90dbec28a53502ffe02c576b7 
Number of updated asset objects reloaded before import = 0
Number of asset objects unloaded after import = 0
========================================================================
Received Import Request.
  Time of request: 2026-10-01T17:13:27.0542766Z
  Time since last request: 0.0003569 seconds.
  importAddress: GUID: 85cf2bd01a22a4999b46ab6cd587ce89 - Path: Packages/com.unity.visualscripting/Editor/VisualScripting.Core/Interface/Icons/Icons.cs - Importer: ScriptedImporter/UnityEditor.QuickSearchModule:UnityEditor.Search:ASIAI0B
Importing 'GUID: 85cf2bd01a22a4999b46ab6cd587ce89 - Path: Packages/com.unity.visualscripting/Editor/VisualScripting.Core/Interface/Icons/Icons.cs - Importer: ScriptedImporter/UnityEditor.QuickSearchModule:UnityEditor.Search:ASIAI0B' with importer (ScriptedImporter : UnityEditor.QuickSearchModule:UnityEditor.Search:ASIAI0B)
Imported 'GUID: 85cf2bd01a22a4999b46ab6cd587ce89' -> (Import Result ID: '4ca69b019a689b5267f7071e666bca4d') in 0.001 seconds [static and dynamic dependencies]. Details - ImportResultOutputID=9db8271ed6972d6abe1e7d27eaf8cc68 DependenciesID=0618e64a3ac1a06aa0df963fa6160208 StaticDependenciesID=103ac93db355da9f0aa6eb67bb2143e1 
Number of updated asset objects reloaded before import = 0
Number of asset objects unloaded after import = 0
========================================================================
Received Import Request.
  Time of request: 2026-10-01T17:13:27.0621162Z
  Time since last request: 0.0001991 seconds.
  importAddress: GUID: 51ae77a92c68947a9ba12e546993c0de - Path: Packages/com.unity.visualscripting/Editor/VisualScripting.Core/Inspection/Unity/RayInspector.cs - Importer: ScriptedImporter/UnityEditor.QuickSearchModule:UnityEditor.Search:ASIAI0B
Importing 'GUID: 51ae77a92c68947a9ba12e546993c0de - Path: Packages/com.unity.visualscripting/Editor/VisualScripting.Core/Inspection/Unity/RayInspector.cs - Importer: ScriptedImporter/UnityEditor.QuickSearchModule:UnityEditor.Search:ASIAI0B' with importer (ScriptedImporter : UnityEditor.QuickSearchModule:UnityEditor.Search:ASIAI0B)
Imported 'GUID: 51ae77a92c68947a9ba12e546993c0de' -> (Import Result ID: '4ea63df0eabf945969ae8a2436942675') in 0.002 seconds [static and dynamic dependencies]. Details - ImportResultOutputID=6ceba6fdaaf171d11f9fb61eb126ae9d DependenciesID=0695e078ae158cbef74173fdba4a28ca StaticDependenciesID=d25f8f4bfc4ebce08a3b8c0a31ab9dc4 
Number of updated asset objects reloaded before import = 0
Number of asset objects unloaded after import = 0
========================================================================
Received Import Request.
  Time of request: 2026-10-01T17:13:27.0713145Z
  Time since last request: 0.0001835 seconds.
  importAddress: GUID: 913aa0c5d2545457e9ba83d09977392e - Path: Packages/com.unity.visualscripting/Editor/VisualScripting.Core/Interface/Dropdowns/DropdownOption.cs - Importer: ScriptedImporter/UnityEditor.QuickSearchModule:UnityEditor.Search:ASIAI0B
Importing 'GUID: 913aa0c5d2545457e9ba83d09977392e - Path: Packages/com.unity.visualscripting/Editor/VisualScripting.Core/Interface/Dropdowns/DropdownOption.cs - Importer: ScriptedImporter/UnityEditor.QuickSearchModule:UnityEditor.Search:ASIAI0B' with importer (ScriptedImporter : UnityEditor.QuickSearchModule:UnityEditor.Search:ASIAI0B)
Imported 'GUID: 913aa0c5d2545457e9ba83d09977392e' -> (Import Result ID: '0e063586a78b118f5c30e5294ccdae86') in 0.001 seconds [static and dynamic dependencies]. Details - ImportResultOutputID=686a5180ea3647e9f3923b92e41956fb DependenciesID=0427b6e4c8c3c4aeb44e593c6ff7f018 StaticDependenciesID=f2e931eac3afeb3b568557ae6afb5d49 
Number of updated asset objects reloaded before import = 0
Number of asset objects unloaded after import = 0
========================================================================
Received Import Request.
  Time of request: 2026-10-01T17:13:27.0785918Z
  Time since last request: 0.0002084 seconds.
  importAddress: GUID: 61d1f3fb88cd94353a4ac391796b433c - Path: Packages/com.unity.visualscripting/Editor/VisualScripting.Core/Plugin/Acknowledgements/Acknowledgement_MD4.cs - Importer: ScriptedImporter/UnityEditor.QuickSearchModule:UnityEditor.Search:ASIAI0B
Importing 'GUID: 61d1f3fb88cd94353a4ac391796b433c - Path: Packages/com.unity.visualscripting/Editor/VisualScripting.Core/Plugin/Acknowledgements/Acknowledgement_MD4.cs - Importer: ScriptedImporter/UnityEditor.QuickSearchModule:UnityEditor.Search:ASIAI0B' with importer (ScriptedImporter : UnityEditor.QuickSearchModule:UnityEditor.Search:ASIAI0B)
Imported 'GUID: 61d1f3fb88cd94353a4ac391796b433c' -> (Import Result ID: '0edf4f31cfb34f7b31b47e5bfe2e1425') in 0.001 seconds [static and dynamic dependencies]. Details - ImportResultOutputID=ae3e9b60fc4a466218d8ea723d289c68 DependenciesID=08021e57265e3d37f4906b97d2035784 StaticDependenciesID=dbd777be4dcabf7ea22553a0fdd54858 
Number of updated asset objects reloaded before import = 0
Number of asset objects unloaded after import = 0
========================================================================
Received Import Request.
  Time of request: 2026-10-01T17:13:27.0862968Z
  Time since last request: 0.0001944 seconds.
  importAddress: GUID: 311d3e99ba50440f9aaeac0f3bee6b1c - Path: Packages/com.unity.visualscripting/Editor/VisualScripting.Core/Interface/Fuzzy/IFuzzyOptionTree.cs - Importer: ScriptedImporter/UnityEditor.QuickSearchModule:UnityEditor.Search:ASIAI0B
Importing 'GUID: 311d3e99ba50440f9aaeac0f3bee6b1c - Path: Packages/com.unity.visualscripting/Editor/VisualScripting.Core/Interface/Fuzzy/IFuzzyOptionTree.cs - Importer: ScriptedImporter/UnityEditor.QuickSearchModule:UnityEditor.Search:ASIAI0B' with importer (ScriptedImporter : UnityEditor.QuickSearchModule:UnityEditor.Search:ASIAI0B)
Imported 'GUID: 311d3e99ba50440f9aaeac0f3bee6b1c' -> (Import Result ID: 'e63df4c3cd3d20a1b4511953066f9a07') in 0.001 seconds [static and dynamic dependencies]. Details - ImportResultOutputID=6e5717f1a64e2bd8ffec6284d8140025 DependenciesID=2933c2f7a145abedbc2343426a44d80b StaticDependenciesID=1b4d8e0da52c0ac11bf925135e6fcc27 
Number of updated asset objects reloaded before import = 0
Number of asset objects unloaded after import = 0
========================================================================
Received Import Request.
  Time of request: 2026-10-01T17:13:27.094609Z
  Time since last request: 0.0001789 seconds.
  importAddress: GUID: 1cbd8cf275cae431fb5476c54964fdc6 - Path: Packages/com.unity.visualscripting/Editor/VisualScripting.Core/Interface/Fuzzy/FuzzyOptionTreeExtensionProvider.cs - Importer: ScriptedImporter/UnityEditor.QuickSearchModule:UnityEditor.Search:ASIAI0B
Importing 'GUID: 1cbd8cf275cae431fb5476c54964fdc6 - Path: Packages/com.unity.visualscripting/Editor/VisualScripting.Core/Interface/Fuzzy/FuzzyOptionTreeExtensionProvider.cs - Importer: ScriptedImporter/UnityEditor.QuickSearchModule:UnityEditor.Search:ASIAI0B' with importer (ScriptedImporter : UnityEditor.QuickSearchModule:UnityEditor.Search:ASIAI0B)
Imported 'GUID: 1cbd8cf275cae431fb5476c54964fdc6' -> (Import Result ID: '6149ee9022ffabad832ae6fb9a06b77a') in 0.001 seconds [static and dynamic dependencies]. Details - ImportResultOutputID=f144e8999d05e2080a032dc49bcbe7c3 DependenciesID=ef898d06032890151d83cb11fed01b8a StaticDependenciesID=97dc0b6ceb4b721176cdfbae554f914a 
Number of updated asset objects reloaded before import = 0
Number of asset objects unloaded after import = 0
========================================================================
Received Import Request.
  Time of request: 2026-10-01T17:13:27.1164329Z
  Time since last request: 0.0141659 seconds.
  importAddress: GUID: d1ed60274a16e4f0083a9f5b3b921193 - Path: Packages/com.unity.visualscripting/Editor/VisualScripting.Core/Widgets/Groups/GraphGroupInspector.cs - Importer: ScriptedImporter/UnityEditor.QuickSearchModule:UnityEditor.Search:ASIAI0B
Importing 'GUID: d1ed60274a16e4f0083a9f5b3b921193 - Path: Packages/com.unity.visualscripting/Editor/VisualScripting.Core/Widgets/Groups/GraphGroupInspector.cs - Importer: ScriptedImporter/UnityEditor.QuickSearchModule:UnityEditor.Search:ASIAI0B' with importer (ScriptedImporter : UnityEditor.QuickSearchModule:UnityEditor.Search:ASIAI0B)
Imported 'GUID: d1ed60274a16e4f0083a9f5b3b921193' -> (Import Result ID: 'b407ed77311512369036c756791d811e') in 0.002 seconds [static and dynamic dependencies]. Details - ImportResultOutputID=b1145e6b600e92021c2c8022f040edab DependenciesID=ea5d971538eb2c3091ae0829aae74ad2 StaticDependenciesID=19278ac0d8723d2ebd8110b5c0d08d31 
Number of updated asset objects reloaded before import = 0
Number of asset objects unloaded after import = 0
========================================================================
Received Import Request.
  Time of request: 2026-10-01T17:13:27.1245052Z
  Time since last request: 0.0003695 seconds.
  importAddress: GUID: 3d998d8315dc845a9b3a81dbcd222624 - Path: Packages/com.unity.visualscripting/Editor/VisualScripting.Core/Widgets/Groups/GraphGroupWidget.cs - Importer: ScriptedImporter/UnityEditor.QuickSearchModule:UnityEditor.Search:ASIAI0B
Importing 'GUID: 3d998d8315dc845a9b3a81dbcd222624 - Path: Packages/com.unity.visualscripting/Editor/VisualScripting.Core/Widgets/Groups/GraphGroupWidget.cs - Importer: ScriptedImporter/UnityEditor.QuickSearchModule:UnityEditor.Search:ASIAI0B' with importer (ScriptedImporter : UnityEditor.QuickSearchModule:UnityEditor.Search:ASIAI0B)
Imported 'GUID: 3d998d8315dc845a9b3a81dbcd222624' -> (Import Result ID: 'aa11d143b32b15a94928a707ddc79947') in 0.002 seconds [static and dynamic dependencies]. Details - ImportResultOutputID=65649afabcd8d95ccb9d26d16f13895c DependenciesID=f9c3ffb81d4d5724b0fbe077b16ebc49 StaticDependenciesID=8af2f8006d48b3eb5d187f996e93ad36 
Number of updated asset objects reloaded before import = 0
Number of asset objects unloaded after import = 0
========================================================================
Received Import Request.
  Time of request: 2026-10-01T17:13:27.1326365Z
  Time since last request: 0.0003068 seconds.
  importAddress: GUID: fcb3a4fc629fd4578a0d482a494a873d - Path: Packages/com.unity.visualscripting/Editor/VisualScripting.Core/Windows/AboutWindow/IAboutable.cs - Importer: ScriptedImporter/UnityEditor.QuickSearchModule:UnityEditor.Search:ASIAI0B
Importing 'GUID: fcb3a4fc629fd4578a0d482a494a873d - Path: Packages/com.unity.visualscripting/Editor/VisualScripting.Core/Windows/AboutWindow/IAboutable.cs - Importer: ScriptedImporter/UnityEditor.QuickSearchModule:UnityEditor.Search:ASIAI0B' with importer (ScriptedImporter : UnityEditor.QuickSearchModule:UnityEditor.Search:ASIAI0B)
Imported 'GUID: fcb3a4fc629fd4578a0d482a494a873d' -> (Import Result ID: '13188e16aff728f40edddb36df9031ba') in 0.001 seconds [static and dynamic dependencies]. Details - ImportResultOutputID=c49af4da2d9a72dfb39d835f337ea91f DependenciesID=a144b54c66d6d4ad675c8b4517788169 StaticDependenciesID=ae4ee17592845a548d5e41df52014341 
Number of updated asset objects reloaded before import = 0
Number of asset objects unloaded after import = 0
========================================================================
Received Import Request.
  Time of request: 2026-10-01T17:13:27.1408451Z
  Time since last request: 0.0002292 seconds.
  importAddress: GUID: 864d86c69db0b4ea58f2cce27af5efc5 - Path: Packages/com.unity.visualscripting/Editor/VisualScripting.Core/Windows/UpdateWizard/UpdateBackupPage.cs - Importer: ScriptedImporter/UnityEditor.QuickSearchModule:UnityEditor.Search:ASIAI0B
Importing 'GUID: 864d86c69db0b4ea58f2cce27af5efc5 - Path: Packages/com.unity.visualscripting/Editor/VisualScripting.Core/Windows/UpdateWizard/UpdateBackupPage.cs - Importer: ScriptedImporter/UnityEditor.QuickSearchModule:UnityEditor.Search:ASIAI0B' with importer (ScriptedImporter : UnityEditor.QuickSearchModule:UnityEditor.Search:ASIAI0B)
Imported 'GUID: 864d86c69db0b4ea58f2cce27af5efc5' -> (Import Result ID: 'ebfe45349f2728e04b420a213ca3306b') in 0.001 seconds [static and dynamic dependencies]. Details - ImportResultOutputID=c013edf7ee60c0a6aa7adf8cb6ac9e06 DependenciesID=b9d0b3c7f2801e0f9a25315b0b8aa0c1 StaticDependenciesID=9da3713b1c1a3dc364d8a94acc85cc70 
Number of updated asset objects reloaded before import = 0
Number of asset objects unloaded after import = 0
========================================================================
Received Import Request.
  Time of request: 2026-10-01T17:13:27.1486457Z
  Time since last request: 0.000251 seconds.
  importAddress: GUID: b07729595895e4058bce3c0fc56976f4 - Path: Packages/com.unity.visualscripting/Editor/VisualScripting.Core/Widgets/Nodes/NodeShape.cs - Importer: ScriptedImporter/UnityEditor.QuickSearchModule:UnityEditor.Search:ASIAI0B
Importing 'GUID: b07729595895e4058bce3c0fc56976f4 - Path: Packages/com.unity.visualscripting/Editor/VisualScripting.Core/Widgets/Nodes/NodeShape.cs - Importer: ScriptedImporter/UnityEditor.QuickSearchModule:UnityEditor.Search:ASIAI0B' with importer (ScriptedImporter : UnityEditor.QuickSearchModule:UnityEditor.Search:ASIAI0B)
Imported 'GUID: b07729595895e4058bce3c0fc56976f4' -> (Import Result ID: '5d27f2d54e87555a147ac59028688d56') in 0.002 seconds [static and dynamic dependencies]. Details - ImportResultOutputID=e8284d4397b607c30c6350330ac39941 DependenciesID=2355d3c72238028593f78c279ccfee0f StaticDependenciesID=aeb148c099361652d2071cb87af23a31 
Number of updated asset objects reloaded before import = 0
Number of asset objects unloaded after import = 0
========================================================================
Received Import Request.
  Time of request: 2026-10-01T17:13:27.156752Z
  Time since last request: 0.0002172 seconds.
  importAddress: GUID: 692b1039a590847d9a57c9b394ed29bb - Path: Packages/com.unity.visualscripting/Editor/VisualScripting.Core/Plugin/Changelogs/Changelog_1_4_2.cs - Importer: ScriptedImporter/UnityEditor.QuickSearchModule:UnityEditor.Search:ASIAI0B
Importing 'GUID: 692b1039a590847d9a57c9b394ed29bb - Path: Packages/com.unity.visualscripting/Editor/VisualScripting.Core/Plugin/Changelogs/Changelog_1_4_2.cs - Importer: ScriptedImporter/UnityEditor.QuickSearchModule:UnityEditor.Search:ASIAI0B' with importer (ScriptedImporter : UnityEditor.QuickSearchModule:UnityEditor.Search:ASIAI0B)
Imported 'GUID: 692b1039a590847d9a57c9b394ed29bb' -> (Import Result ID: 'ddd076d0d2269de6597714731b88432c') in 0.001 seconds [static and dynamic dependencies]. Details - ImportResultOutputID=03cedcbde2782d79812ca1c6497c2610 DependenciesID=824d0e7434a10290b82b3e3fbb579f69 StaticDependenciesID=31cc769e36817fe66823fcc97171caa1 
Number of updated asset objects reloaded before import = 0
Number of asset objects unloaded after import = 0
========================================================================
Received Import Request.
  Time of request: 2026-10-01T17:13:27.1646928Z
  Time since last request: 0.0002284 seconds.
  importAddress: GUID: dd1e4515b4c57487db3f7b4ff369a238 - Path: Packages/com.unity.visualscripting/Editor/VisualScripting.Core/Widgets/Nodes/INodeWidget.cs - Importer: ScriptedImporter/UnityEditor.QuickSearchModule:UnityEditor.Search:ASIAI0B
Importing 'GUID: dd1e4515b4c57487db3f7b4ff369a238 - Path: Packages/com.unity.visualscripting/Editor/VisualScripting.Core/Widgets/Nodes/INodeWidget.cs - Importer: ScriptedImporter/UnityEditor.QuickSearchModule:UnityEditor.Search:ASIAI0B' with importer (ScriptedImporter : UnityEditor.QuickSearchModule:UnityEditor.Search:ASIAI0B)
Imported 'GUID: dd1e4515b4c57487db3f7b4ff369a238' -> (Import Result ID: '73afdf83e0eba0874f5ba310b1287022') in 0.001 seconds [static and dynamic dependencies]. Details - ImportResultOutputID=9013b4b466f6d54064ff60dc35e9c6fb DependenciesID=5b30d28a89128f4c1eac6f6f62a218d5 StaticDependenciesID=c68791d7e30e3bd9e7d4215326b3efdc 
Number of updated asset objects reloaded before import = 0
Number of asset objects unloaded after import = 0
========================================================================
Received Import Request.
  Time of request: 2026-10-01T17:13:27.1731158Z
  Time since last request: 0.0002407 seconds.
  importAddress: GUID: 4489178f06f7f48fb8bda40c4145893e - Path: Packages/com.unity.visualscripting/Editor/VisualScripting.Core/Widgets/Nodes/NodeColor.cs - Importer: ScriptedImporter/UnityEditor.QuickSearchModule:UnityEditor.Search:ASIAI0B
Importing 'GUID: 4489178f06f7f48fb8bda40c4145893e - Path: Packages/com.unity.visualscripting/Editor/VisualScripting.Core/Widgets/Nodes/NodeColor.cs - Importer: ScriptedImporter/UnityEditor.QuickSearchModule:UnityEditor.Search:ASIAI0B' with importer (ScriptedImporter : UnityEditor.QuickSearchModule:UnityEditor.Search:ASIAI0B)
Imported 'GUID: 4489178f06f7f48fb8bda40c4145893e' -> (Import Result ID: '269dccf107e1215cc66d071da4d84c01') in 0.001 seconds [static and dynamic dependencies]. Details - ImportResultOutputID=bd3c1d8d0143fc4e2344f13bbea3bbb7 DependenciesID=edf4cfe1dc5edfa5c1fcd9c0d6ef1a26 StaticDependenciesID=cf49b22e5c00b4b87982439ce4ca8e51 
Number of updated asset objects reloaded before import = 0
Number of asset objects unloaded after import = 0
========================================================================
Received Import Request.
  Time of request: 2026-10-01T17:13:27.1816185Z
  Time since last request: 0.0002517 seconds.
  importAddress: GUID: 4981e1df4d7142528afeec7ba28fbae3 - Path: Packages/com.unity.visualscripting/Editor/VisualScripting.Flow/Framework/Control/ForAnalyser.cs - Importer: ScriptedImporter/UnityEditor.QuickSearchModule:UnityEditor.Search:ASIAI0B
Importing 'GUID: 4981e1df4d7142528afeec7ba28fbae3 - Path: Packages/com.unity.visualscripting/Editor/VisualScripting.Flow/Framework/Control/ForAnalyser.cs - Importer: ScriptedImporter/UnityEditor.QuickSearchModule:UnityEditor.Search:ASIAI0B' with importer (ScriptedImporter : UnityEditor.QuickSearchModule:UnityEditor.Search:ASIAI0B)
Imported 'GUID: 4981e1df4d7142528afeec7ba28fbae3' -> (Import Result ID: '8518564787d9a16d4e1ef3afbaea58a5') in 0.002 seconds [static and dynamic dependencies]. Details - ImportResultOutputID=0ce1fe31b1ee0854c7bf159b7b964eeb DependenciesID=079dde0f156cc441e2bfc29eef1139c0 StaticDependenciesID=c05cb9cef723b785a24dc78b1bce119f 
Number of updated asset objects reloaded before import = 0
Number of asset objects unloaded after import = 0
========================================================================
Received Import Request.
  Time of request: 2026-10-01T17:13:27.2113508Z
  Time since last request: 0.0209948 seconds.
  importAddress: GUID: 6ecc2f8b70abd4db6b68b36debb70605 - Path: Packages/com.unity.visualscripting/Editor/VisualScripting.Flow/Plugin/Changelogs/Changelog_1_0_3.cs - Importer: ScriptedImporter/UnityEditor.QuickSearchModule:UnityEditor.Search:ASIAI0B
Importing 'GUID: 6ecc2f8b70abd4db6b68b36debb70605 - Path: Packages/com.unity.visualscripting/Editor/VisualScripting.Flow/Plugin/Changelogs/Changelog_1_0_3.cs - Importer: ScriptedImporter/UnityEditor.QuickSearchModule:UnityEditor.Search:ASIAI0B' with importer (ScriptedImporter : UnityEditor.QuickSearchModule:UnityEditor.Search:ASIAI0B)
Imported 'GUID: 6ecc2f8b70abd4db6b68b36debb70605' -> (Import Result ID: '0a6ea29037f1db091163ac78637aa86c') in 0.003 seconds [static and dynamic dependencies]. Details - ImportResultOutputID=77b8f03c90415206be872477fc2cb294 DependenciesID=92c1861d4431858ddf20b5d38c7c11fe StaticDependenciesID=2d4defd7fa4b654ae8297b5d967f9487 
Number of updated asset objects reloaded before import = 0
Number of asset objects unloaded after import = 0
========================================================================
Received Import Request.
  Time of request: 2026-10-01T17:13:27.2203183Z
  Time since last request: 0.0001179 seconds.
  importAddress: GUID: dd31a53fc9e90411694cadcde26058bb - Path: Packages/com.unity.visualscripting/Editor/VisualScripting.Flow/Framework/Nesting/NesterUnitAnalyser.cs - Importer: ScriptedImporter/UnityEditor.QuickSearchModule:UnityEditor.Search:ASIAI0B
Importing 'GUID: dd31a53fc9e90411694cadcde26058bb - Path: Packages/com.unity.visualscripting/Editor/VisualScripting.Flow/Framework/Nesting/NesterUnitAnalyser.cs - Importer: ScriptedImporter/UnityEditor.QuickSearchModule:UnityEditor.Search:ASIAI0B' with importer (ScriptedImporter : UnityEditor.QuickSearchModule:UnityEditor.Search:ASIAI0B)
Imported 'GUID: dd31a53fc9e90411694cadcde26058bb' -> (Import Result ID: 'ee1e871ad6e4efc92cd7882dc1bd064f') in 0.001 seconds [static and dynamic dependencies]. Details - ImportResultOutputID=f1ea156ae5a4323ba2258436b700f5c4 DependenciesID=d599913c29ba602290671259d01fa048 StaticDependenciesID=d053e139caf7a6e03758d6a58d5775de 
Number of updated asset objects reloaded before import = 0
Number of asset objects unloaded after import = 0
========================================================================
Received Import Request.
  Time of request: 2026-10-01T17:13:27.2284112Z
  Time since last request: 0.0001881 seconds.
  importAddress: GUID: 914df55d3136f4521b58ca1e68ba06e2 - Path: Packages/com.unity.visualscripting/Editor/VisualScripting.Flow/Plugin/Changelogs/Changelog_1_2_4.cs - Importer: ScriptedImporter/UnityEditor.QuickSearchModule:UnityEditor.Search:ASIAI0B
Importing 'GUID: 914df55d3136f4521b58ca1e68ba06e2 - Path: Packages/com.unity.visualscripting/Editor/VisualScripting.Flow/Plugin/Changelogs/Changelog_1_2_4.cs - Importer: ScriptedImporter/UnityEditor.QuickSearchModule:UnityEditor.Search:ASIAI0B' with importer (ScriptedImporter : UnityEditor.QuickSearchModule:UnityEditor.Search:ASIAI0B)
Imported 'GUID: 914df55d3136f4521b58ca1e68ba06e2' -> (Import Result ID: '13bb0d90d49a26b77e04d7b086b29707') in 0.002 seconds [static and dynamic dependencies]. Details - ImportResultOutputID=757605461d8926b666168a7aaba9ec01 DependenciesID=75bebee8a1b9227380a55d82a11a89bf StaticDependenciesID=6f3445c6f672acce18f123668630c39b 
Number of updated asset objects reloaded before import = 0
Number of asset objects unloaded after import = 0
========================================================================
Received Import Request.
  Time of request: 2026-10-01T17:13:27.2365835Z
  Time since last request: 0.0006455 seconds.
  importAddress: GUID: 251904176641146fbb7d16cbe72dbe9f - Path: Packages/com.unity.visualscripting/Editor/VisualScripting.Flow/Framework/Nesting/GraphInputDescriptor.cs - Importer: ScriptedImporter/UnityEditor.QuickSearchModule:UnityEditor.Search:ASIAI0B
Importing 'GUID: 251904176641146fbb7d16cbe72dbe9f - Path: Packages/com.unity.visualscripting/Editor/VisualScripting.Flow/Framework/Nesting/GraphInputDescriptor.cs - Importer: ScriptedImporter/UnityEditor.QuickSearchModule:UnityEditor.Search:ASIAI0B' with importer (ScriptedImporter : UnityEditor.QuickSearchModule:UnityEditor.Search:ASIAI0B)
Imported 'GUID: 251904176641146fbb7d16cbe72dbe9f' -> (Import Result ID: 'a6f807a2eb6ccd1516ac6aa88e3b1ace') in 0.001 seconds [static and dynamic dependencies]. Details - ImportResultOutputID=50a75dd34156565b21807c92dbf33299 DependenciesID=f66f189f66cd87cb9ff9652629f2abb3 StaticDependenciesID=1beb30ad518a94ebd48c1ad14e7aba62 
Number of updated asset objects reloaded before import = 0
Number of asset objects unloaded after import = 0
========================================================================
Received Import Request.
  Time of request: 2026-10-01T17:13:27.2446485Z
  Time since last request: 0.000223 seconds.
  importAddress: GUID: 40cd897821b754ed3b0e71afcd581880 - Path: Packages/com.unity.visualscripting/Editor/VisualScripting.Flow/Framework/Nesting/NestrerUnitWidget.cs - Importer: ScriptedImporter/UnityEditor.QuickSearchModule:UnityEditor.Search:ASIAI0B
Importing 'GUID: 40cd897821b754ed3b0e71afcd581880 - Path: Packages/com.unity.visualscripting/Editor/VisualScripting.Flow/Framework/Nesting/NestrerUnitWidget.cs - Importer: ScriptedImporter/UnityEditor.QuickSearchModule:UnityEditor.Search:ASIAI0B' with importer (ScriptedImporter : UnityEditor.QuickSearchModule:UnityEditor.Search:ASIAI0B)
Imported 'GUID: 40cd897821b754ed3b0e71afcd581880' -> (Import Result ID: '027732612c0ff4efd26a9b8091fd0caa') in 0.001 seconds [static and dynamic dependencies]. Details - ImportResultOutputID=e463ab77928c215605141b2a6a6d099a DependenciesID=40b073842efa3c4278dff350b7565b55 StaticDependenciesID=6965e3e03b72b63368a032a5d7943939 
Number of updated asset objects reloaded before import = 0
Number of asset objects unloaded after import = 0
========================================================================
Received Import Request.
  Time of request: 2026-10-01T17:13:27.2524756Z
  Time since last request: 0.0003774 seconds.
  importAddress: GUID: 57f04d6aac04849df90d9b081e8fe3ad - Path: Packages/com.unity.visualscripting/Editor/VisualScripting.Flow/Framework/Nesting/SuperUnitDescriptor.cs - Importer: ScriptedImporter/UnityEditor.QuickSearchModule:UnityEditor.Search:ASIAI0B
Importing 'GUID: 57f04d6aac04849df90d9b081e8fe3ad - Path: Packages/com.unity.visualscripting/Editor/VisualScripting.Flow/Framework/Nesting/SuperUnitDescriptor.cs - Importer: ScriptedImporter/UnityEditor.QuickSearchModule:UnityEditor.Search:ASIAI0B' with importer (ScriptedImporter : UnityEditor.QuickSearchModule:UnityEditor.Search:ASIAI0B)
Imported 'GUID: 57f04d6aac04849df90d9b081e8fe3ad' -> (Import Result ID: '734bdc9617ec8cfa2cbff54adfe1cb67') in 0.001 seconds [static and dynamic dependencies]. Details - ImportResultOutputID=cec3e797fe9d54cfff49a59ead9de9da DependenciesID=e9cbfac27788a6138bda70192e81a2da StaticDependenciesID=7f2e0369737d2df6e286c0fc5d0d1d1b 
Number of updated asset objects reloaded before import = 0
Number of asset objects unloaded after import = 0
========================================================================
Received Import Request.
  Time of request: 2026-10-01T17:13:27.2608729Z
  Time since last request: 0.0002286 seconds.
  importAddress: GUID: 08967dce54aef4d0d8e4e8e367f28cd5 - Path: Packages/com.unity.visualscripting/Editor/VisualScripting.Flow/Plugin/Changelogs/Changelog_1_1_1.cs - Importer: ScriptedImporter/UnityEditor.QuickSearchModule:UnityEditor.Search:ASIAI0B
Importing 'GUID: 08967dce54aef4d0d8e4e8e367f28cd5 - Path: Packages/com.unity.visualscripting/Editor/VisualScripting.Flow/Plugin/Changelogs/Changelog_1_1_1.cs - Importer: ScriptedImporter/UnityEditor.QuickSearchModule:UnityEditor.Search:ASIAI0B' with importer (ScriptedImporter : UnityEditor.QuickSearchModule:UnityEditor.Search:ASIAI0B)
Imported 'GUID: 08967dce54aef4d0d8e4e8e367f28cd5' -> (Import Result ID: '811c26282c226d8eeddbfa877691903c') in 0.002 seconds [static and dynamic dependencies]. Details - ImportResultOutputID=de8af62f92d97332da9195f7b48c4e86 DependenciesID=fc162737278f61db24bc38a3372a6bce StaticDependenciesID=aa1d5558379ef3bfdc891b3ab2da41f8 
Number of updated asset objects reloaded before import = 0
Number of asset objects unloaded after import = 0
========================================================================
Received Import Request.
  Time of request: 2026-10-01T17:13:27.2690592Z
  Time since last request: 0.0002273 seconds.
  importAddress: GUID: fe62cdbe023904f03b225f9b246fc5f6 - Path: Packages/com.unity.visualscripting/Editor/VisualScripting.Flow/Plugin/Changelogs/Changelog_1_4_5.cs - Importer: ScriptedImporter/UnityEditor.QuickSearchModule:UnityEditor.Search:ASIAI0B
Importing 'GUID: fe62cdbe023904f03b225f9b246fc5f6 - Path: Packages/com.unity.visualscripting/Editor/VisualScripting.Flow/Plugin/Changelogs/Changelog_1_4_5.cs - Importer: ScriptedImporter/UnityEditor.QuickSearchModule:UnityEditor.Search:ASIAI0B' with importer (ScriptedImporter : UnityEditor.QuickSearchModule:UnityEditor.Search:ASIAI0B)
Imported 'GUID: fe62cdbe023904f03b225f9b246fc5f6' -> (Import Result ID: '2e1cf82906cb355831986e3c7217cbd1') in 0.002 seconds [static and dynamic dependencies]. Details - ImportResultOutputID=f55c91d115ec7c6568cdb45bb260bbde DependenciesID=cf3a4b971d4850d3ea9843363ea21f8d StaticDependenciesID=2dac80720dd773005faf83615e3c5623 
Number of updated asset objects reloaded before import = 0
Number of asset objects unloaded after import = 0
========================================================================
Received Import Request.
  Time of request: 2026-10-01T17:13:27.2789329Z
  Time since last request: 0.0002348 seconds.
  importAddress: GUID: 2c693a7ac04049709a5412015f4be985 - Path: Packages/com.unity.visualscripting/Editor/VisualScripting.Flow/Plugin/Migrations/Migration_1_5_1_to_1_5_2.cs - Importer: ScriptedImporter/UnityEditor.QuickSearchModule:UnityEditor.Search:ASIAI0B
Importing 'GUID: 2c693a7ac04049709a5412015f4be985 - Path: Packages/com.unity.visualscripting/Editor/VisualScripting.Flow/Plugin/Migrations/Migration_1_5_1_to_1_5_2.cs - Importer: ScriptedImporter/UnityEditor.QuickSearchModule:UnityEditor.Search:ASIAI0B' with importer (ScriptedImporter : UnityEditor.QuickSearchModule:UnityEditor.Search:ASIAI0B)
Imported 'GUID: 2c693a7ac04049709a5412015f4be985' -> (Import Result ID: '48216cfd4453ffbc111fdf6d7df96a9e') in 0.002 seconds [static and dynamic dependencies]. Details - ImportResultOutputID=cf705e1e40695a7bb5287e7b0e7b2ea3 DependenciesID=0672af39225b4ffced9dddee16edde09 StaticDependenciesID=dc9e95783fed2f70885bfaff9a7fc520 
Number of updated asset objects reloaded before import = 0
Number of asset objects unloaded after import = 0
========================================================================
Received Import Request.
  Time of request: 2026-10-01T17:13:27.3061323Z
  Time since last request: 0.0184669 seconds.
  importAddress: GUID: 237934135a3b1433eade240044ab5490 - Path: Packages/com.unity.visualscripting/Editor/VisualScripting.State/Plugin/Changelogs/Changelog_1_2_3.cs - Importer: ScriptedImporter/UnityEditor.QuickSearchModule:UnityEditor.Search:ASIAI0B
Importing 'GUID: 237934135a3b1433eade240044ab5490 - Path: Packages/com.unity.visualscripting/Editor/VisualScripting.State/Plugin/Changelogs/Changelog_1_2_3.cs - Importer: ScriptedImporter/UnityEditor.QuickSearchModule:UnityEditor.Search:ASIAI0B' with importer (ScriptedImporter : UnityEditor.QuickSearchModule:UnityEditor.Search:ASIAI0B)
Imported 'GUID: 237934135a3b1433eade240044ab5490' -> (Import Result ID: '3d3d5b2d38be9865f0abe1116bf5efef') in 0.002 seconds [static and dynamic dependencies]. Details - ImportResultOutputID=c1b0174153197fc8f221f51759dd2924 DependenciesID=0a5e9318afc92eea60779af05cd56dcf StaticDependenciesID=c2105dd62b38d5f9765ac5d57a22ffee 
Number of updated asset objects reloaded before import = 0
Number of asset objects unloaded after import = 0
========================================================================
Received Import Request.
  Time of request: 2026-10-01T17:13:27.3145749Z
  Time since last request: 0.0006515 seconds.
  importAddress: GUID: a9d2948c439334d35b3b0155feda81aa - Path: Packages/com.unity.visualscripting/Runtime/VisualScripting.Core/Dependencies/FullSerializer/fsISerializationCallbacks.cs - Importer: ScriptedImporter/UnityEditor.QuickSearchModule:UnityEditor.Search:ASIAI0B
Importing 'GUID: a9d2948c439334d35b3b0155feda81aa - Path: Packages/com.unity.visualscripting/Runtime/VisualScripting.Core/Dependencies/FullSerializer/fsISerializationCallbacks.cs - Importer: ScriptedImporter/UnityEditor.QuickSearchModule:UnityEditor.Search:ASIAI0B' with importer (ScriptedImporter : UnityEditor.QuickSearchModule:UnityEditor.Search:ASIAI0B)
Imported 'GUID: a9d2948c439334d35b3b0155feda81aa' -> (Import Result ID: '717c36a16404d1caabdb676605e534b3') in 0.002 seconds [static and dynamic dependencies]. Details - ImportResultOutputID=2f5269d1ebd23f163e678bf81d9c0d86 DependenciesID=8c66953717ada7e83daac11adfd88492 StaticDependenciesID=0ab509fa13c7150ddb556d18c1c0ef4a 
Number of updated asset objects reloaded before import = 0
Number of asset objects unloaded after import = 0
========================================================================
Received Import Request.
  Time of request: 2026-10-01T17:13:27.3224769Z
  Time since last request: 0.0003694 seconds.
  importAddress: GUID: 0a458c80bcb97443e9e611c09e5ca71a - Path: Packages/com.unity.visualscripting/Runtime/VisualScripting.Core/Dependencies/FullSerializer/fsDirectConverter.cs - Importer: ScriptedImporter/UnityEditor.QuickSearchModule:UnityEditor.Search:ASIAI0B
Importing 'GUID: 0a458c80bcb97443e9e611c09e5ca71a - Path: Packages/com.unity.visualscripting/Runtime/VisualScripting.Core/Dependencies/FullSerializer/fsDirectConverter.cs - Importer: ScriptedImporter/UnityEditor.QuickSearchModule:UnityEditor.Search:ASIAI0B' with importer (ScriptedImporter : UnityEditor.QuickSearchModule:UnityEditor.Search:ASIAI0B)
Imported 'GUID: 0a458c80bcb97443e9e611c09e5ca71a' -> (Import Result ID: 'c9e593ee204c6b1e1d805c62bcee40d5') in 0.002 seconds [static and dynamic dependencies]. Details - ImportResultOutputID=58976b2fa7f13ebaeb373502aaa3c6ed DependenciesID=9c0fec646a46ac0891e7052bda1196d8 StaticDependenciesID=247ee320f30454af3781a66ec28fb65c 
Number of updated asset objects reloaded before import = 0
Number of asset objects unloaded after import = 0
========================================================================
Received Import Request.
  Time of request: 2026-10-01T17:13:27.3305097Z
  Time since last request: 0.0003093 seconds.
  importAddress: GUID: 521bba425c159452e902b0b73f80e68c - Path: Packages/com.unity.visualscripting/Runtime/VisualScripting.Core/Dependencies/FullSerializer/fsExceptions.cs - Importer: ScriptedImporter/UnityEditor.QuickSearchModule:UnityEditor.Search:ASIAI0B
Importing 'GUID: 521bba425c159452e902b0b73f80e68c - Path: Packages/com.unity.visualscripting/Runtime/VisualScripting.Core/Dependencies/FullSerializer/fsExceptions.cs - Importer: ScriptedImporter/UnityEditor.QuickSearchModule:UnityEditor.Search:ASIAI0B' with importer (ScriptedImporter : UnityEditor.QuickSearchModule:UnityEditor.Search:ASIAI0B)
Imported 'GUID: 521bba425c159452e902b0b73f80e68c' -> (Import Result ID: 'a237bbb215fcffb436c5f6acb97f5f66') in 0.002 seconds [static and dynamic dependencies]. Details - ImportResultOutputID=37ba04a4b4b1fa6fea47b117125ae284 DependenciesID=e199434e3dba08510b356441a15e4704 StaticDependenciesID=02f1abc13e246830a63963ab593f181d 
Number of updated asset objects reloaded before import = 0
Number of asset objects unloaded after import = 0
========================================================================
Received Import Request.
  Time of request: 2026-10-01T17:13:27.3384357Z
  Time since last request: 0.0002922 seconds.
  importAddress: GUID: 8b8a5eaccadbf4f358099fed75053ea8 - Path: Packages/com.unity.visualscripting/Runtime/VisualScripting.Core/Dependencies/FullSerializer/fsResult.cs - Importer: ScriptedImporter/UnityEditor.QuickSearchModule:UnityEditor.Search:ASIAI0B
Importing 'GUID: 8b8a5eaccadbf4f358099fed75053ea8 - Path: Packages/com.unity.visualscripting/Runtime/VisualScripting.Core/Dependencies/FullSerializer/fsResult.cs - Importer: ScriptedImporter/UnityEditor.QuickSearchModule:UnityEditor.Search:ASIAI0B' with importer (ScriptedImporter : UnityEditor.QuickSearchModule:UnityEditor.Search:ASIAI0B)
Imported 'GUID: 8b8a5eaccadbf4f358099fed75053ea8' -> (Import Result ID: '6a8424925025ef0ab1132b1fb1cac00f') in 0.002 seconds [static and dynamic dependencies]. Details - ImportResultOutputID=f0d16574b4900aa7d1ace1c1955f6304 DependenciesID=e7d213c56a81ebc92bded0d758078a36 StaticDependenciesID=749159d29b2eeab7c4682238aa4891d7 
Number of updated asset objects reloaded before import = 0
Number of asset objects unloaded after import = 0
========================================================================
Received Import Request.
  Time of request: 2026-10-01T17:13:27.3468627Z
  Time since last request: 0.0004115 seconds.
  importAddress: GUID: f3a95ea3668ca49bba7f93586f8e08ce - Path: Packages/com.unity.visualscripting/Runtime/VisualScripting.Core/Cloning/Cloners/FieldsCloner.cs - Importer: ScriptedImporter/UnityEditor.QuickSearchModule:UnityEditor.Search:ASIAI0B
Importing 'GUID: f3a95ea3668ca49bba7f93586f8e08ce - Path: Packages/com.unity.visualscripting/Runtime/VisualScripting.Core/Cloning/Cloners/FieldsCloner.cs - Importer: ScriptedImporter/UnityEditor.QuickSearchModule:UnityEditor.Search:ASIAI0B' with importer (ScriptedImporter : UnityEditor.QuickSearchModule:UnityEditor.Search:ASIAI0B)
Imported 'GUID: f3a95ea3668ca49bba7f93586f8e08ce' -> (Import Result ID: '966e4804d002f3f1f1b8a60c7acbaba7') in 0.002 seconds [static and dynamic dependencies]. Details - ImportResultOutputID=cbe178ad10844f09729093cfa111eb9a DependenciesID=3332912f654c569117bef2828b20a082 StaticDependenciesID=062b4186c0efdba9540a7fe90e339d1d 
Number of updated asset objects reloaded before import = 0
Number of asset objects unloaded after import = 0
========================================================================
Received Import Request.
  Time of request: 2026-10-01T17:13:27.3557927Z
  Time since last request: 0.0002572 seconds.
  importAddress: GUID: 2056e0c2ed99946f2aa0b59a7d523406 - Path: Packages/com.unity.visualscripting/Runtime/VisualScripting.Core/Dependencies/FullSerializer/fsContext.cs - Importer: ScriptedImporter/UnityEditor.QuickSearchModule:UnityEditor.Search:ASIAI0B
Importing 'GUID: 2056e0c2ed99946f2aa0b59a7d523406 - Path: Packages/com.unity.visualscripting/Runtime/VisualScripting.Core/Dependencies/FullSerializer/fsContext.cs - Importer: ScriptedImporter/UnityEditor.QuickSearchModule:UnityEditor.Search:ASIAI0B' with importer (ScriptedImporter : UnityEditor.QuickSearchModule:UnityEditor.Search:ASIAI0B)
Imported 'GUID: 2056e0c2ed99946f2aa0b59a7d523406' -> (Import Result ID: '18b064ed1354e16120cd5391ecc18a9f') in 0.002 seconds [static and dynamic dependencies]. Details - ImportResultOutputID=1ea0ba036b4834492813fca7c6ba6844 DependenciesID=db5f664ce1f2c312cfba274ea28ae9de StaticDependenciesID=345064c835367c3447d03df8b26b8877 
Number of updated asset objects reloaded before import = 0
Number of asset objects unloaded after import = 0
========================================================================
Received Import Request.
  Time of request: 2026-10-01T17:13:27.3637623Z
  Time since last request: 0.0002404 seconds.
  importAddress: GUID: 4a980c1eb80ff465298f5f4dd9d27a0a - Path: Packages/com.unity.visualscripting/Runtime/VisualScripting.Core/Dependencies/FullSerializer/fsObjectProcessor.cs - Importer: ScriptedImporter/UnityEditor.QuickSearchModule:UnityEditor.Search:ASIAI0B
Importing 'GUID: 4a980c1eb80ff465298f5f4dd9d27a0a - Path: Packages/com.unity.visualscripting/Runtime/VisualScripting.Core/Dependencies/FullSerializer/fsObjectProcessor.cs - Importer: ScriptedImporter/UnityEditor.QuickSearchModule:UnityEditor.Search:ASIAI0B' with importer (ScriptedImporter : UnityEditor.QuickSearchModule:UnityEditor.Search:ASIAI0B)
Imported 'GUID: 4a980c1eb80ff465298f5f4dd9d27a0a' -> (Import Result ID: '92af2ef64b466955a0fa13ffa02e1b7b') in 0.001 seconds [static and dynamic dependencies]. Details - ImportResultOutputID=0f9dfed363a7b83e980c5b6254444d07 DependenciesID=3900d1d981dc7b018a64e4fc8109cff3 StaticDependenciesID=21b6d5bc68a8be8b17298018b0d78573 
Number of updated asset objects reloaded before import = 0
Number of asset objects unloaded after import = 0
========================================================================
Received Import Request.
  Time of request: 2026-10-01T17:13:27.3720948Z
  Time since last request: 0.0002914 seconds.
  importAddress: GUID: 3327f1ba5674f471195edf533528f489 - Path: Packages/com.unity.visualscripting/Runtime/VisualScripting.Core/EditorBinding/Inspector/InspectorRangeAttribute.cs - Importer: ScriptedImporter/UnityEditor.QuickSearchModule:UnityEditor.Search:ASIAI0B
Importing 'GUID: 3327f1ba5674f471195edf533528f489 - Path: Packages/com.unity.visualscripting/Runtime/VisualScripting.Core/EditorBinding/Inspector/InspectorRangeAttribute.cs - Importer: ScriptedImporter/UnityEditor.QuickSearchModule:UnityEditor.Search:ASIAI0B' with importer (ScriptedImporter : UnityEditor.QuickSearchModule:UnityEditor.Search:ASIAI0B)
Imported 'GUID: 3327f1ba5674f471195edf533528f489' -> (Import Result ID: '2ecf6adb747d33c40f1a0102274d1d8e') in 0.001 seconds [static and dynamic dependencies]. Details - ImportResultOutputID=03e83c0cc522e5f17e8a46d9fa096a79 DependenciesID=d6910c75ca8524a14001f49b2dbcad7a StaticDependenciesID=dc33936f55bd026cf42de016e7bee535 
Number of updated asset objects reloaded before import = 0
Number of asset objects unloaded after import = 0
========================================================================
Received Import Request.
  Time of request: 2026-10-01T17:13:27.3965766Z
  Time since last request: 0.017012 seconds.
  importAddress: GUID: 816a280be4534656bc2404f15002e25b - Path: Packages/com.unity.visualscripting/Runtime/VisualScripting.Core/Listeners/MonoBehaviour/UnityOnJointBreak2DMessageListener.cs - Importer: ScriptedImporter/UnityEditor.QuickSearchModule:UnityEditor.Search:ASIAI0B
Importing 'GUID: 816a280be4534656bc2404f15002e25b - Path: Packages/com.unity.visualscripting/Runtime/VisualScripting.Core/Listeners/MonoBehaviour/UnityOnJointBreak2DMessageListener.cs - Importer: ScriptedImporter/UnityEditor.QuickSearchModule:UnityEditor.Search:ASIAI0B' with importer (ScriptedImporter : UnityEditor.QuickSearchModule:UnityEditor.Search:ASIAI0B)
Imported 'GUID: 816a280be4534656bc2404f15002e25b' -> (Import Result ID: 'e2a19ab1502715b265dc6d089629e3a7') in 0.001 seconds [static and dynamic dependencies]. Details - ImportResultOutputID=a8581c5862045d78ae5c1be69f1d50f3 DependenciesID=f7d9a336379ae8f8cdcd98aaf9f16b70 StaticDependenciesID=2bd12e52d432d4763c4243a7affc70ad 
Number of updated asset objects reloaded before import = 0
Number of asset objects unloaded after import = 0
========================================================================
Received Import Request.
  Time of request: 2026-10-01T17:13:27.4051445Z
  Time since last request: 0.0001326 seconds.
  importAddress: GUID: 754d3daf86414d0aacb711e36a6ba92b - Path: Packages/com.unity.visualscripting/Runtime/VisualScripting.Core/Listeners/MonoBehaviour/UnityOnMouseDownMessageListener.cs - Importer: ScriptedImporter/UnityEditor.QuickSearchModule:UnityEditor.Search:ASIAI0B
Importing 'GUID: 754d3daf86414d0aacb711e36a6ba92b - Path: Packages/com.unity.visualscripting/Runtime/VisualScripting.Core/Listeners/MonoBehaviour/UnityOnMouseDownMessageListener.cs - Importer: ScriptedImporter/UnityEditor.QuickSearchModule:UnityEditor.Search:ASIAI0B' with importer (ScriptedImporter : UnityEditor.QuickSearchModule:UnityEditor.Search:ASIAI0B)
Imported 'GUID: 754d3daf86414d0aacb711e36a6ba92b' -> (Import Result ID: '4cf18da90c832a6630c0c303a561819f') in 0.002 seconds [static and dynamic dependencies]. Details - ImportResultOutputID=2152200efc4fc365110e4256ae5c56ba DependenciesID=573f75af919fd46c3ec2434a329bdd6d StaticDependenciesID=e4165035aeec4966d8a77ba3ece5055a 
Number of updated asset objects reloaded before import = 0
Number of asset objects unloaded after import = 0
========================================================================
Received Import Request.
  Time of request: 2026-10-01T17:13:27.4144994Z
  Time since last request: 0.0002443 seconds.
  importAddress: GUID: 421f953bce2c4b5b85a56bf401a9fba5 - Path: Packages/com.unity.visualscripting/Runtime/VisualScripting.Core/Listeners/UIInterfaces/UnityOnBeginDragMessageListener.cs - Importer: ScriptedImporter/UnityEditor.QuickSearchModule:UnityEditor.Search:ASIAI0B
Importing 'GUID: 421f953bce2c4b5b85a56bf401a9fba5 - Path: Packages/com.unity.visualscripting/Runtime/VisualScripting.Core/Listeners/UIInterfaces/UnityOnBeginDragMessageListener.cs - Importer: ScriptedImporter/UnityEditor.QuickSearchModule:UnityEditor.Search:ASIAI0B' with importer (ScriptedImporter : UnityEditor.QuickSearchModule:UnityEditor.Search:ASIAI0B)
Imported 'GUID: 421f953bce2c4b5b85a56bf401a9fba5' -> (Import Result ID: 'a03551caeea283adec1bc553b777f609') in 0.001 seconds [static and dynamic dependencies]. Details - ImportResultOutputID=4fc53cc034e355dc98d66755ce5cff63 DependenciesID=c8634e36cf2e7cf98b24ebc75f08e2d4 StaticDependenciesID=9e5ed2f14cd748c67c458896d8ac0dc0 
Number of updated asset objects reloaded before import = 0
Number of asset objects unloaded after import = 0
========================================================================
Received Import Request.
  Time of request: 2026-10-01T17:13:27.4237577Z
  Time since last request: 0.0002237 seconds.
  importAddress: GUID: 24bb3f6ea82ae4d6d85ca2b5aa7fd992 - Path: Packages/com.unity.visualscripting/Runtime/VisualScripting.Core/Reflection/Operators/LeftShiftHandler.cs - Importer: ScriptedImporter/UnityEditor.QuickSearchModule:UnityEditor.Search:ASIAI0B
Importing 'GUID: 24bb3f6ea82ae4d6d85ca2b5aa7fd992 - Path: Packages/com.unity.visualscripting/Runtime/VisualScripting.Core/Reflection/Operators/LeftShiftHandler.cs - Importer: ScriptedImporter/UnityEditor.QuickSearchModule:UnityEditor.Search:ASIAI0B' with importer (ScriptedImporter : UnityEditor.QuickSearchModule:UnityEditor.Search:ASIAI0B)
Imported 'GUID: 24bb3f6ea82ae4d6d85ca2b5aa7fd992' -> (Import Result ID: '033ec7b7c56aeb60b2e24600f35d1048') in 0.002 seconds [static and dynamic dependencies]. Details - ImportResultOutputID=bf068ff92046e932e58c481936b10cb7 DependenciesID=1d169e44b4c38537a58696c5a7c6e5ba StaticDependenciesID=4e1bd6a4352e61fc5d88c1508336bc04 
Number of updated asset objects reloaded before import = 0
Number of asset objects unloaded after import = 0
========================================================================
Received Import Request.
  Time of request: 2026-10-01T17:13:27.4333662Z
  Time since last request: 0.0002364 seconds.
  importAddress: GUID: 6f74fcfae4c849879f19488dcf898594 - Path: Packages/com.unity.visualscripting/Runtime/VisualScripting.Core/Listeners/UI/UnityOnDropdownValueChangedMessageListener.cs - Importer: ScriptedImporter/UnityEditor.QuickSearchModule:UnityEditor.Search:ASIAI0B
Importing 'GUID: 6f74fcfae4c849879f19488dcf898594 - Path: Packages/com.unity.visualscripting/Runtime/VisualScripting.Core/Listeners/UI/UnityOnDropdownValueChangedMessageListener.cs - Importer: ScriptedImporter/UnityEditor.QuickSearchModule:UnityEditor.Search:ASIAI0B' with importer (ScriptedImporter : UnityEditor.QuickSearchModule:UnityEditor.Search:ASIAI0B)
Imported 'GUID: 6f74fcfae4c849879f19488dcf898594' -> (Import Result ID: '844acd490ab49966c14afcea10f61d80') in 0.002 seconds [static and dynamic dependencies]. Details - ImportResultOutputID=f4ae385aa5fd8e0247697279c030a5a9 DependenciesID=7eebb75ed56662e86e490566339ee036 StaticDependenciesID=6b6a8f8953bdc9c4abd10d833f47d577 
Number of updated asset objects reloaded before import = 0
Number of asset objects unloaded after import = 0
========================================================================
Received Import Request.
  Time of request: 2026-10-01T17:13:27.4426549Z
  Time since last request: 0.0002075 seconds.
  importAddress: GUID: b7e750bab85614562acb6c17af1874fa - Path: Packages/com.unity.visualscripting/Runtime/VisualScripting.Core/Reflection/Operators/MultiplicationHandler.cs - Importer: ScriptedImporter/UnityEditor.QuickSearchModule:UnityEditor.Search:ASIAI0B
Importing 'GUID: b7e750bab85614562acb6c17af1874fa - Path: Packages/com.unity.visualscripting/Runtime/VisualScripting.Core/Reflection/Operators/MultiplicationHandler.cs - Importer: ScriptedImporter/UnityEditor.QuickSearchModule:UnityEditor.Search:ASIAI0B' with importer (ScriptedImporter : UnityEditor.QuickSearchModule:UnityEditor.Search:ASIAI0B)
Imported 'GUID: b7e750bab85614562acb6c17af1874fa' -> (Import Result ID: '25f34e5776d4d7df05e197e9d4c1fe30') in 0.001 seconds [static and dynamic dependencies]. Details - ImportResultOutputID=988f72f80bac6dfca2accd5105652fc5 DependenciesID=a331cad40464f19c1d4265e23b6ee260 StaticDependenciesID=cac0ee470f3efd401e34dc93fa5b3a2e 
Number of updated asset objects reloaded before import = 0
Number of asset objects unloaded after import = 0
========================================================================
Received Import Request.
  Time of request: 2026-10-01T17:13:27.451138Z
  Time since last request: 0.0002291 seconds.
  importAddress: GUID: be0be1dccfccc4cef9ffc756df949339 - Path: Packages/com.unity.visualscripting/Runtime/VisualScripting.Core/Reflection/Operators/LessThanHandler.cs - Importer: ScriptedImporter/UnityEditor.QuickSearchModule:UnityEditor.Search:ASIAI0B
Importing 'GUID: be0be1dccfccc4cef9ffc756df949339 - Path: Packages/com.unity.visualscripting/Runtime/VisualScripting.Core/Reflection/Operators/LessThanHandler.cs - Importer: ScriptedImporter/UnityEditor.QuickSearchModule:UnityEditor.Search:ASIAI0B' with importer (ScriptedImporter : UnityEditor.QuickSearchModule:UnityEditor.Search:ASIAI0B)
Imported 'GUID: be0be1dccfccc4cef9ffc756df949339' -> (Import Result ID: '0f8f273ef4ebabdfb2d9796bbd10a470') in 0.001 seconds [static and dynamic dependencies]. Details - ImportResultOutputID=d60b98e88aec59ffed0c1fc222e69a05 DependenciesID=ad65535f1bd6337bfbd664fdf104568b StaticDependenciesID=c765241b3c4533b895f2127531b69ff0 
Number of updated asset objects reloaded before import = 0
Number of asset objects unloaded after import = 0
========================================================================
Received Import Request.
  Time of request: 2026-10-01T17:13:27.4596512Z
  Time since last request: 0.0002223 seconds.
  importAddress: GUID: 43c48baefc484ce080c9eac92934e309 - Path: Packages/com.unity.visualscripting/Runtime/VisualScripting.Core/Listeners/UIInterfaces/UnityOnPointerExitMessageListener.cs - Importer: ScriptedImporter/UnityEditor.QuickSearchModule:UnityEditor.Search:ASIAI0B
Importing 'GUID: 43c48baefc484ce080c9eac92934e309 - Path: Packages/com.unity.visualscripting/Runtime/VisualScripting.Core/Listeners/UIInterfaces/UnityOnPointerExitMessageListener.cs - Importer: ScriptedImporter/UnityEditor.QuickSearchModule:UnityEditor.Search:ASIAI0B' with importer (ScriptedImporter : UnityEditor.QuickSearchModule:UnityEditor.Search:ASIAI0B)
Imported 'GUID: 43c48baefc484ce080c9eac92934e309' -> (Import Result ID: '0cffb974214c3dace674156d506ad509') in 0.002 seconds [static and dynamic dependencies]. Details - ImportResultOutputID=10a71cd07bfc0382641866b0b7211b5e DependenciesID=ece4b7c6d2b87bd4a1d15058b2564f55 StaticDependenciesID=1bdea2ff1590fabdf253f4c14da0aa37 
Number of updated asset objects reloaded before import = 0
Number of asset objects unloaded after import = 0
========================================================================
Received Import Request.
  Time of request: 2026-10-01T17:13:27.4678363Z
  Time since last request: 0.0001663 seconds.
  importAddress: GUID: 0257df31bc561468aa180247d70ae0fe - Path: Packages/com.unity.visualscripting/Runtime/VisualScripting.Core/Reflection/Operators/GreaterThanHandler.cs - Importer: ScriptedImporter/UnityEditor.QuickSearchModule:UnityEditor.Search:ASIAI0B
Importing 'GUID: 0257df31bc561468aa180247d70ae0fe - Path: Packages/com.unity.visualscripting/Runtime/VisualScripting.Core/Reflection/Operators/GreaterThanHandler.cs - Importer: ScriptedImporter/UnityEditor.QuickSearchModule:UnityEditor.Search:ASIAI0B' with importer (ScriptedImporter : UnityEditor.QuickSearchModule:UnityEditor.Search:ASIAI0B)
Imported 'GUID: 0257df31bc561468aa180247d70ae0fe' -> (Import Result ID: 'a6a2d472b1d3cb34a00e238a3acf74d4') in 0.002 seconds [static and dynamic dependencies]. Details - ImportResultOutputID=0e22c02f1088721f67ddd3e28195fb96 DependenciesID=7cb9410cf48abc4ae8b063e4c7c11551 StaticDependenciesID=1f687a013eb80446bf9d1f687c6a3002 
Number of updated asset objects reloaded before import = 0
Number of asset objects unloaded after import = 0
========================================================================
Received Import Request.
  Time of request: 2026-10-01T17:13:27.4883974Z
  Time since last request: 0.0128943 seconds.
  importAddress: GUID: 04e713e5043874d68b4f7e6998aabacb - Path: Packages/com.unity.visualscripting/Runtime/VisualScripting.Core/Reflection/Optimization/StaticActionInvoker_2.cs - Importer: ScriptedImporter/UnityEditor.QuickSearchModule:UnityEditor.Search:ASIAI0B
Importing 'GUID: 04e713e5043874d68b4f7e6998aabacb - Path: Packages/com.unity.visualscripting/Runtime/VisualScripting.Core/Reflection/Optimization/StaticActionInvoker_2.cs - Importer: ScriptedImporter/UnityEditor.QuickSearchModule:UnityEditor.Search:ASIAI0B' with importer (ScriptedImporter : UnityEditor.QuickSearchModule:UnityEditor.Search:ASIAI0B)
Imported 'GUID: 04e713e5043874d68b4f7e6998aabacb' -> (Import Result ID: '956986b6f6f7fe46f48f4324cb3d072a') in 0.002 seconds [static and dynamic dependencies]. Details - ImportResultOutputID=c25528158e267fe8b159b1f15f24bdcc DependenciesID=478a190ef38278f4a2ac09c0e1a64faa StaticDependenciesID=db17b774c0d3a193da19bd161b3b7be8 
Number of updated asset objects reloaded before import = 0
Number of asset objects unloaded after import = 0
========================================================================
Received Import Request.
  Time of request: 2026-10-01T17:13:27.4964258Z
  Time since last request: 0.0003992 seconds.
  importAddress: GUID: b546fea2e0eea4ab98c47948cb30b03c - Path: Packages/com.unity.visualscripting/Runtime/VisualScripting.Flow/Dependencies/NCalc/EvaluationOption.cs - Importer: ScriptedImporter/UnityEditor.QuickSearchModule:UnityEditor.Search:ASIAI0B
Importing 'GUID: b546fea2e0eea4ab98c47948cb30b03c - Path: Packages/com.unity.visualscripting/Runtime/VisualScripting.Flow/Dependencies/NCalc/EvaluationOption.cs - Importer: ScriptedImporter/UnityEditor.QuickSearchModule:UnityEditor.Search:ASIAI0B' with importer (ScriptedImporter : UnityEditor.QuickSearchModule:UnityEditor.Search:ASIAI0B)
Imported 'GUID: b546fea2e0eea4ab98c47948cb30b03c' -> (Import Result ID: '9277db3bc63822234553b2c71d6b1658') in 0.003 seconds [static and dynamic dependencies]. Details - ImportResultOutputID=36faf5c7db95755ae62f60a9c560c25d DependenciesID=4ae8841436f7acb5cd9ad1dcd39c8c9a StaticDependenciesID=bdfaaca196a699d89648294a416cd482 
Number of updated asset objects reloaded before import = 0
Number of asset objects unloaded after import = 0
========================================================================
Received Import Request.
  Time of request: 2026-10-01T17:13:27.5057405Z
  Time since last request: 0.0002213 seconds.
  importAddress: GUID: 6499d38cb236f4d369ab2ce0e0585ecc - Path: Packages/com.unity.visualscripting/Runtime/VisualScripting.Flow/Dependencies/NCalc/EvaluationException.cs - Importer: ScriptedImporter/UnityEditor.QuickSearchModule:UnityEditor.Search:ASIAI0B
Importing 'GUID: 6499d38cb236f4d369ab2ce0e0585ecc - Path: Packages/com.unity.visualscripting/Runtime/VisualScripting.Flow/Dependencies/NCalc/EvaluationException.cs - Importer: ScriptedImporter/UnityEditor.QuickSearchModule:UnityEditor.Search:ASIAI0B' with importer (ScriptedImporter : UnityEditor.QuickSearchModule:UnityEditor.Search:ASIAI0B)
Imported 'GUID: 6499d38cb236f4d369ab2ce0e0585ecc' -> (Import Result ID: 'c5cfe1219f99ea4a2d552e21552881da') in 0.001 seconds [static and dynamic dependencies]. Details - ImportResultOutputID=7d7f7ba638a86ed9920323bfca43b889 DependenciesID=68ac0a1ed1103cd5c4a3df9dc3a8d2e3 StaticDependenciesID=a667d085f323c593f1fc5be131ab4b80 
Number of updated asset objects reloaded before import = 0
Number of asset objects unloaded after import = 0
========================================================================
Received Import Request.
  Time of request: 2026-10-01T17:13:27.5144031Z
  Time since last request: 0.0002361 seconds.
  importAddress: GUID: 6199aa1c124454b9ab004ddedcce5610 - Path: Packages/com.unity.visualscripting/Runtime/VisualScripting.Core/Reflection/Optimization/StaticFunctionInvoker_4.cs - Importer: ScriptedImporter/UnityEditor.QuickSearchModule:UnityEditor.Search:ASIAI0B
Importing 'GUID: 6199aa1c124454b9ab004ddedcce5610 - Path: Packages/com.unity.visualscripting/Runtime/VisualScripting.Core/Reflection/Optimization/StaticFunctionInvoker_4.cs - Importer: ScriptedImporter/UnityEditor.QuickSearchModule:UnityEditor.Search:ASIAI0B' with importer (ScriptedImporter : UnityEditor.QuickSearchModule:UnityEditor.Search:ASIAI0B)
Imported 'GUID: 6199aa1c124454b9ab004ddedcce5610' -> (Import Result ID: '1ead70bcf8965f23ae91a1e8a1072137') in 0.001 seconds [static and dynamic dependencies]. Details - ImportResultOutputID=3c5259225285e9bc0c16ad8c3c956935 DependenciesID=0931639b8ace7f8e7cb72cc487d28c22 StaticDependenciesID=9608629b6b2bbb5b6df3c482f5ae3dc3 
Number of updated asset objects reloaded before import = 0
Number of asset objects unloaded after import = 0
========================================================================
Received Import Request.
  Time of request: 2026-10-01T17:13:27.5218591Z
  Time since last request: 0.0002687 seconds.
  importAddress: GUID: b8cf332f6f70a4b03986a507d0d25755 - Path: Packages/com.unity.visualscripting/Runtime/VisualScripting.Core/Reflection/Optimization/InstanceFunctionInvoker_2.cs - Importer: ScriptedImporter/UnityEditor.QuickSearchModule:UnityEditor.Search:ASIAI0B
Importing 'GUID: b8cf332f6f70a4b03986a507d0d25755 - Path: Packages/com.unity.visualscripting/Runtime/VisualScripting.Core/Reflection/Optimization/InstanceFunctionInvoker_2.cs - Importer: ScriptedImporter/UnityEditor.QuickSearchModule:UnityEditor.Search:ASIAI0B' with importer (ScriptedImporter : UnityEditor.QuickSearchModule:UnityEditor.Search:ASIAI0B)
Imported 'GUID: b8cf332f6f70a4b03986a507d0d25755' -> (Import Result ID: 'd5965de3c9434f4237424484d321104b') in 0.002 seconds [static and dynamic dependencies]. Details - ImportResultOutputID=33dcc5b7a5008c3b8c5ffb5c268b2ddb DependenciesID=f06f50139df9d4ecb0c89c6802c4b25e StaticDependenciesID=85c601644dbec95f8bacb2e7be681fc2 
Number of updated asset objects reloaded before import = 0
Number of asset objects unloaded after import = 0
========================================================================
Received Import Request.
  Time of request: 2026-10-01T17:13:27.5299757Z
  Time since last request: 0.0002502 seconds.
  importAddress: GUID: 8357065a14e1d47138e7d19e3a5ac7fa - Path: Packages/com.unity.visualscripting/Runtime/VisualScripting.Core/Reflection/Operators/OrHandler.cs - Importer: ScriptedImporter/UnityEditor.QuickSearchModule:UnityEditor.Search:ASIAI0B
Importing 'GUID: 8357065a14e1d47138e7d19e3a5ac7fa - Path: Packages/com.unity.visualscripting/Runtime/VisualScripting.Core/Reflection/Operators/OrHandler.cs - Importer: ScriptedImporter/UnityEditor.QuickSearchModule:UnityEditor.Search:ASIAI0B' with importer (ScriptedImporter : UnityEditor.QuickSearchModule:UnityEditor.Search:ASIAI0B)
Imported 'GUID: 8357065a14e1d47138e7d19e3a5ac7fa' -> (Import Result ID: 'd4582cacb5654dd5efb02cf6dad2bbc5') in 0.001 seconds [static and dynamic dependencies]. Details - ImportResultOutputID=fa30ed13b588ad6d007211f644ef67e4 DependenciesID=5ab1266c08c815131e712d57f52380a9 StaticDependenciesID=562ee98e6d0f9f07d67aba499d10403b 
Number of updated asset objects reloaded before import = 0
Number of asset objects unloaded after import = 0
========================================================================
Received Import Request.
  Time of request: 2026-10-01T17:13:27.5372411Z
  Time since last request: 0.0001789 seconds.
  importAddress: GUID: 4540bef2d25fb4d4c8c0e06f3ddf9ba3 - Path: Packages/com.unity.visualscripting/Runtime/VisualScripting.Core/Reflection/Optimization/StaticActionInvokerBase.cs - Importer: ScriptedImporter/UnityEditor.QuickSearchModule:UnityEditor.Search:ASIAI0B
Importing 'GUID: 4540bef2d25fb4d4c8c0e06f3ddf9ba3 - Path: Packages/com.unity.visualscripting/Runtime/VisualScripting.Core/Reflection/Optimization/StaticActionInvokerBase.cs - Importer: ScriptedImporter/UnityEditor.QuickSearchModule:UnityEditor.Search:ASIAI0B' with importer (ScriptedImporter : UnityEditor.QuickSearchModule:UnityEditor.Search:ASIAI0B)
Imported 'GUID: 4540bef2d25fb4d4c8c0e06f3ddf9ba3' -> (Import Result ID: 'f4e534090adc6619a1a8a32fb167dbeb') in 0.002 seconds [static and dynamic dependencies]. Details - ImportResultOutputID=829000e9df86429486339e33f8fff13e DependenciesID=67277c9b3a96877466cf2887437c1aa3 StaticDependenciesID=e81752284f1a3eb1ca5282d722c67d4e 
Number of updated asset objects reloaded before import = 0
Number of asset objects unloaded after import = 0
========================================================================
Received Import Request.
  Time of request: 2026-10-01T17:13:27.54485Z
  Time since last request: 0.0003475 seconds.
  importAddress: GUID: 6180c9bbe40b44d45980f2b1a0325e58 - Path: Packages/com.unity.visualscripting/Runtime/VisualScripting.Flow/Dependencies/NCalc/EvaluateParameterHandler.cs - Importer: ScriptedImporter/UnityEditor.QuickSearchModule:UnityEditor.Search:ASIAI0B
Importing 'GUID: 6180c9bbe40b44d45980f2b1a0325e58 - Path: Packages/com.unity.visualscripting/Runtime/VisualScripting.Flow/Dependencies/NCalc/EvaluateParameterHandler.cs - Importer: ScriptedImporter/UnityEditor.QuickSearchModule:UnityEditor.Search:ASIAI0B' with importer (ScriptedImporter : UnityEditor.QuickSearchModule:UnityEditor.Search:ASIAI0B)
Imported 'GUID: 6180c9bbe40b44d45980f2b1a0325e58' -> (Import Result ID: '8a23e54dea335488b1157d6d1b860341') in 0.001 seconds [static and dynamic dependencies]. Details - ImportResultOutputID=de9845ea3c3de09aa9f5772bd7914ea5 DependenciesID=2816358699ce7798b1500649a7d115af StaticDependenciesID=b6049d838375c6f92c1596078a580288 
Number of updated asset objects reloaded before import = 0
Number of asset objects unloaded after import = 0
========================================================================
Received Import Request.
  Time of request: 2026-10-01T17:13:27.5521838Z
  Time since last request: 0.0002659 seconds.
  importAddress: GUID: 90b09c7efb168429cb528186a44accbf - Path: Packages/com.unity.visualscripting/Runtime/VisualScripting.Core/Reflection/Optimization/StaticFunctionInvoker_2.cs - Importer: ScriptedImporter/UnityEditor.QuickSearchModule:UnityEditor.Search:ASIAI0B
Importing 'GUID: 90b09c7efb168429cb528186a44accbf - Path: Packages/com.unity.visualscripting/Runtime/VisualScripting.Core/Reflection/Optimization/StaticFunctionInvoker_2.cs - Importer: ScriptedImporter/UnityEditor.QuickSearchModule:UnityEditor.Search:ASIAI0B' with importer (ScriptedImporter : UnityEditor.QuickSearchModule:UnityEditor.Search:ASIAI0B)
Imported 'GUID: 90b09c7efb168429cb528186a44accbf' -> (Import Result ID: 'f29924e4ecb44878d9a66823bf9e6466') in 0.001 seconds [static and dynamic dependencies]. Details - ImportResultOutputID=65712dd18b5695eb075f0e2870b17baf DependenciesID=b0cb292cd9a2c3fecf2b4b80454b01d8 StaticDependenciesID=08196a9e2ea7fada10bf0f66177ad565 
Number of updated asset objects reloaded before import = 0
Number of asset objects unloaded after import = 0
========================================================================
Received Import Request.
  Time of request: 2026-10-01T17:13:27.5727299Z
  Time since last request: 0.0128843 seconds.
  importAddress: GUID: f1f5cc0ec16bb47f8bca4d860c0c1339 - Path: Packages/com.unity.visualscripting/Runtime/VisualScripting.Flow/Framework/Events/BoltUnityEvent.cs - Importer: ScriptedImporter/UnityEditor.QuickSearchModule:UnityEditor.Search:ASIAI0B
Importing 'GUID: f1f5cc0ec16bb47f8bca4d860c0c1339 - Path: Packages/com.unity.visualscripting/Runtime/VisualScripting.Flow/Framework/Events/BoltUnityEvent.cs - Importer: ScriptedImporter/UnityEditor.QuickSearchModule:UnityEditor.Search:ASIAI0B' with importer (ScriptedImporter : UnityEditor.QuickSearchModule:UnityEditor.Search:ASIAI0B)
Imported 'GUID: f1f5cc0ec16bb47f8bca4d860c0c1339' -> (Import Result ID: '2fa6dfeba6a5d165c4494b18649449bf') in 0.002 seconds [static and dynamic dependencies]. Details - ImportResultOutputID=e1172a16386b03ff893a27827031ae0b DependenciesID=7c29d58f35ec335a8b26593b5b6f58e4 StaticDependenciesID=c9bdc00ec4af190e9af358451f0cc49a 
Number of updated asset objects reloaded before import = 0
Number of asset objects unloaded after import = 0
========================================================================
Received Import Request.
  Time of request: 2026-10-01T17:13:27.5810539Z
  Time since last request: 0.0007166 seconds.
  importAddress: GUID: f9e773f6742c84fa28f8820bd00cce30 - Path: Packages/com.unity.visualscripting/Runtime/VisualScripting.Flow/Dependencies/NCalc/Unity.VisualScripting.Antlr3.Runtime.dll - Importer: ScriptedImporter/UnityEditor.QuickSearchModule:UnityEditor.Search:ASIAI0B
Importing 'GUID: f9e773f6742c84fa28f8820bd00cce30 - Path: Packages/com.unity.visualscripting/Runtime/VisualScripting.Flow/Dependencies/NCalc/Unity.VisualScripting.Antlr3.Runtime.dll - Importer: ScriptedImporter/UnityEditor.QuickSearchModule:UnityEditor.Search:ASIAI0B' with importer (ScriptedImporter : UnityEditor.QuickSearchModule:UnityEditor.Search:ASIAI0B)
Imported 'GUID: f9e773f6742c84fa28f8820bd00cce30' -> (Import Result ID: '1e5853008ed0df57516c7644e68f7758') in 0.003 seconds [static and dynamic dependencies]. Details - ImportResultOutputID=ac92f5b9fc66408c4d5cd4c9ea3bf11d DependenciesID=ab079908ed26e976774d8bc8f750aaa9 StaticDependenciesID=5be33d9909d033972926771b8ed792e7 
Number of updated asset objects reloaded before import = 0
Number of asset objects unloaded after import = 0
========================================================================
Received Import Request.
  Time of request: 2026-10-01T17:13:27.5913207Z
  Time since last request: 0.0002325 seconds.
  importAddress: GUID: 682aa02f705de452d8a79077d532a627 - Path: Packages/com.unity.visualscripting/Runtime/VisualScripting.Flow/Framework/Graph/GetGraph.cs - Importer: ScriptedImporter/UnityEditor.QuickSearchModule:UnityEditor.Search:ASIAI0B
Importing 'GUID: 682aa02f705de452d8a79077d532a627 - Path: Packages/com.unity.visualscripting/Runtime/VisualScripting.Flow/Framework/Graph/GetGraph.cs - Importer: ScriptedImporter/UnityEditor.QuickSearchModule:UnityEditor.Search:ASIAI0B' with importer (ScriptedImporter : UnityEditor.QuickSearchModule:UnityEditor.Search:ASIAI0B)
Imported 'GUID: 682aa02f705de452d8a79077d532a627' -> (Import Result ID: '9f44bcd04002c88f3334d2158be3cd0e') in 0.001 seconds [static and dynamic dependencies]. Details - ImportResultOutputID=ed4ed85a5df85f0f5776978e26150bdf DependenciesID=422c9c6623a5766ac63128f61cd46d21 StaticDependenciesID=1cb07a881b7c6fedf18b38aee0093486 
Number of updated asset objects reloaded before import = 0
Number of asset objects unloaded after import = 0
========================================================================
Received Import Request.
  Time of request: 2026-10-01T17:13:27.6003085Z
  Time since last request: 0.0002438 seconds.
  importAddress: GUID: 45e0b31244d22469f891e908230c5ef8 - Path: Packages/com.unity.visualscripting/Runtime/VisualScripting.Flow/Framework/Control/SwitchOnString.cs - Importer: ScriptedImporter/UnityEditor.QuickSearchModule:UnityEditor.Search:ASIAI0B
Importing 'GUID: 45e0b31244d22469f891e908230c5ef8 - Path: Packages/com.unity.visualscripting/Runtime/VisualScripting.Flow/Framework/Control/SwitchOnString.cs - Importer: ScriptedImporter/UnityEditor.QuickSearchModule:UnityEditor.Search:ASIAI0B' with importer (ScriptedImporter : UnityEditor.QuickSearchModule:UnityEditor.Search:ASIAI0B)
Imported 'GUID: 45e0b31244d22469f891e908230c5ef8' -> (Import Result ID: 'c2c4673fce67bb314be09c7cdd900da2') in 0.002 seconds [static and dynamic dependencies]. Details - ImportResultOutputID=671dacbd7ea8c93de335b38115c2b3e0 DependenciesID=800809946d5e4a1b77230725d7dc0090 StaticDependenciesID=7966291de8df5056b33bde97720c899b 
Number of updated asset objects reloaded before import = 0
Number of asset objects unloaded after import = 0
========================================================================
Received Import Request.
  Time of request: 2026-10-01T17:13:27.6087476Z
  Time since last request: 0.0002731 seconds.
  importAddress: GUID: 33c6a89291fe4454fb69c9af968b6830 - Path: Packages/com.unity.visualscripting/Runtime/VisualScripting.Flow/Framework/Collections/CountItems.cs - Importer: ScriptedImporter/UnityEditor.QuickSearchModule:UnityEditor.Search:ASIAI0B
Importing 'GUID: 33c6a89291fe4454fb69c9af968b6830 - Path: Packages/com.unity.visualscripting/Runtime/VisualScripting.Flow/Framework/Collections/CountItems.cs - Importer: ScriptedImporter/UnityEditor.QuickSearchModule:UnityEditor.Search:ASIAI0B' with importer (ScriptedImporter : UnityEditor.QuickSearchModule:UnityEditor.Search:ASIAI0B)
Imported 'GUID: 33c6a89291fe4454fb69c9af968b6830' -> (Import Result ID: '7ebe7d0f0b65ebfa90bdd85a97db1ff5') in 0.001 seconds [static and dynamic dependencies]. Details - ImportResultOutputID=5abf8ec6dc2a17c7c6213fbb6514c851 DependenciesID=ff28de655815a3eee5e2edb0668e354e StaticDependenciesID=d4a9b90dbdfbbf291e2ad64bbfa0c926 
Number of updated asset objects reloaded before import = 0
Number of asset objects unloaded after import = 0
========================================================================
Received Import Request.
  Time of request: 2026-10-01T17:13:27.6174268Z
  Time since last request: 0.0003593 seconds.
  importAddress: GUID: bd7208df7e06b49e19424ccc0a6cc140 - Path: Packages/com.unity.visualscripting/Runtime/VisualScripting.Flow/Framework/Events/EventUnit.cs - Importer: ScriptedImporter/UnityEditor.QuickSearchModule:UnityEditor.Search:ASIAI0B
Importing 'GUID: bd7208df7e06b49e19424ccc0a6cc140 - Path: Packages/com.unity.visualscripting/Runtime/VisualScripting.Flow/Framework/Events/EventUnit.cs - Importer: ScriptedImporter/UnityEditor.QuickSearchModule:UnityEditor.Search:ASIAI0B' with importer (ScriptedImporter : UnityEditor.QuickSearchModule:UnityEditor.Search:ASIAI0B)
Imported 'GUID: bd7208df7e06b49e19424ccc0a6cc140' -> (Import Result ID: '626c7d3fe8d733b737d8762b02a395f8') in 0.002 seconds [static and dynamic dependencies]. Details - ImportResultOutputID=769e27c75d2ad5501d7720553d388315 DependenciesID=5c97b9235e1d95ba2088cb15b9adfcc0 StaticDependenciesID=150fac20b081877af58aaf4b2e499a7f 
Number of updated asset objects reloaded before import = 0
Number of asset objects unloaded after import = 0
========================================================================
Received Import Request.
  Time of request: 2026-10-01T17:13:27.6265394Z
  Time since last request: 0.0003232 seconds.
  importAddress: GUID: 6295459a9bebe40f8bbd550549091410 - Path: Packages/com.unity.visualscripting/Runtime/VisualScripting.Flow/Framework/Events/TriggerCustomEvent.cs - Importer: ScriptedImporter/UnityEditor.QuickSearchModule:UnityEditor.Search:ASIAI0B
Importing 'GUID: 6295459a9bebe40f8bbd550549091410 - Path: Packages/com.unity.visualscripting/Runtime/VisualScripting.Flow/Framework/Events/TriggerCustomEvent.cs - Importer: ScriptedImporter/UnityEditor.QuickSearchModule:UnityEditor.Search:ASIAI0B' with importer (ScriptedImporter : UnityEditor.QuickSearchModule:UnityEditor.Search:ASIAI0B)
Imported 'GUID: 6295459a9bebe40f8bbd550549091410' -> (Import Result ID: 'af5f96450d8a02e0ec78be7228c48b71') in 0.002 seconds [static and dynamic dependencies]. Details - ImportResultOutputID=1a23d1d35041657c82984e9bdeb6516b DependenciesID=47129a9857867b65aa7c2da49dcef5de StaticDependenciesID=a567b83bb7e5de06d1559be3681d169b 
Number of updated asset objects reloaded before import = 0
Number of asset objects unloaded after import = 0
========================================================================
Received Import Request.
  Time of request: 2026-10-01T17:13:27.6357998Z
  Time since last request: 0.0005824 seconds.
  importAddress: GUID: d0be416aee80140f1b4dc427896bc8c5 - Path: Packages/com.unity.visualscripting/Runtime/VisualScripting.Flow/Framework/Control/ForEach.cs - Importer: ScriptedImporter/UnityEditor.QuickSearchModule:UnityEditor.Search:ASIAI0B
Importing 'GUID: d0be416aee80140f1b4dc427896bc8c5 - Path: Packages/com.unity.visualscripting/Runtime/VisualScripting.Flow/Framework/Control/ForEach.cs - Importer: ScriptedImporter/UnityEditor.QuickSearchModule:UnityEditor.Search:ASIAI0B' with importer (ScriptedImporter : UnityEditor.QuickSearchModule:UnityEditor.Search:ASIAI0B)
Imported 'GUID: d0be416aee80140f1b4dc427896bc8c5' -> (Import Result ID: '9a6de498dcee0df5efcbbe504249e5dc') in 0.002 seconds [static and dynamic dependencies]. Details - ImportResultOutputID=909d0b83c1efe33a6dd15ce866d01f8e DependenciesID=a2c5cac397e53db9e452dd9ea6669568 StaticDependenciesID=32dd97b7e4ba172ace1fb0f657d1b998 
Number of updated asset objects reloaded before import = 0
Number of asset objects unloaded after import = 0
========================================================================
Received Import Request.
  Time of request: 2026-10-01T17:13:27.6433339Z
  Time since last request: 0.0002733 seconds.
  importAddress: GUID: 76b0b46319dee4014a91956b9c12c7c3 - Path: Packages/com.unity.visualscripting/Runtime/VisualScripting.Flow/Framework/Control/TryCatch.cs - Importer: ScriptedImporter/UnityEditor.QuickSearchModule:UnityEditor.Search:ASIAI0B
Importing 'GUID: 76b0b46319dee4014a91956b9c12c7c3 - Path: Packages/com.unity.visualscripting/Runtime/VisualScripting.Flow/Framework/Control/TryCatch.cs - Importer: ScriptedImporter/UnityEditor.QuickSearchModule:UnityEditor.Search:ASIAI0B' with importer (ScriptedImporter : UnityEditor.QuickSearchModule:UnityEditor.Search:ASIAI0B)
Imported 'GUID: 76b0b46319dee4014a91956b9c12c7c3' -> (Import Result ID: '37b654f07723bfa74cba630f6002cb66') in 0.002 seconds [static and dynamic dependencies]. Details - ImportResultOutputID=e4986269ee4dd17f5a22545811ce8b99 DependenciesID=d7f409e516064a868a0f6f559a841b77 StaticDependenciesID=7c2f394a962cc92824bcd50d21122760 
Number of updated asset objects reloaded before import = 0
Number of asset objects unloaded after import = 0
========================================================================
Received Import Request.
  Time of request: 2026-10-01T17:13:27.6618908Z
  Time since last request: 0.0106523 seconds.
  importAddress: GUID: 1ad0f7bc8a1f5415dbd2bf02efc850bf - Path: Packages/com.unity.visualscripting/Runtime/VisualScripting.Flow/Framework/Graph/ScriptGraphContainerType.cs - Importer: ScriptedImporter/UnityEditor.QuickSearchModule:UnityEditor.Search:ASIAI0B
Importing 'GUID: 1ad0f7bc8a1f5415dbd2bf02efc850bf - Path: Packages/com.unity.visualscripting/Runtime/VisualScripting.Flow/Framework/Graph/ScriptGraphContainerType.cs - Importer: ScriptedImporter/UnityEditor.QuickSearchModule:UnityEditor.Search:ASIAI0B' with importer (ScriptedImporter : UnityEditor.QuickSearchModule:UnityEditor.Search:ASIAI0B)
Imported 'GUID: 1ad0f7bc8a1f5415dbd2bf02efc850bf' -> (Import Result ID: 'c9887dc78437652a946abd0be51041b5') in 0.001 seconds [static and dynamic dependencies]. Details - ImportResultOutputID=6d86522dc386a9e76d9970487fafb1e6 DependenciesID=9a45a863f1ddaf0597199cea130defb8 StaticDependenciesID=c7cb383138d790bc21a6202d0d5d3e59 
Number of updated asset objects reloaded before import = 0
Number of asset objects unloaded after import = 0
========================================================================
Received Import Request.
  Time of request: 2026-10-01T17:13:27.6702993Z
  Time since last request: 0.0001979 seconds.
  importAddress: GUID: 380330ce527bc45faaec6132f11b2fe6 - Path: Packages/com.unity.visualscripting/Runtime/VisualScripting.Flow/Framework/Math/PerSecond.cs - Importer: ScriptedImporter/UnityEditor.QuickSearchModule:UnityEditor.Search:ASIAI0B
Importing 'GUID: 380330ce527bc45faaec6132f11b2fe6 - Path: Packages/com.unity.visualscripting/Runtime/VisualScripting.Flow/Framework/Math/PerSecond.cs - Importer: ScriptedImporter/UnityEditor.QuickSearchModule:UnityEditor.Search:ASIAI0B' with importer (ScriptedImporter : UnityEditor.QuickSearchModule:UnityEditor.Search:ASIAI0B)
Imported 'GUID: 380330ce527bc45faaec6132f11b2fe6' -> (Import Result ID: '46affad8bccebe133cb06a382bdab709') in 0.001 seconds [static and dynamic dependencies]. Details - ImportResultOutputID=7ce7351c02b5fc6cb6c8cfb5c68744d1 DependenciesID=2b98a4560296661017e6758b711f3db6 StaticDependenciesID=90b666b07b9c69787096a19bb9b18ca4 
Number of updated asset objects reloaded before import = 0
Number of asset objects unloaded after import = 0
========================================================================
Received Import Request.
  Time of request: 2026-10-01T17:13:27.6777255Z
  Time since last request: 0.0005159 seconds.
  importAddress: GUID: 534413c3fdaa04b5597bcb93bde48b49 - Path: Packages/com.unity.visualscripting/Runtime/VisualScripting.Flow/Framework/Math/Project.cs - Importer: ScriptedImporter/UnityEditor.QuickSearchModule:UnityEditor.Search:ASIAI0B
Importing 'GUID: 534413c3fdaa04b5597bcb93bde48b49 - Path: Packages/com.unity.visualscripting/Runtime/VisualScripting.Flow/Framework/Math/Project.cs - Importer: ScriptedImporter/UnityEditor.QuickSearchModule:UnityEditor.Search:ASIAI0B' with importer (ScriptedImporter : UnityEditor.QuickSearchModule:UnityEditor.Search:ASIAI0B)
Imported 'GUID: 534413c3fdaa04b5597bcb93bde48b49' -> (Import Result ID: '34e80aa5b8332974dc4a2812278fc021') in 0.001 seconds [static and dynamic dependencies]. Details - ImportResultOutputID=8cb5fbc4f9582967a52ab39abfeda5de DependenciesID=54225659cdd10044862055163559bf07 StaticDependenciesID=ff6db2d234b05e3d8162ffa061a82cb5 
Number of updated asset objects reloaded before import = 0
Number of asset objects unloaded after import = 0
========================================================================
Received Import Request.
  Time of request: 2026-10-01T17:13:27.68508Z
  Time since last request: 0.0002032 seconds.
  importAddress: GUID: e6845fb1b3e234ec3a032ba6e14b7e85 - Path: Packages/com.unity.visualscripting/Runtime/VisualScripting.Flow/Framework/Logic/ApproximatelyEqual.cs - Importer: ScriptedImporter/UnityEditor.QuickSearchModule:UnityEditor.Search:ASIAI0B
Importing 'GUID: e6845fb1b3e234ec3a032ba6e14b7e85 - Path: Packages/com.unity.visualscripting/Runtime/VisualScripting.Flow/Framework/Logic/ApproximatelyEqual.cs - Importer: ScriptedImporter/UnityEditor.QuickSearchModule:UnityEditor.Search:ASIAI0B' with importer (ScriptedImporter : UnityEditor.QuickSearchModule:UnityEditor.Search:ASIAI0B)
Imported 'GUID: e6845fb1b3e234ec3a032ba6e14b7e85' -> (Import Result ID: '38c43f45025dae1a423fa7d1083b1bf3') in 0.001 seconds [static and dynamic dependencies]. Details - ImportResultOutputID=e8b27dc960c0300471840f464fb4556c DependenciesID=842a2c77a9c5ed558858122dbb2b1ae3 StaticDependenciesID=86f15f2a86cdbb0747a19f4fc413a86c 
Number of updated asset objects reloaded before import = 0
Number of asset objects unloaded after import = 0
========================================================================
Received Import Request.
  Time of request: 2026-10-01T17:13:27.6929751Z
  Time since last request: 0.0005474 seconds.
  importAddress: GUID: 19e33d0193ab84820855fc989cb9d7eb - Path: Packages/com.unity.visualscripting/Runtime/VisualScripting.Flow/Framework/Math/Divide.cs - Importer: ScriptedImporter/UnityEditor.QuickSearchModule:UnityEditor.Search:ASIAI0B
Importing 'GUID: 19e33d0193ab84820855fc989cb9d7eb - Path: Packages/com.unity.visualscripting/Runtime/VisualScripting.Flow/Framework/Math/Divide.cs - Importer: ScriptedImporter/UnityEditor.QuickSearchModule:UnityEditor.Search:ASIAI0B' with importer (ScriptedImporter : UnityEditor.QuickSearchModule:UnityEditor.Search:ASIAI0B)
Imported 'GUID: 19e33d0193ab84820855fc989cb9d7eb' -> (Import Result ID: '92bc829e43f1a97ac6e3b21f4ad80d86') in 0.001 seconds [static and dynamic dependencies]. Details - ImportResultOutputID=7ea0f786cef61f3be5080279b0621ee0 DependenciesID=e687f0b3941bcdb30ede467c08239501 StaticDependenciesID=7ae1a3571ddfa3d274fb47ca577f1035 
Number of updated asset objects reloaded before import = 0
Number of asset objects unloaded after import = 0
========================================================================
Received Import Request.
  Time of request: 2026-10-01T17:13:27.7019696Z
  Time since last request: 0.0001919 seconds.
  importAddress: GUID: 1a5a5df0e4f7041b691dcef865c9c428 - Path: Packages/com.unity.visualscripting/Runtime/VisualScripting.Flow/Framework/Time/WaitWhileUnit.cs - Importer: ScriptedImporter/UnityEditor.QuickSearchModule:UnityEditor.Search:ASIAI0B
Importing 'GUID: 1a5a5df0e4f7041b691dcef865c9c428 - Path: Packages/com.unity.visualscripting/Runtime/VisualScripting.Flow/Framework/Time/WaitWhileUnit.cs - Importer: ScriptedImporter/UnityEditor.QuickSearchModule:UnityEditor.Search:ASIAI0B' with importer (ScriptedImporter : UnityEditor.QuickSearchModule:UnityEditor.Search:ASIAI0B)
Imported 'GUID: 1a5a5df0e4f7041b691dcef865c9c428' -> (Import Result ID: 'f766c0907cbc68d40d891790d7f3ff31') in 0.001 seconds [static and dynamic dependencies]. Details - ImportResultOutputID=879f7c6a7d078730bb7af780cfd23996 DependenciesID=1184e0dcd78f47fad8804d8ae9a1656c StaticDependenciesID=6eaf059058121a071ffe6fd342d80bd3 
Number of updated asset objects reloaded before import = 0
Number of asset objects unloaded after import = 0
========================================================================
Received Import Request.
  Time of request: 2026-10-01T17:13:27.7105769Z
  Time since last request: 0.0002523 seconds.
  importAddress: GUID: 10429c7f27ad94c7cb1499b5a5163207 - Path: Packages/com.unity.visualscripting/Runtime/VisualScripting.Flow/Framework/Math/Normalize.cs - Importer: ScriptedImporter/UnityEditor.QuickSearchModule:UnityEditor.Search:ASIAI0B
Importing 'GUID: 10429c7f27ad94c7cb1499b5a5163207 - Path: Packages/com.unity.visualscripting/Runtime/VisualScripting.Flow/Framework/Math/Normalize.cs - Importer: ScriptedImporter/UnityEditor.QuickSearchModule:UnityEditor.Search:ASIAI0B' with importer (ScriptedImporter : UnityEditor.QuickSearchModule:UnityEditor.Search:ASIAI0B)
Imported 'GUID: 10429c7f27ad94c7cb1499b5a5163207' -> (Import Result ID: '98893ec2be16c451cef993e69af3e7cb') in 0.002 seconds [static and dynamic dependencies]. Details - ImportResultOutputID=913705d419304f80f080a784b92224ea DependenciesID=c0e73b52bf68e58b3b096fcf3947bb9d StaticDependenciesID=04c738bb80c45b235472004e6847707d 
Number of updated asset objects reloaded before import = 0
Number of asset objects unloaded after import = 0
========================================================================
Received Import Request.
  Time of request: 2026-10-01T17:13:27.7194633Z
  Time since last request: 0.0002772 seconds.
  importAddress: GUID: 962d2c1de100b4bee951cc5d53693b9f - Path: Packages/com.unity.visualscripting/Runtime/VisualScripting.Flow/Framework/Time/Cooldown.cs - Importer: ScriptedImporter/UnityEditor.QuickSearchModule:UnityEditor.Search:ASIAI0B
Importing 'GUID: 962d2c1de100b4bee951cc5d53693b9f - Path: Packages/com.unity.visualscripting/Runtime/VisualScripting.Flow/Framework/Time/Cooldown.cs - Importer: ScriptedImporter/UnityEditor.QuickSearchModule:UnityEditor.Search:ASIAI0B' with importer (ScriptedImporter : UnityEditor.QuickSearchModule:UnityEditor.Search:ASIAI0B)
Imported 'GUID: 962d2c1de100b4bee951cc5d53693b9f' -> (Import Result ID: 'c8cd40b2bf8e8e95d20ca2bfeed84aa6') in 0.002 seconds [static and dynamic dependencies]. Details - ImportResultOutputID=24b4b5886f92c5c781d33b2f7fee1beb DependenciesID=3c1c6cfd856abbbc1da778263e0f1b53 StaticDependenciesID=bf6e34d494275cb38922aa7abe3bc792 
Number of updated asset objects reloaded before import = 0
Number of asset objects unloaded after import = 0
========================================================================
Received Import Request.
  Time of request: 2026-10-01T17:13:27.7273377Z
  Time since last request: 0.0002295 seconds.
  importAddress: GUID: e49254f4d20de43e3aeabce2138f05e0 - Path: Packages/com.unity.visualscripting/Runtime/VisualScripting.Flow/Framework/Variables/GetVariable.cs - Importer: ScriptedImporter/UnityEditor.QuickSearchModule:UnityEditor.Search:ASIAI0B
Importing 'GUID: e49254f4d20de43e3aeabce2138f05e0 - Path: Packages/com.unity.visualscripting/Runtime/VisualScripting.Flow/Framework/Variables/GetVariable.cs - Importer: ScriptedImporter/UnityEditor.QuickSearchModule:UnityEditor.Search:ASIAI0B' with importer (ScriptedImporter : UnityEditor.QuickSearchModule:UnityEditor.Search:ASIAI0B)
Imported 'GUID: e49254f4d20de43e3aeabce2138f05e0' -> (Import Result ID: '05424220c613254c66787704b58d87b3') in 0.001 seconds [static and dynamic dependencies]. Details - ImportResultOutputID=1c8213f7e50cb42ae392c421db80bb05 DependenciesID=9e07474f9416bcd2274a4937ba7bc5bd StaticDependenciesID=1c373b04e899d17fab4cca6cbefd7061 
Number of updated asset objects reloaded before import = 0
Number of asset objects unloaded after import = 0
========================================================================
Received Import Request.
  Time of request: 2026-10-01T17:13:27.7449031Z
  Time since last request: 0.0097908 seconds.
  importAddress: GUID: 4148c9dca42b44d6ea0c67879fb1cd06 - Path: Packages/com.unity.visualscripting/Editor/VisualScripting.Core/Dependencies/ReorderableList/ElementAdderMenu/GenericElementAdderMenu.cs - Importer: ScriptedImporter/UnityEditor.QuickSearchModule:UnityEditor.Search:ASIAI0B
Importing 'GUID: 4148c9dca42b44d6ea0c67879fb1cd06 - Path: Packages/com.unity.visualscripting/Editor/VisualScripting.Core/Dependencies/ReorderableList/ElementAdderMenu/GenericElementAdderMenu.cs - Importer: ScriptedImporter/UnityEditor.QuickSearchModule:UnityEditor.Search:ASIAI0B' with importer (ScriptedImporter : UnityEditor.QuickSearchModule:UnityEditor.Search:ASIAI0B)
Imported 'GUID: 4148c9dca42b44d6ea0c67879fb1cd06' -> (Import Result ID: '78d71eacbe2c0cd4f5dc850fed0212de') in 0.002 seconds [static and dynamic dependencies]. Details - ImportResultOutputID=a7cca7931e248134e6ced26fb5542f73 DependenciesID=c58a1979a7cc761a7c671440f6d42723 StaticDependenciesID=d175130d8bd5fc7afd34542f8b4c586a 
Number of updated asset objects reloaded before import = 0
Number of asset objects unloaded after import = 0
========================================================================
Received Import Request.
  Time of request: 2026-10-01T17:13:27.7529391Z
  Time since last request: 0.0004608 seconds.
  importAddress: GUID: 4d5046bf8ada542e998a008e342a93ea - Path: Packages/com.unity.visualscripting/Editor/VisualScripting.Core/Plugin/Changelogs/LegacyLudiqCore/Changelog_1_0_0.cs - Importer: ScriptedImporter/UnityEditor.QuickSearchModule:UnityEditor.Search:ASIAI0B
Importing 'GUID: 4d5046bf8ada542e998a008e342a93ea - Path: Packages/com.unity.visualscripting/Editor/VisualScripting.Core/Plugin/Changelogs/LegacyLudiqCore/Changelog_1_0_0.cs - Importer: ScriptedImporter/UnityEditor.QuickSearchModule:UnityEditor.Search:ASIAI0B' with importer (ScriptedImporter : UnityEditor.QuickSearchModule:UnityEditor.Search:ASIAI0B)
Imported 'GUID: 4d5046bf8ada542e998a008e342a93ea' -> (Import Result ID: '4f6973da67a931e04a8f88e76cbced9a') in 0.002 seconds [static and dynamic dependencies]. Details - ImportResultOutputID=bbf5fb91417cd9b52cd9e70f4abb58d2 DependenciesID=8ed4b9bf7f530bfe9e25b57a5a8eeb67 StaticDependenciesID=68482077f1900a04a9aa70c17602d5f2 
Number of updated asset objects reloaded before import = 0
Number of asset objects unloaded after import = 0
========================================================================
Received Import Request.
  Time of request: 2026-10-01T17:13:27.7608845Z
  Time since last request: 0.0004329 seconds.
  importAddress: GUID: 8d35773964af148639b8eadf97586c79 - Path: Packages/com.unity.visualscripting/Editor/VisualScripting.Core/Plugin/Changelogs/LegacyLudiqCore/Changelog_1_0_5.cs - Importer: ScriptedImporter/UnityEditor.QuickSearchModule:UnityEditor.Search:ASIAI0B
Importing 'GUID: 8d35773964af148639b8eadf97586c79 - Path: Packages/com.unity.visualscripting/Editor/VisualScripting.Core/Plugin/Changelogs/LegacyLudiqCore/Changelog_1_0_5.cs - Importer: ScriptedImporter/UnityEditor.QuickSearchModule:UnityEditor.Search:ASIAI0B' with importer (ScriptedImporter : UnityEditor.QuickSearchModule:UnityEditor.Search:ASIAI0B)
Imported 'GUID: 8d35773964af148639b8eadf97586c79' -> (Import Result ID: '9653028c85c7b2c3f8cf7f6525450da9') in 0.002 seconds [static and dynamic dependencies]. Details - ImportResultOutputID=64e2cfee67178dbaa5546a0e5fced3ba DependenciesID=4e0ef5d9a1e9946b6b961277e204ad27 StaticDependenciesID=e8cd6c258489389f77080ec9664a09ae 
Number of updated asset objects reloaded before import = 0
Number of asset objects unloaded after import = 0
========================================================================
Received Import Request.
  Time of request: 2026-10-01T17:13:27.7694605Z
  Time since last request: 0.0001687 seconds.
  importAddress: GUID: 1ac45c1c3f7324e629346851dd170487 - Path: Packages/com.unity.visualscripting/Editor/VisualScripting.Core/Plugin/Changelogs/LegacyLudiqGraphs/Changelog_1_1_3.cs - Importer: ScriptedImporter/UnityEditor.QuickSearchModule:UnityEditor.Search:ASIAI0B
Importing 'GUID: 1ac45c1c3f7324e629346851dd170487 - Path: Packages/com.unity.visualscripting/Editor/VisualScripting.Core/Plugin/Changelogs/LegacyLudiqGraphs/Changelog_1_1_3.cs - Importer: ScriptedImporter/UnityEditor.QuickSearchModule:UnityEditor.Search:ASIAI0B' with importer (ScriptedImporter : UnityEditor.QuickSearchModule:UnityEditor.Search:ASIAI0B)
Imported 'GUID: 1ac45c1c3f7324e629346851dd170487' -> (Import Result ID: '91ecf0f29af2165f8c18dd8d7795271a') in 0.002 seconds [static and dynamic dependencies]. Details - ImportResultOutputID=65c8c0ab22f0f39b8c96f3850dd565e3 DependenciesID=0e1a2d292b78c9ade6028733fbb2191f StaticDependenciesID=d522e9014c3d5bd014e2aa096ab3f6af 
Number of updated asset objects reloaded before import = 0
Number of asset objects unloaded after import = 0
========================================================================
Received Import Request.
  Time of request: 2026-10-01T17:13:27.7769786Z
  Time since last request: 0.0002124 seconds.
  importAddress: GUID: 97f6ae860506d4fdab45c5f475c6389c - Path: Packages/com.unity.visualscripting/Editor/VisualScripting.Core/Dependencies/ReorderableList/Internal/GUIHelper.cs - Importer: ScriptedImporter/UnityEditor.QuickSearchModule:UnityEditor.Search:ASIAI0B
Importing 'GUID: 97f6ae860506d4fdab45c5f475c6389c - Path: Packages/com.unity.visualscripting/Editor/VisualScripting.Core/Dependencies/ReorderableList/Internal/GUIHelper.cs - Importer: ScriptedImporter/UnityEditor.QuickSearchModule:UnityEditor.Search:ASIAI0B' with importer (ScriptedImporter : UnityEditor.QuickSearchModule:UnityEditor.Search:ASIAI0B)
Imported 'GUID: 97f6ae860506d4fdab45c5f475c6389c' -> (Import Result ID: '0a8e1a99103d0974c46fcdb1d9afe80d') in 0.001 seconds [static and dynamic dependencies]. Details - ImportResultOutputID=3814a7310c8c840f6f6c98974aaa372b DependenciesID=40044d0e6c8d0c4aa094a05ff10f7fb9 StaticDependenciesID=3b508218631e91b5f286c3dd97f251b3 
Number of updated asset objects reloaded before import = 0
Number of asset objects unloaded after import = 0
========================================================================
Received Import Request.
  Time of request: 2026-10-01T17:13:27.7843446Z
  Time since last request: 0.0002516 seconds.
  importAddress: GUID: cbce043494e0e44c19b7b72e0abfc875 - Path: Packages/com.unity.visualscripting/Editor/VisualScripting.Core/Plugin/Changelogs/LegacyLudiqCore/Changelog_1_2_4.cs - Importer: ScriptedImporter/UnityEditor.QuickSearchModule:UnityEditor.Search:ASIAI0B
Importing 'GUID: cbce043494e0e44c19b7b72e0abfc875 - Path: Packages/com.unity.visualscripting/Editor/VisualScripting.Core/Plugin/Changelogs/LegacyLudiqCore/Changelog_1_2_4.cs - Importer: ScriptedImporter/UnityEditor.QuickSearchModule:UnityEditor.Search:ASIAI0B' with importer (ScriptedImporter : UnityEditor.QuickSearchModule:UnityEditor.Search:ASIAI0B)
Imported 'GUID: cbce043494e0e44c19b7b72e0abfc875' -> (Import Result ID: '70159ba82692e03bd488e2c784a4ce84') in 0.001 seconds [static and dynamic dependencies]. Details - ImportResultOutputID=f5b85484ae2986f39d3c507ea35e102d DependenciesID=cca81386b953ce625aa3d07eab527b0d StaticDependenciesID=32d79c1210583d93fe16d8a85a2eee95 
Number of updated asset objects reloaded before import = 0
Number of asset objects unloaded after import = 0
========================================================================
Received Import Request.
  Time of request: 2026-10-01T17:13:27.7924813Z
  Time since last request: 0.0003388 seconds.
  importAddress: GUID: e369d7f61e2b345dc9cde04295c6d7fc - Path: Packages/com.unity.visualscripting/Editor/VisualScripting.Flow/Framework/Variables/Obsolete/VariableUnitWidget.cs - Importer: ScriptedImporter/UnityEditor.QuickSearchModule:UnityEditor.Search:ASIAI0B
Importing 'GUID: e369d7f61e2b345dc9cde04295c6d7fc - Path: Packages/com.unity.visualscripting/Editor/VisualScripting.Flow/Framework/Variables/Obsolete/VariableUnitWidget.cs - Importer: ScriptedImporter/UnityEditor.QuickSearchModule:UnityEditor.Search:ASIAI0B' with importer (ScriptedImporter : UnityEditor.QuickSearchModule:UnityEditor.Search:ASIAI0B)
Imported 'GUID: e369d7f61e2b345dc9cde04295c6d7fc' -> (Import Result ID: 'f88f3c3639880af2c4317d6b6b687715') in 0.002 seconds [static and dynamic dependencies]. Details - ImportResultOutputID=eebebb3c0573a9b1d227fafc9d7f0e33 DependenciesID=236072d4ec22c616e2b2e18596fa6667 StaticDependenciesID=324ad67784d9527c75a45ea0e5089743 
Number of updated asset objects reloaded before import = 0
Number of asset objects unloaded after import = 0
========================================================================
Received Import Request.
  Time of request: 2026-10-01T17:13:27.799965Z
  Time since last request: 0.0002139 seconds.
  importAddress: GUID: 9d73619b4290942afaf5a541d4ff2d4b - Path: Packages/com.unity.visualscripting/Editor/VisualScripting.Core/Dependencies/ReorderableList/ElementAdderMenu/IElementAdderMenuCommand.cs - Importer: ScriptedImporter/UnityEditor.QuickSearchModule:UnityEditor.Search:ASIAI0B
Importing 'GUID: 9d73619b4290942afaf5a541d4ff2d4b - Path: Packages/com.unity.visualscripting/Editor/VisualScripting.Core/Dependencies/ReorderableList/ElementAdderMenu/IElementAdderMenuCommand.cs - Importer: ScriptedImporter/UnityEditor.QuickSearchModule:UnityEditor.Search:ASIAI0B' with importer (ScriptedImporter : UnityEditor.QuickSearchModule:UnityEditor.Search:ASIAI0B)
Imported 'GUID: 9d73619b4290942afaf5a541d4ff2d4b' -> (Import Result ID: '4035e7adc5a4f6459720ce7cfbb4d239') in 0.001 seconds [static and dynamic dependencies]. Details - ImportResultOutputID=7e4c2794fe42c710d6dbea894ebe2872 DependenciesID=b09294e263d2651a74aa04594ebe9065 StaticDependenciesID=7aaef30e31a603f87890fde8bd94a259 
Number of updated asset objects reloaded before import = 0
Number of asset objects unloaded after import = 0
========================================================================
Received Import Request.
  Time of request: 2026-10-01T17:13:27.8075364Z
  Time since last request: 0.0002971 seconds.
  importAddress: GUID: ce45d6791b921454c821e8a1c9b5bd30 - Path: Packages/com.unity.visualscripting/Editor/VisualScripting.Core/Dependencies/ReorderableList/Internal/SerializedPropertyUtility.cs - Importer: ScriptedImporter/UnityEditor.QuickSearchModule:UnityEditor.Search:ASIAI0B
Importing 'GUID: ce45d6791b921454c821e8a1c9b5bd30 - Path: Packages/com.unity.visualscripting/Editor/VisualScripting.Core/Dependencies/ReorderableList/Internal/SerializedPropertyUtility.cs - Importer: ScriptedImporter/UnityEditor.QuickSearchModule:UnityEditor.Search:ASIAI0B' with importer (ScriptedImporter : UnityEditor.QuickSearchModule:UnityEditor.Search:ASIAI0B)
Imported 'GUID: ce45d6791b921454c821e8a1c9b5bd30' -> (Import Result ID: '6f41d75ea0c91eb9ad88c20c81ae2dbb') in 0.001 seconds [static and dynamic dependencies]. Details - ImportResultOutputID=c51a1427d3f7b96ada57736bda9103d0 DependenciesID=c00330eeb48aaaae2223358208da5c57 StaticDependenciesID=f146a89abf306fda91d49f9249cac2ff 
Number of updated asset objects reloaded before import = 0
Number of asset objects unloaded after import = 0
========================================================================
Received Import Request.
  Time of request: 2026-10-01T17:13:27.8339102Z
  Time since last request: 0.0188694 seconds.
  importAddress: GUID: e4a7c13c64f25473ea761f6e55d8aeed - Path: Packages/com.unity.visualscripting/Runtime/VisualScripting.Flow/Framework/Collections/Dictionaries/RemoveDictionaryItem.cs - Importer: ScriptedImporter/UnityEditor.QuickSearchModule:UnityEditor.Search:ASIAI0B
Importing 'GUID: e4a7c13c64f25473ea761f6e55d8aeed - Path: Packages/com.unity.visualscripting/Runtime/VisualScripting.Flow/Framework/Collections/Dictionaries/RemoveDictionaryItem.cs - Importer: ScriptedImporter/UnityEditor.QuickSearchModule:UnityEditor.Search:ASIAI0B' with importer (ScriptedImporter : UnityEditor.QuickSearchModule:UnityEditor.Search:ASIAI0B)
Imported 'GUID: e4a7c13c64f25473ea761f6e55d8aeed' -> (Import Result ID: '946a1f12808d80a76e35421fd3869d68') in 0.001 seconds [static and dynamic dependencies]. Details - ImportResultOutputID=4fd71bd0afef11498a0ade24b42e869d DependenciesID=942892834da431cfe7e0c5a7ee84267b StaticDependenciesID=d76b3bbc0d8a35528901374ad2dcc351 
Number of updated asset objects reloaded before import = 0
Number of asset objects unloaded after import = 0
========================================================================
Received Import Request.
  Time of request: 2026-10-01T17:13:27.8420285Z
  Time since last request: 0.0004228 seconds.
  importAddress: GUID: 5ea571a61c1ab43a9a23fa382fe65383 - Path: Packages/com.unity.visualscripting/Runtime/VisualScripting.Flow/Framework/Events/GUI/OnGUI.cs - Importer: ScriptedImporter/UnityEditor.QuickSearchModule:UnityEditor.Search:ASIAI0B
Importing 'GUID: 5ea571a61c1ab43a9a23fa382fe65383 - Path: Packages/com.unity.visualscripting/Runtime/VisualScripting.Flow/Framework/Events/GUI/OnGUI.cs - Importer: ScriptedImporter/UnityEditor.QuickSearchModule:UnityEditor.Search:ASIAI0B' with importer (ScriptedImporter : UnityEditor.QuickSearchModule:UnityEditor.Search:ASIAI0B)
Imported 'GUID: 5ea571a61c1ab43a9a23fa382fe65383' -> (Import Result ID: 'e44cbe6bf0a307e9741b8628b8fcb93b') in 0.001 seconds [static and dynamic dependencies]. Details - ImportResultOutputID=e99d0227833b8692bec6680ac6043243 DependenciesID=e6849375cc2da4953af13f171b2a7c29 StaticDependenciesID=c3abadfe828f8ff22580065b74463021 
Number of updated asset objects reloaded before import = 0
Number of asset objects unloaded after import = 0
========================================================================
Received Import Request.
  Time of request: 2026-10-01T17:13:27.8497246Z
  Time since last request: 0.000514 seconds.
  importAddress: GUID: 51067c71ac63e4194be5651f0c1a32ad - Path: Packages/com.unity.visualscripting/Runtime/VisualScripting.Core/Dependencies/FullSerializer/Reflection/fsReflectionUtility.cs - Importer: ScriptedImporter/UnityEditor.QuickSearchModule:UnityEditor.Search:ASIAI0B
Importing 'GUID: 51067c71ac63e4194be5651f0c1a32ad - Path: Packages/com.unity.visualscripting/Runtime/VisualScripting.Core/Dependencies/FullSerializer/Reflection/fsReflectionUtility.cs - Importer: ScriptedImporter/UnityEditor.QuickSearchModule:UnityEditor.Search:ASIAI0B' with importer (ScriptedImporter : UnityEditor.QuickSearchModule:UnityEditor.Search:ASIAI0B)
Imported 'GUID: 51067c71ac63e4194be5651f0c1a32ad' -> (Import Result ID: '3736272900b6bc3fa2e2e3dfc13352fe') in 0.001 seconds [static and dynamic dependencies]. Details - ImportResultOutputID=98dac774d8bdb5370aa35e65df33d87f DependenciesID=2fed3622f32f4eb005ab73687f6b7085 StaticDependenciesID=daf62c3466dfe26cbf22f73e09914b5b 
Number of updated asset objects reloaded before import = 0
Number of asset objects unloaded after import = 0
========================================================================
Received Import Request.
  Time of request: 2026-10-01T17:13:27.8572956Z
  Time since last request: 0.0005014 seconds.
  importAddress: GUID: e21f2125eef984c988322507eec1b786 - Path: Packages/com.unity.visualscripting/Runtime/VisualScripting.Flow/Framework/Events/GUI/OnEndDrag.cs - Importer: ScriptedImporter/UnityEditor.QuickSearchModule:UnityEditor.Search:ASIAI0B
Importing 'GUID: e21f2125eef984c988322507eec1b786 - Path: Packages/com.unity.visualscripting/Runtime/VisualScripting.Flow/Framework/Events/GUI/OnEndDrag.cs - Importer: ScriptedImporter/UnityEditor.QuickSearchModule:UnityEditor.Search:ASIAI0B' with importer (ScriptedImporter : UnityEditor.QuickSearchModule:UnityEditor.Search:ASIAI0B)
Imported 'GUID: e21f2125eef984c988322507eec1b786' -> (Import Result ID: '8354e40095900662ffa75619bf57a043') in 0.001 seconds [static and dynamic dependencies]. Details - ImportResultOutputID=27202b71f3917abf6d8e41aea036ca46 DependenciesID=0db3c16b4408f4b665efc96f5847da59 StaticDependenciesID=0b610da9f9f673b1e3f4252e2e5541bd 
Number of updated asset objects reloaded before import = 0
Number of asset objects unloaded after import = 0
========================================================================
Received Import Request.
  Time of request: 2026-10-01T17:13:27.8649774Z
  Time since last request: 0.0003436 seconds.
  importAddress: GUID: ab94a630dd6e9441ba5d116d7c1bcfd4 - Path: Packages/com.unity.visualscripting/Runtime/VisualScripting.Core/Dependencies/FullSerializer/Converters/fsEnumConverter.cs - Importer: ScriptedImporter/UnityEditor.QuickSearchModule:UnityEditor.Search:ASIAI0B
Importing 'GUID: ab94a630dd6e9441ba5d116d7c1bcfd4 - Path: Packages/com.unity.visualscripting/Runtime/VisualScripting.Core/Dependencies/FullSerializer/Converters/fsEnumConverter.cs - Importer: ScriptedImporter/UnityEditor.QuickSearchModule:UnityEditor.Search:ASIAI0B' with importer (ScriptedImporter : UnityEditor.QuickSearchModule:UnityEditor.Search:ASIAI0B)
Imported 'GUID: ab94a630dd6e9441ba5d116d7c1bcfd4' -> (Import Result ID: '7bd0bc92c56ae5a75361bca94daef66c') in 0.001 seconds [static and dynamic dependencies]. Details - ImportResultOutputID=5c3fd162b3ab17de7a328a0b17d5af18 DependenciesID=08a3890226f267c972576e656462d19f StaticDependenciesID=ddcbf29e91a6d4a38aa7826efc4ff4e0 
Number of updated asset objects reloaded before import = 0
Number of asset objects unloaded after import = 0
========================================================================
Received Import Request.
  Time of request: 2026-10-01T17:13:27.8735253Z
  Time since last request: 0.000161 seconds.
  importAddress: GUID: 1ffb0c77cc5134994ba0d23fcbdd4205 - Path: Packages/com.unity.visualscripting/Runtime/VisualScripting.Core/Dependencies/FullSerializer/Converters/fsTypeConverter.cs - Importer: ScriptedImporter/UnityEditor.QuickSearchModule:UnityEditor.Search:ASIAI0B
Importing 'GUID: 1ffb0c77cc5134994ba0d23fcbdd4205 - Path: Packages/com.unity.visualscripting/Runtime/VisualScripting.Core/Dependencies/FullSerializer/Converters/fsTypeConverter.cs - Importer: ScriptedImporter/UnityEditor.QuickSearchModule:UnityEditor.Search:ASIAI0B' with importer (ScriptedImporter : UnityEditor.QuickSearchModule:UnityEditor.Search:ASIAI0B)
Imported 'GUID: 1ffb0c77cc5134994ba0d23fcbdd4205' -> (Import Result ID: '65ccaf0a663ad4394aba4651878ca4c3') in 0.001 seconds [static and dynamic dependencies]. Details - ImportResultOutputID=eccfe1fe4b70d7e806a5953e706c5f24 DependenciesID=023f03920a30c3f8d265a3ae050478e2 StaticDependenciesID=0c747ffb21aaa5f68c051d25ecc8c56e 
Number of updated asset objects reloaded before import = 0
Number of asset objects unloaded after import = 0
========================================================================
Received Import Request.
  Time of request: 2026-10-01T17:13:27.8817826Z
  Time since last request: 0.0002182 seconds.
  importAddress: GUID: 57352352fce8a4f57800fb25fb539745 - Path: Packages/com.unity.visualscripting/Runtime/VisualScripting.Core/Dependencies/FullSerializer/Converters/fsWeakReferenceConverter.cs - Importer: ScriptedImporter/UnityEditor.QuickSearchModule:UnityEditor.Search:ASIAI0B
Importing 'GUID: 57352352fce8a4f57800fb25fb539745 - Path: Packages/com.unity.visualscripting/Runtime/VisualScripting.Core/Dependencies/FullSerializer/Converters/fsWeakReferenceConverter.cs - Importer: ScriptedImporter/UnityEditor.QuickSearchModule:UnityEditor.Search:ASIAI0B' with importer (ScriptedImporter : UnityEditor.QuickSearchModule:UnityEditor.Search:ASIAI0B)
Imported 'GUID: 57352352fce8a4f57800fb25fb539745' -> (Import Result ID: 'd4510f8a4eca19a38747217ce02c2c6e') in 0.001 seconds [static and dynamic dependencies]. Details - ImportResultOutputID=4a50872678dc6a3a877c24091cf85b51 DependenciesID=2b85ca1d77695f6eda8f952c8622dbeb StaticDependenciesID=39c319b9d3ed1d04bb7f596de2d95bf1 
Number of updated asset objects reloaded before import = 0
Number of asset objects unloaded after import = 0
========================================================================
Received Import Request.
  Time of request: 2026-10-01T17:13:27.8892378Z
  Time since last request: 0.0002984 seconds.
  importAddress: GUID: 34e2bfd106c0445af9b35a016b5ffd0e - Path: Packages/com.unity.visualscripting/Runtime/VisualScripting.Flow/Framework/Collections/Lists/ListContainsItem.cs - Importer: ScriptedImporter/UnityEditor.QuickSearchModule:UnityEditor.Search:ASIAI0B
Importing 'GUID: 34e2bfd106c0445af9b35a016b5ffd0e - Path: Packages/com.unity.visualscripting/Runtime/VisualScripting.Flow/Framework/Collections/Lists/ListContainsItem.cs - Importer: ScriptedImporter/UnityEditor.QuickSearchModule:UnityEditor.Search:ASIAI0B' with importer (ScriptedImporter : UnityEditor.QuickSearchModule:UnityEditor.Search:ASIAI0B)
Imported 'GUID: 34e2bfd106c0445af9b35a016b5ffd0e' -> (Import Result ID: '9be359d0f8d0150e4e52b71d89c700f6') in 0.001 seconds [static and dynamic dependencies]. Details - ImportResultOutputID=0d662c4925227ddff3ba6e67f2fcf2cb DependenciesID=d7a5f3b625afe8874e4cfec442214b0d StaticDependenciesID=79a368eb9bc5ddd5923edb8fc9aea1ab 
Number of updated asset objects reloaded before import = 0
Number of asset objects unloaded after import = 0
========================================================================
Received Import Request.
  Time of request: 2026-10-01T17:13:27.8977844Z
  Time since last request: 0.0001924 seconds.
  importAddress: GUID: 6e80cd73486524a5fa8f4ebc514915c8 - Path: Packages/com.unity.visualscripting/Runtime/VisualScripting.Flow/Framework/Events/GUI/OnDeselect.cs - Importer: ScriptedImporter/UnityEditor.QuickSearchModule:UnityEditor.Search:ASIAI0B
Importing 'GUID: 6e80cd73486524a5fa8f4ebc514915c8 - Path: Packages/com.unity.visualscripting/Runtime/VisualScripting.Flow/Framework/Events/GUI/OnDeselect.cs - Importer: ScriptedImporter/UnityEditor.QuickSearchModule:UnityEditor.Search:ASIAI0B' with importer (ScriptedImporter : UnityEditor.QuickSearchModule:UnityEditor.Search:ASIAI0B)
Imported 'GUID: 6e80cd73486524a5fa8f4ebc514915c8' -> (Import Result ID: '18bb069ea765a271f89aebb3a2db18a2') in 0.002 seconds [static and dynamic dependencies]. Details - ImportResultOutputID=b807d8fd3954bda712bd6a0e8b1bf373 DependenciesID=7479a055995802ab5d7ff9b78f1586d8 StaticDependenciesID=e4cc21fdc199703079c5da6174005ac8 
Number of updated asset objects reloaded before import = 0
Number of asset objects unloaded after import = 0
========================================================================
Received Import Request.
  Time of request: 2026-10-01T17:13:27.9159663Z
  Time since last request: 0.0090326 seconds.
  importAddress: GUID: ddd8f3642494344d7937d9b32f751b2d - Path: Packages/com.unity.visualscripting/Runtime/VisualScripting.Flow/Framework/Events/Physics2D/OnCollisionEnter2D.cs - Importer: ScriptedImporter/UnityEditor.QuickSearchModule:UnityEditor.Search:ASIAI0B
Importing 'GUID: ddd8f3642494344d7937d9b32f751b2d - Path: Packages/com.unity.visualscripting/Runtime/VisualScripting.Flow/Framework/Events/Physics2D/OnCollisionEnter2D.cs - Importer: ScriptedImporter/UnityEditor.QuickSearchModule:UnityEditor.Search:ASIAI0B' with importer (ScriptedImporter : UnityEditor.QuickSearchModule:UnityEditor.Search:ASIAI0B)
Imported 'GUID: ddd8f3642494344d7937d9b32f751b2d' -> (Import Result ID: 'ea7fdae26cd21934d0b9536af9c8050e') in 0.001 seconds [static and dynamic dependencies]. Details - ImportResultOutputID=3a6c9fe043436cc66983381a02d0fd34 DependenciesID=b0b52b07eaa97dba8ecde8c9896ac193 StaticDependenciesID=56e2beee2da27a5f89d295d43236ede9 
Number of updated asset objects reloaded before import = 0
Number of asset objects unloaded after import = 0
========================================================================
Received Import Request.
  Time of request: 2026-10-01T17:13:27.924289Z
  Time since last request: 0.0006647 seconds.
  importAddress: GUID: 43c149e9c671c4f6b96609c75ffbf503 - Path: Packages/com.unity.visualscripting/Runtime/VisualScripting.Flow/Framework/Events/Input/OnMouseDrag.cs - Importer: ScriptedImporter/UnityEditor.QuickSearchModule:UnityEditor.Search:ASIAI0B
Importing 'GUID: 43c149e9c671c4f6b96609c75ffbf503 - Path: Packages/com.unity.visualscripting/Runtime/VisualScripting.Flow/Framework/Events/Input/OnMouseDrag.cs - Importer: ScriptedImporter/UnityEditor.QuickSearchModule:UnityEditor.Search:ASIAI0B' with importer (ScriptedImporter : UnityEditor.QuickSearchModule:UnityEditor.Search:ASIAI0B)
Imported 'GUID: 43c149e9c671c4f6b96609c75ffbf503' -> (Import Result ID: '61e39d43446c44b4e23c819d30287d2b') in 0.001 seconds [static and dynamic dependencies]. Details - ImportResultOutputID=bf5cbdc1b164d1b5d38c0d0477545999 DependenciesID=2b348f021359d4bcdcc33a1e0aa6f17b StaticDependenciesID=f7a4fe4fd621a27d2231cc54c8096ba5 
Number of updated asset objects reloaded before import = 0
Number of asset objects unloaded after import = 0
========================================================================
Received Import Request.
  Time of request: 2026-10-01T17:13:27.9320466Z
  Time since last request: 0.0001598 seconds.
  importAddress: GUID: 8cfbad04217e44fc0b2657e7de230c11 - Path: Packages/com.unity.visualscripting/Runtime/VisualScripting.Flow/Framework/Events/Input/OnMouseUp.cs - Importer: ScriptedImporter/UnityEditor.QuickSearchModule:UnityEditor.Search:ASIAI0B
Importing 'GUID: 8cfbad04217e44fc0b2657e7de230c11 - Path: Packages/com.unity.visualscripting/Runtime/VisualScripting.Flow/Framework/Events/Input/OnMouseUp.cs - Importer: ScriptedImporter/UnityEditor.QuickSearchModule:UnityEditor.Search:ASIAI0B' with importer (ScriptedImporter : UnityEditor.QuickSearchModule:UnityEditor.Search:ASIAI0B)
Imported 'GUID: 8cfbad04217e44fc0b2657e7de230c11' -> (Import Result ID: '853e7601a994efcda82106cf5b32ad6c') in 0.001 seconds [static and dynamic dependencies]. Details - ImportResultOutputID=3337791355509b5064990770b4508d41 DependenciesID=31fc194415b27011094a30b7fbaeb269 StaticDependenciesID=48dcd9229a4e222def38b5bb387fd31e 
Number of updated asset objects reloaded before import = 0
Number of asset objects unloaded after import = 0
========================================================================
Received Import Request.
  Time of request: 2026-10-01T17:13:27.9396073Z
  Time since last request: 0.000272 seconds.
  importAddress: GUID: 47df8b0e5f16248518d0ea6e53cc9525 - Path: Packages/com.unity.visualscripting/Runtime/VisualScripting.Flow/Framework/Events/GUI/OnPointerEnter.cs - Importer: ScriptedImporter/UnityEditor.QuickSearchModule:UnityEditor.Search:ASIAI0B
Importing 'GUID: 47df8b0e5f16248518d0ea6e53cc9525 - Path: Packages/com.unity.visualscripting/Runtime/VisualScripting.Flow/Framework/Events/GUI/OnPointerEnter.cs - Importer: ScriptedImporter/UnityEditor.QuickSearchModule:UnityEditor.Search:ASIAI0B' with importer (ScriptedImporter : UnityEditor.QuickSearchModule:UnityEditor.Search:ASIAI0B)
Imported 'GUID: 47df8b0e5f16248518d0ea6e53cc9525' -> (Import Result ID: '7f7b0974b891081e1b90d0e44cf8ac92') in 0.001 seconds [static and dynamic dependencies]. Details - ImportResultOutputID=d859048b2aa0c6a91268e1dd3fa45db4 DependenciesID=0b6b0c449d2748f21e8f06117de1988c StaticDependenciesID=9d351e15b91e15a1a40e8249635c3d49 
Number of updated asset objects reloaded before import = 0
Number of asset objects unloaded after import = 0
========================================================================
Received Import Request.
  Time of request: 2026-10-01T17:13:27.9473827Z
  Time since last request: 0.0004526 seconds.
  importAddress: GUID: 0f0cfc99f3fe74ed1907db1119a5e976 - Path: Packages/com.unity.visualscripting/Runtime/VisualScripting.Flow/Framework/Events/Lifecycle/OnDisable.cs - Importer: ScriptedImporter/UnityEditor.QuickSearchModule:UnityEditor.Search:ASIAI0B
Importing 'GUID: 0f0cfc99f3fe74ed1907db1119a5e976 - Path: Packages/com.unity.visualscripting/Runtime/VisualScripting.Flow/Framework/Events/Lifecycle/OnDisable.cs - Importer: ScriptedImporter/UnityEditor.QuickSearchModule:UnityEditor.Search:ASIAI0B' with importer (ScriptedImporter : UnityEditor.QuickSearchModule:UnityEditor.Search:ASIAI0B)
Imported 'GUID: 0f0cfc99f3fe74ed1907db1119a5e976' -> (Import Result ID: 'cb3a341edbb357f9fb90d859e0a16235') in 0.001 seconds [static and dynamic dependencies]. Details - ImportResultOutputID=5619cfb577ec7a7278339ee9bc425524 DependenciesID=8b7402b0765c092a1e2cdb734e8dccbf StaticDependenciesID=2c16314449327844ce278b880c2d7bb9 
Number of updated asset objects reloaded before import = 0
Number of asset objects unloaded after import = 0
========================================================================
Received Import Request.
  Time of request: 2026-10-01T17:13:27.9562629Z
  Time since last request: 0.0001951 seconds.
  importAddress: GUID: 0bd3f95e953dd4fdcb2cc87d32acfd80 - Path: Packages/com.unity.visualscripting/Runtime/VisualScripting.Flow/Framework/Events/GUI/OnToggleValueChanged.cs - Importer: ScriptedImporter/UnityEditor.QuickSearchModule:UnityEditor.Search:ASIAI0B
Importing 'GUID: 0bd3f95e953dd4fdcb2cc87d32acfd80 - Path: Packages/com.unity.visualscripting/Runtime/VisualScripting.Flow/Framework/Events/GUI/OnToggleValueChanged.cs - Importer: ScriptedImporter/UnityEditor.QuickSearchModule:UnityEditor.Search:ASIAI0B' with importer (ScriptedImporter : UnityEditor.QuickSearchModule:UnityEditor.Search:ASIAI0B)
Imported 'GUID: 0bd3f95e953dd4fdcb2cc87d32acfd80' -> (Import Result ID: '989c69fc4fb1c546a153704e07142d64') in 0.001 seconds [static and dynamic dependencies]. Details - ImportResultOutputID=b433dae6407904eebfa1031f877326fa DependenciesID=d213ddfea6c7f0e1f9763338e4c9a82e StaticDependenciesID=69ed73374f4ba347160a32d21c010426 
Number of updated asset objects reloaded before import = 0
Number of asset objects unloaded after import = 0
========================================================================
Received Import Request.
  Time of request: 2026-10-01T17:13:27.9638439Z
  Time since last request: 0.0004046 seconds.
  importAddress: GUID: a80f27bdd6a9d4843a253f1362e3c883 - Path: Packages/com.unity.visualscripting/Runtime/VisualScripting.Flow/Framework/Events/Physics2D/CollisionEvent2DUnit.cs - Importer: ScriptedImporter/UnityEditor.QuickSearchModule:UnityEditor.Search:ASIAI0B
Importing 'GUID: a80f27bdd6a9d4843a253f1362e3c883 - Path: Packages/com.unity.visualscripting/Runtime/VisualScripting.Flow/Framework/Events/Physics2D/CollisionEvent2DUnit.cs - Importer: ScriptedImporter/UnityEditor.QuickSearchModule:UnityEditor.Search:ASIAI0B' with importer (ScriptedImporter : UnityEditor.QuickSearchModule:UnityEditor.Search:ASIAI0B)
Imported 'GUID: a80f27bdd6a9d4843a253f1362e3c883' -> (Import Result ID: 'ad278b2ed39f251636d06f800b6fc747') in 0.001 seconds [static and dynamic dependencies]. Details - ImportResultOutputID=5e6a6923205659156c8bdf4a2cd0a0f4 DependenciesID=417738a882b007ee2476841eca34bece StaticDependenciesID=dcc37bd02a882038639f55b81e64a892 
Number of updated asset objects reloaded before import = 0
Number of asset objects unloaded after import = 0
========================================================================
Received Import Request.
  Time of request: 2026-10-01T17:13:27.9712481Z
  Time since last request: 0.0002524 seconds.
  importAddress: GUID: 094b4f8978345452997167b2f818dc47 - Path: Packages/com.unity.visualscripting/Runtime/VisualScripting.Flow/Framework/Math/Generic/GenericSubtract.cs - Importer: ScriptedImporter/UnityEditor.QuickSearchModule:UnityEditor.Search:ASIAI0B
Importing 'GUID: 094b4f8978345452997167b2f818dc47 - Path: Packages/com.unity.visualscripting/Runtime/VisualScripting.Flow/Framework/Math/Generic/GenericSubtract.cs - Importer: ScriptedImporter/UnityEditor.QuickSearchModule:UnityEditor.Search:ASIAI0B' with importer (ScriptedImporter : UnityEditor.QuickSearchModule:UnityEditor.Search:ASIAI0B)
Imported 'GUID: 094b4f8978345452997167b2f818dc47' -> (Import Result ID: '3536f5b755c909a8156712447e11f0a3') in 0.001 seconds [static and dynamic dependencies]. Details - ImportResultOutputID=470c9123addb7b60ba52a179b1f2c9cd DependenciesID=8ea3c619046cba9f979d7d675fac6720 StaticDependenciesID=cb8d3c7b8659fccd735f6c58cee35a88 
Number of updated asset objects reloaded before import = 0
Number of asset objects unloaded after import = 0
========================================================================
Received Import Request.
  Time of request: 2026-10-01T17:13:27.9795095Z
  Time since last request: 0.0005034 seconds.
  importAddress: GUID: 9f6889d786d464dfeafdbbda9a64f2f4 - Path: Packages/com.unity.visualscripting/Runtime/VisualScripting.Flow/Framework/Events/Physics/OnCollisionEnter.cs - Importer: ScriptedImporter/UnityEditor.QuickSearchModule:UnityEditor.Search:ASIAI0B
Importing 'GUID: 9f6889d786d464dfeafdbbda9a64f2f4 - Path: Packages/com.unity.visualscripting/Runtime/VisualScripting.Flow/Framework/Events/Physics/OnCollisionEnter.cs - Importer: ScriptedImporter/UnityEditor.QuickSearchModule:UnityEditor.Search:ASIAI0B' with importer (ScriptedImporter : UnityEditor.QuickSearchModule:UnityEditor.Search:ASIAI0B)
Imported 'GUID: 9f6889d786d464dfeafdbbda9a64f2f4' -> (Import Result ID: '79cdf39781493f370ef4946eed28d36b') in 0.001 seconds [static and dynamic dependencies]. Details - ImportResultOutputID=cbbba65169a0f69ad74badd101073e61 DependenciesID=7d99558314023a09a165016f5eb432f6 StaticDependenciesID=e3f7a80f810665530e357a3c0f8c87d1 
Number of updated asset objects reloaded before import = 0
Number of asset objects unloaded after import = 0
========================================================================
Received Import Request.
  Time of request: 2026-10-01T17:13:27.9986254Z
  Time since last request: 0.0118715 seconds.
  importAddress: GUID: 0125b60bd8dc34ae0ab7f775d53256c9 - Path: Packages/com.unity.visualscripting/Runtime/VisualScripting.Flow/Framework/Math/Vector3/Vector3DotProduct.cs - Importer: ScriptedImporter/UnityEditor.QuickSearchModule:UnityEditor.Search:ASIAI0B
Importing 'GUID: 0125b60bd8dc34ae0ab7f775d53256c9 - Path: Packages/com.unity.visualscripting/Runtime/VisualScripting.Flow/Framework/Math/Vector3/Vector3DotProduct.cs - Importer: ScriptedImporter/UnityEditor.QuickSearchModule:UnityEditor.Search:ASIAI0B' with importer (ScriptedImporter : UnityEditor.QuickSearchModule:UnityEditor.Search:ASIAI0B)
Imported 'GUID: 0125b60bd8dc34ae0ab7f775d53256c9' -> (Import Result ID: 'dedf0592046721373a59460babee2bef') in 0.001 seconds [static and dynamic dependencies]. Details - ImportResultOutputID=1c0a43a9be99c1e07b3c33f4a5a6c31b DependenciesID=e493799cc1f9acb457df4d896cbdd291 StaticDependenciesID=db36c0aedac83f85b3eb73dc4ee60906 
Number of updated asset objects reloaded before import = 0
Number of asset objects unloaded after import = 0
========================================================================
Received Import Request.
  Time of request: 2026-10-01T17:13:28.0071331Z
  Time since last request: 0.0003168 seconds.
  importAddress: GUID: 15d3a609022674400b5e72b897a265de - Path: Packages/com.unity.visualscripting/Runtime/VisualScripting.Flow/Framework/Math/Vector3/Vector3Divide.cs - Importer: ScriptedImporter/UnityEditor.QuickSearchModule:UnityEditor.Search:ASIAI0B
Importing 'GUID: 15d3a609022674400b5e72b897a265de - Path: Packages/com.unity.visualscripting/Runtime/VisualScripting.Flow/Framework/Math/Vector3/Vector3Divide.cs - Importer: ScriptedImporter/UnityEditor.QuickSearchModule:UnityEditor.Search:ASIAI0B' with importer (ScriptedImporter : UnityEditor.QuickSearchModule:UnityEditor.Search:ASIAI0B)
Imported 'GUID: 15d3a609022674400b5e72b897a265de' -> (Import Result ID: '68cb80ab55112f63efa51bec3b35cf90') in 0.001 seconds [static and dynamic dependencies]. Details - ImportResultOutputID=c36787a4fd612a2053c47a9761d33a36 DependenciesID=8ea0e2810d0977c8fb50abadd9c4199c StaticDependenciesID=db151e932560ce8d135da5abc0b77b6c 
Number of updated asset objects reloaded before import = 0
Number of asset objects unloaded after import = 0
========================================================================
Received Import Request.
  Time of request: 2026-10-01T17:13:28.0145599Z
  Time since last request: 0.0001646 seconds.
  importAddress: GUID: 9cfeafc6c3a8a4892af70f6250efaa62 - Path: Packages/com.unity.visualscripting/Runtime/VisualScripting.Flow/Framework/Math/Vector3/Vector3Average.cs - Importer: ScriptedImporter/UnityEditor.QuickSearchModule:UnityEditor.Search:ASIAI0B
Importing 'GUID: 9cfeafc6c3a8a4892af70f6250efaa62 - Path: Packages/com.unity.visualscripting/Runtime/VisualScripting.Flow/Framework/Math/Vector3/Vector3Average.cs - Importer: ScriptedImporter/UnityEditor.QuickSearchModule:UnityEditor.Search:ASIAI0B' with importer (ScriptedImporter : UnityEditor.QuickSearchModule:UnityEditor.Search:ASIAI0B)
Imported 'GUID: 9cfeafc6c3a8a4892af70f6250efaa62' -> (Import Result ID: '13ed10608aab719ceb62629d7a92ec34') in 0.002 seconds [static and dynamic dependencies]. Details - ImportResultOutputID=d5dafafdec8e5be0b3b30f799f920b26 DependenciesID=14ef0e5f92d64aa561f27e1dbdbcba7d StaticDependenciesID=3ef10079d01abeb5a95bdf777ef13136 
Number of updated asset objects reloaded before import = 0
Number of asset objects unloaded after import = 0
========================================================================
Received Import Request.
  Time of request: 2026-10-01T17:13:28.0248774Z
  Time since last request: 0.0002312 seconds.
  importAddress: GUID: d68c0c38421ef4911ad6c52c05bf17c7 - Path: Packages/com.unity.visualscripting/Runtime/VisualScripting.Flow/Framework/Math/Scalar/ScalarAverage.cs - Importer: ScriptedImporter/UnityEditor.QuickSearchModule:UnityEditor.Search:ASIAI0B
Importing 'GUID: d68c0c38421ef4911ad6c52c05bf17c7 - Path: Packages/com.unity.visualscripting/Runtime/VisualScripting.Flow/Framework/Math/Scalar/ScalarAverage.cs - Importer: ScriptedImporter/UnityEditor.QuickSearchModule:UnityEditor.Search:ASIAI0B' with importer (ScriptedImporter : UnityEditor.QuickSearchModule:UnityEditor.Search:ASIAI0B)
Imported 'GUID: d68c0c38421ef4911ad6c52c05bf17c7' -> (Import Result ID: 'a693490409c4656497d1946ea6bcad0c') in 0.002 seconds [static and dynamic dependencies]. Details - ImportResultOutputID=7c8f2a701928cb53d9b2b921f48690e2 DependenciesID=9ec366a20d386566b30f2bb16d234f96 StaticDependenciesID=4c7ad508f8d86b0a5800a63984182c4d 
Number of updated asset objects reloaded before import = 0
Number of asset objects unloaded after import = 0
========================================================================
Received Import Request.
  Time of request: 2026-10-01T17:13:28.0332079Z
  Time since last request: 0.000379 seconds.
  importAddress: GUID: e3b8e59920a774b3d89b873db0df5ae7 - Path: Packages/com.unity.visualscripting/Runtime/VisualScripting.Flow/Framework/Math/Scalar/ScalarModulo.cs - Importer: ScriptedImporter/UnityEditor.QuickSearchModule:UnityEditor.Search:ASIAI0B
Importing 'GUID: e3b8e59920a774b3d89b873db0df5ae7 - Path: Packages/com.unity.visualscripting/Runtime/VisualScripting.Flow/Framework/Math/Scalar/ScalarModulo.cs - Importer: ScriptedImporter/UnityEditor.QuickSearchModule:UnityEditor.Search:ASIAI0B' with importer (ScriptedImporter : UnityEditor.QuickSearchModule:UnityEditor.Search:ASIAI0B)
Imported 'GUID: e3b8e59920a774b3d89b873db0df5ae7' -> (Import Result ID: '4a2d78b4d05fccaaa4c81acf2944c53c') in 0.002 seconds [static and dynamic dependencies]. Details - ImportResultOutputID=60b466e7c884edc4f46b30ce433be0ba DependenciesID=c4052abf78138454aad5cd641af22978 StaticDependenciesID=5616dd98b2eff4c6aa78723c21fb876f 
Number of updated asset objects reloaded before import = 0
Number of asset objects unloaded after import = 0
========================================================================
Received Import Request.
  Time of request: 2026-10-01T17:13:28.0417663Z
  Time since last request: 0.0002798 seconds.
  importAddress: GUID: e39f2373e950e4d65ab39db93121c36a - Path: Packages/com.unity.visualscripting/Runtime/VisualScripting.Flow/Framework/Math/Vector2/Vector2Lerp.cs - Importer: ScriptedImporter/UnityEditor.QuickSearchModule:UnityEditor.Search:ASIAI0B
Importing 'GUID: e39f2373e950e4d65ab39db93121c36a - Path: Packages/com.unity.visualscripting/Runtime/VisualScripting.Flow/Framework/Math/Vector2/Vector2Lerp.cs - Importer: ScriptedImporter/UnityEditor.QuickSearchModule:UnityEditor.Search:ASIAI0B' with importer (ScriptedImporter : UnityEditor.QuickSearchModule:UnityEditor.Search:ASIAI0B)
Imported 'GUID: e39f2373e950e4d65ab39db93121c36a' -> (Import Result ID: 'd8290c1a1bbdafdabd3af490bb94c161') in 0.001 seconds [static and dynamic dependencies]. Details - ImportResultOutputID=e65aa2c27843a7f88eca5a5a6e1a7d3d DependenciesID=7a0aa7c9938948f9d9fe846cf4ff84e3 StaticDependenciesID=5c76e240207421deddf8c5f96fa76de6 
Number of updated asset objects reloaded before import = 0
Number of asset objects unloaded after import = 0
========================================================================
Received Import Request.
  Time of request: 2026-10-01T17:13:28.0502737Z
  Time since last request: 0.0002557 seconds.
  importAddress: GUID: 352f2d22629414aa196066833b92764d - Path: Packages/com.unity.visualscripting/Runtime/VisualScripting.Flow/Framework/Math/Vector2/Vector2PerSecond.cs - Importer: ScriptedImporter/UnityEditor.QuickSearchModule:UnityEditor.Search:ASIAI0B
Importing 'GUID: 352f2d22629414aa196066833b92764d - Path: Packages/com.unity.visualscripting/Runtime/VisualScripting.Flow/Framework/Math/Vector2/Vector2PerSecond.cs - Importer: ScriptedImporter/UnityEditor.QuickSearchModule:UnityEditor.Search:ASIAI0B' with importer (ScriptedImporter : UnityEditor.QuickSearchModule:UnityEditor.Search:ASIAI0B)
Imported 'GUID: 352f2d22629414aa196066833b92764d' -> (Import Result ID: '4545e18f2f23e1eae39a964aad12f5ab') in 0.002 seconds [static and dynamic dependencies]. Details - ImportResultOutputID=658efbbf9f57c12b9b31cea3b671945a DependenciesID=e4ee523939965eb324cf98f8b538183f StaticDependenciesID=a99a495dd31537b6cef31ca66e7e2f47 
Number of updated asset objects reloaded before import = 0
Number of asset objects unloaded after import = 0
========================================================================
Received Import Request.
  Time of request: 2026-10-01T17:13:28.0603269Z
  Time since last request: 0.0003172 seconds.
  importAddress: GUID: 3403f9e0addcf4a4d902c0fc3596e7f1 - Path: Packages/com.unity.visualscripting/Runtime/VisualScripting.Flow/Framework/Math/Scalar/ScalarMaximum.cs - Importer: ScriptedImporter/UnityEditor.QuickSearchModule:UnityEditor.Search:ASIAI0B
Importing 'GUID: 3403f9e0addcf4a4d902c0fc3596e7f1 - Path: Packages/com.unity.visualscripting/Runtime/VisualScripting.Flow/Framework/Math/Scalar/ScalarMaximum.cs - Importer: ScriptedImporter/UnityEditor.QuickSearchModule:UnityEditor.Search:ASIAI0B' with importer (ScriptedImporter : UnityEditor.QuickSearchModule:UnityEditor.Search:ASIAI0B)
Imported 'GUID: 3403f9e0addcf4a4d902c0fc3596e7f1' -> (Import Result ID: '04353444a148cbe59c77bb0ea3f5ff1e') in 0.002 seconds [static and dynamic dependencies]. Details - ImportResultOutputID=ac672ab9f7ff22f2e582855bf13ac2f6 DependenciesID=03998a2106f8afd5b10dcebafe104237 StaticDependenciesID=e396dd091e2b831183f77f68d62383b9 
Number of updated asset objects reloaded before import = 0
Number of asset objects unloaded after import = 0
========================================================================
Received Import Request.
  Time of request: 2026-10-01T17:13:28.0692471Z
  Time since last request: 0.0002674 seconds.
  importAddress: GUID: 69b3064e843284997ad557b3308b2fbc - Path: Packages/com.unity.visualscripting/Runtime/VisualScripting.Flow/Framework/Math/Vector3/Vector3Normalize.cs - Importer: ScriptedImporter/UnityEditor.QuickSearchModule:UnityEditor.Search:ASIAI0B
Importing 'GUID: 69b3064e843284997ad557b3308b2fbc - Path: Packages/com.unity.visualscripting/Runtime/VisualScripting.Flow/Framework/Math/Vector3/Vector3Normalize.cs - Importer: ScriptedImporter/UnityEditor.QuickSearchModule:UnityEditor.Search:ASIAI0B' with importer (ScriptedImporter : UnityEditor.QuickSearchModule:UnityEditor.Search:ASIAI0B)
Imported 'GUID: 69b3064e843284997ad557b3308b2fbc' -> (Import Result ID: '63e1c83cbc6979fbab4495a60d588cbd') in 0.001 seconds [static and dynamic dependencies]. Details - ImportResultOutputID=661e3e7949073c93c5cefb9425682c80 DependenciesID=ab29582596f8997502fcb05cb94a559f StaticDependenciesID=61a0404f0ebec47b142478d3c2d9f56a 
Number of updated asset objects reloaded before import = 0
Number of asset objects unloaded after import = 0
========================================================================
Received Import Request.
  Time of request: 2026-10-01T17:13:28.0826278Z
  Time since last request: 0.0056401 seconds.
  importAddress: GUID: 7bfae76d280dc41b0bdf920ed2c37a41 - Path: Packages/com.unity.visualscripting/Runtime/VisualScripting.Flow/Framework/Variables/Obsolete/GetApplicationVariable.cs - Importer: ScriptedImporter/UnityEditor.QuickSearchModule:UnityEditor.Search:ASIAI0B
Importing 'GUID: 7bfae76d280dc41b0bdf920ed2c37a41 - Path: Packages/com.unity.visualscripting/Runtime/VisualScripting.Flow/Framework/Variables/Obsolete/GetApplicationVariable.cs - Importer: ScriptedImporter/UnityEditor.QuickSearchModule:UnityEditor.Search:ASIAI0B' with importer (ScriptedImporter : UnityEditor.QuickSearchModule:UnityEditor.Search:ASIAI0B)
Imported 'GUID: 7bfae76d280dc41b0bdf920ed2c37a41' -> (Import Result ID: 'a37cd7ec469735b193315eb90d921322') in 0.002 seconds [static and dynamic dependencies]. Details - ImportResultOutputID=b6634f95b63de72e49ccaad8004e346d DependenciesID=4522f71e214025d930bc784134f1c141 StaticDependenciesID=cf5ec5c4c39a4ba1f4ef899a428689b3 
Number of updated asset objects reloaded before import = 0
Number of asset objects unloaded after import = 0
========================================================================
Received Import Request.
  Time of request: 2026-10-01T17:13:28.0910061Z
  Time since last request: 0.0007287 seconds.
  importAddress: GUID: d3b511699db3543da9f36148351d5ed0 - Path: Packages/com.unity.visualscripting/Runtime/VisualScripting.Core/Dependencies/FullSerializer/Converters/Unity/Keyframe_DirectConverter.cs - Importer: ScriptedImporter/UnityEditor.QuickSearchModule:UnityEditor.Search:ASIAI0B
Importing 'GUID: d3b511699db3543da9f36148351d5ed0 - Path: Packages/com.unity.visualscripting/Runtime/VisualScripting.Core/Dependencies/FullSerializer/Converters/Unity/Keyframe_DirectConverter.cs - Importer: ScriptedImporter/UnityEditor.QuickSearchModule:UnityEditor.Search:ASIAI0B' with importer (ScriptedImporter : UnityEditor.QuickSearchModule:UnityEditor.Search:ASIAI0B)
Imported 'GUID: d3b511699db3543da9f36148351d5ed0' -> (Import Result ID: '77ddfcf3b82f4563a5f152dd021de1d0') in 0.001 seconds [static and dynamic dependencies]. Details - ImportResultOutputID=3eb203a7fed99636051c5cd21604a8cf DependenciesID=208220e9cf159b6663780c417636a7df StaticDependenciesID=9b90ad9d439cf35f35726dccef86f590 
Number of updated asset objects reloaded before import = 0
Number of asset objects unloaded after import = 0
========================================================================
Received Import Request.
  Time of request: 2026-10-01T17:13:28.0984205Z
  Time since last request: 0.000192 seconds.
  importAddress: GUID: df00c99de947d4266aad40a0136a1034 - Path: Packages/com.unity.visualscripting/Runtime/VisualScripting.Flow/Framework/Math/Vector4/Vector4PerSecond.cs - Importer: ScriptedImporter/UnityEditor.QuickSearchModule:UnityEditor.Search:ASIAI0B
Importing 'GUID: df00c99de947d4266aad40a0136a1034 - Path: Packages/com.unity.visualscripting/Runtime/VisualScripting.Flow/Framework/Math/Vector4/Vector4PerSecond.cs - Importer: ScriptedImporter/UnityEditor.QuickSearchModule:UnityEditor.Search:ASIAI0B' with importer (ScriptedImporter : UnityEditor.QuickSearchModule:UnityEditor.Search:ASIAI0B)
Imported 'GUID: df00c99de947d4266aad40a0136a1034' -> (Import Result ID: '5d8e583ff7e116ddd64fba7034e3e104') in 0.002 seconds [static and dynamic dependencies]. Details - ImportResultOutputID=761043f74e66d5394ed663fc4b4b4e48 DependenciesID=1be8029ac09265e6eacbf09d8bb1d9f0 StaticDependenciesID=f290abfeb4e89ee0b15199d9f23cff8c 
Number of updated asset objects reloaded before import = 0
Number of asset objects unloaded after import = 0
========================================================================
Received Import Request.
  Time of request: 2026-10-01T17:13:28.1062687Z
  Time since last request: 0.0002897 seconds.
  importAddress: GUID: 8191a7f0fddc04af88eebc84abe85153 - Path: Packages/com.unity.visualscripting/Runtime/VisualScripting.Flow/Framework/Variables/Obsolete/SetGraphVariable.cs - Importer: ScriptedImporter/UnityEditor.QuickSearchModule:UnityEditor.Search:ASIAI0B
Importing 'GUID: 8191a7f0fddc04af88eebc84abe85153 - Path: Packages/com.unity.visualscripting/Runtime/VisualScripting.Flow/Framework/Variables/Obsolete/SetGraphVariable.cs - Importer: ScriptedImporter/UnityEditor.QuickSearchModule:UnityEditor.Search:ASIAI0B' with importer (ScriptedImporter : UnityEditor.QuickSearchModule:UnityEditor.Search:ASIAI0B)
Imported 'GUID: 8191a7f0fddc04af88eebc84abe85153' -> (Import Result ID: '7cd32bb00cfb4b2fb34a2856a814f8ec') in 0.001 seconds [static and dynamic dependencies]. Details - ImportResultOutputID=6ba1182d5f0e8b396cb5b5d6452baa30 DependenciesID=0cb61c800a9bb1fbd1edacdf62b9cd55 StaticDependenciesID=12ecf83902941da326fbc95cade990b6 
Number of updated asset objects reloaded before import = 0
Number of asset objects unloaded after import = 0
========================================================================
Received Import Request.
  Time of request: 2026-10-01T17:13:28.1142004Z
  Time since last request: 0.0003724 seconds.
  importAddress: GUID: 9e2b7a65f0a52974193ed497d145b0bc - Path: Packages/com.unity.timeline/Editor/CurveEditUtility.cs - Importer: ScriptedImporter/UnityEditor.QuickSearchModule:UnityEditor.Search:ASIAI0B
Importing 'GUID: 9e2b7a65f0a52974193ed497d145b0bc - Path: Packages/com.unity.timeline/Editor/CurveEditUtility.cs - Importer: ScriptedImporter/UnityEditor.QuickSearchModule:UnityEditor.Search:ASIAI0B' with importer (ScriptedImporter : UnityEditor.QuickSearchModule:UnityEditor.Search:ASIAI0B)
Imported 'GUID: 9e2b7a65f0a52974193ed497d145b0bc' -> (Import Result ID: 'f1900f59ca9eb828cb8ac0c91833beaf') in 0.001 seconds [static and dynamic dependencies]. Details - ImportResultOutputID=7b979d1f0fc507f087af927a1af2dd3f DependenciesID=3025f66e64515e4a4d8a2512080e55bb StaticDependenciesID=497c500c5563e1216984fc66fdd5ebb1 
Number of updated asset objects reloaded before import = 0
Number of asset objects unloaded after import = 0
========================================================================
Received Import Request.
  Time of request: 2026-10-01T17:13:28.1220067Z
  Time since last request: 0.0003944 seconds.
  importAddress: GUID: 48cab1cdae50344fca86c4146c0d734a - Path: Packages/com.unity.visualscripting/Runtime/VisualScripting.Flow/Framework/Variables/Obsolete/IsSceneVariableDefined.cs - Importer: ScriptedImporter/UnityEditor.QuickSearchModule:UnityEditor.Search:ASIAI0B
Importing 'GUID: 48cab1cdae50344fca86c4146c0d734a - Path: Packages/com.unity.visualscripting/Runtime/VisualScripting.Flow/Framework/Variables/Obsolete/IsSceneVariableDefined.cs - Importer: ScriptedImporter/UnityEditor.QuickSearchModule:UnityEditor.Search:ASIAI0B' with importer (ScriptedImporter : UnityEditor.QuickSearchModule:UnityEditor.Search:ASIAI0B)
Imported 'GUID: 48cab1cdae50344fca86c4146c0d734a' -> (Import Result ID: '43d4c8736715258943a21c1137f52995') in 0.001 seconds [static and dynamic dependencies]. Details - ImportResultOutputID=632981c0a313ba8e5b7901d2379de50d DependenciesID=444d8808249dbde6ef57ea6d06529c2a StaticDependenciesID=342cbac9b4371fda3a7d8bdba1b0251b 
Number of updated asset objects reloaded before import = 0
Number of asset objects unloaded after import = 0
========================================================================
Received Import Request.
  Time of request: 2026-10-01T17:13:28.1299982Z
  Time since last request: 0.0002873 seconds.
  importAddress: GUID: c6501282dff9f4dd2a8e9b6ce271cf49 - Path: Packages/com.unity.visualscripting/Runtime/VisualScripting.Flow/Framework/Variables/Obsolete/IVariableUnit.cs - Importer: ScriptedImporter/UnityEditor.QuickSearchModule:UnityEditor.Search:ASIAI0B
Importing 'GUID: c6501282dff9f4dd2a8e9b6ce271cf49 - Path: Packages/com.unity.visualscripting/Runtime/VisualScripting.Flow/Framework/Variables/Obsolete/IVariableUnit.cs - Importer: ScriptedImporter/UnityEditor.QuickSearchModule:UnityEditor.Search:ASIAI0B' with importer (ScriptedImporter : UnityEditor.QuickSearchModule:UnityEditor.Search:ASIAI0B)
Imported 'GUID: c6501282dff9f4dd2a8e9b6ce271cf49' -> (Import Result ID: 'fcc34fff626ec584ce046d0fab14ce17') in 0.002 seconds [static and dynamic dependencies]. Details - ImportResultOutputID=34b3cd1b5b93008ebb221c33858fa2c0 DependenciesID=b10ab3fff2d7ca5bbd7adf01406db610 StaticDependenciesID=842cc0d831ac046753673ed71c0e9984 
Number of updated asset objects reloaded before import = 0
Number of asset objects unloaded after import = 0
========================================================================
Received Import Request.
  Time of request: 2026-10-01T17:13:28.1386978Z
  Time since last request: 0.0001804 seconds.
  importAddress: GUID: 62d3c54a0ef76475cbc27a305a6a8b2b - Path: Packages/com.unity.visualscripting/Runtime/VisualScripting.Flow/Framework/Variables/Obsolete/SetApplicationVariable.cs - Importer: ScriptedImporter/UnityEditor.QuickSearchModule:UnityEditor.Search:ASIAI0B
Importing 'GUID: 62d3c54a0ef76475cbc27a305a6a8b2b - Path: Packages/com.unity.visualscripting/Runtime/VisualScripting.Flow/Framework/Variables/Obsolete/SetApplicationVariable.cs - Importer: ScriptedImporter/UnityEditor.QuickSearchModule:UnityEditor.Search:ASIAI0B' with importer (ScriptedImporter : UnityEditor.QuickSearchModule:UnityEditor.Search:ASIAI0B)
Imported 'GUID: 62d3c54a0ef76475cbc27a305a6a8b2b' -> (Import Result ID: 'add96abce4c7b679534ab7ca96eb2d94') in 0.001 seconds [static and dynamic dependencies]. Details - ImportResultOutputID=239dec6c1810f0f8def4ee65671daf92 DependenciesID=745811242295e72e0b6a97aef8c31ad8 StaticDependenciesID=3550928dfb75508aee654182f81368b3 
Number of updated asset objects reloaded before import = 0
Number of asset objects unloaded after import = 0
========================================================================
Received Import Request.
  Time of request: 2026-10-01T17:13:28.1587543Z
  Time since last request: 0.0128257 seconds.
  importAddress: GUID: b185b14d428805c46aceb7c663825b2d - Path: Packages/com.unity.timeline/Editor/Actions/ActionManager.cs - Importer: ScriptedImporter/UnityEditor.QuickSearchModule:UnityEditor.Search:ASIAI0B
Importing 'GUID: b185b14d428805c46aceb7c663825b2d - Path: Packages/com.unity.timeline/Editor/Actions/ActionManager.cs - Importer: ScriptedImporter/UnityEditor.QuickSearchModule:UnityEditor.Search:ASIAI0B' with importer (ScriptedImporter : UnityEditor.QuickSearchModule:UnityEditor.Search:ASIAI0B)
Imported 'GUID: b185b14d428805c46aceb7c663825b2d' -> (Import Result ID: '0f15bc10370b6f2d5a8576798a55ccb1') in 0.002 seconds [static and dynamic dependencies]. Details - ImportResultOutputID=4b61ae1332e0acf5ab1599e3b964a797 DependenciesID=19cd439e12250619b9e9742d472c57c2 StaticDependenciesID=0395c218cf432aeadabcf153db7227f9 
Number of updated asset objects reloaded before import = 0
Number of asset objects unloaded after import = 0
========================================================================
Received Import Request.
  Time of request: 2026-10-01T17:13:28.167244Z
  Time since last request: 0.0007338 seconds.
  importAddress: GUID: 9ace5095cc37ed849b52109d2ee305d4 - Path: Packages/com.unity.timeline/Editor/Animation/AnimationOffsetMenu.cs - Importer: ScriptedImporter/UnityEditor.QuickSearchModule:UnityEditor.Search:ASIAI0B
Importing 'GUID: 9ace5095cc37ed849b52109d2ee305d4 - Path: Packages/com.unity.timeline/Editor/Animation/AnimationOffsetMenu.cs - Importer: ScriptedImporter/UnityEditor.QuickSearchModule:UnityEditor.Search:ASIAI0B' with importer (ScriptedImporter : UnityEditor.QuickSearchModule:UnityEditor.Search:ASIAI0B)
Imported 'GUID: 9ace5095cc37ed849b52109d2ee305d4' -> (Import Result ID: 'dd4c9cc20f13f6f6f754322ac920a222') in 0.001 seconds [static and dynamic dependencies]. Details - ImportResultOutputID=dde4af1dac133cb84b1346573fdc6ffe DependenciesID=4884660f00a0af80c1025d21657fe9f1 StaticDependenciesID=62cb1161518cda64c68595cceb10e78a 
Number of updated asset objects reloaded before import = 0
Number of asset objects unloaded after import = 0
========================================================================
Received Import Request.
  Time of request: 2026-10-01T17:13:28.1753401Z
  Time since last request: 0.0006482 seconds.
  importAddress: GUID: c50a694a8232898498c1cdd47ce9873f - Path: Packages/com.unity.timeline/Editor/Attributes/ShortcutAttribute.cs - Importer: ScriptedImporter/UnityEditor.QuickSearchModule:UnityEditor.Search:ASIAI0B
Importing 'GUID: c50a694a8232898498c1cdd47ce9873f - Path: Packages/com.unity.timeline/Editor/Attributes/ShortcutAttribute.cs - Importer: ScriptedImporter/UnityEditor.QuickSearchModule:UnityEditor.Search:ASIAI0B' with importer (ScriptedImporter : UnityEditor.QuickSearchModule:UnityEditor.Search:ASIAI0B)
Imported 'GUID: c50a694a8232898498c1cdd47ce9873f' -> (Import Result ID: 'eb59a476a946b01b68f8b41f2f6560f5') in 0.001 seconds [static and dynamic dependencies]. Details - ImportResultOutputID=0e727645fe59320dc5b2f8c0926b6412 DependenciesID=4f673270b3244fe0990daa6868a01924 StaticDependenciesID=a9cd37d8da535912b0daaa8a22212ac4 
Number of updated asset objects reloaded before import = 0
Number of asset objects unloaded after import = 0
========================================================================
Received Import Request.
  Time of request: 2026-10-01T17:13:28.1843173Z
  Time since last request: 0.0004484 seconds.
  importAddress: GUID: d0fc6f5187a81dc47999eefade6f0935 - Path: Packages/com.unity.timeline/Runtime/GroupTrack.cs - Importer: ScriptedImporter/UnityEditor.QuickSearchModule:UnityEditor.Search:ASIAI0B
Importing 'GUID: d0fc6f5187a81dc47999eefade6f0935 - Path: Packages/com.unity.timeline/Runtime/GroupTrack.cs - Importer: ScriptedImporter/UnityEditor.QuickSearchModule:UnityEditor.Search:ASIAI0B' with importer (ScriptedImporter : UnityEditor.QuickSearchModule:UnityEditor.Search:ASIAI0B)
Imported 'GUID: d0fc6f5187a81dc47999eefade6f0935' -> (Import Result ID: 'e8193a7d86cd03de2b463cf0d6fde4bc') in 0.001 seconds [static and dynamic dependencies]. Details - ImportResultOutputID=465ffaee8141b83119f4813e021c6459 DependenciesID=4d93af6110dcf37e949cf18806c2b38b StaticDependenciesID=2871d076c51ef5b30348d9c1d9da6387 
Number of updated asset objects reloaded before import = 0
Number of asset objects unloaded after import = 0
========================================================================
Received Import Request.
  Time of request: 2026-10-01T17:13:28.1921539Z
  Time since last request: 0.0001925 seconds.
  importAddress: GUID: f9045505a91f4aee87d5768fffc7de5c - Path: Packages/com.unity.timeline/Editor/UnityEditorInternals.cs - Importer: ScriptedImporter/UnityEditor.QuickSearchModule:UnityEditor.Search:ASIAI0B
Importing 'GUID: f9045505a91f4aee87d5768fffc7de5c - Path: Packages/com.unity.timeline/Editor/UnityEditorInternals.cs - Importer: ScriptedImporter/UnityEditor.QuickSearchModule:UnityEditor.Search:ASIAI0B' with importer (ScriptedImporter : UnityEditor.QuickSearchModule:UnityEditor.Search:ASIAI0B)
Imported 'GUID: f9045505a91f4aee87d5768fffc7de5c' -> (Import Result ID: '719d00eb53aaf22b84ba5af1347c0f78') in 0.001 seconds [static and dynamic dependencies]. Details - ImportResultOutputID=f83fc455d6b11eec9a034fbff4b50113 DependenciesID=a80fde3ca96b31b7a8f434627ebca677 StaticDependenciesID=65feebebf7726bfbb585e8c417acdd4c 
Number of updated asset objects reloaded before import = 0
Number of asset objects unloaded after import = 0
========================================================================
Received Import Request.
  Time of request: 2026-10-01T17:13:28.2002205Z
  Time since last request: 0.0001903 seconds.
  importAddress: GUID: d72ccd2c66ea846fc842adf682b11526 - Path: Packages/com.unity.timeline/Editor/Animation/CurvesProxy.cs - Importer: ScriptedImporter/UnityEditor.QuickSearchModule:UnityEditor.Search:ASIAI0B
Importing 'GUID: d72ccd2c66ea846fc842adf682b11526 - Path: Packages/com.unity.timeline/Editor/Animation/CurvesProxy.cs - Importer: ScriptedImporter/UnityEditor.QuickSearchModule:UnityEditor.Search:ASIAI0B' with importer (ScriptedImporter : UnityEditor.QuickSearchModule:UnityEditor.Search:ASIAI0B)
Imported 'GUID: d72ccd2c66ea846fc842adf682b11526' -> (Import Result ID: '75f50fb81e2bd3f6a466cb6928a8cf22') in 0.001 seconds [static and dynamic dependencies]. Details - ImportResultOutputID=ab4afe0b4e52b1b97f1eecb5ddd0bf58 DependenciesID=c2343bd6d7ed2e613d99c30ff1397a5f StaticDependenciesID=0eb8874bc1dc04bcc55491c48f657468 
Number of updated asset objects reloaded before import = 0
Number of asset objects unloaded after import = 0
========================================================================
Received Import Request.
  Time of request: 2026-10-01T17:13:28.2076614Z
  Time since last request: 0.0002741 seconds.
  importAddress: GUID: 5b6cac4a98010394791c66942a33caf4 - Path: Packages/com.unity.timeline/Editor/Audio/AudioClipPropertiesDrawer.cs - Importer: ScriptedImporter/UnityEditor.QuickSearchModule:UnityEditor.Search:ASIAI0B
Importing 'GUID: 5b6cac4a98010394791c66942a33caf4 - Path: Packages/com.unity.timeline/Editor/Audio/AudioClipPropertiesDrawer.cs - Importer: ScriptedImporter/UnityEditor.QuickSearchModule:UnityEditor.Search:ASIAI0B' with importer (ScriptedImporter : UnityEditor.QuickSearchModule:UnityEditor.Search:ASIAI0B)
Imported 'GUID: 5b6cac4a98010394791c66942a33caf4' -> (Import Result ID: '31fb968f0b1a3c6cb4b84f209723f731') in 0.001 seconds [static and dynamic dependencies]. Details - ImportResultOutputID=6f3f7beb3d7513fe0fcaf14c08e898c9 DependenciesID=193041eae26c289c8c729ebc38ac6d9f StaticDependenciesID=65e988f38118cc078c615c09556966d9 
Number of updated asset objects reloaded before import = 0
Number of asset objects unloaded after import = 0
========================================================================
Received Import Request.
  Time of request: 2026-10-01T17:13:28.2150717Z
  Time since last request: 0.0001716 seconds.
  importAddress: GUID: 93665e8b67658804d99c4487228cc050 - Path: Packages/com.unity.timeline/Runtime/TimelineAsset_CreateRemove.cs - Importer: ScriptedImporter/UnityEditor.QuickSearchModule:UnityEditor.Search:ASIAI0B
Importing 'GUID: 93665e8b67658804d99c4487228cc050 - Path: Packages/com.unity.timeline/Runtime/TimelineAsset_CreateRemove.cs - Importer: ScriptedImporter/UnityEditor.QuickSearchModule:UnityEditor.Search:ASIAI0B' with importer (ScriptedImporter : UnityEditor.QuickSearchModule:UnityEditor.Search:ASIAI0B)
Imported 'GUID: 93665e8b67658804d99c4487228cc050' -> (Import Result ID: '7096b94257999e8f0cfeec79246913c3') in 0.001 seconds [static and dynamic dependencies]. Details - ImportResultOutputID=1f29adac79a05af06ee2c92edfef1982 DependenciesID=8a88dfe5706af2b1b41a2a54b17d6d7f StaticDependenciesID=ad9effbdc0a430b10c439127e0d84739 
Number of updated asset objects reloaded before import = 0
Number of asset objects unloaded after import = 0
========================================================================
Received Import Request.
  Time of request: 2026-10-01T17:13:28.2225137Z
  Time since last request: 0.0002885 seconds.
  importAddress: GUID: c9bf15581ac2f8d4eabf21cd2e6d161b - Path: Packages/com.unity.timeline/Runtime/Unity.Timeline.api - Importer: ScriptedImporter/UnityEditor.QuickSearchModule:UnityEditor.Search:ASIAI0B
Importing 'GUID: c9bf15581ac2f8d4eabf21cd2e6d161b - Path: Packages/com.unity.timeline/Runtime/Unity.Timeline.api - Importer: ScriptedImporter/UnityEditor.QuickSearchModule:UnityEditor.Search:ASIAI0B' with importer (ScriptedImporter : UnityEditor.QuickSearchModule:UnityEditor.Search:ASIAI0B)
Imported 'GUID: c9bf15581ac2f8d4eabf21cd2e6d161b' -> (Import Result ID: '29fd765929299748846b314ffd2b22c5') in 0.001 seconds [static and dynamic dependencies]. Details - ImportResultOutputID=e67d0437ce4e20b8667c14ffbe404b5d DependenciesID=097d035f30c82b22452123524286bf7c StaticDependenciesID=cc138372bfd19a6d8bd281be0dfe597e 
Number of updated asset objects reloaded before import = 0
Number of asset objects unloaded after import = 1
========================================================================
Received Import Request.
  Time of request: 2026-10-01T17:13:28.2299715Z
  Time since last request: 0.0002772 seconds.
  importAddress: GUID: 4fbcc9b1f6ace8c4f8724a88dccca5f8 - Path: Packages/com.unity.timeline/Editor/Activation/ActivationTrackEditor.cs - Importer: ScriptedImporter/UnityEditor.QuickSearchModule:UnityEditor.Search:ASIAI0B
Importing 'GUID: 4fbcc9b1f6ace8c4f8724a88dccca5f8 - Path: Packages/com.unity.timeline/Editor/Activation/ActivationTrackEditor.cs - Importer: ScriptedImporter/UnityEditor.QuickSearchModule:UnityEditor.Search:ASIAI0B' with importer (ScriptedImporter : UnityEditor.QuickSearchModule:UnityEditor.Search:ASIAI0B)
Imported 'GUID: 4fbcc9b1f6ace8c4f8724a88dccca5f8' -> (Import Result ID: '34d3c7bc13af8b81ffbea86d4fa86d34') in 0.001 seconds [static and dynamic dependencies]. Details - ImportResultOutputID=26eefe3613a690402f26f65269b32d22 DependenciesID=336770e59bf918d04c46df07f0b7bf76 StaticDependenciesID=b66bf8e0c31986f783b34d5c4e5bc917 
Number of updated asset objects reloaded before import = 0
Number of asset objects unloaded after import = 0
========================================================================
Received Import Request.
  Time of request: 2026-10-01T17:13:28.2446235Z
  Time since last request: 0.0064887 seconds.
  importAddress: GUID: edc553b1b3c8a25438b62783410b26ae - Path: Packages/com.unity.timeline/Editor/inspectors/AnimationTrackInspector.cs - Importer: ScriptedImporter/UnityEditor.QuickSearchModule:UnityEditor.Search:ASIAI0B
Importing 'GUID: edc553b1b3c8a25438b62783410b26ae - Path: Packages/com.unity.timeline/Editor/inspectors/AnimationTrackInspector.cs - Importer: ScriptedImporter/UnityEditor.QuickSearchModule:UnityEditor.Search:ASIAI0B' with importer (ScriptedImporter : UnityEditor.QuickSearchModule:UnityEditor.Search:ASIAI0B)
Imported 'GUID: edc553b1b3c8a25438b62783410b26ae' -> (Import Result ID: '8149f7116cde62a5d4d5c1898582f2e4') in 0.001 seconds [static and dynamic dependencies]. Details - ImportResultOutputID=826289b20dbd8049f91c5d0b3f1cfc42 DependenciesID=eb86d0e9ce8586446eb53a4418e450a0 StaticDependenciesID=4618ecf3aa8e0f289b6aa0a4d71065e0 
Number of updated asset objects reloaded before import = 0
Number of asset objects unloaded after import = 0
========================================================================
Received Import Request.
  Time of request: 2026-10-01T17:13:28.2529443Z
  Time since last request: 0.0002509 seconds.
  importAddress: GUID: 52d9cbed2cc0d4faab5168848d1f2e37 - Path: Packages/com.unity.timeline/Editor/Localization/Localization.cs - Importer: ScriptedImporter/UnityEditor.QuickSearchModule:UnityEditor.Search:ASIAI0B
Importing 'GUID: 52d9cbed2cc0d4faab5168848d1f2e37 - Path: Packages/com.unity.timeline/Editor/Localization/Localization.cs - Importer: ScriptedImporter/UnityEditor.QuickSearchModule:UnityEditor.Search:ASIAI0B' with importer (ScriptedImporter : UnityEditor.QuickSearchModule:UnityEditor.Search:ASIAI0B)
Imported 'GUID: 52d9cbed2cc0d4faab5168848d1f2e37' -> (Import Result ID: '00ab7e417b0261c2926ac133babb16f4') in 0.002 seconds [static and dynamic dependencies]. Details - ImportResultOutputID=4a0f1282dd32cd333a86ba2b0ce1f8a9 DependenciesID=7ac3c32cd351566a95dbc60a68091c23 StaticDependenciesID=ac2206b47a1e2d78f4d78495b1f19f02 
Number of updated asset objects reloaded before import = 0
Number of asset objects unloaded after import = 0
========================================================================
Received Import Request.
  Time of request: 2026-10-01T17:13:28.2611521Z
  Time since last request: 0.0002359 seconds.
  importAddress: GUID: 227613ec5b3943443a284e30a6d6b91e - Path: Packages/com.unity.timeline/Editor/inspectors/TimelinePreferences.cs - Importer: ScriptedImporter/UnityEditor.QuickSearchModule:UnityEditor.Search:ASIAI0B
Importing 'GUID: 227613ec5b3943443a284e30a6d6b91e - Path: Packages/com.unity.timeline/Editor/inspectors/TimelinePreferences.cs - Importer: ScriptedImporter/UnityEditor.QuickSearchModule:UnityEditor.Search:ASIAI0B' with importer (ScriptedImporter : UnityEditor.QuickSearchModule:UnityEditor.Search:ASIAI0B)
Imported 'GUID: 227613ec5b3943443a284e30a6d6b91e' -> (Import Result ID: 'e1cb1e141b0acaee8ff2f511bea487d9') in 0.001 seconds [static and dynamic dependencies]. Details - ImportResultOutputID=691b44bd216773ebb29eda86ae3aa20c DependenciesID=ac1e71e368cd3b42358abe77d7badd34 StaticDependenciesID=4c050dd3888e4770ba00e98fffe894f5 
Number of updated asset objects reloaded before import = 0
Number of asset objects unloaded after import = 0
========================================================================
Received Import Request.
  Time of request: 2026-10-01T17:13:28.2702089Z
  Time since last request: 0.000212 seconds.
  importAddress: GUID: 51a7878f6c989394782db73339e90e46 - Path: Packages/com.unity.timeline/Editor/Signals/SignalEmitterEditor.cs - Importer: ScriptedImporter/UnityEditor.QuickSearchModule:UnityEditor.Search:ASIAI0B
Importing 'GUID: 51a7878f6c989394782db73339e90e46 - Path: Packages/com.unity.timeline/Editor/Signals/SignalEmitterEditor.cs - Importer: ScriptedImporter/UnityEditor.QuickSearchModule:UnityEditor.Search:ASIAI0B' with importer (ScriptedImporter : UnityEditor.QuickSearchModule:UnityEditor.Search:ASIAI0B)
Imported 'GUID: 51a7878f6c989394782db73339e90e46' -> (Import Result ID: 'e2aec5ebc86257cd3d9d59a9f4f643c9') in 0.002 seconds [static and dynamic dependencies]. Details - ImportResultOutputID=f1a1961068d36bcdf4e30f601dcdf207 DependenciesID=b893e447df6cdaa4a251e5fc89136b41 StaticDependenciesID=775f874feb3edef5b3040ef2b5172b32 
Number of updated asset objects reloaded before import = 0
Number of asset objects unloaded after import = 0
========================================================================
Received Import Request.
  Time of request: 2026-10-01T17:13:28.2779515Z
  Time since last request: 0.0001964 seconds.
  importAddress: GUID: 2c87ec8c97244cd47945ec90a99abe35 - Path: Packages/com.unity.timeline/Editor/Items/ITimelineItem.cs - Importer: ScriptedImporter/UnityEditor.QuickSearchModule:UnityEditor.Search:ASIAI0B
Importing 'GUID: 2c87ec8c97244cd47945ec90a99abe35 - Path: Packages/com.unity.timeline/Editor/Items/ITimelineItem.cs - Importer: ScriptedImporter/UnityEditor.QuickSearchModule:UnityEditor.Search:ASIAI0B' with importer (ScriptedImporter : UnityEditor.QuickSearchModule:UnityEditor.Search:ASIAI0B)
Imported 'GUID: 2c87ec8c97244cd47945ec90a99abe35' -> (Import Result ID: '5180b63ee4e4b2ddefd2ffe6f148ecf4') in 0.001 seconds [static and dynamic dependencies]. Details - ImportResultOutputID=cb26967d11752e64af25d2ec264699e3 DependenciesID=ebb7116267ead9ed0fdfee54f837bd7b StaticDependenciesID=6bde774e707b824f0ec99cedf7d260f6 
Number of updated asset objects reloaded before import = 0
Number of asset objects unloaded after import = 0
========================================================================
Received Import Request.
  Time of request: 2026-10-01T17:13:28.2860255Z
  Time since last request: 0.0001853 seconds.
  importAddress: GUID: 7d3aa106cfe752241997b3759bf80163 - Path: Packages/com.unity.timeline/Editor/Extensions/AnimatedParameterExtensions.cs - Importer: ScriptedImporter/UnityEditor.QuickSearchModule:UnityEditor.Search:ASIAI0B
Importing 'GUID: 7d3aa106cfe752241997b3759bf80163 - Path: Packages/com.unity.timeline/Editor/Extensions/AnimatedParameterExtensions.cs - Importer: ScriptedImporter/UnityEditor.QuickSearchModule:UnityEditor.Search:ASIAI0B' with importer (ScriptedImporter : UnityEditor.QuickSearchModule:UnityEditor.Search:ASIAI0B)
Imported 'GUID: 7d3aa106cfe752241997b3759bf80163' -> (Import Result ID: '0ec4a018daaf686f787bbb1150d198ec') in 0.001 seconds [static and dynamic dependencies]. Details - ImportResultOutputID=2648aa40230de59e36557ce261296f1f DependenciesID=d838b6e1926cf08c0b737c8266a30659 StaticDependenciesID=6177d424fc270bbd290d9fa65bcb63f9 
Number of updated asset objects reloaded before import = 0
Number of asset objects unloaded after import = 0
========================================================================
Received Import Request.
  Time of request: 2026-10-01T17:13:28.2937322Z
  Time since last request: 0.0002076 seconds.
  importAddress: GUID: 970e7735a0864fd40842a36d053d08fe - Path: Packages/com.unity.timeline/Editor/Signals/SignalEmitterInspector.cs - Importer: ScriptedImporter/UnityEditor.QuickSearchModule:UnityEditor.Search:ASIAI0B
Importing 'GUID: 970e7735a0864fd40842a36d053d08fe - Path: Packages/com.unity.timeline/Editor/Signals/SignalEmitterInspector.cs - Importer: ScriptedImporter/UnityEditor.QuickSearchModule:UnityEditor.Search:ASIAI0B' with importer (ScriptedImporter : UnityEditor.QuickSearchModule:UnityEditor.Search:ASIAI0B)
Imported 'GUID: 970e7735a0864fd40842a36d053d08fe' -> (Import Result ID: '64e7cde91d4d0d20a45d2c9d8fadf54a') in 0.001 seconds [static and dynamic dependencies]. Details - ImportResultOutputID=2d3c77883e9f41e6915f96d6f2578911 DependenciesID=61bcfd80a712752dbe34f1588c356eda StaticDependenciesID=eb6387c957e939fe0332aaca14c0021c 
Number of updated asset objects reloaded before import = 0
Number of asset objects unloaded after import = 0
========================================================================
Received Import Request.
  Time of request: 2026-10-01T17:13:28.301184Z
  Time since last request: 0.000242 seconds.
  importAddress: GUID: 7341c0cd0aad4994e8fa461cb443aa7d - Path: Packages/com.unity.timeline/Editor/Recording/TimelineRecording_PlayableAsset.cs - Importer: ScriptedImporter/UnityEditor.QuickSearchModule:UnityEditor.Search:ASIAI0B
Importing 'GUID: 7341c0cd0aad4994e8fa461cb443aa7d - Path: Packages/com.unity.timeline/Editor/Recording/TimelineRecording_PlayableAsset.cs - Importer: ScriptedImporter/UnityEditor.QuickSearchModule:UnityEditor.Search:ASIAI0B' with importer (ScriptedImporter : UnityEditor.QuickSearchModule:UnityEditor.Search:ASIAI0B)
Imported 'GUID: 7341c0cd0aad4994e8fa461cb443aa7d' -> (Import Result ID: 'caf9920a4ba4309d5adbb29f179152b8') in 0.001 seconds [static and dynamic dependencies]. Details - ImportResultOutputID=faeec66e773635012a3ed78c28602ed0 DependenciesID=546989e5f4041d963165d0f8cf4969d3 StaticDependenciesID=9384f36005d2c1d8e92b95e004393943 
Number of updated asset objects reloaded before import = 0
Number of asset objects unloaded after import = 0
========================================================================
Received Import Request.
  Time of request: 2026-10-01T17:13:28.3092723Z
  Time since last request: 0.0003279 seconds.
  importAddress: GUID: a287be6c49135cd4f9b2b8666c39d999 - Path: Packages/com.unity.timeline/Editor/inspectors/TimelineProjectSettings.cs - Importer: ScriptedImporter/UnityEditor.QuickSearchModule:UnityEditor.Search:ASIAI0B
Importing 'GUID: a287be6c49135cd4f9b2b8666c39d999 - Path: Packages/com.unity.timeline/Editor/inspectors/TimelineProjectSettings.cs - Importer: ScriptedImporter/UnityEditor.QuickSearchModule:UnityEditor.Search:ASIAI0B' with importer (ScriptedImporter : UnityEditor.QuickSearchModule:UnityEditor.Search:ASIAI0B)
Imported 'GUID: a287be6c49135cd4f9b2b8666c39d999' -> (Import Result ID: 'd3cabaa22ebc70f1afb2def1c3a406e5') in 0.003 seconds [static and dynamic dependencies]. Details - ImportResultOutputID=ddc4fa945b01361a3f004f4b43dba258 DependenciesID=2c35284837f314640a26ea703c0f843a StaticDependenciesID=3c8a9e431daa615a96d4fd1a78ba0522 
Number of updated asset objects reloaded before import = 0
Number of asset objects unloaded after import = 0
========================================================================
Received Import Request.
  Time of request: 2026-10-01T17:13:28.3303062Z
  Time since last request: 0.0121009 seconds.
  importAddress: GUID: b57629d89799e004182564256307b0cc - Path: Packages/com.unity.timeline/Editor/Utilities/Clipboard.cs - Importer: ScriptedImporter/UnityEditor.QuickSearchModule:UnityEditor.Search:ASIAI0B
Importing 'GUID: b57629d89799e004182564256307b0cc - Path: Packages/com.unity.timeline/Editor/Utilities/Clipboard.cs - Importer: ScriptedImporter/UnityEditor.QuickSearchModule:UnityEditor.Search:ASIAI0B' with importer (ScriptedImporter : UnityEditor.QuickSearchModule:UnityEditor.Search:ASIAI0B)
Imported 'GUID: b57629d89799e004182564256307b0cc' -> (Import Result ID: '5b1b069b0fc8be05bc43b5b68739afd7') in 0.001 seconds [static and dynamic dependencies]. Details - ImportResultOutputID=68f16f9a6964143bf0bc9021b83347ca DependenciesID=02dfa372ec473c941b1b897198f9cbfe StaticDependenciesID=9a73b984e9e8713c874486d8c6c5cef7 
Number of updated asset objects reloaded before import = 0
Number of asset objects unloaded after import = 0
========================================================================
Received Import Request.
  Time of request: 2026-10-01T17:13:28.3384948Z
  Time since last request: 0.0004986 seconds.
  importAddress: GUID: 1fe0f539450e54dbc85bfb2fa6b466fb - Path: Packages/com.unity.timeline/Editor/Utilities/AnimatedParameterCache.cs - Importer: ScriptedImporter/UnityEditor.QuickSearchModule:UnityEditor.Search:ASIAI0B
Importing 'GUID: 1fe0f539450e54dbc85bfb2fa6b466fb - Path: Packages/com.unity.timeline/Editor/Utilities/AnimatedParameterCache.cs - Importer: ScriptedImporter/UnityEditor.QuickSearchModule:UnityEditor.Search:ASIAI0B' with importer (ScriptedImporter : UnityEditor.QuickSearchModule:UnityEditor.Search:ASIAI0B)
Imported 'GUID: 1fe0f539450e54dbc85bfb2fa6b466fb' -> (Import Result ID: 'a2d99da7845d74ac837988a5e0d06ab4') in 0.001 seconds [static and dynamic dependencies]. Details - ImportResultOutputID=62c13d5fabf912f30a24077136670735 DependenciesID=e92e76ed687dcb04b0500b49b066dfa2 StaticDependenciesID=154fefefee824af47cba5188b08ffa82 
Number of updated asset objects reloaded before import = 0
Number of asset objects unloaded after import = 0
========================================================================
Received Import Request.
  Time of request: 2026-10-01T17:13:28.3461574Z
  Time since last request: 0.0005385 seconds.
  importAddress: GUID: 98545765d7a2b614b921715928035ee2 - Path: Packages/com.unity.timeline/Editor/Window/PlaybackScroller.cs - Importer: ScriptedImporter/UnityEditor.QuickSearchModule:UnityEditor.Search:ASIAI0B
Importing 'GUID: 98545765d7a2b614b921715928035ee2 - Path: Packages/com.unity.timeline/Editor/Window/PlaybackScroller.cs - Importer: ScriptedImporter/UnityEditor.QuickSearchModule:UnityEditor.Search:ASIAI0B' with importer (ScriptedImporter : UnityEditor.QuickSearchModule:UnityEditor.Search:ASIAI0B)
Imported 'GUID: 98545765d7a2b614b921715928035ee2' -> (Import Result ID: '3d26dac199eaded0445c17a4eba0d081') in 0.001 seconds [static and dynamic dependencies]. Details - ImportResultOutputID=051b294aa4ec08b41b45be6689ec9d29 DependenciesID=413654a87bd0ed55f83443f2e94097c0 StaticDependenciesID=7aff61d723cc9c33d3f344e858af4894 
Number of updated asset objects reloaded before import = 0
Number of asset objects unloaded after import = 0
========================================================================
Received Import Request.
  Time of request: 2026-10-01T17:13:28.3538393Z
  Time since last request: 0.000518 seconds.
  importAddress: GUID: f8964ef46e1d446dc9eb17a36a3e1f14 - Path: Packages/com.unity.timeline/Editor/treeview/TrackPropertyCurvesDataSource.cs - Importer: ScriptedImporter/UnityEditor.QuickSearchModule:UnityEditor.Search:ASIAI0B
Importing 'GUID: f8964ef46e1d446dc9eb17a36a3e1f14 - Path: Packages/com.unity.timeline/Editor/treeview/TrackPropertyCurvesDataSource.cs - Importer: ScriptedImporter/UnityEditor.QuickSearchModule:UnityEditor.Search:ASIAI0B' with importer (ScriptedImporter : UnityEditor.QuickSearchModule:UnityEditor.Search:ASIAI0B)
Imported 'GUID: f8964ef46e1d446dc9eb17a36a3e1f14' -> (Import Result ID: '1e87d38a34de96848b93fa6981eaefab') in 0.001 seconds [static and dynamic dependencies]. Details - ImportResultOutputID=2a9028298d33e98e9cace80d22e35ed8 DependenciesID=48ad04fdf77c46e8ab2796c6e570a3f7 StaticDependenciesID=d50b86d2f828a2cc46de754cc79b717c 
Number of updated asset objects reloaded before import = 0
Number of asset objects unloaded after import = 0
========================================================================
Received Import Request.
  Time of request: 2026-10-01T17:13:28.3614874Z
  Time since last request: 0.0003996 seconds.
  importAddress: GUID: 4722a1362908a1843ab03a055c5c3fa0 - Path: Packages/com.unity.timeline/Editor/Utilities/ObjectExtension.cs - Importer: ScriptedImporter/UnityEditor.QuickSearchModule:UnityEditor.Search:ASIAI0B
Importing 'GUID: 4722a1362908a1843ab03a055c5c3fa0 - Path: Packages/com.unity.timeline/Editor/Utilities/ObjectExtension.cs - Importer: ScriptedImporter/UnityEditor.QuickSearchModule:UnityEditor.Search:ASIAI0B' with importer (ScriptedImporter : UnityEditor.QuickSearchModule:UnityEditor.Search:ASIAI0B)
Imported 'GUID: 4722a1362908a1843ab03a055c5c3fa0' -> (Import Result ID: 'd579b0606347876fc807a978a93cb59e') in 0.001 seconds [static and dynamic dependencies]. Details - ImportResultOutputID=de09c62deddd6676969d1f7ca0e4a5e6 DependenciesID=5ecd2d3afb9e9895339b1c454579f03c StaticDependenciesID=6504e38ebeee35fd96339ef7383b72bd 
Number of updated asset objects reloaded before import = 0
Number of asset objects unloaded after import = 0
========================================================================
Received Import Request.
  Time of request: 2026-10-01T17:13:28.3691854Z
  Time since last request: 0.000369 seconds.
  importAddress: GUID: dc99dfeec967f2644b25dd6bace59b7e - Path: Packages/com.unity.timeline/Editor/treeview/TimelineClipUnion.cs - Importer: ScriptedImporter/UnityEditor.QuickSearchModule:UnityEditor.Search:ASIAI0B
Importing 'GUID: dc99dfeec967f2644b25dd6bace59b7e - Path: Packages/com.unity.timeline/Editor/treeview/TimelineClipUnion.cs - Importer: ScriptedImporter/UnityEditor.QuickSearchModule:UnityEditor.Search:ASIAI0B' with importer (ScriptedImporter : UnityEditor.QuickSearchModule:UnityEditor.Search:ASIAI0B)
Imported 'GUID: dc99dfeec967f2644b25dd6bace59b7e' -> (Import Result ID: '8208ce61c55d7f078c24e89fb381cbf4') in 0.001 seconds [static and dynamic dependencies]. Details - ImportResultOutputID=32ae3ae9a1b5d34a05f632c16c7cb84d DependenciesID=0081fcb0e99bb5546ed26845d5900d07 StaticDependenciesID=c348ca3021b66eb5122fe027a2729fba 
Number of updated asset objects reloaded before import = 0
Number of asset objects unloaded after import = 0
========================================================================
Received Import Request.
  Time of request: 2026-10-01T17:13:28.3769052Z
  Time since last request: 0.0004912 seconds.
  importAddress: GUID: 63f2caa33e79582448112b2e286d576d - Path: Packages/com.unity.timeline/Editor/Utilities/TrackResourceCache.cs - Importer: ScriptedImporter/UnityEditor.QuickSearchModule:UnityEditor.Search:ASIAI0B
Importing 'GUID: 63f2caa33e79582448112b2e286d576d - Path: Packages/com.unity.timeline/Editor/Utilities/TrackResourceCache.cs - Importer: ScriptedImporter/UnityEditor.QuickSearchModule:UnityEditor.Search:ASIAI0B' with importer (ScriptedImporter : UnityEditor.QuickSearchModule:UnityEditor.Search:ASIAI0B)
Imported 'GUID: 63f2caa33e79582448112b2e286d576d' -> (Import Result ID: '1754cf5036f766eaa4870dd1b81a0d33') in 0.001 seconds [static and dynamic dependencies]. Details - ImportResultOutputID=ee6c4ad1cb8453d7b01686ad74a49dbc DependenciesID=4827703bd12276734e98b3826a58f938 StaticDependenciesID=9abe17a7067aae098b0d2f8c2844db3f 
Number of updated asset objects reloaded before import = 0
Number of asset objects unloaded after import = 0
========================================================================
Received Import Request.
  Time of request: 2026-10-01T17:13:28.3844917Z
  Time since last request: 0.0002588 seconds.
  importAddress: GUID: cdcf92d86589447598f3d1a368b1b421 - Path: Packages/com.unity.timeline/Editor/Window/IPlayableLookupExtensions.cs - Importer: ScriptedImporter/UnityEditor.QuickSearchModule:UnityEditor.Search:ASIAI0B
Importing 'GUID: cdcf92d86589447598f3d1a368b1b421 - Path: Packages/com.unity.timeline/Editor/Window/IPlayableLookupExtensions.cs - Importer: ScriptedImporter/UnityEditor.QuickSearchModule:UnityEditor.Search:ASIAI0B' with importer (ScriptedImporter : UnityEditor.QuickSearchModule:UnityEditor.Search:ASIAI0B)
Imported 'GUID: cdcf92d86589447598f3d1a368b1b421' -> (Import Result ID: '45d90a0de53f2c8c53519b1f43308d7a') in 0.001 seconds [static and dynamic dependencies]. Details - ImportResultOutputID=bc0917dd14c82cfe7289663030f5d631 DependenciesID=ca048d5907352b96ad96be9a4109d2de StaticDependenciesID=09add4ca28d4db42944025c9d9362826 
Number of updated asset objects reloaded before import = 0
Number of asset objects unloaded after import = 0
========================================================================
Received Import Request.
  Time of request: 2026-10-01T17:13:28.3923391Z
  Time since last request: 0.0003873 seconds.
  importAddress: GUID: dfe0d35963084dcc899e4d32cca85455 - Path: Packages/com.unity.timeline/Editor/Window/TimelineEditorWindow.cs - Importer: ScriptedImporter/UnityEditor.QuickSearchModule:UnityEditor.Search:ASIAI0B
Importing 'GUID: dfe0d35963084dcc899e4d32cca85455 - Path: Packages/com.unity.timeline/Editor/Window/TimelineEditorWindow.cs - Importer: ScriptedImporter/UnityEditor.QuickSearchModule:UnityEditor.Search:ASIAI0B' with importer (ScriptedImporter : UnityEditor.QuickSearchModule:UnityEditor.Search:ASIAI0B)
Imported 'GUID: dfe0d35963084dcc899e4d32cca85455' -> (Import Result ID: '449a350554a397e0f937b01dbf52b9b1') in 0.002 seconds [static and dynamic dependencies]. Details - ImportResultOutputID=cca12acf213850e7c247cde545425ef9 DependenciesID=25518be294147c2067f84d43a3f6bf6d StaticDependenciesID=03e5987cdf363af3c4f1991d3a7dc24d 
Number of updated asset objects reloaded before import = 0
Number of asset objects unloaded after import = 0
========================================================================
Received Import Request.
  Time of request: 2026-10-01T17:13:28.3999744Z
  Time since last request: 0.0002877 seconds.
  importAddress: GUID: b0eeee3cdfa56734abca5c1a4e7989ba - Path: Packages/com.unity.timeline/Editor/Utilities/ClipModifier.cs - Importer: ScriptedImporter/UnityEditor.QuickSearchModule:UnityEditor.Search:ASIAI0B
Importing 'GUID: b0eeee3cdfa56734abca5c1a4e7989ba - Path: Packages/com.unity.timeline/Editor/Utilities/ClipModifier.cs - Importer: ScriptedImporter/UnityEditor.QuickSearchModule:UnityEditor.Search:ASIAI0B' with importer (ScriptedImporter : UnityEditor.QuickSearchModule:UnityEditor.Search:ASIAI0B)
Imported 'GUID: b0eeee3cdfa56734abca5c1a4e7989ba' -> (Import Result ID: '8beec678b6796036678f1ffcc9144b85') in 0.001 seconds [static and dynamic dependencies]. Details - ImportResultOutputID=5ce0bfabf71aa83baca084d9142986a4 DependenciesID=4093fef5c5c93fbbc168cb182419c313 StaticDependenciesID=7cec8b09e17d939fcc375913916262c4 
Number of updated asset objects reloaded before import = 0
Number of asset objects unloaded after import = 0
========================================================================
Received Import Request.
  Time of request: 2026-10-01T17:13:28.4180367Z
  Time since last request: 0.0104786 seconds.
  importAddress: GUID: 14d748c963c7b3549bed45457cc92c4f - Path: Packages/com.unity.timeline/Editor/Window/TimelineWindow_PlayRange.cs - Importer: ScriptedImporter/UnityEditor.QuickSearchModule:UnityEditor.Search:ASIAI0B
Importing 'GUID: 14d748c963c7b3549bed45457cc92c4f - Path: Packages/com.unity.timeline/Editor/Window/TimelineWindow_PlayRange.cs - Importer: ScriptedImporter/UnityEditor.QuickSearchModule:UnityEditor.Search:ASIAI0B' with importer (ScriptedImporter : UnityEditor.QuickSearchModule:UnityEditor.Search:ASIAI0B)
Imported 'GUID: 14d748c963c7b3549bed45457cc92c4f' -> (Import Result ID: 'c779f8dc61f1c0d346a7459e849aa8c6') in 0.001 seconds [static and dynamic dependencies]. Details - ImportResultOutputID=349928c7c082c9df390e1af52ed75a1b DependenciesID=452e96a6cabe2682629688f542b64681 StaticDependenciesID=e5c03dffea859f7a44964b0424477afd 
Number of updated asset objects reloaded before import = 0
Number of asset objects unloaded after import = 0
========================================================================
Received Import Request.
  Time of request: 2026-10-01T17:13:28.4263503Z
  Time since last request: 0.0004392 seconds.
  importAddress: GUID: 2a16748d9461eae46a725db9776d5390 - Path: Packages/com.unity.timeline/Runtime/Events/MarkerTrack.cs - Importer: ScriptedImporter/UnityEditor.QuickSearchModule:UnityEditor.Search:ASIAI0B
Importing 'GUID: 2a16748d9461eae46a725db9776d5390 - Path: Packages/com.unity.timeline/Runtime/Events/MarkerTrack.cs - Importer: ScriptedImporter/UnityEditor.QuickSearchModule:UnityEditor.Search:ASIAI0B' with importer (ScriptedImporter : UnityEditor.QuickSearchModule:UnityEditor.Search:ASIAI0B)
Imported 'GUID: 2a16748d9461eae46a725db9776d5390' -> (Import Result ID: '885d12420af976b66ff7ffc2c3f4730e') in 0.001 seconds [static and dynamic dependencies]. Details - ImportResultOutputID=4fcabc6dc3e4738985c11d8dbd875046 DependenciesID=bdaba6af3c8cabc5f696478dfec8e222 StaticDependenciesID=9d82b59a5924cbd72d5f87a875837a2f 
Number of updated asset objects reloaded before import = 0
Number of asset objects unloaded after import = 0
========================================================================
Received Import Request.
  Time of request: 2026-10-01T17:13:28.4338105Z
  Time since last request: 0.0002787 seconds.
  importAddress: GUID: c35b6ea5f1d7cd74eac79413eb70670c - Path: Packages/com.unity.timeline/Runtime/Attributes/TimelineHelpURLAttribute.cs - Importer: ScriptedImporter/UnityEditor.QuickSearchModule:UnityEditor.Search:ASIAI0B
Importing 'GUID: c35b6ea5f1d7cd74eac79413eb70670c - Path: Packages/com.unity.timeline/Runtime/Attributes/TimelineHelpURLAttribute.cs - Importer: ScriptedImporter/UnityEditor.QuickSearchModule:UnityEditor.Search:ASIAI0B' with importer (ScriptedImporter : UnityEditor.QuickSearchModule:UnityEditor.Search:ASIAI0B)
Imported 'GUID: c35b6ea5f1d7cd74eac79413eb70670c' -> (Import Result ID: 'ab22fd2acdb75c79fb1c866f69455eb8') in 0.002 seconds [static and dynamic dependencies]. Details - ImportResultOutputID=e9a1cf1b993b7509808bc49dbad51e2e DependenciesID=59a869d92587d319e700ca5c85921f23 StaticDependenciesID=a6adb4217c57100d37cd87ba944c9cb9 
Number of updated asset objects reloaded before import = 0
Number of asset objects unloaded after import = 0
========================================================================
Received Import Request.
  Time of request: 2026-10-01T17:13:28.4418387Z
  Time since last request: 0.0005227 seconds.
  importAddress: GUID: 9b5abcb38bac0c54794ad732a3fa0de3 - Path: Packages/com.unity.timeline/Runtime/Evaluation/InfiniteRuntimeClip.cs - Importer: ScriptedImporter/UnityEditor.QuickSearchModule:UnityEditor.Search:ASIAI0B
Importing 'GUID: 9b5abcb38bac0c54794ad732a3fa0de3 - Path: Packages/com.unity.timeline/Runtime/Evaluation/InfiniteRuntimeClip.cs - Importer: ScriptedImporter/UnityEditor.QuickSearchModule:UnityEditor.Search:ASIAI0B' with importer (ScriptedImporter : UnityEditor.QuickSearchModule:UnityEditor.Search:ASIAI0B)
Imported 'GUID: 9b5abcb38bac0c54794ad732a3fa0de3' -> (Import Result ID: '4f2d563d79aa41d8ce60ae2cef75c688') in 0.002 seconds [static and dynamic dependencies]. Details - ImportResultOutputID=8b6f12b969ae553955023e8779b21745 DependenciesID=c7e1cf7386ecd31e6574a116bba9f3d3 StaticDependenciesID=9dac9c3c559f203add23b425544c590b 
Number of updated asset objects reloaded before import = 0
Number of asset objects unloaded after import = 0
========================================================================
Received Import Request.
  Time of request: 2026-10-01T17:13:28.449867Z
  Time since last request: 0.0006058 seconds.
  importAddress: GUID: a956e5803e95df349bd35832492d4014 - Path: Packages/com.unity.timeline/Editor/Window/TimelineWindow_Gui.cs - Importer: ScriptedImporter/UnityEditor.QuickSearchModule:UnityEditor.Search:ASIAI0B
Importing 'GUID: a956e5803e95df349bd35832492d4014 - Path: Packages/com.unity.timeline/Editor/Window/TimelineWindow_Gui.cs - Importer: ScriptedImporter/UnityEditor.QuickSearchModule:UnityEditor.Search:ASIAI0B' with importer (ScriptedImporter : UnityEditor.QuickSearchModule:UnityEditor.Search:ASIAI0B)
Imported 'GUID: a956e5803e95df349bd35832492d4014' -> (Import Result ID: 'f4631cc5d1319f139cdc3a8dcaf821cf') in 0.002 seconds [static and dynamic dependencies]. Details - ImportResultOutputID=8395927c4118c4d64379694c1808ac4b DependenciesID=5998e515134d3819cbc2709d15a7b8f7 StaticDependenciesID=eecf8fe5b57c7564f68bb27e6fdb598f 
Number of updated asset objects reloaded before import = 0
Number of asset objects unloaded after import = 0
========================================================================
Received Import Request.
  Time of request: 2026-10-01T17:13:28.4577521Z
  Time since last request: 0.0005784 seconds.
  importAddress: GUID: e2cd16a2d73fe7a4c9affa2b790eb5e0 - Path: Packages/com.unity.timeline/Editor/Window/TimelineWindow_Breadcrumbs.cs - Importer: ScriptedImporter/UnityEditor.QuickSearchModule:UnityEditor.Search:ASIAI0B
Importing 'GUID: e2cd16a2d73fe7a4c9affa2b790eb5e0 - Path: Packages/com.unity.timeline/Editor/Window/TimelineWindow_Breadcrumbs.cs - Importer: ScriptedImporter/UnityEditor.QuickSearchModule:UnityEditor.Search:ASIAI0B' with importer (ScriptedImporter : UnityEditor.QuickSearchModule:UnityEditor.Search:ASIAI0B)
Imported 'GUID: e2cd16a2d73fe7a4c9affa2b790eb5e0' -> (Import Result ID: '8beff0c616e786cbd8b83608575dda14') in 0.002 seconds [static and dynamic dependencies]. Details - ImportResultOutputID=493ba00f71962c19922a6f9646c545e9 DependenciesID=cbee9207fce9f8389661928d271a8601 StaticDependenciesID=fedd8419b1c1316ca2e0b7bf85b4da8f 
Number of updated asset objects reloaded before import = 0
Number of asset objects unloaded after import = 0
========================================================================
Received Import Request.
  Time of request: 2026-10-01T17:13:28.4654211Z
  Time since last request: 0.0003898 seconds.
  importAddress: GUID: d3721d5c6afa8e545995dfaada328476 - Path: Packages/com.unity.timeline/Runtime/Extensions/TrackExtensions.cs - Importer: ScriptedImporter/UnityEditor.QuickSearchModule:UnityEditor.Search:ASIAI0B
Importing 'GUID: d3721d5c6afa8e545995dfaada328476 - Path: Packages/com.unity.timeline/Runtime/Extensions/TrackExtensions.cs - Importer: ScriptedImporter/UnityEditor.QuickSearchModule:UnityEditor.Search:ASIAI0B' with importer (ScriptedImporter : UnityEditor.QuickSearchModule:UnityEditor.Search:ASIAI0B)
Imported 'GUID: d3721d5c6afa8e545995dfaada328476' -> (Import Result ID: 'c34317d798bff0e6ec5314f51d1ceaef') in 0.001 seconds [static and dynamic dependencies]. Details - ImportResultOutputID=2039d5c848eb2c50de255175de6f0a2b DependenciesID=489969c3e3123244cdd1ca0aead4d472 StaticDependenciesID=504f96940d6360bdc8999e1a1f060908 
Number of updated asset objects reloaded before import = 0
Number of asset objects unloaded after import = 0
========================================================================
Received Import Request.
  Time of request: 2026-10-01T17:13:28.4731722Z
  Time since last request: 0.0003955 seconds.
  importAddress: GUID: d21dcc2386d650c4597f3633c75a1f98 - Path: Packages/com.unity.timeline/Runtime/Animation/AnimationTrack.cs - Importer: ScriptedImporter/UnityEditor.QuickSearchModule:UnityEditor.Search:ASIAI0B
Importing 'GUID: d21dcc2386d650c4597f3633c75a1f98 - Path: Packages/com.unity.timeline/Runtime/Animation/AnimationTrack.cs - Importer: ScriptedImporter/UnityEditor.QuickSearchModule:UnityEditor.Search:ASIAI0B' with importer (ScriptedImporter : UnityEditor.QuickSearchModule:UnityEditor.Search:ASIAI0B)
Imported 'GUID: d21dcc2386d650c4597f3633c75a1f98' -> (Import Result ID: 'e998b5ca104da20bb3e9bf91b834c3b8') in 0.002 seconds [static and dynamic dependencies]. Details - ImportResultOutputID=69e6007efe176afaa201b6f94a258adb DependenciesID=1e2a330e63bdd7cd0a0d3eb0de45ff10 StaticDependenciesID=b341f9f35e9de4ea9f769c513a125844 
Number of updated asset objects reloaded before import = 0
Number of asset objects unloaded after import = 0
========================================================================
Received Import Request.
  Time of request: 2026-10-01T17:13:28.4810329Z
  Time since last request: 0.0005343 seconds.
  importAddress: GUID: 48853ae485fa386428341ac1ea122570 - Path: Packages/com.unity.timeline/Runtime/Control/ControlPlayableAsset.cs - Importer: ScriptedImporter/UnityEditor.QuickSearchModule:UnityEditor.Search:ASIAI0B
Importing 'GUID: 48853ae485fa386428341ac1ea122570 - Path: Packages/com.unity.timeline/Runtime/Control/ControlPlayableAsset.cs - Importer: ScriptedImporter/UnityEditor.QuickSearchModule:UnityEditor.Search:ASIAI0B' with importer (ScriptedImporter : UnityEditor.QuickSearchModule:UnityEditor.Search:ASIAI0B)
Imported 'GUID: 48853ae485fa386428341ac1ea122570' -> (Import Result ID: 'ac0bcb44b9f04fa58d973c4b03848f65') in 0.001 seconds [static and dynamic dependencies]. Details - ImportResultOutputID=f1a8e4359a441c675ebe76b89e43b433 DependenciesID=f8cf8085949fb08749b767d8f426ec05 StaticDependenciesID=0dde103268e47611cf22bb9348dd9dc5 
Number of updated asset objects reloaded before import = 0
Number of asset objects unloaded after import = 0
========================================================================
Received Import Request.
  Time of request: 2026-10-01T17:13:28.5009351Z
  Time since last request: 0.0127966 seconds.
  importAddress: GUID: 335020228a0fe124897f51f25f6350ee - Path: Packages/com.unity.timeline/Editor/Manipulators/Utils/PlacementValidity.cs - Importer: ScriptedImporter/UnityEditor.QuickSearchModule:UnityEditor.Search:ASIAI0B
Importing 'GUID: 335020228a0fe124897f51f25f6350ee - Path: Packages/com.unity.timeline/Editor/Manipulators/Utils/PlacementValidity.cs - Importer: ScriptedImporter/UnityEditor.QuickSearchModule:UnityEditor.Search:ASIAI0B' with importer (ScriptedImporter : UnityEditor.QuickSearchModule:UnityEditor.Search:ASIAI0B)
Imported 'GUID: 335020228a0fe124897f51f25f6350ee' -> (Import Result ID: 'cde0ebc9242981adfff35823808a5de1') in 0.002 seconds [static and dynamic dependencies]. Details - ImportResultOutputID=317eb9fbd70493ec714e9761eec8ea14 DependenciesID=797d02d481108c358cf700ee9a51bbef StaticDependenciesID=ec13608a39db55e130cc79c6f3e74d59 
Number of updated asset objects reloaded before import = 0
Number of asset objects unloaded after import = 0
========================================================================
Received Import Request.
  Time of request: 2026-10-01T17:13:28.5088731Z
  Time since last request: 0.0004114 seconds.
  importAddress: GUID: 81a142c61a4e14d46bb21b02548ad24d - Path: Packages/com.unity.timeline/Editor/Manipulators/Move/MovingItems.cs - Importer: ScriptedImporter/UnityEditor.QuickSearchModule:UnityEditor.Search:ASIAI0B
Importing 'GUID: 81a142c61a4e14d46bb21b02548ad24d - Path: Packages/com.unity.timeline/Editor/Manipulators/Move/MovingItems.cs - Importer: ScriptedImporter/UnityEditor.QuickSearchModule:UnityEditor.Search:ASIAI0B' with importer (ScriptedImporter : UnityEditor.QuickSearchModule:UnityEditor.Search:ASIAI0B)
Imported 'GUID: 81a142c61a4e14d46bb21b02548ad24d' -> (Import Result ID: '689bc9e743e1415c87e211b8fc989e97') in 0.002 seconds [static and dynamic dependencies]. Details - ImportResultOutputID=c87634f179d789de76dc61c518e872c4 DependenciesID=3da9b674c068ecef9aad34f1fe432692 StaticDependenciesID=04365d6d751a48b4850f3c1815c222a1 
Number of updated asset objects reloaded before import = 0
Number of asset objects unloaded after import = 0
========================================================================
Received Import Request.
  Time of request: 2026-10-01T17:13:28.5170967Z
  Time since last request: 0.0006211 seconds.
  importAddress: GUID: f779e779d62b5ca49b658236c337845d - Path: Packages/com.unity.timeline/Runtime/Utilities/TimeUtility.cs - Importer: ScriptedImporter/UnityEditor.QuickSearchModule:UnityEditor.Search:ASIAI0B
Importing 'GUID: f779e779d62b5ca49b658236c337845d - Path: Packages/com.unity.timeline/Runtime/Utilities/TimeUtility.cs - Importer: ScriptedImporter/UnityEditor.QuickSearchModule:UnityEditor.Search:ASIAI0B' with importer (ScriptedImporter : UnityEditor.QuickSearchModule:UnityEditor.Search:ASIAI0B)
Imported 'GUID: f779e779d62b5ca49b658236c337845d' -> (Import Result ID: '7810efa21cf768f6ce47471f00a59a29') in 0.001 seconds [static and dynamic dependencies]. Details - ImportResultOutputID=f9604f0f73eac34babd9e38755d2b699 DependenciesID=a6700065e17c62f9d79e9f101eb2eb36 StaticDependenciesID=e0781b6ff770cbdc60a5680217a0bafc 
Number of updated asset objects reloaded before import = 0
Number of asset objects unloaded after import = 0
========================================================================
Received Import Request.
  Time of request: 2026-10-01T17:13:28.5247793Z
  Time since last request: 0.0005244 seconds.
  importAddress: GUID: b7cabea05434bb9479aee1e121b0d103 - Path: Packages/com.unity.timeline/Editor/Manipulators/Sequence/EaseClip.cs - Importer: ScriptedImporter/UnityEditor.QuickSearchModule:UnityEditor.Search:ASIAI0B
Importing 'GUID: b7cabea05434bb9479aee1e121b0d103 - Path: Packages/com.unity.timeline/Editor/Manipulators/Sequence/EaseClip.cs - Importer: ScriptedImporter/UnityEditor.QuickSearchModule:UnityEditor.Search:ASIAI0B' with importer (ScriptedImporter : UnityEditor.QuickSearchModule:UnityEditor.Search:ASIAI0B)
Imported 'GUID: b7cabea05434bb9479aee1e121b0d103' -> (Import Result ID: 'f45d7c0c8e1acfe97125667bd5fe6e74') in 0.001 seconds [static and dynamic dependencies]. Details - ImportResultOutputID=1b5baed6e5d9e3c41c8b5f45f940608a DependenciesID=27ecfda95d056a6764acebb7f9a0300d StaticDependenciesID=8f821c8e4a5cbcd20d5b05857292d75f 
Number of updated asset objects reloaded before import = 0
Number of asset objects unloaded after import = 0
========================================================================
Received Import Request.
  Time of request: 2026-10-01T17:13:28.5326291Z
  Time since last request: 0.0005419 seconds.
  importAddress: GUID: d3d14fa8f6934e14d92e37279e40e89b - Path: Packages/com.unity.timeline/Editor/inspectors/ClipInspector/ClipInspectorCurveEditor.cs - Importer: ScriptedImporter/UnityEditor.QuickSearchModule:UnityEditor.Search:ASIAI0B
Importing 'GUID: d3d14fa8f6934e14d92e37279e40e89b - Path: Packages/com.unity.timeline/Editor/inspectors/ClipInspector/ClipInspectorCurveEditor.cs - Importer: ScriptedImporter/UnityEditor.QuickSearchModule:UnityEditor.Search:ASIAI0B' with importer (ScriptedImporter : UnityEditor.QuickSearchModule:UnityEditor.Search:ASIAI0B)
Imported 'GUID: d3d14fa8f6934e14d92e37279e40e89b' -> (Import Result ID: 'dfecd673b26fcf78768ef97dfd7e5365') in 0.002 seconds [static and dynamic dependencies]. Details - ImportResultOutputID=9d31fdaff86aabe4314535bcd8ec6675 DependenciesID=1164f531d48c011e65af1d019d823987 StaticDependenciesID=37f514e2f5eb13e5434d66a620a50b28 
Number of updated asset objects reloaded before import = 0
Number of asset objects unloaded after import = 0
========================================================================
Received Import Request.
  Time of request: 2026-10-01T17:13:28.5404078Z
  Time since last request: 0.0004813 seconds.
  importAddress: GUID: f4f988528bbbb0846a4cb50efb4587a5 - Path: Packages/com.unity.timeline/Editor/Manipulators/Sequence/SelectAndMoveItem.cs - Importer: ScriptedImporter/UnityEditor.QuickSearchModule:UnityEditor.Search:ASIAI0B
Importing 'GUID: f4f988528bbbb0846a4cb50efb4587a5 - Path: Packages/com.unity.timeline/Editor/Manipulators/Sequence/SelectAndMoveItem.cs - Importer: ScriptedImporter/UnityEditor.QuickSearchModule:UnityEditor.Search:ASIAI0B' with importer (ScriptedImporter : UnityEditor.QuickSearchModule:UnityEditor.Search:ASIAI0B)
Imported 'GUID: f4f988528bbbb0846a4cb50efb4587a5' -> (Import Result ID: 'be3e9b9008a5caf7fea53dcd51179096') in 0.002 seconds [static and dynamic dependencies]. Details - ImportResultOutputID=9beb5db8752c08b1a311c65539de7c94 DependenciesID=e1bf4b1e14fd799962e293ef2a5b75a4 StaticDependenciesID=ed40b8c7d99f3dbcaaf1a60a9983dbaa 
Number of updated asset objects reloaded before import = 0
Number of asset objects unloaded after import = 0
========================================================================
Received Import Request.
  Time of request: 2026-10-01T17:13:28.5480826Z
  Time since last request: 0.0003845 seconds.
  importAddress: GUID: 6ca745fb561cbf640b6e603f95662fa0 - Path: Packages/com.unity.timeline/Editor/Manipulators/Utils/EditModeReplaceUtils.cs - Importer: ScriptedImporter/UnityEditor.QuickSearchModule:UnityEditor.Search:ASIAI0B
Importing 'GUID: 6ca745fb561cbf640b6e603f95662fa0 - Path: Packages/com.unity.timeline/Editor/Manipulators/Utils/EditModeReplaceUtils.cs - Importer: ScriptedImporter/UnityEditor.QuickSearchModule:UnityEditor.Search:ASIAI0B' with importer (ScriptedImporter : UnityEditor.QuickSearchModule:UnityEditor.Search:ASIAI0B)
Imported 'GUID: 6ca745fb561cbf640b6e603f95662fa0' -> (Import Result ID: '5ffd418ba1641151b2cafc697791f3e5') in 0.001 seconds [static and dynamic dependencies]. Details - ImportResultOutputID=e0417a4e0588f7a5c1d14f57d42a68d4 DependenciesID=9a1d1ecaf44a873c05229533550da78a StaticDependenciesID=ad1df8bf6eaddee373957a4b44941ad8 
Number of updated asset objects reloaded before import = 0
Number of asset objects unloaded after import = 0
========================================================================
Received Import Request.
  Time of request: 2026-10-01T17:13:28.5571485Z
  Time since last request: 0.0001941 seconds.
  importAddress: GUID: edd4f4b395430604d935bcf0b14c7d42 - Path: Packages/com.unity.timeline/Editor/Manipulators/Sequence/RectangleSelect.cs - Importer: ScriptedImporter/UnityEditor.QuickSearchModule:UnityEditor.Search:ASIAI0B
Importing 'GUID: edd4f4b395430604d935bcf0b14c7d42 - Path: Packages/com.unity.timeline/Editor/Manipulators/Sequence/RectangleSelect.cs - Importer: ScriptedImporter/UnityEditor.QuickSearchModule:UnityEditor.Search:ASIAI0B' with importer (ScriptedImporter : UnityEditor.QuickSearchModule:UnityEditor.Search:ASIAI0B)
Imported 'GUID: edd4f4b395430604d935bcf0b14c7d42' -> (Import Result ID: '5c419b16a5662f997890218fcb6524a4') in 0.001 seconds [static and dynamic dependencies]. Details - ImportResultOutputID=6bb1c333fc098a0ee47fb656f9259efb DependenciesID=0674a14b37244b539306bddc049caffe StaticDependenciesID=e3f4a922510715780eb551e10182d4ee 
Number of updated asset objects reloaded before import = 0
Number of asset objects unloaded after import = 0
========================================================================
Received Import Request.
  Time of request: 2026-10-01T17:13:28.5643005Z
  Time since last request: 0.0002289 seconds.
  importAddress: GUID: c91389c39d842cc4190ea8be0836798a - Path: Packages/com.unity.timeline/Editor/StyleSheets/res/HumanoidDefault.anim - Importer: ScriptedImporter/UnityEditor.QuickSearchModule:UnityEditor.Search:ASIAI0B
Importing 'GUID: c91389c39d842cc4190ea8be0836798a - Path: Packages/com.unity.timeline/Editor/StyleSheets/res/HumanoidDefault.anim - Importer: ScriptedImporter/UnityEditor.QuickSearchModule:UnityEditor.Search:ASIAI0B' with importer (ScriptedImporter : UnityEditor.QuickSearchModule:UnityEditor.Search:ASIAI0B)
Imported 'GUID: c91389c39d842cc4190ea8be0836798a' -> (Import Result ID: '316835f0c3dc10919e1a7d488da7c8ab') in 0.008 seconds [static and dynamic dependencies]. Details - ImportResultOutputID=09934b8f1354b85b95c9bf5f99ba38ab DependenciesID=1047cb6769bf371d81fc80cd3fc7cda0 StaticDependenciesID=90487511726bc07025c59211ef33760f 
Number of updated asset objects reloaded before import = 0
Number of asset objects unloaded after import = 1
========================================================================
Received Import Request.
  Time of request: 2026-10-01T17:13:28.5841964Z
  Time since last request: 0.0065675 seconds.
  importAddress: GUID: c7137daaeb11e8647bf1ade9b7e9aa97 - Path: Packages/com.unity.timeline/Editor/treeview/Drawers/TrackItemsDrawer.cs - Importer: ScriptedImporter/UnityEditor.QuickSearchModule:UnityEditor.Search:ASIAI0B
Importing 'GUID: c7137daaeb11e8647bf1ade9b7e9aa97 - Path: Packages/com.unity.timeline/Editor/treeview/Drawers/TrackItemsDrawer.cs - Importer: ScriptedImporter/UnityEditor.QuickSearchModule:UnityEditor.Search:ASIAI0B' with importer (ScriptedImporter : UnityEditor.QuickSearchModule:UnityEditor.Search:ASIAI0B)
Imported 'GUID: c7137daaeb11e8647bf1ade9b7e9aa97' -> (Import Result ID: '3506173029cb5a49a4db084bf8a76b8b') in 0.003 seconds [static and dynamic dependencies]. Details - ImportResultOutputID=12a20e0b95bd40af2037206b4e4a53cc DependenciesID=b387bbae6962e705a3157b43e2b04956 StaticDependenciesID=2cf497db0020f56b87e79919ff46363b 
Number of updated asset objects reloaded before import = 0
Number of asset objects unloaded after import = 0
========================================================================
Received Import Request.
  Time of request: 2026-10-01T17:13:28.5930911Z
  Time since last request: 0.0002538 seconds.
  importAddress: GUID: e52de21a22b6dd44c9cc19f810c65059 - Path: Packages/com.unity.timeline/Runtime/Events/Signals/SignalReceiver.cs - Importer: ScriptedImporter/UnityEditor.QuickSearchModule:UnityEditor.Search:ASIAI0B
Importing 'GUID: e52de21a22b6dd44c9cc19f810c65059 - Path: Packages/com.unity.timeline/Runtime/Events/Signals/SignalReceiver.cs - Importer: ScriptedImporter/UnityEditor.QuickSearchModule:UnityEditor.Search:ASIAI0B' with importer (ScriptedImporter : UnityEditor.QuickSearchModule:UnityEditor.Search:ASIAI0B)
Imported 'GUID: e52de21a22b6dd44c9cc19f810c65059' -> (Import Result ID: '0cecfbbfa2cafca52a21a9e3cec067a8') in 0.001 seconds [static and dynamic dependencies]. Details - ImportResultOutputID=1fbbd8ecbf2c2a4c9bac7a1b54e00e36 DependenciesID=f9c3616800f520f69ec60033efabdc28 StaticDependenciesID=59bfda5dfbacae807925d62406c855a0 
Number of updated asset objects reloaded before import = 0
Number of asset objects unloaded after import = 0
========================================================================
Received Import Request.
  Time of request: 2026-10-01T17:13:28.6006662Z
  Time since last request: 0.0005394 seconds.
  importAddress: GUID: 2c03ae9aa36a4fd44a983831f44654be - Path: Packages/com.unity.timeline/Editor/treeview/ItemGui/TimelineMarkerClusterGUI.cs - Importer: ScriptedImporter/UnityEditor.QuickSearchModule:UnityEditor.Search:ASIAI0B
Importing 'GUID: 2c03ae9aa36a4fd44a983831f44654be - Path: Packages/com.unity.timeline/Editor/treeview/ItemGui/TimelineMarkerClusterGUI.cs - Importer: ScriptedImporter/UnityEditor.QuickSearchModule:UnityEditor.Search:ASIAI0B' with importer (ScriptedImporter : UnityEditor.QuickSearchModule:UnityEditor.Search:ASIAI0B)
Imported 'GUID: 2c03ae9aa36a4fd44a983831f44654be' -> (Import Result ID: '3a8d756ed3db7c63165950f8c1a81ce5') in 0.001 seconds [static and dynamic dependencies]. Details - ImportResultOutputID=63394f11b6cdfa71627ef2d58e4261e4 DependenciesID=f7ce795b66c6c5c996e242a0b6081237 StaticDependenciesID=5c12756667ce83cf99d58fd26006ea18 
Number of updated asset objects reloaded before import = 0
Number of asset objects unloaded after import = 0
========================================================================
Received Import Request.
  Time of request: 2026-10-01T17:13:28.6080406Z
  Time since last request: 0.0003151 seconds.
  importAddress: GUID: 9d095bb54df44c01a27e76a2b060a072 - Path: Packages/com.unity.timeline/Editor/Utilities/Scopes/LabelWidthScope.cs - Importer: ScriptedImporter/UnityEditor.QuickSearchModule:UnityEditor.Search:ASIAI0B
Importing 'GUID: 9d095bb54df44c01a27e76a2b060a072 - Path: Packages/com.unity.timeline/Editor/Utilities/Scopes/LabelWidthScope.cs - Importer: ScriptedImporter/UnityEditor.QuickSearchModule:UnityEditor.Search:ASIAI0B' with importer (ScriptedImporter : UnityEditor.QuickSearchModule:UnityEditor.Search:ASIAI0B)
Imported 'GUID: 9d095bb54df44c01a27e76a2b060a072' -> (Import Result ID: '47468ec9b51660036013395548d06b13') in 0.001 seconds [static and dynamic dependencies]. Details - ImportResultOutputID=a6293c192c03052827b6536ef861eb3a DependenciesID=224c48f6a92048631fa5ca2155ab1bad StaticDependenciesID=6ac82ece94e19ca79a4e45528de62354 
Number of updated asset objects reloaded before import = 0
Number of asset objects unloaded after import = 0
========================================================================
Received Import Request.
  Time of request: 2026-10-01T17:13:28.6162449Z
  Time since last request: 0.0004681 seconds.
  importAddress: GUID: 9a0f991b6c2f45b44b92e163f9969e8e - Path: Packages/com.unity.timeline/Editor/treeview/Drawers/TrackDrawer.cs - Importer: ScriptedImporter/UnityEditor.QuickSearchModule:UnityEditor.Search:ASIAI0B
Importing 'GUID: 9a0f991b6c2f45b44b92e163f9969e8e - Path: Packages/com.unity.timeline/Editor/treeview/Drawers/TrackDrawer.cs - Importer: ScriptedImporter/UnityEditor.QuickSearchModule:UnityEditor.Search:ASIAI0B' with importer (ScriptedImporter : UnityEditor.QuickSearchModule:UnityEditor.Search:ASIAI0B)
Imported 'GUID: 9a0f991b6c2f45b44b92e163f9969e8e' -> (Import Result ID: 'bdc83fe4cb6a48b543fc965cc9afe2a2') in 0.001 seconds [static and dynamic dependencies]. Details - ImportResultOutputID=e8eec1653aab7037a55e662f9b0d8db9 DependenciesID=8cba9a4200023292b18ad975ce9c28f4 StaticDependenciesID=508ecc9487bab6e83c918ff2cd262e7a 
Number of updated asset objects reloaded before import = 0
Number of asset objects unloaded after import = 0
========================================================================
Received Import Request.
  Time of request: 2026-10-01T17:13:28.6240358Z
  Time since last request: 0.0002499 seconds.
  importAddress: GUID: 3c0826daeb1e45578e12fbbd2b89b638 - Path: Packages/com.unity.timeline/Editor/Window/ViewModel/TimelineAssetViewModel_versions.cs - Importer: ScriptedImporter/UnityEditor.QuickSearchModule:UnityEditor.Search:ASIAI0B
Importing 'GUID: 3c0826daeb1e45578e12fbbd2b89b638 - Path: Packages/com.unity.timeline/Editor/Window/ViewModel/TimelineAssetViewModel_versions.cs - Importer: ScriptedImporter/UnityEditor.QuickSearchModule:UnityEditor.Search:ASIAI0B' with importer (ScriptedImporter : UnityEditor.QuickSearchModule:UnityEditor.Search:ASIAI0B)
Imported 'GUID: 3c0826daeb1e45578e12fbbd2b89b638' -> (Import Result ID: '1a7b5158a442f3044f8c401c3494f2a5') in 0.002 seconds [static and dynamic dependencies]. Details - ImportResultOutputID=2b0d458f876f10f5638ea63916e62428 DependenciesID=e40647fe211998db5b8b5d4825117408 StaticDependenciesID=89a5ecd5041eed987769d17ad6983eaa 
Number of updated asset objects reloaded before import = 0
Number of asset objects unloaded after import = 0
========================================================================
Received Import Request.
  Time of request: 2026-10-01T17:13:28.6411551Z
  Time since last request: 0.009159 seconds.
  importAddress: GUID: 183f7b7549219ab47becb461a16df882 - Path: Packages/com.unity.timeline/Editor/StyleSheets/Images/DarkSkin/TimelineAutokey_active@2x.png - Importer: ScriptedImporter/UnityEditor.QuickSearchModule:UnityEditor.Search:ASIAI0B
Importing 'GUID: 183f7b7549219ab47becb461a16df882 - Path: Packages/com.unity.timeline/Editor/StyleSheets/Images/DarkSkin/TimelineAutokey_active@2x.png - Importer: ScriptedImporter/UnityEditor.QuickSearchModule:UnityEditor.Search:ASIAI0B' with importer (ScriptedImporter : UnityEditor.QuickSearchModule:UnityEditor.Search:ASIAI0B)
Imported 'GUID: 183f7b7549219ab47becb461a16df882' -> (Import Result ID: '6f268e4d349ea254e4d049d2753ed572') in 0.003 seconds [static and dynamic dependencies]. Details - ImportResultOutputID=4216a314c1eb5d15cb8b5b712c200923 DependenciesID=276695b24ab13429a3ce414cd0cc9e5d StaticDependenciesID=7b80db81fd22f4c49e12b7b4f9863649 
Number of updated asset objects reloaded before import = 0
Number of asset objects unloaded after import = 1
========================================================================
Received Import Request.
  Time of request: 2026-10-01T17:13:28.6508716Z
  Time since last request: 0.0004212 seconds.
  importAddress: GUID: 32f7e3598d6414c489127629e29af3f6 - Path: Packages/com.unity.timeline/Editor/StyleSheets/Images/DarkSkin/TimelineIconClipOut.png - Importer: ScriptedImporter/UnityEditor.QuickSearchModule:UnityEditor.Search:ASIAI0B
Importing 'GUID: 32f7e3598d6414c489127629e29af3f6 - Path: Packages/com.unity.timeline/Editor/StyleSheets/Images/DarkSkin/TimelineIconClipOut.png - Importer: ScriptedImporter/UnityEditor.QuickSearchModule:UnityEditor.Search:ASIAI0B' with importer (ScriptedImporter : UnityEditor.QuickSearchModule:UnityEditor.Search:ASIAI0B)
Imported 'GUID: 32f7e3598d6414c489127629e29af3f6' -> (Import Result ID: '97c227668c16b7ea2d1f6835781f4dbc') in 0.003 seconds [static and dynamic dependencies]. Details - ImportResultOutputID=e5f568efc7ecaf5a0e79d7add40f10f5 DependenciesID=7e061d5968809efca84346e0c772605e StaticDependenciesID=29e43015a6ab36be7d325ec8cbff2fd6 
Number of updated asset objects reloaded before import = 0
Number of asset objects unloaded after import = 1
========================================================================
Received Import Request.
  Time of request: 2026-10-01T17:13:28.6601486Z
  Time since last request: 0.0004123 seconds.
  importAddress: GUID: ab1e2f0dfb0df5e40bb95359b3d8ed3a - Path: Packages/com.unity.timeline/Editor/StyleSheets/Images/DarkSkin/TimelineIconClipIn.png - Importer: ScriptedImporter/UnityEditor.QuickSearchModule:UnityEditor.Search:ASIAI0B
Importing 'GUID: ab1e2f0dfb0df5e40bb95359b3d8ed3a - Path: Packages/com.unity.timeline/Editor/StyleSheets/Images/DarkSkin/TimelineIconClipIn.png - Importer: ScriptedImporter/UnityEditor.QuickSearchModule:UnityEditor.Search:ASIAI0B' with importer (ScriptedImporter : UnityEditor.QuickSearchModule:UnityEditor.Search:ASIAI0B)
Imported 'GUID: ab1e2f0dfb0df5e40bb95359b3d8ed3a' -> (Import Result ID: 'cd143fec4898256f005d551e2e1dbec0') in 0.003 seconds [static and dynamic dependencies]. Details - ImportResultOutputID=ff211f3963d252561b29938b3dfc745b DependenciesID=ee6afdec1408a92bd1b89a5a563c020d StaticDependenciesID=751abd2b85017ffcc4f836d4929b324c 
Number of updated asset objects reloaded before import = 0
Number of asset objects unloaded after import = 1
========================================================================
Received Import Request.
  Time of request: 2026-10-01T17:13:28.6740051Z
  Time since last request: 0.0044758 seconds.
  importAddress: GUID: 2446ee609b613cd4e9142ccc55cb7c43 - Path: Packages/com.unity.timeline/Editor/StyleSheets/Images/Icons/d_TimelineCollapseMarkerButtonEnabled.png - Importer: ScriptedImporter/UnityEditor.QuickSearchModule:UnityEditor.Search:ASIAI0B
Importing 'GUID: 2446ee609b613cd4e9142ccc55cb7c43 - Path: Packages/com.unity.timeline/Editor/StyleSheets/Images/Icons/d_TimelineCollapseMarkerButtonEnabled.png - Importer: ScriptedImporter/UnityEditor.QuickSearchModule:UnityEditor.Search:ASIAI0B' with importer (ScriptedImporter : UnityEditor.QuickSearchModule:UnityEditor.Search:ASIAI0B)
Imported 'GUID: 2446ee609b613cd4e9142ccc55cb7c43' -> (Import Result ID: 'c9c31bb24d976f74e925e47777f52061') in 0.003 seconds [static and dynamic dependencies]. Details - ImportResultOutputID=b47ca13e41d2d0525652b4bba86b8438 DependenciesID=3693f2bf1c1c2a97a12ab08550c42805 StaticDependenciesID=10b421bd48847f76cda8a45b4aaf8b89 
Number of updated asset objects reloaded before import = 0
Number of asset objects unloaded after import = 1
========================================================================
Received Import Request.
  Time of request: 2026-10-01T17:13:28.6843279Z
  Time since last request: 0.0004066 seconds.
  importAddress: GUID: 6192986415256ca47a97a97507406f5e - Path: Packages/com.unity.timeline/Editor/StyleSheets/Images/Icons/d_TrackMarkerButtonEnabled@2x.png - Importer: ScriptedImporter/UnityEditor.QuickSearchModule:UnityEditor.Search:ASIAI0B
Importing 'GUID: 6192986415256ca47a97a97507406f5e - Path: Packages/com.unity.timeline/Editor/StyleSheets/Images/Icons/d_TrackMarkerButtonEnabled@2x.png - Importer: ScriptedImporter/UnityEditor.QuickSearchModule:UnityEditor.Search:ASIAI0B' with importer (ScriptedImporter : UnityEditor.QuickSearchModule:UnityEditor.Search:ASIAI0B)
Imported 'GUID: 6192986415256ca47a97a97507406f5e' -> (Import Result ID: '02aa1521d97618c001b012aaad5a864d') in 0.005 seconds [static and dynamic dependencies]. Details - ImportResultOutputID=f3076a7f88107d97d0c7c8bf17c9f03c DependenciesID=a86a2885469f8711a3eda2e1e125b033 StaticDependenciesID=78d29191cb8d38875dd7e049dadfc4e7 
Number of updated asset objects reloaded before import = 0
Number of asset objects unloaded after import = 1
========================================================================
Received Import Request.
  Time of request: 2026-10-01T17:13:28.6955832Z
  Time since last request: 0.0002387 seconds.
  importAddress: GUID: 6f0b77e050cdb12478ed9514b3a0e40e - Path: Packages/com.unity.timeline/Editor/StyleSheets/Images/Icons/d_TrackLockButtonDisabled@2x.png - Importer: ScriptedImporter/UnityEditor.QuickSearchModule:UnityEditor.Search:ASIAI0B
Importing 'GUID: 6f0b77e050cdb12478ed9514b3a0e40e - Path: Packages/com.unity.timeline/Editor/StyleSheets/Images/Icons/d_TrackLockButtonDisabled@2x.png - Importer: ScriptedImporter/UnityEditor.QuickSearchModule:UnityEditor.Search:ASIAI0B' with importer (ScriptedImporter : UnityEditor.QuickSearchModule:UnityEditor.Search:ASIAI0B)
Imported 'GUID: 6f0b77e050cdb12478ed9514b3a0e40e' -> (Import Result ID: '4eedc9905e06ed82954f6c1c12f26a01') in 0.004 seconds [static and dynamic dependencies]. Details - ImportResultOutputID=71402797b36c87e30977dbbc96a1ece7 DependenciesID=23223e646a48037a1ff5b728d69b8e43 StaticDependenciesID=9abea08242e66a1d76cd4cc903522085 
Number of updated asset objects reloaded before import = 0
Number of asset objects unloaded after import = 1
========================================================================
Received Import Request.
  Time of request: 2026-10-01T17:13:28.7067873Z
  Time since last request: 0.0004367 seconds.
  importAddress: GUID: 6d41c3e8796a4fd4e80840354039e4ac - Path: Packages/com.unity.timeline/Editor/StyleSheets/Images/Icons/TimelineEditModeReplaceON.png - Importer: ScriptedImporter/UnityEditor.QuickSearchModule:UnityEditor.Search:ASIAI0B
Importing 'GUID: 6d41c3e8796a4fd4e80840354039e4ac - Path: Packages/com.unity.timeline/Editor/StyleSheets/Images/Icons/TimelineEditModeReplaceON.png - Importer: ScriptedImporter/UnityEditor.QuickSearchModule:UnityEditor.Search:ASIAI0B' with importer (ScriptedImporter : UnityEditor.QuickSearchModule:UnityEditor.Search:ASIAI0B)
Imported 'GUID: 6d41c3e8796a4fd4e80840354039e4ac' -> (Import Result ID: '73168d5c2e7a431e5eb546ae77646c23') in 0.003 seconds [static and dynamic dependencies]. Details - ImportResultOutputID=c3c5514f72e38212e1d683804d6b0435 DependenciesID=e26c1fd115c40b05ef9bb829feba19e6 StaticDependenciesID=7a36f29b3e6bf76485c29d8bc236627e 
Number of updated asset objects reloaded before import = 0
Number of asset objects unloaded after import = 1
========================================================================
Received Import Request.
  Time of request: 2026-10-01T17:13:28.7172834Z
  Time since last request: 0.0001081 seconds.
  importAddress: GUID: a82846d41464fcf4b962ebdc815963f5 - Path: Packages/com.unity.timeline/Editor/StyleSheets/Images/Icons/TimelineEditModeMixON.png - Importer: ScriptedImporter/UnityEditor.QuickSearchModule:UnityEditor.Search:ASIAI0B
Importing 'GUID: a82846d41464fcf4b962ebdc815963f5 - Path: Packages/com.unity.timeline/Editor/StyleSheets/Images/Icons/TimelineEditModeMixON.png - Importer: ScriptedImporter/UnityEditor.QuickSearchModule:UnityEditor.Search:ASIAI0B' with importer (ScriptedImporter : UnityEditor.QuickSearchModule:UnityEditor.Search:ASIAI0B)
Imported 'GUID: a82846d41464fcf4b962ebdc815963f5' -> (Import Result ID: 'd97d531ee4878f13245f7e5968352fca') in 0.003 seconds [static and dynamic dependencies]. Details - ImportResultOutputID=e2c9dd1e0a172b9f0547609027d8ddc8 DependenciesID=22b5105e4b02c44c9c7b88e9fd7def2a StaticDependenciesID=d995cf738a95c5ae32439c5cec3d716c 
Number of updated asset objects reloaded before import = 0
Number of asset objects unloaded after import = 1
========================================================================
Received Import Request.
  Time of request: 2026-10-01T17:13:28.7268535Z
  Time since last request: 0.000202 seconds.
  importAddress: GUID: c207dcd389fb689489f5266468cd4609 - Path: Packages/com.unity.timeline/Editor/StyleSheets/Images/Icons/d_TrackAvatarButtonEnabled.png - Importer: ScriptedImporter/UnityEditor.QuickSearchModule:UnityEditor.Search:ASIAI0B
Importing 'GUID: c207dcd389fb689489f5266468cd4609 - Path: Packages/com.unity.timeline/Editor/StyleSheets/Images/Icons/d_TrackAvatarButtonEnabled.png - Importer: ScriptedImporter/UnityEditor.QuickSearchModule:UnityEditor.Search:ASIAI0B' with importer (ScriptedImporter : UnityEditor.QuickSearchModule:UnityEditor.Search:ASIAI0B)
Imported 'GUID: c207dcd389fb689489f5266468cd4609' -> (Import Result ID: '15eb28e8cd0fbf82a9be711849f0b823') in 0.004 seconds [static and dynamic dependencies]. Details - ImportResultOutputID=de08a72003305390127328b3a430cb69 DependenciesID=f9deb7a6949a5ba415112c429ae8d5e0 StaticDependenciesID=ddaf02eee82cfec8390ade9272b98026 
Number of updated asset objects reloaded before import = 0
Number of asset objects unloaded after import = 1
========================================================================
Received Import Request.
  Time of request: 2026-10-01T17:13:28.7368825Z
  Time since last request: 0.0001981 seconds.
  importAddress: GUID: a383d8b1327c9254896ad76d6efaf357 - Path: Packages/com.unity.timeline/Editor/StyleSheets/Images/Icons/TrackCurvesButtonDisabled@2x.png - Importer: ScriptedImporter/UnityEditor.QuickSearchModule:UnityEditor.Search:ASIAI0B
Importing 'GUID: a383d8b1327c9254896ad76d6efaf357 - Path: Packages/com.unity.timeline/Editor/StyleSheets/Images/Icons/TrackCurvesButtonDisabled@2x.png - Importer: ScriptedImporter/UnityEditor.QuickSearchModule:UnityEditor.Search:ASIAI0B' with importer (ScriptedImporter : UnityEditor.QuickSearchModule:UnityEditor.Search:ASIAI0B)
Imported 'GUID: a383d8b1327c9254896ad76d6efaf357' -> (Import Result ID: '6f86c7f48a6404fa8bf4894c22b673c7') in 0.004 seconds [static and dynamic dependencies]. Details - ImportResultOutputID=277b31c882e1886a6ed7f05de1d71966 DependenciesID=3420b3f74030c5259930428b843d8c66 StaticDependenciesID=9e46dca27de8e6c13f0310708e04240b 
Number of updated asset objects reloaded before import = 0
Number of asset objects unloaded after import = 1
========================================================================
Received Import Request.
  Time of request: 2026-10-01T17:13:28.7468664Z
  Time since last request: 0.0002271 seconds.
  importAddress: GUID: 52ee3ba2abc3da14a95cdf64d32ae0ae - Path: Packages/com.unity.timeline/Editor/StyleSheets/Images/Icons/d_TrackLockButtonDisabled.png - Importer: ScriptedImporter/UnityEditor.QuickSearchModule:UnityEditor.Search:ASIAI0B
Importing 'GUID: 52ee3ba2abc3da14a95cdf64d32ae0ae - Path: Packages/com.unity.timeline/Editor/StyleSheets/Images/Icons/d_TrackLockButtonDisabled.png - Importer: ScriptedImporter/UnityEditor.QuickSearchModule:UnityEditor.Search:ASIAI0B' with importer (ScriptedImporter : UnityEditor.QuickSearchModule:UnityEditor.Search:ASIAI0B)
Imported 'GUID: 52ee3ba2abc3da14a95cdf64d32ae0ae' -> (Import Result ID: '9c49ed15da05321251e3351e7cf42dd9') in 0.003 seconds [static and dynamic dependencies]. Details - ImportResultOutputID=553ebcf7dd917e8e6b22e98c25319433 DependenciesID=2636a01f2f70c811626c33df9797f80e StaticDependenciesID=78bd40006b96783dfda082ffa91a2ae4 
Number of updated asset objects reloaded before import = 0
Number of asset objects unloaded after import = 1
========================================================================
Received Import Request.
  Time of request: 2026-10-01T17:13:28.7559862Z
  Time since last request: 0.0002139 seconds.
  importAddress: GUID: fd194f75fe3d7ca4488fa775ae832fd8 - Path: Packages/com.unity.timeline/Editor/StyleSheets/Images/Icons/d_TrackAvatarButtonDisabled@2x.png - Importer: ScriptedImporter/UnityEditor.QuickSearchModule:UnityEditor.Search:ASIAI0B
Importing 'GUID: fd194f75fe3d7ca4488fa775ae832fd8 - Path: Packages/com.unity.timeline/Editor/StyleSheets/Images/Icons/d_TrackAvatarButtonDisabled@2x.png - Importer: ScriptedImporter/UnityEditor.QuickSearchModule:UnityEditor.Search:ASIAI0B' with importer (ScriptedImporter : UnityEditor.QuickSearchModule:UnityEditor.Search:ASIAI0B)
Imported 'GUID: fd194f75fe3d7ca4488fa775ae832fd8' -> (Import Result ID: 'e38f4632846d06e420e47a737e9972a1') in 0.003 seconds [static and dynamic dependencies]. Details - ImportResultOutputID=40ef0f5c2f323eb52b814a458229ae20 DependenciesID=6ee748572f383a33a2311c07a7631705 StaticDependenciesID=6e7a7c9ed9639bdcaff6262f788b7688 
Number of updated asset objects reloaded before import = 0
Number of asset objects unloaded after import = 1
========================================================================
Received Import Request.
  Time of request: 2026-10-01T17:13:29.1106465Z
  Time since last request: 0.3460115 seconds.
  importAddress: GUID: 495998c718a094540bbe57ae5ab07647 - Path: Packages/com.unity.timeline/Editor/StyleSheets/Images/Icons/TrackRecordButtonDisabled.png - Importer: ScriptedImporter/UnityEditor.QuickSearchModule:UnityEditor.Search:ASIAI0B
Importing 'GUID: 495998c718a094540bbe57ae5ab07647 - Path: Packages/com.unity.timeline/Editor/StyleSheets/Images/Icons/TrackRecordButtonDisabled.png - Importer: ScriptedImporter/UnityEditor.QuickSearchModule:UnityEditor.Search:ASIAI0B' with importer (ScriptedImporter : UnityEditor.QuickSearchModule:UnityEditor.Search:ASIAI0B)
Imported 'GUID: 495998c718a094540bbe57ae5ab07647' -> (Import Result ID: '17fa35c3247f61be62f55ebd033350a4') in 0.004 seconds [static and dynamic dependencies]. Details - ImportResultOutputID=1e0b68a14b6adcb4a6e66be721cede4c DependenciesID=e6ce95b6e444673c93c139af7728a70b StaticDependenciesID=8826f5734db6cdb91753d745652c77f9 
Number of updated asset objects reloaded before import = 0
Number of asset objects unloaded after import = 1
========================================================================
Received Import Request.
  Time of request: 2026-10-01T17:13:29.1208389Z
  Time since last request: 0.0003454 seconds.
  importAddress: GUID: 2887294cc7f1fe840bff6e349409648d - Path: Packages/com.unity.timeline/Editor/StyleSheets/Images/LightSkin/TimelineActivation.png - Importer: ScriptedImporter/UnityEditor.QuickSearchModule:UnityEditor.Search:ASIAI0B
Importing 'GUID: 2887294cc7f1fe840bff6e349409648d - Path: Packages/com.unity.timeline/Editor/StyleSheets/Images/LightSkin/TimelineActivation.png - Importer: ScriptedImporter/UnityEditor.QuickSearchModule:UnityEditor.Search:ASIAI0B' with importer (ScriptedImporter : UnityEditor.QuickSearchModule:UnityEditor.Search:ASIAI0B)
Imported 'GUID: 2887294cc7f1fe840bff6e349409648d' -> (Import Result ID: '2e0a0ccf99ea6301932ca379145bd882') in 0.003 seconds [static and dynamic dependencies]. Details - ImportResultOutputID=a0128c26c92af040e18df4f67032c382 DependenciesID=e326e570f521bed72481172c1603ba2e StaticDependenciesID=a51852cbf5109078a0e12f251d75139a 
Number of updated asset objects reloaded before import = 0
Number of asset objects unloaded after import = 1
========================================================================
Received Import Request.
  Time of request: 2026-10-01T17:13:29.1318078Z
  Time since last request: 0.0002421 seconds.
  importAddress: GUID: 5216b1b48296ef345ad2d2ec43105bf0 - Path: Packages/com.unity.timeline/Editor/StyleSheets/Images/Icons/TrackMuteButtonDisabled.png - Importer: ScriptedImporter/UnityEditor.QuickSearchModule:UnityEditor.Search:ASIAI0B
Importing 'GUID: 5216b1b48296ef345ad2d2ec43105bf0 - Path: Packages/com.unity.timeline/Editor/StyleSheets/Images/Icons/TrackMuteButtonDisabled.png - Importer: ScriptedImporter/UnityEditor.QuickSearchModule:UnityEditor.Search:ASIAI0B' with importer (ScriptedImporter : UnityEditor.QuickSearchModule:UnityEditor.Search:ASIAI0B)
Imported 'GUID: 5216b1b48296ef345ad2d2ec43105bf0' -> (Import Result ID: 'e2cb19765572a4870720e89b5bb85239') in 0.005 seconds [static and dynamic dependencies]. Details - ImportResultOutputID=9420c5bec2a867fcde9d8feba5bdda9a DependenciesID=d8de2c0e7dfb547da1610fc903d0ac0a StaticDependenciesID=c18baed9896b0c7d9866233d392eb5bd 
Number of updated asset objects reloaded before import = 0
Number of asset objects unloaded after import = 1
========================================================================
Received Import Request.
  Time of request: 2026-10-01T17:13:29.1446848Z
  Time since last request: 0.0003601 seconds.
  importAddress: GUID: 03ae22b9de3989144a9bebf8972b4fad - Path: Packages/com.unity.timeline/Editor/StyleSheets/Images/Shared/TimelineDisplay.png - Importer: ScriptedImporter/UnityEditor.QuickSearchModule:UnityEditor.Search:ASIAI0B
Importing 'GUID: 03ae22b9de3989144a9bebf8972b4fad - Path: Packages/com.unity.timeline/Editor/StyleSheets/Images/Shared/TimelineDisplay.png - Importer: ScriptedImporter/UnityEditor.QuickSearchModule:UnityEditor.Search:ASIAI0B' with importer (ScriptedImporter : UnityEditor.QuickSearchModule:UnityEditor.Search:ASIAI0B)
Imported 'GUID: 03ae22b9de3989144a9bebf8972b4fad' -> (Import Result ID: '348a6899782a7ae1b6ea13af1f5d2218') in 0.005 seconds [static and dynamic dependencies]. Details - ImportResultOutputID=4426b2294b93edbe5529cd5cb0970554 DependenciesID=347bdf4bad8521b65e4c5fb55956ab82 StaticDependenciesID=e7ce9c98eb52289f2fad84b10266c2de 
Number of updated asset objects reloaded before import = 0
Number of asset objects unloaded after import = 1
========================================================================
Received Import Request.
  Time of request: 2026-10-01T17:13:29.1563636Z
  Time since last request: 0.0002341 seconds.
  importAddress: GUID: 8fdae4ac756ed6047b01021ff0cc3ebb - Path: Packages/com.unity.timeline/Editor/StyleSheets/Images/Icons/TrackRecordButtonEnabled@2x.png - Importer: ScriptedImporter/UnityEditor.QuickSearchModule:UnityEditor.Search:ASIAI0B
Importing 'GUID: 8fdae4ac756ed6047b01021ff0cc3ebb - Path: Packages/com.unity.timeline/Editor/StyleSheets/Images/Icons/TrackRecordButtonEnabled@2x.png - Importer: ScriptedImporter/UnityEditor.QuickSearchModule:UnityEditor.Search:ASIAI0B' with importer (ScriptedImporter : UnityEditor.QuickSearchModule:UnityEditor.Search:ASIAI0B)
Imported 'GUID: 8fdae4ac756ed6047b01021ff0cc3ebb' -> (Import Result ID: 'b5d4c498ee95e362f4530d8557723701') in 0.003 seconds [static and dynamic dependencies]. Details - ImportResultOutputID=fdbc34c15b3986b18fc6701f78820934 DependenciesID=94da2e397a3e60eb7470903993e189a6 StaticDependenciesID=ad92bce38c4fedda1cf8ac42083708b1 
Number of updated asset objects reloaded before import = 0
Number of asset objects unloaded after import = 1
========================================================================
Received Import Request.
  Time of request: 2026-10-01T17:13:29.1671188Z
  Time since last request: 0.0003224 seconds.
  importAddress: GUID: 81e8b4a4bcbf7a14898e2658fd827642 - Path: Packages/com.unity.timeline/Editor/StyleSheets/Images/Icons/TrackMuteButtonEnabled.png - Importer: ScriptedImporter/UnityEditor.QuickSearchModule:UnityEditor.Search:ASIAI0B
Importing 'GUID: 81e8b4a4bcbf7a14898e2658fd827642 - Path: Packages/com.unity.timeline/Editor/StyleSheets/Images/Icons/TrackMuteButtonEnabled.png - Importer: ScriptedImporter/UnityEditor.QuickSearchModule:UnityEditor.Search:ASIAI0B' with importer (ScriptedImporter : UnityEditor.QuickSearchModule:UnityEditor.Search:ASIAI0B)
Imported 'GUID: 81e8b4a4bcbf7a14898e2658fd827642' -> (Import Result ID: '5292e5ca4bf8cc025481b5be2c17e571') in 0.004 seconds [static and dynamic dependencies]. Details - ImportResultOutputID=b6fc6e724e9488d71a81236f7b23b958 DependenciesID=051a7934c8bab821bc8ebd2555b7de6c StaticDependenciesID=8ebace1079227a6a1fe637f84b4513e4 
Number of updated asset objects reloaded before import = 0
Number of asset objects unloaded after import = 1
========================================================================
Received Import Request.
  Time of request: 2026-10-01T17:13:29.1785016Z
  Time since last request: 0.0002903 seconds.
  importAddress: GUID: a04f1625bf500f64e97445265dfbcc93 - Path: Packages/com.unity.timeline/Editor/StyleSheets/Images/Shared/TimelineConnector.png - Importer: ScriptedImporter/UnityEditor.QuickSearchModule:UnityEditor.Search:ASIAI0B
Importing 'GUID: a04f1625bf500f64e97445265dfbcc93 - Path: Packages/com.unity.timeline/Editor/StyleSheets/Images/Shared/TimelineConnector.png - Importer: ScriptedImporter/UnityEditor.QuickSearchModule:UnityEditor.Search:ASIAI0B' with importer (ScriptedImporter : UnityEditor.QuickSearchModule:UnityEditor.Search:ASIAI0B)
Imported 'GUID: a04f1625bf500f64e97445265dfbcc93' -> (Import Result ID: 'd03331ece48e31165e90861626b471d9') in 0.003 seconds [static and dynamic dependencies]. Details - ImportResultOutputID=87875654f9f12a05d1542cea0e381f26 DependenciesID=959d953ee93d74517b89956e0b4707a8 StaticDependenciesID=ca88fd1dec6b3c7a1b5f7a50b3832f56 
Number of updated asset objects reloaded before import = 0
Number of asset objects unloaded after import = 1
========================================================================
Received Import Request.
  Time of request: 2026-10-01T17:13:29.1993613Z
  Time since last request: 0.0099179 seconds.
  importAddress: GUID: 1c32167dbf3314852b6006a288eb449b - Path: Packages/com.unity.ai.navigation/Editor/NavMeshSurfaceEditor.cs - Importer: ScriptedImporter/UnityEditor.QuickSearchModule:UnityEditor.Search:ASIAI0B
Importing 'GUID: 1c32167dbf3314852b6006a288eb449b - Path: Packages/com.unity.ai.navigation/Editor/NavMeshSurfaceEditor.cs - Importer: ScriptedImporter/UnityEditor.QuickSearchModule:UnityEditor.Search:ASIAI0B' with importer (ScriptedImporter : UnityEditor.QuickSearchModule:UnityEditor.Search:ASIAI0B)
Imported 'GUID: 1c32167dbf3314852b6006a288eb449b' -> (Import Result ID: '47a14266523224f6369cbd8b65269e06') in 0.002 seconds [static and dynamic dependencies]. Details - ImportResultOutputID=35370615168771e53659d646516fd2b6 DependenciesID=f5e715edee458923ee23d98c7247aeee StaticDependenciesID=3e598d40033700c52d8ffc6ae17bc13f 
Number of updated asset objects reloaded before import = 0
Number of asset objects unloaded after import = 0
========================================================================
Received Import Request.
  Time of request: 2026-10-01T17:13:29.2076786Z
  Time since last request: 0.0003183 seconds.
  importAddress: GUID: fbee67e09f48e4652bfa085460c895c7 - Path: Packages/com.unity.ai.navigation/package.json - Importer: ScriptedImporter/UnityEditor.QuickSearchModule:UnityEditor.Search:ASIAI0B
Importing 'GUID: fbee67e09f48e4652bfa085460c895c7 - Path: Packages/com.unity.ai.navigation/package.json - Importer: ScriptedImporter/UnityEditor.QuickSearchModule:UnityEditor.Search:ASIAI0B' with importer (ScriptedImporter : UnityEditor.QuickSearchModule:UnityEditor.Search:ASIAI0B)
Imported 'GUID: fbee67e09f48e4652bfa085460c895c7' -> (Import Result ID: '308cbb04a8e1f8023023eb068ec747e9') in 0.002 seconds [static and dynamic dependencies]. Details - ImportResultOutputID=53796c10be6b1bdae1ff9198c2853d29 DependenciesID=56b2b91530eaa9a1d6be64eff227fcc5 StaticDependenciesID=0d8f26a849f62e58d47babf95af4bc85 
Number of updated asset objects reloaded before import = 0
Number of asset objects unloaded after import = 1
========================================================================
Received Import Request.
  Time of request: 2026-10-01T17:13:29.2177636Z
  Time since last request: 0.0002993 seconds.
  importAddress: GUID: ccdfde25179bd45acb7145793b3b87f8 - Path: Packages/com.unity.ai.navigation/CHANGELOG.md - Importer: ScriptedImporter/UnityEditor.QuickSearchModule:UnityEditor.Search:ASIAI0B
Importing 'GUID: ccdfde25179bd45acb7145793b3b87f8 - Path: Packages/com.unity.ai.navigation/CHANGELOG.md - Importer: ScriptedImporter/UnityEditor.QuickSearchModule:UnityEditor.Search:ASIAI0B' with importer (ScriptedImporter : UnityEditor.QuickSearchModule:UnityEditor.Search:ASIAI0B)
Imported 'GUID: ccdfde25179bd45acb7145793b3b87f8' -> (Import Result ID: '027524526534a598713b184643f93e51') in 0.003 seconds [static and dynamic dependencies]. Details - ImportResultOutputID=158a39c28d4600523f92a6b617e57cb9 DependenciesID=e08cd58978ecfdf1aa188b5fa6b70bad StaticDependenciesID=3c93a71fb7c78bb43c5a37b0f6f82d73 
Number of updated asset objects reloaded before import = 0
Number of asset objects unloaded after import = 1
========================================================================
Received Import Request.
  Time of request: 2026-10-01T17:13:29.237524Z
  Time since last request: 0.0082418 seconds.
  importAddress: GUID: 5b2a8a1e265e99b4fb8d77061490f397 - Path: Packages/com.unity.ai.navigation/EditorResources/Overlay/d_NavigationOverlay On@128.png - Importer: ScriptedImporter/UnityEditor.QuickSearchModule:UnityEditor.Search:ASIAI0B
Importing 'GUID: 5b2a8a1e265e99b4fb8d77061490f397 - Path: Packages/com.unity.ai.navigation/EditorResources/Overlay/d_NavigationOverlay On@128.png - Importer: ScriptedImporter/UnityEditor.QuickSearchModule:UnityEditor.Search:ASIAI0B' with importer (ScriptedImporter : UnityEditor.QuickSearchModule:UnityEditor.Search:ASIAI0B)
Imported 'GUID: 5b2a8a1e265e99b4fb8d77061490f397' -> (Import Result ID: 'ff70ca9ee80342481b345b3c89b8113c') in 0.004 seconds [static and dynamic dependencies]. Details - ImportResultOutputID=e0750282f5e2f9a6fd14185f339659c1 DependenciesID=39ac9875599d1026b69689b94c11f68a StaticDependenciesID=715256f2007daf30f7bd65c39e435a45 
Number of updated asset objects reloaded before import = 0
Number of asset objects unloaded after import = 1
========================================================================
Received Import Request.
  Time of request: 2026-10-01T17:13:29.2482963Z
  Time since last request: 0.0001936 seconds.
  importAddress: GUID: 8c4dd21966739024fbd72155091d199e - Path: Packages/com.unity.ai.navigation/Runtime/Unity.AI.Navigation.asmdef - Importer: ScriptedImporter/UnityEditor.QuickSearchModule:UnityEditor.Search:ASIAI0B
Importing 'GUID: 8c4dd21966739024fbd72155091d199e - Path: Packages/com.unity.ai.navigation/Runtime/Unity.AI.Navigation.asmdef - Importer: ScriptedImporter/UnityEditor.QuickSearchModule:UnityEditor.Search:ASIAI0B' with importer (ScriptedImporter : UnityEditor.QuickSearchModule:UnityEditor.Search:ASIAI0B)
Imported 'GUID: 8c4dd21966739024fbd72155091d199e' -> (Import Result ID: '237ec8e0e8c99212294f79e3d0e46ead') in 0.002 seconds [static and dynamic dependencies]. Details - ImportResultOutputID=c5066a649f1269919492d38965a13b3a DependenciesID=1ec459b9bdaca7e736914839b162a307 StaticDependenciesID=ad64d9f2a36a8fe9b997a9ea57de0121 
Number of updated asset objects reloaded before import = 0
Number of asset objects unloaded after import = 1
========================================================================
Received Import Request.
  Time of request: 2026-10-01T17:13:29.2573157Z
  Time since last request: 0.0003248 seconds.
  importAddress: GUID: 642f7453935154b44afc516c07b1d009 - Path: Packages/com.unity.ai.navigation/EditorResources/Overlay/d_NavigationOverlay On@256.png - Importer: ScriptedImporter/UnityEditor.QuickSearchModule:UnityEditor.Search:ASIAI0B
Importing 'GUID: 642f7453935154b44afc516c07b1d009 - Path: Packages/com.unity.ai.navigation/EditorResources/Overlay/d_NavigationOverlay On@256.png - Importer: ScriptedImporter/UnityEditor.QuickSearchModule:UnityEditor.Search:ASIAI0B' with importer (ScriptedImporter : UnityEditor.QuickSearchModule:UnityEditor.Search:ASIAI0B)
Imported 'GUID: 642f7453935154b44afc516c07b1d009' -> (Import Result ID: '4c0b25683983dc1fd817ffc64f8a88a8') in 0.004 seconds [static and dynamic dependencies]. Details - ImportResultOutputID=c8ee62ededfe9b2c293e60f3082698b7 DependenciesID=5147ab4cc973cdfd5b3d5c2c4ee55eee StaticDependenciesID=5924544330e51a362c50e67e2cd450f6 
Number of updated asset objects reloaded before import = 0
Number of asset objects unloaded after import = 1
========================================================================
Received Import Request.
  Time of request: 2026-10-01T17:13:29.2675462Z
  Time since last request: 0.000225 seconds.
  importAddress: GUID: a86108f91b07e4fe3b5cd8fedc9f1797 - Path: Packages/com.unity.ai.navigation/Editor/ConversionSystem/AssemblyInfo.cs - Importer: ScriptedImporter/UnityEditor.QuickSearchModule:UnityEditor.Search:ASIAI0B
Importing 'GUID: a86108f91b07e4fe3b5cd8fedc9f1797 - Path: Packages/com.unity.ai.navigation/Editor/ConversionSystem/AssemblyInfo.cs - Importer: ScriptedImporter/UnityEditor.QuickSearchModule:UnityEditor.Search:ASIAI0B' with importer (ScriptedImporter : UnityEditor.QuickSearchModule:UnityEditor.Search:ASIAI0B)
Imported 'GUID: a86108f91b07e4fe3b5cd8fedc9f1797' -> (Import Result ID: 'cfe2d2896c82f1860c603e0ccd67785d') in 0.001 seconds [static and dynamic dependencies]. Details - ImportResultOutputID=4e5f11efad4d0e94e5caa1d70aabe810 DependenciesID=67ec75cbddbc42b0b83ee8c0a5c92958 StaticDependenciesID=4e4de1d047731d279fe17f2f53556cfd 
Number of updated asset objects reloaded before import = 0
Number of asset objects unloaded after import = 0
========================================================================
Received Import Request.
  Time of request: 2026-10-01T17:13:29.2752304Z
  Time since last request: 0.000191 seconds.
  importAddress: GUID: cd1eb3c3c695c494d855ea678fe7395b - Path: Packages/com.unity.ai.navigation/Editor/ConversionSystem/converter_editor.uxml - Importer: ScriptedImporter/UnityEditor.QuickSearchModule:UnityEditor.Search:ASIAI0B
Importing 'GUID: cd1eb3c3c695c494d855ea678fe7395b - Path: Packages/com.unity.ai.navigation/Editor/ConversionSystem/converter_editor.uxml - Importer: ScriptedImporter/UnityEditor.QuickSearchModule:UnityEditor.Search:ASIAI0B' with importer (ScriptedImporter : UnityEditor.QuickSearchModule:UnityEditor.Search:ASIAI0B)
Imported 'GUID: cd1eb3c3c695c494d855ea678fe7395b' -> (Import Result ID: '3e821fe1e11d7592dee3e3cd1566b96a') in 0.005 seconds [static and dynamic dependencies]. Details - ImportResultOutputID=676370456eb7d75a550ec4c927f78eb0 DependenciesID=15de2966262fe1612fa16618f3decb16 StaticDependenciesID=0030a205e0bb296389b70c08452c9935 
Number of updated asset objects reloaded before import = 0
Number of asset objects unloaded after import = 2
========================================================================
Received Import Request.
  Time of request: 2026-10-01T17:13:29.28809Z
  Time since last request: 0.0002755 seconds.
  importAddress: GUID: 9d244ceb235342e4c8f308aa1f71be7e - Path: Packages/com.unity.ai.navigation/EditorResources/Overlay/NavigationOverlay@2x.png - Importer: ScriptedImporter/UnityEditor.QuickSearchModule:UnityEditor.Search:ASIAI0B
Importing 'GUID: 9d244ceb235342e4c8f308aa1f71be7e - Path: Packages/com.unity.ai.navigation/EditorResources/Overlay/NavigationOverlay@2x.png - Importer: ScriptedImporter/UnityEditor.QuickSearchModule:UnityEditor.Search:ASIAI0B' with importer (ScriptedImporter : UnityEditor.QuickSearchModule:UnityEditor.Search:ASIAI0B)
Imported 'GUID: 9d244ceb235342e4c8f308aa1f71be7e' -> (Import Result ID: 'ec2ca0918a0a2386341b429e5ade1224') in 0.004 seconds [static and dynamic dependencies]. Details - ImportResultOutputID=7592cb08e0df107655cd4cc6f93e267e DependenciesID=fda6b33885f8a69e549d6dfaf9129635 StaticDependenciesID=16e9f5c6bd8efec0ba95bcd34895e054 
Number of updated asset objects reloaded before import = 0
Number of asset objects unloaded after import = 1
========================================================================
Received Import Request.
  Time of request: 2026-10-01T17:13:29.2998461Z
  Time since last request: 0.0003484 seconds.
  importAddress: GUID: 0c9fba05c2cea421a8771ca17afce238 - Path: Packages/com.unity.ai.navigation/Editor/ConversionSystem/SystemConverter.cs - Importer: ScriptedImporter/UnityEditor.QuickSearchModule:UnityEditor.Search:ASIAI0B
Importing 'GUID: 0c9fba05c2cea421a8771ca17afce238 - Path: Packages/com.unity.ai.navigation/Editor/ConversionSystem/SystemConverter.cs - Importer: ScriptedImporter/UnityEditor.QuickSearchModule:UnityEditor.Search:ASIAI0B' with importer (ScriptedImporter : UnityEditor.QuickSearchModule:UnityEditor.Search:ASIAI0B)
Imported 'GUID: 0c9fba05c2cea421a8771ca17afce238' -> (Import Result ID: '1265e955be9fbe745dd24877f1474a04') in 0.002 seconds [static and dynamic dependencies]. Details - ImportResultOutputID=a5bc49d6d6870b2a813ecf221b3be431 DependenciesID=0d2fff27061228b24de15b3480945a9d StaticDependenciesID=b9bb33132951ee855c0945535f03b437 
Number of updated asset objects reloaded before import = 0
Number of asset objects unloaded after import = 0
========================================================================
Received Import Request.
  Time of request: 2026-10-01T17:13:29.3092821Z
  Time since last request: 0.0002177 seconds.
  importAddress: GUID: 14f573b87e1ac42568de3d97da3a0f03 - Path: Packages/com.unity.ai.navigation/Editor/Updater/NavigationConverterContainer.cs - Importer: ScriptedImporter/UnityEditor.QuickSearchModule:UnityEditor.Search:ASIAI0B
Importing 'GUID: 14f573b87e1ac42568de3d97da3a0f03 - Path: Packages/com.unity.ai.navigation/Editor/Updater/NavigationConverterContainer.cs - Importer: ScriptedImporter/UnityEditor.QuickSearchModule:UnityEditor.Search:ASIAI0B' with importer (ScriptedImporter : UnityEditor.QuickSearchModule:UnityEditor.Search:ASIAI0B)
Imported 'GUID: 14f573b87e1ac42568de3d97da3a0f03' -> (Import Result ID: '0798b547a7cc219067870be838c223d0') in 0.002 seconds [static and dynamic dependencies]. Details - ImportResultOutputID=99616f05d4479d32b7ea2d055ddc7c74 DependenciesID=bd538ddc0eb34496f842aea69446f76e StaticDependenciesID=ca1b5473f24f92447b4d73aa8b011ee7 
Number of updated asset objects reloaded before import = 0
Number of asset objects unloaded after import = 0
========================================================================
Received Import Request.
  Time of request: 2026-10-01T17:13:29.3194042Z
  Time since last request: 0.0003017 seconds.
  importAddress: GUID: 3eb99c80b411349188e1e5167887ac6c - Path: Packages/com.unity.ai.navigation/Editor/ConversionSystem/converter_editor.uss - Importer: ScriptedImporter/UnityEditor.QuickSearchModule:UnityEditor.Search:ASIAI0B
Importing 'GUID: 3eb99c80b411349188e1e5167887ac6c - Path: Packages/com.unity.ai.navigation/Editor/ConversionSystem/converter_editor.uss - Importer: ScriptedImporter/UnityEditor.QuickSearchModule:UnityEditor.Search:ASIAI0B' with importer (ScriptedImporter : UnityEditor.QuickSearchModule:UnityEditor.Search:ASIAI0B)
Imported 'GUID: 3eb99c80b411349188e1e5167887ac6c' -> (Import Result ID: '4b7fced8939bedea413d70a2a8bca0dc') in 0.007 seconds [static and dynamic dependencies]. Details - ImportResultOutputID=0223f12f93a748e802e40e125b197a3b DependenciesID=53eca5c62e8b988ad93f41af855ee6eb StaticDependenciesID=651d6ae36031e1237fea0cd6021cfc9a 
Number of updated asset objects reloaded before import = 0
Number of asset objects unloaded after import = 1
========================================================================
Received Import Request.
  Time of request: 2026-10-01T17:13:29.3576103Z
  Time since last request: 0.0232469 seconds.
  importAddress: GUID: d652dd37e32b64cc9b4e36a1e7ddf1b8 - Path: Packages/com.unity.shadergraph/CHANGELOG.md - Importer: ScriptedImporter/UnityEditor.QuickSearchModule:UnityEditor.Search:ASIAI0B
Importing 'GUID: d652dd37e32b64cc9b4e36a1e7ddf1b8 - Path: Packages/com.unity.shadergraph/CHANGELOG.md - Importer: ScriptedImporter/UnityEditor.QuickSearchModule:UnityEditor.Search:ASIAI0B' with importer (ScriptedImporter : UnityEditor.QuickSearchModule:UnityEditor.Search:ASIAI0B)
Imported 'GUID: d652dd37e32b64cc9b4e36a1e7ddf1b8' -> (Import Result ID: '4b8c227ee7b07e3a3d18db1813c4e2ae') in 0.002 seconds [static and dynamic dependencies]. Details - ImportResultOutputID=1ae035c73ff92876fa7b4ca34d238bd9 DependenciesID=dbd72be460ddac67c4576649611565da StaticDependenciesID=5122c4d284d0876ddf3d976714e243c9 
Number of updated asset objects reloaded before import = 0
Number of asset objects unloaded after import = 1
========================================================================
Received Import Request.
  Time of request: 2026-10-01T17:13:29.3667464Z
  Time since last request: 0.0002919 seconds.
  importAddress: GUID: be0903cd8e1546f498710afdc59db5eb - Path: Packages/com.unity.shadergraph/Editor/Unity.ShaderGraph.Editor.asmdef - Importer: ScriptedImporter/UnityEditor.QuickSearchModule:UnityEditor.Search:ASIAI0B
Importing 'GUID: be0903cd8e1546f498710afdc59db5eb - Path: Packages/com.unity.shadergraph/Editor/Unity.ShaderGraph.Editor.asmdef - Importer: ScriptedImporter/UnityEditor.QuickSearchModule:UnityEditor.Search:ASIAI0B' with importer (ScriptedImporter : UnityEditor.QuickSearchModule:UnityEditor.Search:ASIAI0B)
Imported 'GUID: be0903cd8e1546f498710afdc59db5eb' -> (Import Result ID: 'ecae85e69b47319569706cdd0b7a8f8f') in 0.001 seconds [static and dynamic dependencies]. Details - ImportResultOutputID=265d3c6d8d4799b86ed65ae7be66edcb DependenciesID=955bbc6c36d01833c3cc770b0da93560 StaticDependenciesID=65d451bfc4bc63355d21f62b7d956ea4 
Number of updated asset objects reloaded before import = 0
Number of asset objects unloaded after import = 1
========================================================================
Received Import Request.
  Time of request: 2026-10-01T17:13:29.3757405Z
  Time since last request: 0.0002784 seconds.
  importAddress: GUID: 9154b3a500851e04494b08c0a363964a - Path: Packages/com.unity.shadergraph/GraphTemplates/default_normal.png - Importer: ScriptedImporter/UnityEditor.QuickSearchModule:UnityEditor.Search:ASIAI0B
Importing 'GUID: 9154b3a500851e04494b08c0a363964a - Path: Packages/com.unity.shadergraph/GraphTemplates/default_normal.png - Importer: ScriptedImporter/UnityEditor.QuickSearchModule:UnityEditor.Search:ASIAI0B' with importer (ScriptedImporter : UnityEditor.QuickSearchModule:UnityEditor.Search:ASIAI0B)
Imported 'GUID: 9154b3a500851e04494b08c0a363964a' -> (Import Result ID: 'c202abd9c831a79bfc307e1e932e5a7e') in 0.004 seconds [static and dynamic dependencies]. Details - ImportResultOutputID=1578dad1d771b120226d554c4ce6e1cd DependenciesID=981d6d5095016174f0a47f0cda108b3c StaticDependenciesID=e7099cb477581a4312c6aca45668e65a 
Number of updated asset objects reloaded before import = 0
Number of asset objects unloaded after import = 1
========================================================================
Received Import Request.
  Time of request: 2026-10-01T17:13:29.3883326Z
  Time since last request: 0.0001941 seconds.
  importAddress: GUID: 43c4efd3816e71d4f85c7a1abdbebe53 - Path: Packages/com.unity.shadergraph/Editor/ShaderGraphDataExtension.cs - Importer: ScriptedImporter/UnityEditor.QuickSearchModule:UnityEditor.Search:ASIAI0B
Importing 'GUID: 43c4efd3816e71d4f85c7a1abdbebe53 - Path: Packages/com.unity.shadergraph/Editor/ShaderGraphDataExtension.cs - Importer: ScriptedImporter/UnityEditor.QuickSearchModule:UnityEditor.Search:ASIAI0B' with importer (ScriptedImporter : UnityEditor.QuickSearchModule:UnityEditor.Search:ASIAI0B)
Imported 'GUID: 43c4efd3816e71d4f85c7a1abdbebe53' -> (Import Result ID: 'ee5632cc131dcb19e582acd0e0863270') in 0.002 seconds [static and dynamic dependencies]. Details - ImportResultOutputID=c8ca1e6d0b43f4b2b34d07ab5d752d8a DependenciesID=6e641a6839179724c98178a7f93fbc24 StaticDependenciesID=6ad4040231e8359727016f4d7893cf9c 
Number of updated asset objects reloaded before import = 0
Number of asset objects unloaded after import = 0
========================================================================
Received Import Request.
  Time of request: 2026-10-01T17:13:29.4094286Z
  Time since last request: 0.0114944 seconds.
  importAddress: GUID: 75d8197dfa5346abaacd62fc929e67e0 - Path: Packages/com.unity.shadergraph/Editor/Serialization/SerializationExtensions.cs - Importer: ScriptedImporter/UnityEditor.QuickSearchModule:UnityEditor.Search:ASIAI0B
Importing 'GUID: 75d8197dfa5346abaacd62fc929e67e0 - Path: Packages/com.unity.shadergraph/Editor/Serialization/SerializationExtensions.cs - Importer: ScriptedImporter/UnityEditor.QuickSearchModule:UnityEditor.Search:ASIAI0B' with importer (ScriptedImporter : UnityEditor.QuickSearchModule:UnityEditor.Search:ASIAI0B)
Imported 'GUID: 75d8197dfa5346abaacd62fc929e67e0' -> (Import Result ID: 'a8c855ba6c550d8895096c6b8b187603') in 0.002 seconds [static and dynamic dependencies]. Details - ImportResultOutputID=aa3a0af3055aad5695ed24f636253b6d DependenciesID=0ee3a0b4bd504832daef23273e8d30b1 StaticDependenciesID=dcabc382b0bf632ee1826754fcc1f614 
Number of updated asset objects reloaded before import = 0
Number of asset objects unloaded after import = 0
========================================================================
Received Import Request.
  Time of request: 2026-10-01T17:13:29.4186833Z
  Time since last request: 0.0002785 seconds.
  importAddress: GUID: dbc783860c76444c874638295f87d551 - Path: Packages/com.unity.shadergraph/Editor/Serialization/FakeJsonObject.cs - Importer: ScriptedImporter/UnityEditor.QuickSearchModule:UnityEditor.Search:ASIAI0B
Importing 'GUID: dbc783860c76444c874638295f87d551 - Path: Packages/com.unity.shadergraph/Editor/Serialization/FakeJsonObject.cs - Importer: ScriptedImporter/UnityEditor.QuickSearchModule:UnityEditor.Search:ASIAI0B' with importer (ScriptedImporter : UnityEditor.QuickSearchModule:UnityEditor.Search:ASIAI0B)
Imported 'GUID: dbc783860c76444c874638295f87d551' -> (Import Result ID: '22a8d2f2229e68a2c79cfb336c675402') in 0.002 seconds [static and dynamic dependencies]. Details - ImportResultOutputID=903ec3789ce5f9399f982e6b3cdc9396 DependenciesID=c42c61a7681e87c5566351d2e3a91809 StaticDependenciesID=113cae1534f59b227aecd6940874679f 
Number of updated asset objects reloaded before import = 0
Number of asset objects unloaded after import = 0
========================================================================
Received Import Request.
  Time of request: 2026-10-01T17:13:29.4269554Z
  Time since last request: 0.0004273 seconds.
  importAddress: GUID: 72e350503c76f40baac54cde32e52f97 - Path: Packages/com.unity.shadergraph/Editor/Extensions/FieldExtensions.cs - Importer: ScriptedImporter/UnityEditor.QuickSearchModule:UnityEditor.Search:ASIAI0B
Importing 'GUID: 72e350503c76f40baac54cde32e52f97 - Path: Packages/com.unity.shadergraph/Editor/Extensions/FieldExtensions.cs - Importer: ScriptedImporter/UnityEditor.QuickSearchModule:UnityEditor.Search:ASIAI0B' with importer (ScriptedImporter : UnityEditor.QuickSearchModule:UnityEditor.Search:ASIAI0B)
Imported 'GUID: 72e350503c76f40baac54cde32e52f97' -> (Import Result ID: '3da6a622e704a2880e3cf675f84f5f44') in 0.002 seconds [static and dynamic dependencies]. Details - ImportResultOutputID=68af7dc10d97ef055473540586bbdb63 DependenciesID=d3e27e0c77909c0b601816be42aa1c55 StaticDependenciesID=746df7e8e942d5cf9c9c24795b70008e 
Number of updated asset objects reloaded before import = 0
Number of asset objects unloaded after import = 0
========================================================================
Received Import Request.
  Time of request: 2026-10-01T17:13:29.4352746Z
  Time since last request: 0.0002838 seconds.
  importAddress: GUID: 924ffcbe75518854f97b48776d0f1939 - Path: Packages/com.unity.shadergraph/Editor/Drawing/MaterialGraphEditWindow.cs - Importer: ScriptedImporter/UnityEditor.QuickSearchModule:UnityEditor.Search:ASIAI0B
Importing 'GUID: 924ffcbe75518854f97b48776d0f1939 - Path: Packages/com.unity.shadergraph/Editor/Drawing/MaterialGraphEditWindow.cs - Importer: ScriptedImporter/UnityEditor.QuickSearchModule:UnityEditor.Search:ASIAI0B' with importer (ScriptedImporter : UnityEditor.QuickSearchModule:UnityEditor.Search:ASIAI0B)
Imported 'GUID: 924ffcbe75518854f97b48776d0f1939' -> (Import Result ID: '9b0793c27848eb902d88eb0201d70468') in 0.001 seconds [static and dynamic dependencies]. Details - ImportResultOutputID=fdef0ac9a8e1cbba93f5f017e3ec6bbb DependenciesID=f97fab6770cb28b6a8ed1dec217e8e40 StaticDependenciesID=fa838e4f261de22df5faa06af30f1d22 
Number of updated asset objects reloaded before import = 0
Number of asset objects unloaded after import = 0
========================================================================
Received Import Request.
  Time of request: 2026-10-01T17:13:29.443421Z
  Time since last request: 0.00018 seconds.
  importAddress: GUID: 49f440ce949d5b944bccdfef70f2aca7 - Path: Packages/com.unity.shadergraph/Editor/Resources/StickyNote.uss - Importer: ScriptedImporter/UnityEditor.QuickSearchModule:UnityEditor.Search:ASIAI0B
Importing 'GUID: 49f440ce949d5b944bccdfef70f2aca7 - Path: Packages/com.unity.shadergraph/Editor/Resources/StickyNote.uss - Importer: ScriptedImporter/UnityEditor.QuickSearchModule:UnityEditor.Search:ASIAI0B' with importer (ScriptedImporter : UnityEditor.QuickSearchModule:UnityEditor.Search:ASIAI0B)
Imported 'GUID: 49f440ce949d5b944bccdfef70f2aca7' -> (Import Result ID: '0423b72f311df9ca3e01e320523bb0f5') in 0.005 seconds [static and dynamic dependencies]. Details - ImportResultOutputID=353641977b6546ed86f2efcd90433189 DependenciesID=cb41e2b6378232944056c10f7d4f3ce5 StaticDependenciesID=a9aaaa7a4b43f6ca8fd56d7abc5a4391 
Number of updated asset objects reloaded before import = 0
Number of asset objects unloaded after import = 1
========================================================================
Received Import Request.
  Time of request: 2026-10-01T17:13:29.4544962Z
  Time since last request: 0.0002262 seconds.
  importAddress: GUID: cec81f6c3e8754945851d1776f968cac - Path: Packages/com.unity.shadergraph/Editor/ProviderSystem/GroupVariantControl.cs - Importer: ScriptedImporter/UnityEditor.QuickSearchModule:UnityEditor.Search:ASIAI0B
Importing 'GUID: cec81f6c3e8754945851d1776f968cac - Path: Packages/com.unity.shadergraph/Editor/ProviderSystem/GroupVariantControl.cs - Importer: ScriptedImporter/UnityEditor.QuickSearchModule:UnityEditor.Search:ASIAI0B' with importer (ScriptedImporter : UnityEditor.QuickSearchModule:UnityEditor.Search:ASIAI0B)
Imported 'GUID: cec81f6c3e8754945851d1776f968cac' -> (Import Result ID: '00108f1c974ba4daadb5d3cdaacc52e2') in 0.002 seconds [static and dynamic dependencies]. Details - ImportResultOutputID=67bc93ab5486e381a7a95f60748a168c DependenciesID=0ee2d09a077a1fdf4cc7207ef611b788 StaticDependenciesID=536606224bf8c7a2bf0c04c38846bb49 
Number of updated asset objects reloaded before import = 0
Number of asset objects unloaded after import = 0
========================================================================
Received Import Request.
  Time of request: 2026-10-01T17:13:29.4629183Z
  Time since last request: 0.0002318 seconds.
  importAddress: GUID: 8153a374dd7a6134e996bd39feb8c9ca - Path: Packages/com.unity.shadergraph/Editor/ShaderGUI/GenericShaderGraphMaterialGUI.cs - Importer: ScriptedImporter/UnityEditor.QuickSearchModule:UnityEditor.Search:ASIAI0B
Importing 'GUID: 8153a374dd7a6134e996bd39feb8c9ca - Path: Packages/com.unity.shadergraph/Editor/ShaderGUI/GenericShaderGraphMaterialGUI.cs - Importer: ScriptedImporter/UnityEditor.QuickSearchModule:UnityEditor.Search:ASIAI0B' with importer (ScriptedImporter : UnityEditor.QuickSearchModule:UnityEditor.Search:ASIAI0B)
Imported 'GUID: 8153a374dd7a6134e996bd39feb8c9ca' -> (Import Result ID: '00cd709db99a28a63eb98c0f20e500cb') in 0.001 seconds [static and dynamic dependencies]. Details - ImportResultOutputID=89cab9b6dbe922f080571a480f614bc1 DependenciesID=5d2ec726a7f4545212b8d0e26f530053 StaticDependenciesID=62bc2b8f7b89bc3dc22897c256800305 
Number of updated asset objects reloaded before import = 0
Number of asset objects unloaded after import = 0
========================================================================
Received Import Request.
  Time of request: 2026-10-01T17:13:29.4724011Z
  Time since last request: 0.0002252 seconds.
  importAddress: GUID: b7e9b48c3a9534782bdc85af295da963 - Path: Packages/com.unity.shadergraph/Editor/Importers/_.sgsubgraphdb - Importer: ScriptedImporter/UnityEditor.QuickSearchModule:UnityEditor.Search:ASIAI0B
Importing 'GUID: b7e9b48c3a9534782bdc85af295da963 - Path: Packages/com.unity.shadergraph/Editor/Importers/_.sgsubgraphdb - Importer: ScriptedImporter/UnityEditor.QuickSearchModule:UnityEditor.Search:ASIAI0B' with importer (ScriptedImporter : UnityEditor.QuickSearchModule:UnityEditor.Search:ASIAI0B)
Imported 'GUID: b7e9b48c3a9534782bdc85af295da963' -> (Import Result ID: 'a2916add30e9b87a0dde863efb3807a7') in 0.002 seconds [static and dynamic dependencies]. Details - ImportResultOutputID=e7df135990b37307bc884d6e68811a20 DependenciesID=5d3ba0956b8737aa0af1c8ced29d648d StaticDependenciesID=5d5b6aa3e1f9c4e231d875ddb2cd4e53 
Number of updated asset objects reloaded before import = 0
Number of asset objects unloaded after import = 1
========================================================================
Received Import Request.
  Time of request: 2026-10-01T17:13:29.4804156Z
  Time since last request: 0.0002424 seconds.
  importAddress: GUID: 5c787299c2fabe242bc0bd089105b90e - Path: Packages/com.unity.shadergraph/Editor/InternalBridge/IconBadge.cs - Importer: ScriptedImporter/UnityEditor.QuickSearchModule:UnityEditor.Search:ASIAI0B
Importing 'GUID: 5c787299c2fabe242bc0bd089105b90e - Path: Packages/com.unity.shadergraph/Editor/InternalBridge/IconBadge.cs - Importer: ScriptedImporter/UnityEditor.QuickSearchModule:UnityEditor.Search:ASIAI0B' with importer (ScriptedImporter : UnityEditor.QuickSearchModule:UnityEditor.Search:ASIAI0B)
Imported 'GUID: 5c787299c2fabe242bc0bd089105b90e' -> (Import Result ID: '8a27f9ca8c62ba30c2e5ab72e9223519') in 0.002 seconds [static and dynamic dependencies]. Details - ImportResultOutputID=fd0475414f157950a2fa97afc1618f7a DependenciesID=3187ea1ce4e03c3f0466611a1f1c4bcf StaticDependenciesID=028b5dc09822c4d8c62a10ebafae1961 
Number of updated asset objects reloaded before import = 0
Number of asset objects unloaded after import = 0
========================================================================
Received Import Request.
  Time of request: 2026-10-01T17:13:29.5028601Z
  Time since last request: 0.0143668 seconds.
  importAddress: GUID: 3536b8f2543044f72bb45c2e5dd889e9 - Path: Packages/com.unity.shadergraph/Editor/Util/MessageManager.cs - Importer: ScriptedImporter/UnityEditor.QuickSearchModule:UnityEditor.Search:ASIAI0B
Importing 'GUID: 3536b8f2543044f72bb45c2e5dd889e9 - Path: Packages/com.unity.shadergraph/Editor/Util/MessageManager.cs - Importer: ScriptedImporter/UnityEditor.QuickSearchModule:UnityEditor.Search:ASIAI0B' with importer (ScriptedImporter : UnityEditor.QuickSearchModule:UnityEditor.Search:ASIAI0B)
Imported 'GUID: 3536b8f2543044f72bb45c2e5dd889e9' -> (Import Result ID: 'fef310e9cccea26fcbf38e69d69bb424') in 0.002 seconds [static and dynamic dependencies]. Details - ImportResultOutputID=9b1918c294fc4ce3a6cc8c1887dee4e6 DependenciesID=6da66b77e3d2bbb521011095849a0271 StaticDependenciesID=8acf16e01aea819384628f1e8eeff73f 
Number of updated asset objects reloaded before import = 0
Number of asset objects unloaded after import = 0
========================================================================
Received Import Request.
  Time of request: 2026-10-01T17:13:29.5110908Z
  Time since last request: 0.0004815 seconds.
  importAddress: GUID: 73df811908489f1408d1bec44aab3a80 - Path: Packages/com.unity.shadergraph/GraphTemplates/Cross Pipeline/DecalSimpleTemplateThumbnail.png - Importer: ScriptedImporter/UnityEditor.QuickSearchModule:UnityEditor.Search:ASIAI0B
Importing 'GUID: 73df811908489f1408d1bec44aab3a80 - Path: Packages/com.unity.shadergraph/GraphTemplates/Cross Pipeline/DecalSimpleTemplateThumbnail.png - Importer: ScriptedImporter/UnityEditor.QuickSearchModule:UnityEditor.Search:ASIAI0B' with importer (ScriptedImporter : UnityEditor.QuickSearchModule:UnityEditor.Search:ASIAI0B)
Imported 'GUID: 73df811908489f1408d1bec44aab3a80' -> (Import Result ID: '48c1eafbdae5ddad00cf9f8925d0227a') in 0.005 seconds [static and dynamic dependencies]. Details - ImportResultOutputID=50818e452b6ffc8f9b6892d61b75eec1 DependenciesID=8a27f3c9535425335ec5386f0d20da71 StaticDependenciesID=a52079923367e278278fe6048cad2724 
Number of updated asset objects reloaded before import = 0
Number of asset objects unloaded after import = 1
========================================================================
Received Import Request.
  Time of request: 2026-10-01T17:13:29.5236059Z
  Time since last request: 0.000334 seconds.
  importAddress: GUID: d0f40856fc355224fab6453746e0507a - Path: Packages/com.unity.shadergraph/GraphTemplates/Subgraphs/SoftParticles.shadersubgraph - Importer: ScriptedImporter/UnityEditor.QuickSearchModule:UnityEditor.Search:ASIAI0B
Importing 'GUID: d0f40856fc355224fab6453746e0507a - Path: Packages/com.unity.shadergraph/GraphTemplates/Subgraphs/SoftParticles.shadersubgraph - Importer: ScriptedImporter/UnityEditor.QuickSearchModule:UnityEditor.Search:ASIAI0B' with importer (ScriptedImporter : UnityEditor.QuickSearchModule:UnityEditor.Search:ASIAI0B)
Imported 'GUID: d0f40856fc355224fab6453746e0507a' -> (Import Result ID: '86ba2d8082c2b8c6864871e393d2f45f') in 0.005 seconds [static and dynamic dependencies]. Details - ImportResultOutputID=072e4f13b490efdfa5addad94fa2dc13 DependenciesID=ff76fe6fa02fca03c6bf5820454d72b2 StaticDependenciesID=124a004e7a90819be52c17c3574558a7 
Number of updated asset objects reloaded before import = 0
Number of asset objects unloaded after import = 1
========================================================================
Received Import Request.
  Time of request: 2026-10-01T17:13:29.5366538Z
  Time since last request: 0.0003588 seconds.
  importAddress: GUID: 41c67c52dd54464fa78d8ab286eb501b - Path: Packages/com.unity.shadergraph/Editor/Util/IndexSet.cs - Importer: ScriptedImporter/UnityEditor.QuickSearchModule:UnityEditor.Search:ASIAI0B
Importing 'GUID: 41c67c52dd54464fa78d8ab286eb501b - Path: Packages/com.unity.shadergraph/Editor/Util/IndexSet.cs - Importer: ScriptedImporter/UnityEditor.QuickSearchModule:UnityEditor.Search:ASIAI0B' with importer (ScriptedImporter : UnityEditor.QuickSearchModule:UnityEditor.Search:ASIAI0B)
Imported 'GUID: 41c67c52dd54464fa78d8ab286eb501b' -> (Import Result ID: '647a4d5efbe8451892cfc7950e102775') in 0.002 seconds [static and dynamic dependencies]. Details - ImportResultOutputID=920a374031f7c7077f57c3564936ee9e DependenciesID=d74d378b1cd42510ab9401969dd39ab9 StaticDependenciesID=34fff2bcc546df949407ce71cd9a11b4 
Number of updated asset objects reloaded before import = 0
Number of asset objects unloaded after import = 0
========================================================================
Received Import Request.
  Time of request: 2026-10-01T17:13:29.5465533Z
  Time since last request: 0.0003096 seconds.
  importAddress: GUID: dd4e180f1d31c4c4e9d4909d27e6761c - Path: Packages/com.unity.shadergraph/GraphTemplates/Subgraphs/FlowMap Sample Texture.shadersubgraph - Importer: ScriptedImporter/UnityEditor.QuickSearchModule:UnityEditor.Search:ASIAI0B
Importing 'GUID: dd4e180f1d31c4c4e9d4909d27e6761c - Path: Packages/com.unity.shadergraph/GraphTemplates/Subgraphs/FlowMap Sample Texture.shadersubgraph - Importer: ScriptedImporter/UnityEditor.QuickSearchModule:UnityEditor.Search:ASIAI0B' with importer (ScriptedImporter : UnityEditor.QuickSearchModule:UnityEditor.Search:ASIAI0B)
Imported 'GUID: dd4e180f1d31c4c4e9d4909d27e6761c' -> (Import Result ID: '7e09e902b3800ea4ae7f17554f9df154') in 0.004 seconds [static and dynamic dependencies]. Details - ImportResultOutputID=54741f04f4b2030bb1bad91240879355 DependenciesID=1a41db0d7f5396848b63580da4759d73 StaticDependenciesID=f15e1a6f3fee51ee549d680674088f17 
Number of updated asset objects reloaded before import = 0
Number of asset objects unloaded after import = 1
========================================================================
Received Import Request.
  Time of request: 2026-10-01T17:13:29.5582946Z
  Time since last request: 0.0001978 seconds.
  importAddress: GUID: ebc2de0dabf4215478451d72641762ff - Path: Packages/com.unity.shadergraph/GraphTemplates/Subgraphs/CanvasLinearSpaceConversion.hlsl - Importer: ScriptedImporter/UnityEditor.QuickSearchModule:UnityEditor.Search:ASIAI0B
Importing 'GUID: ebc2de0dabf4215478451d72641762ff - Path: Packages/com.unity.shadergraph/GraphTemplates/Subgraphs/CanvasLinearSpaceConversion.hlsl - Importer: ScriptedImporter/UnityEditor.QuickSearchModule:UnityEditor.Search:ASIAI0B' with importer (ScriptedImporter : UnityEditor.QuickSearchModule:UnityEditor.Search:ASIAI0B)
Imported 'GUID: ebc2de0dabf4215478451d72641762ff' -> (Import Result ID: 'a768b1b1ef4d26a94f449e472f4e6e8a') in 0.001 seconds [static and dynamic dependencies]. Details - ImportResultOutputID=e9d205dabbf24134e31633a5947f7c35 DependenciesID=107191af280300c1d71b3173e7f4c38f StaticDependenciesID=d449bbaa99eb55451f919b141db6ff54 
Number of updated asset objects reloaded before import = 0
Number of asset objects unloaded after import = 1
========================================================================
Received Import Request.
  Time of request: 2026-10-01T17:13:29.5671798Z
  Time since last request: 0.0001851 seconds.
  importAddress: GUID: 60ebb16e194464bce8a4975da8fd215a - Path: Packages/com.unity.shadergraph/Editor/Util/UIUtilities.cs - Importer: ScriptedImporter/UnityEditor.QuickSearchModule:UnityEditor.Search:ASIAI0B
Importing 'GUID: 60ebb16e194464bce8a4975da8fd215a - Path: Packages/com.unity.shadergraph/Editor/Util/UIUtilities.cs - Importer: ScriptedImporter/UnityEditor.QuickSearchModule:UnityEditor.Search:ASIAI0B' with importer (ScriptedImporter : UnityEditor.QuickSearchModule:UnityEditor.Search:ASIAI0B)
Imported 'GUID: 60ebb16e194464bce8a4975da8fd215a' -> (Import Result ID: 'f421e0f0af1b8ff576e107ab8ef3142a') in 0.001 seconds [static and dynamic dependencies]. Details - ImportResultOutputID=1f57661eb21ce9a1d1d47ed5fff22734 DependenciesID=6b65139c890f0827db2397a858785f20 StaticDependenciesID=9b4b7ffaf845b226e453c9088de5c93f 
Number of updated asset objects reloaded before import = 0
Number of asset objects unloaded after import = 0
========================================================================
Received Import Request.
  Time of request: 2026-10-01T17:13:29.5746362Z
  Time since last request: 0.0002197 seconds.
  importAddress: GUID: 38026d07e949e0043a9daa90b1917d90 - Path: Packages/com.unity.shadergraph/GraphTemplates/Subgraphs/Switch4.shadersubgraph - Importer: ScriptedImporter/UnityEditor.QuickSearchModule:UnityEditor.Search:ASIAI0B
Importing 'GUID: 38026d07e949e0043a9daa90b1917d90 - Path: Packages/com.unity.shadergraph/GraphTemplates/Subgraphs/Switch4.shadersubgraph - Importer: ScriptedImporter/UnityEditor.QuickSearchModule:UnityEditor.Search:ASIAI0B' with importer (ScriptedImporter : UnityEditor.QuickSearchModule:UnityEditor.Search:ASIAI0B)
Imported 'GUID: 38026d07e949e0043a9daa90b1917d90' -> (Import Result ID: 'c5bbc7ca3ca40a173d8016493513d12d') in 0.004 seconds [static and dynamic dependencies]. Details - ImportResultOutputID=7359e5c2a81c60fba891c69bf28f9085 DependenciesID=4dbf0244f8bdaa543374ddd1d390a497 StaticDependenciesID=c45981ba81066b23ab1ee25d5164f4c6 
Number of updated asset objects reloaded before import = 0
Number of asset objects unloaded after import = 1
========================================================================
Received Import Request.
  Time of request: 2026-10-01T17:13:29.5858734Z
  Time since last request: 0.0002009 seconds.
  importAddress: GUID: 7794dc8c6277cb649804d7253e567322 - Path: Packages/com.unity.shadergraph/GraphTemplates/Subgraphs/FlowMap Sample Normal.shadersubgraph - Importer: ScriptedImporter/UnityEditor.QuickSearchModule:UnityEditor.Search:ASIAI0B
Importing 'GUID: 7794dc8c6277cb649804d7253e567322 - Path: Packages/com.unity.shadergraph/GraphTemplates/Subgraphs/FlowMap Sample Normal.shadersubgraph - Importer: ScriptedImporter/UnityEditor.QuickSearchModule:UnityEditor.Search:ASIAI0B' with importer (ScriptedImporter : UnityEditor.QuickSearchModule:UnityEditor.Search:ASIAI0B)
Imported 'GUID: 7794dc8c6277cb649804d7253e567322' -> (Import Result ID: '780f6ca36eeafc499db443a0d88fd932') in 0.003 seconds [static and dynamic dependencies]. Details - ImportResultOutputID=519d1f0c4720a6955df6eed21c76c2e4 DependenciesID=98e31b5273e7926e54da4fc227fc55fe StaticDependenciesID=83fc70622b98894c07e3e8b214bc3c29 
Number of updated asset objects reloaded before import = 0
Number of asset objects unloaded after import = 1
========================================================================
Received Import Request.
  Time of request: 2026-10-01T17:13:29.5958719Z
  Time since last request: 0.0002198 seconds.
  importAddress: GUID: aee84ce0dab81b049bb88017d78a63cd - Path: Packages/com.unity.shadergraph/GraphTemplates/Cross Pipeline/1_Lit Full.shadergraph - Importer: ScriptedImporter/UnityEditor.QuickSearchModule:UnityEditor.Search:ASIAI0B
Importing 'GUID: aee84ce0dab81b049bb88017d78a63cd - Path: Packages/com.unity.shadergraph/GraphTemplates/Cross Pipeline/1_Lit Full.shadergraph - Importer: ScriptedImporter/UnityEditor.QuickSearchModule:UnityEditor.Search:ASIAI0B' with importer (ScriptedImporter : UnityEditor.QuickSearchModule:UnityEditor.Search:ASIAI0B)
Imported 'GUID: aee84ce0dab81b049bb88017d78a63cd' -> (Import Result ID: '07eb84c4f3fe967485c297c94e8ac958') in 0.029 seconds [static and dynamic dependencies]. Details - ImportResultOutputID=0630ee27038ef1667479e10505c0b1b9 DependenciesID=5a772f57feea7099d8cad011938b5cba StaticDependenciesID=c780d2a5fd58e3866a97f999e2242867 
Number of updated asset objects reloaded before import = 0
Number of asset objects unloaded after import = 7
========================================================================
Received Import Request.
  Time of request: 2026-10-01T17:13:29.7422975Z
  Time since last request: 0.1113431 seconds.
  importAddress: GUID: ada5a840e90db5e4d901c686dca382ab - Path: Packages/com.unity.shadergraph/Editor/Data/Graphs/CubemapMaterialSlot.cs - Importer: ScriptedImporter/UnityEditor.QuickSearchModule:UnityEditor.Search:ASIAI0B
Importing 'GUID: ada5a840e90db5e4d901c686dca382ab - Path: Packages/com.unity.shadergraph/Editor/Data/Graphs/CubemapMaterialSlot.cs - Importer: ScriptedImporter/UnityEditor.QuickSearchModule:UnityEditor.Search:ASIAI0B' with importer (ScriptedImporter : UnityEditor.QuickSearchModule:UnityEditor.Search:ASIAI0B)
Imported 'GUID: ada5a840e90db5e4d901c686dca382ab' -> (Import Result ID: '21019c4cc87023b23a814dd553c6ef81') in 0.002 seconds [static and dynamic dependencies]. Details - ImportResultOutputID=c943493d4a7e5af8796a416674dc2518 DependenciesID=2a855615747bfcee04b0092747f97bb1 StaticDependenciesID=d1f4e0d9e15a5c011ee8230f2871c0cc 
Number of updated asset objects reloaded before import = 0
Number of asset objects unloaded after import = 0
========================================================================
Received Import Request.
  Time of request: 2026-10-01T17:13:29.752271Z
  Time since last request: 0.0003949 seconds.
  importAddress: GUID: e7e4d50a46ff471096f3c60fb06a364d - Path: Packages/com.unity.shadergraph/Tests/Editor/TestSlot.cs - Importer: ScriptedImporter/UnityEditor.QuickSearchModule:UnityEditor.Search:ASIAI0B
Importing 'GUID: e7e4d50a46ff471096f3c60fb06a364d - Path: Packages/com.unity.shadergraph/Tests/Editor/TestSlot.cs - Importer: ScriptedImporter/UnityEditor.QuickSearchModule:UnityEditor.Search:ASIAI0B' with importer (ScriptedImporter : UnityEditor.QuickSearchModule:UnityEditor.Search:ASIAI0B)
Imported 'GUID: e7e4d50a46ff471096f3c60fb06a364d' -> (Import Result ID: '3d51a657b5c09db92734f7dfd0511871') in 0.002 seconds [static and dynamic dependencies]. Details - ImportResultOutputID=d630a0099abe6de8aaa200c7fc5254fd DependenciesID=17a6e18445da1dc8fc4edc3fea970144 StaticDependenciesID=35a995f95b90175acf648bf14874df6f 
Number of updated asset objects reloaded before import = 0
Number of asset objects unloaded after import = 0
========================================================================
Received Import Request.
  Time of request: 2026-10-01T17:13:29.7613455Z
  Time since last request: 0.0002586 seconds.
  importAddress: GUID: 8b4aa8c48881d4142b1c30e408b503d8 - Path: Packages/com.unity.shadergraph/ShaderGraphLibrary/Nature/SpeedTree8Wind.hlsl - Importer: ScriptedImporter/UnityEditor.QuickSearchModule:UnityEditor.Search:ASIAI0B
Importing 'GUID: 8b4aa8c48881d4142b1c30e408b503d8 - Path: Packages/com.unity.shadergraph/ShaderGraphLibrary/Nature/SpeedTree8Wind.hlsl - Importer: ScriptedImporter/UnityEditor.QuickSearchModule:UnityEditor.Search:ASIAI0B' with importer (ScriptedImporter : UnityEditor.QuickSearchModule:UnityEditor.Search:ASIAI0B)
Imported 'GUID: 8b4aa8c48881d4142b1c30e408b503d8' -> (Import Result ID: '93b3e831842f3ecc50f98622591c01cb') in 0.001 seconds [static and dynamic dependencies]. Details - ImportResultOutputID=728d4d499fced9be384a72310f17bb41 DependenciesID=f6859fd6a554fd806cec39d1ff1a7ea5 StaticDependenciesID=b37aa255db9c575b1a288faca19dc344 
Number of updated asset objects reloaded before import = 0
Number of asset objects unloaded after import = 1
========================================================================
Received Import Request.
  Time of request: 2026-10-01T17:13:29.7703743Z
  Time since last request: 0.0002166 seconds.
  importAddress: GUID: f669e02e50b0416aab8fa06c74f25430 - Path: Packages/com.unity.shadergraph/Editor/Data/Graphs/DefaultVector4MaterialSlot.cs - Importer: ScriptedImporter/UnityEditor.QuickSearchModule:UnityEditor.Search:ASIAI0B
Importing 'GUID: f669e02e50b0416aab8fa06c74f25430 - Path: Packages/com.unity.shadergraph/Editor/Data/Graphs/DefaultVector4MaterialSlot.cs - Importer: ScriptedImporter/UnityEditor.QuickSearchModule:UnityEditor.Search:ASIAI0B' with importer (ScriptedImporter : UnityEditor.QuickSearchModule:UnityEditor.Search:ASIAI0B)
Imported 'GUID: f669e02e50b0416aab8fa06c74f25430' -> (Import Result ID: 'eee0ed8eaab83fd1502d3a60909ea3a0') in 0.002 seconds [static and dynamic dependencies]. Details - ImportResultOutputID=7e8bb4f7f2995c75982759e52cb31cde DependenciesID=267d18d56c3f384ef5e21950404aa07b StaticDependenciesID=d28113ee4fb4fe920a862a4668f4df44 
Number of updated asset objects reloaded before import = 0
Number of asset objects unloaded after import = 0
========================================================================
Received Import Request.
  Time of request: 2026-10-01T17:13:29.7794288Z
  Time since last request: 0.0002758 seconds.
  importAddress: GUID: 94728d99bee7bc94fbcf158448fc21a0 - Path: Packages/com.unity.shadergraph/Editor/Data/Graphs/DataStore.cs - Importer: ScriptedImporter/UnityEditor.QuickSearchModule:UnityEditor.Search:ASIAI0B
Importing 'GUID: 94728d99bee7bc94fbcf158448fc21a0 - Path: Packages/com.unity.shadergraph/Editor/Data/Graphs/DataStore.cs - Importer: ScriptedImporter/UnityEditor.QuickSearchModule:UnityEditor.Search:ASIAI0B' with importer (ScriptedImporter : UnityEditor.QuickSearchModule:UnityEditor.Search:ASIAI0B)
Imported 'GUID: 94728d99bee7bc94fbcf158448fc21a0' -> (Import Result ID: 'be2bdf5358ce554a8d86d011add85f17') in 0.001 seconds [static and dynamic dependencies]. Details - ImportResultOutputID=f5a826cdba50920d43f1fcb603d87e72 DependenciesID=0fe90c3dd1bd155207cca9d7c5e18280 StaticDependenciesID=7a4c2ef694e4a25a28c8631cce48fef8 
Number of updated asset objects reloaded before import = 0
Number of asset objects unloaded after import = 0
========================================================================
Received Import Request.
  Time of request: 2026-10-01T17:13:29.7973161Z
  Time since last request: 0.0087947 seconds.
  importAddress: GUID: 7b17999de35a0d2438cd21b07e04115d - Path: Packages/com.unity.shadergraph/Editor/Data/Graphs/ShaderInput.cs - Importer: ScriptedImporter/UnityEditor.QuickSearchModule:UnityEditor.Search:ASIAI0B
Importing 'GUID: 7b17999de35a0d2438cd21b07e04115d - Path: Packages/com.unity.shadergraph/Editor/Data/Graphs/ShaderInput.cs - Importer: ScriptedImporter/UnityEditor.QuickSearchModule:UnityEditor.Search:ASIAI0B' with importer (ScriptedImporter : UnityEditor.QuickSearchModule:UnityEditor.Search:ASIAI0B)
Imported 'GUID: 7b17999de35a0d2438cd21b07e04115d' -> (Import Result ID: '022fe206e48208b832d69664a97af265') in 0.001 seconds [static and dynamic dependencies]. Details - ImportResultOutputID=82b05e8505fffdedb9583f37521b628b DependenciesID=391a0aa99c184ac3461f5ec2188c93d6 StaticDependenciesID=2756bc194ea9397e35583d3cfa879f7d 
Number of updated asset objects reloaded before import = 0
Number of asset objects unloaded after import = 0
========================================================================
Received Import Request.
  Time of request: 2026-10-01T17:13:29.8063856Z
  Time since last request: 0.0001951 seconds.
  importAddress: GUID: 69e137d338a024949b0a96921f86ee50 - Path: Packages/com.unity.shadergraph/Editor/Data/Graphs/Matrix4MaterialSlot.cs - Importer: ScriptedImporter/UnityEditor.QuickSearchModule:UnityEditor.Search:ASIAI0B
Importing 'GUID: 69e137d338a024949b0a96921f86ee50 - Path: Packages/com.unity.shadergraph/Editor/Data/Graphs/Matrix4MaterialSlot.cs - Importer: ScriptedImporter/UnityEditor.QuickSearchModule:UnityEditor.Search:ASIAI0B' with importer (ScriptedImporter : UnityEditor.QuickSearchModule:UnityEditor.Search:ASIAI0B)
Imported 'GUID: 69e137d338a024949b0a96921f86ee50' -> (Import Result ID: '73f54852774cb11cc0c219ec17a96eaa') in 0.002 seconds [static and dynamic dependencies]. Details - ImportResultOutputID=c2674f2201681f1e770b54270b2a7dc7 DependenciesID=a12db5cba8a21f32d2113482b59fc9be StaticDependenciesID=bb42f5f44b285d4b68b4d30c6673bd65 
Number of updated asset objects reloaded before import = 0
Number of asset objects unloaded after import = 0
========================================================================
Received Import Request.
  Time of request: 2026-10-01T17:13:29.814187Z
  Time since last request: 0.0002512 seconds.
  importAddress: GUID: cd0a34bae4c34534c8c9f19aab9e8ec8 - Path: Packages/com.unity.shadergraph/Editor/Data/Graphs/ShaderDropdown.cs - Importer: ScriptedImporter/UnityEditor.QuickSearchModule:UnityEditor.Search:ASIAI0B
Importing 'GUID: cd0a34bae4c34534c8c9f19aab9e8ec8 - Path: Packages/com.unity.shadergraph/Editor/Data/Graphs/ShaderDropdown.cs - Importer: ScriptedImporter/UnityEditor.QuickSearchModule:UnityEditor.Search:ASIAI0B' with importer (ScriptedImporter : UnityEditor.QuickSearchModule:UnityEditor.Search:ASIAI0B)
Imported 'GUID: cd0a34bae4c34534c8c9f19aab9e8ec8' -> (Import Result ID: '5b866a9cf7ed001e550a9a1ba585f3b5') in 0.001 seconds [static and dynamic dependencies]. Details - ImportResultOutputID=648298a6330e178175207b4f1592ee05 DependenciesID=e0b6579639fed2d763fbea4b5acaefe8 StaticDependenciesID=bddac7c762986c29787075c2fd037f94 
Number of updated asset objects reloaded before import = 0
Number of asset objects unloaded after import = 0
========================================================================
Received Import Request.
  Time of request: 2026-10-01T17:13:29.8229622Z
  Time since last request: 0.0002906 seconds.
  importAddress: GUID: 5afbdbfda75b8c24ab4c07b8b3deddbe - Path: Packages/com.unity.shadergraph/Editor/Data/Graphs/Matrix3MaterialSlot.cs - Importer: ScriptedImporter/UnityEditor.QuickSearchModule:UnityEditor.Search:ASIAI0B
Importing 'GUID: 5afbdbfda75b8c24ab4c07b8b3deddbe - Path: Packages/com.unity.shadergraph/Editor/Data/Graphs/Matrix3MaterialSlot.cs - Importer: ScriptedImporter/UnityEditor.QuickSearchModule:UnityEditor.Search:ASIAI0B' with importer (ScriptedImporter : UnityEditor.QuickSearchModule:UnityEditor.Search:ASIAI0B)
Imported 'GUID: 5afbdbfda75b8c24ab4c07b8b3deddbe' -> (Import Result ID: '2dcf9f2bcc5bf4b6bac032970ecd6534') in 0.002 seconds [static and dynamic dependencies]. Details - ImportResultOutputID=56293795b4e462ad1958377e28cca72f DependenciesID=1a77429e8622d0ff7c3f73f34a3bf213 StaticDependenciesID=52899e8575da337066d1508a26bab75a 
Number of updated asset objects reloaded before import = 0
Number of asset objects unloaded after import = 0
========================================================================
Received Import Request.
  Time of request: 2026-10-01T17:13:29.8326568Z
  Time since last request: 0.0002096 seconds.
  importAddress: GUID: af7e1a692e5050c4ca44bb5a0e4ae4ca - Path: Packages/com.unity.shadergraph/Editor/Data/Graphs/Texture2DMaterialSlot.cs - Importer: ScriptedImporter/UnityEditor.QuickSearchModule:UnityEditor.Search:ASIAI0B
Importing 'GUID: af7e1a692e5050c4ca44bb5a0e4ae4ca - Path: Packages/com.unity.shadergraph/Editor/Data/Graphs/Texture2DMaterialSlot.cs - Importer: ScriptedImporter/UnityEditor.QuickSearchModule:UnityEditor.Search:ASIAI0B' with importer (ScriptedImporter : UnityEditor.QuickSearchModule:UnityEditor.Search:ASIAI0B)
Imported 'GUID: af7e1a692e5050c4ca44bb5a0e4ae4ca' -> (Import Result ID: '5075cb5c67529e039cafb0586c38e50f') in 0.002 seconds [static and dynamic dependencies]. Details - ImportResultOutputID=9bebd0307d73abb2a479b5693782284a DependenciesID=17d5427dfbbc450be29a04dfb7b4b6e6 StaticDependenciesID=24a98f5131a42d3b83af3b7a695204c4 
Number of updated asset objects reloaded before import = 0
Number of asset objects unloaded after import = 0
========================================================================
Received Import Request.
  Time of request: 2026-10-01T17:13:29.8405677Z
  Time since last request: 0.0002054 seconds.
  importAddress: GUID: 084b4ac1c80bf4746bb42f8d424c058f - Path: Packages/com.unity.shadergraph/Editor/Data/Graphs/PreviewMode.cs - Importer: ScriptedImporter/UnityEditor.QuickSearchModule:UnityEditor.Search:ASIAI0B
Importing 'GUID: 084b4ac1c80bf4746bb42f8d424c058f - Path: Packages/com.unity.shadergraph/Editor/Data/Graphs/PreviewMode.cs - Importer: ScriptedImporter/UnityEditor.QuickSearchModule:UnityEditor.Search:ASIAI0B' with importer (ScriptedImporter : UnityEditor.QuickSearchModule:UnityEditor.Search:ASIAI0B)
Imported 'GUID: 084b4ac1c80bf4746bb42f8d424c058f' -> (Import Result ID: '4fcf82767993a223c1eea3a7e3b2d278') in 0.002 seconds [static and dynamic dependencies]. Details - ImportResultOutputID=2a5e30835da1a6e528f061125ca4cdff DependenciesID=890c0dce1e3d91c58b5b690acc04f74a StaticDependenciesID=7e96318f64da2e08bec0e3ab3c10770c 
Number of updated asset objects reloaded before import = 0
Number of asset objects unloaded after import = 0
========================================================================
Received Import Request.
  Time of request: 2026-10-01T17:13:29.8498818Z
  Time since last request: 0.0002375 seconds.
  importAddress: GUID: a5dfe8ebe34ab064fb2769846adaa6a3 - Path: Packages/com.unity.shadergraph/Editor/Data/Graphs/DynamicVectorMaterialSlot.cs - Importer: ScriptedImporter/UnityEditor.QuickSearchModule:UnityEditor.Search:ASIAI0B
Importing 'GUID: a5dfe8ebe34ab064fb2769846adaa6a3 - Path: Packages/com.unity.shadergraph/Editor/Data/Graphs/DynamicVectorMaterialSlot.cs - Importer: ScriptedImporter/UnityEditor.QuickSearchModule:UnityEditor.Search:ASIAI0B' with importer (ScriptedImporter : UnityEditor.QuickSearchModule:UnityEditor.Search:ASIAI0B)
Imported 'GUID: a5dfe8ebe34ab064fb2769846adaa6a3' -> (Import Result ID: 'd161e70c5562c91e34fabf16da2350b9') in 0.001 seconds [static and dynamic dependencies]. Details - ImportResultOutputID=2b6a4eec431a015f478460ad5f765c9c DependenciesID=3082dfc1e39c38fb69514b55ca66c08f StaticDependenciesID=4d8abad7b055788216098252c50f3125 
Number of updated asset objects reloaded before import = 0
Number of asset objects unloaded after import = 0
========================================================================
Received Import Request.
  Time of request: 2026-10-01T17:13:29.8581977Z
  Time since last request: 0.0001998 seconds.
  importAddress: GUID: e0a5780bf979b06409897f2eb2c23c13 - Path: Packages/com.unity.shadergraph/Editor/Data/Graphs/GraphDataUtils.cs - Importer: ScriptedImporter/UnityEditor.QuickSearchModule:UnityEditor.Search:ASIAI0B
Importing 'GUID: e0a5780bf979b06409897f2eb2c23c13 - Path: Packages/com.unity.shadergraph/Editor/Data/Graphs/GraphDataUtils.cs - Importer: ScriptedImporter/UnityEditor.QuickSearchModule:UnityEditor.Search:ASIAI0B' with importer (ScriptedImporter : UnityEditor.QuickSearchModule:UnityEditor.Search:ASIAI0B)
Imported 'GUID: e0a5780bf979b06409897f2eb2c23c13' -> (Import Result ID: '335ca144c7276cfae79507319f192e49') in 0.001 seconds [static and dynamic dependencies]. Details - ImportResultOutputID=5a326492aa0d43b298a42e034633ae6a DependenciesID=8a3665427dd86e53d1f35b84c2018f35 StaticDependenciesID=b3456faa12d97113e2b98e320ca09da7 
Number of updated asset objects reloaded before import = 0
Number of asset objects unloaded after import = 0
========================================================================
Received Import Request.
  Time of request: 2026-10-01T17:13:29.8665763Z
  Time since last request: 0.0002204 seconds.
  importAddress: GUID: 3e63504c5144748fd844c188e96e941b - Path: Packages/com.unity.shadergraph/Editor/Data/Graphs/Texture2DArrayShaderProperty.cs - Importer: ScriptedImporter/UnityEditor.QuickSearchModule:UnityEditor.Search:ASIAI0B
Importing 'GUID: 3e63504c5144748fd844c188e96e941b - Path: Packages/com.unity.shadergraph/Editor/Data/Graphs/Texture2DArrayShaderProperty.cs - Importer: ScriptedImporter/UnityEditor.QuickSearchModule:UnityEditor.Search:ASIAI0B' with importer (ScriptedImporter : UnityEditor.QuickSearchModule:UnityEditor.Search:ASIAI0B)
Imported 'GUID: 3e63504c5144748fd844c188e96e941b' -> (Import Result ID: '19a42ff7db861ea1a824a8343de54957') in 0.002 seconds [static and dynamic dependencies]. Details - ImportResultOutputID=021fffccdfffa2615249041a5800035b DependenciesID=1805a276293c80e1a9248d44c46a01dd StaticDependenciesID=7d34731b94c902e4133e90f40fde35ca 
Number of updated asset objects reloaded before import = 0
Number of asset objects unloaded after import = 0
========================================================================
Received Import Request.
  Time of request: 2026-10-01T17:13:29.8828251Z
  Time since last request: 0.0074213 seconds.
  importAddress: GUID: 82af0e247bcd4dc47b7050e51d1bbd97 - Path: Packages/com.unity.shadergraph/Editor/Data/Interfaces/IMayObsolete.cs - Importer: ScriptedImporter/UnityEditor.QuickSearchModule:UnityEditor.Search:ASIAI0B
Importing 'GUID: 82af0e247bcd4dc47b7050e51d1bbd97 - Path: Packages/com.unity.shadergraph/Editor/Data/Interfaces/IMayObsolete.cs - Importer: ScriptedImporter/UnityEditor.QuickSearchModule:UnityEditor.Search:ASIAI0B' with importer (ScriptedImporter : UnityEditor.QuickSearchModule:UnityEditor.Search:ASIAI0B)
Imported 'GUID: 82af0e247bcd4dc47b7050e51d1bbd97' -> (Import Result ID: '0bb32ddbbe06fe5760fd14f351c70fb1') in 0.002 seconds [static and dynamic dependencies]. Details - ImportResultOutputID=20df9514d984303c3540c074eff7e41f DependenciesID=7d2ea1e8865526f13f1dd1d311266776 StaticDependenciesID=c7769cd6836261f72056df7ef666ecf8 
Number of updated asset objects reloaded before import = 0
Number of asset objects unloaded after import = 0
========================================================================
Received Import Request.
  Time of request: 2026-10-01T17:13:29.8908279Z
  Time since last request: 0.0004142 seconds.
  importAddress: GUID: 8b2a559cf8c79a84fadde95fa48f9b25 - Path: Packages/com.unity.shadergraph/Editor/Data/Graphs/VirtualTextureMaterialSlot.cs - Importer: ScriptedImporter/UnityEditor.QuickSearchModule:UnityEditor.Search:ASIAI0B
Importing 'GUID: 8b2a559cf8c79a84fadde95fa48f9b25 - Path: Packages/com.unity.shadergraph/Editor/Data/Graphs/VirtualTextureMaterialSlot.cs - Importer: ScriptedImporter/UnityEditor.QuickSearchModule:UnityEditor.Search:ASIAI0B' with importer (ScriptedImporter : UnityEditor.QuickSearchModule:UnityEditor.Search:ASIAI0B)
Imported 'GUID: 8b2a559cf8c79a84fadde95fa48f9b25' -> (Import Result ID: 'd685763d496f194a98243362bd324779') in 0.002 seconds [static and dynamic dependencies]. Details - ImportResultOutputID=86e86b237235486852a4658df810e497 DependenciesID=cce095959a6a8de346a57aef4276e1a6 StaticDependenciesID=6eef43abfbca4b6217f40b3c5c87015d 
Number of updated asset objects reloaded before import = 0
Number of asset objects unloaded after import = 0
========================================================================
Received Import Request.
  Time of request: 2026-10-01T17:13:29.8998681Z
  Time since last request: 0.000404 seconds.
  importAddress: GUID: 88c8683c5bbe401583d1c11a0e8af1f1 - Path: Packages/com.unity.shadergraph/Editor/Data/Interfaces/IGraphDataAction.cs - Importer: ScriptedImporter/UnityEditor.QuickSearchModule:UnityEditor.Search:ASIAI0B
Importing 'GUID: 88c8683c5bbe401583d1c11a0e8af1f1 - Path: Packages/com.unity.shadergraph/Editor/Data/Interfaces/IGraphDataAction.cs - Importer: ScriptedImporter/UnityEditor.QuickSearchModule:UnityEditor.Search:ASIAI0B' with importer (ScriptedImporter : UnityEditor.QuickSearchModule:UnityEditor.Search:ASIAI0B)
Imported 'GUID: 88c8683c5bbe401583d1c11a0e8af1f1' -> (Import Result ID: '5c91ee2c4bdff771d06d92affb07196b') in 0.002 seconds [static and dynamic dependencies]. Details - ImportResultOutputID=73b28ecbcb4aab1665ffea8c6f11a93e DependenciesID=a2342ff1c4a517652d3a700abc8c0637 StaticDependenciesID=7f847050f5efaf0c1bd6b73dfae88ee8 
Number of updated asset objects reloaded before import = 0
Number of asset objects unloaded after import = 0
========================================================================
Received Import Request.
  Time of request: 2026-10-01T17:13:29.908893Z
  Time since last request: 0.0004121 seconds.
  importAddress: GUID: df26ecc5724d46aca68c8392ca3afb29 - Path: Packages/com.unity.shadergraph/Editor/Data/Legacy/SlotReference0.cs - Importer: ScriptedImporter/UnityEditor.QuickSearchModule:UnityEditor.Search:ASIAI0B
Importing 'GUID: df26ecc5724d46aca68c8392ca3afb29 - Path: Packages/com.unity.shadergraph/Editor/Data/Legacy/SlotReference0.cs - Importer: ScriptedImporter/UnityEditor.QuickSearchModule:UnityEditor.Search:ASIAI0B' with importer (ScriptedImporter : UnityEditor.QuickSearchModule:UnityEditor.Search:ASIAI0B)
Imported 'GUID: df26ecc5724d46aca68c8392ca3afb29' -> (Import Result ID: '402088dcfbe8e043054782d8f4037ae1') in 0.002 seconds [static and dynamic dependencies]. Details - ImportResultOutputID=94c35c1cee56e13c837dee0a34a1ae44 DependenciesID=9427cf47084667f28be28131ed7635d4 StaticDependenciesID=7481711cdf17fabfe8aa406237337aae 
Number of updated asset objects reloaded before import = 0
Number of asset objects unloaded after import = 0
========================================================================
Received Import Request.
  Time of request: 2026-10-01T17:13:29.9183808Z
  Time since last request: 0.0005291 seconds.
  importAddress: GUID: f7223ad4b07146cc98966aad000f017d - Path: Packages/com.unity.shadergraph/Editor/Data/Interfaces/IMayRequireScreenPosition.cs - Importer: ScriptedImporter/UnityEditor.QuickSearchModule:UnityEditor.Search:ASIAI0B
Importing 'GUID: f7223ad4b07146cc98966aad000f017d - Path: Packages/com.unity.shadergraph/Editor/Data/Interfaces/IMayRequireScreenPosition.cs - Importer: ScriptedImporter/UnityEditor.QuickSearchModule:UnityEditor.Search:ASIAI0B' with importer (ScriptedImporter : UnityEditor.QuickSearchModule:UnityEditor.Search:ASIAI0B)
Imported 'GUID: f7223ad4b07146cc98966aad000f017d' -> (Import Result ID: '5dc82bde5083dd0d515e827f4b227010') in 0.001 seconds [static and dynamic dependencies]. Details - ImportResultOutputID=fbfb2e2ae375ecf91e91d54e1116b399 DependenciesID=65a97aa0beb18547c4c6386a8dcd06b1 StaticDependenciesID=de4fcf16cb020b3dd7a838acdcce9dac 
Number of updated asset objects reloaded before import = 0
Number of asset objects unloaded after import = 0
========================================================================
Received Import Request.
  Time of request: 2026-10-01T17:13:29.9269517Z
  Time since last request: 0.0002245 seconds.
  importAddress: GUID: bd5f4be1039f4da9bbd03e729e6c6a69 - Path: Packages/com.unity.shadergraph/Editor/Data/Interfaces/IMayRequireTransform.cs - Importer: ScriptedImporter/UnityEditor.QuickSearchModule:UnityEditor.Search:ASIAI0B
Importing 'GUID: bd5f4be1039f4da9bbd03e729e6c6a69 - Path: Packages/com.unity.shadergraph/Editor/Data/Interfaces/IMayRequireTransform.cs - Importer: ScriptedImporter/UnityEditor.QuickSearchModule:UnityEditor.Search:ASIAI0B' with importer (ScriptedImporter : UnityEditor.QuickSearchModule:UnityEditor.Search:ASIAI0B)
Imported 'GUID: bd5f4be1039f4da9bbd03e729e6c6a69' -> (Import Result ID: 'ac7354070fd507690074abe6e8e37812') in 0.005 seconds [static and dynamic dependencies]. Details - ImportResultOutputID=b59bb4cd2d5d4c2ad1b3b47b76c86d17 DependenciesID=0846ca4d518c6cc4cb9f6bf4b805841e StaticDependenciesID=6a7927fc68dbd4aad0029d3135789126 
Number of updated asset objects reloaded before import = 0
Number of asset objects unloaded after import = 0
========================================================================
Received Import Request.
  Time of request: 2026-10-01T17:13:29.9386997Z
  Time since last request: 0.000291 seconds.
  importAddress: GUID: e370946d202a43edaabc0940f13932cd - Path: Packages/com.unity.shadergraph/Editor/Data/Interfaces/IPropertyDrawer.cs - Importer: ScriptedImporter/UnityEditor.QuickSearchModule:UnityEditor.Search:ASIAI0B
Importing 'GUID: e370946d202a43edaabc0940f13932cd - Path: Packages/com.unity.shadergraph/Editor/Data/Interfaces/IPropertyDrawer.cs - Importer: ScriptedImporter/UnityEditor.QuickSearchModule:UnityEditor.Search:ASIAI0B' with importer (ScriptedImporter : UnityEditor.QuickSearchModule:UnityEditor.Search:ASIAI0B)
Imported 'GUID: e370946d202a43edaabc0940f13932cd' -> (Import Result ID: 'bd421b3cd73ec1a6d0a3463cdd2e66e7') in 0.002 seconds [static and dynamic dependencies]. Details - ImportResultOutputID=c74d3310cc985079f736d74cb2050b05 DependenciesID=760989e6beff7c5c2774d1447695979a StaticDependenciesID=0cb0f7481215e0d447f4b522d44c1c21 
Number of updated asset objects reloaded before import = 0
Number of asset objects unloaded after import = 0
========================================================================
Received Import Request.
  Time of request: 2026-10-01T17:13:29.9474095Z
  Time since last request: 0.0003471 seconds.
  importAddress: GUID: 86155a20c88c9104cac95b7d74ae60dc - Path: Packages/com.unity.shadergraph/Editor/Data/Interfaces/IGeneratesBodyCode.cs - Importer: ScriptedImporter/UnityEditor.QuickSearchModule:UnityEditor.Search:ASIAI0B
Importing 'GUID: 86155a20c88c9104cac95b7d74ae60dc - Path: Packages/com.unity.shadergraph/Editor/Data/Interfaces/IGeneratesBodyCode.cs - Importer: ScriptedImporter/UnityEditor.QuickSearchModule:UnityEditor.Search:ASIAI0B' with importer (ScriptedImporter : UnityEditor.QuickSearchModule:UnityEditor.Search:ASIAI0B)
Imported 'GUID: 86155a20c88c9104cac95b7d74ae60dc' -> (Import Result ID: '2891aae3005f14d400447cb62571ad12') in 0.002 seconds [static and dynamic dependencies]. Details - ImportResultOutputID=662bbee28db286dd51bd5cdeac6aa0bb DependenciesID=cad596203ef386f0f2e3dc10442059c5 StaticDependenciesID=18522ae1593b42438d7ea88d5a55f188 
Number of updated asset objects reloaded before import = 0
Number of asset objects unloaded after import = 0
========================================================================
Received Import Request.
  Time of request: 2026-10-01T17:13:29.9562788Z
  Time since last request: 0.0002159 seconds.
  importAddress: GUID: 4fb87146521a40bdb158575ca488149d - Path: Packages/com.unity.shadergraph/Editor/Data/Interfaces/IMayRequireInstanceID.cs - Importer: ScriptedImporter/UnityEditor.QuickSearchModule:UnityEditor.Search:ASIAI0B
Importing 'GUID: 4fb87146521a40bdb158575ca488149d - Path: Packages/com.unity.shadergraph/Editor/Data/Interfaces/IMayRequireInstanceID.cs - Importer: ScriptedImporter/UnityEditor.QuickSearchModule:UnityEditor.Search:ASIAI0B' with importer (ScriptedImporter : UnityEditor.QuickSearchModule:UnityEditor.Search:ASIAI0B)
Imported 'GUID: 4fb87146521a40bdb158575ca488149d' -> (Import Result ID: 'aa72a5ca8b7ce5713dc53ce6eb637c06') in 0.001 seconds [static and dynamic dependencies]. Details - ImportResultOutputID=f4e30bc55a0a12ea34e595b9776b532d DependenciesID=57115bae351ae9925c4e2da94add3166 StaticDependenciesID=26844d843ed445d8b776b6be3f3dc054 
Number of updated asset objects reloaded before import = 0
Number of asset objects unloaded after import = 0
========================================================================
Received Import Request.
  Time of request: 2026-10-01T17:13:29.9743324Z
  Time since last request: 0.009861 seconds.
  importAddress: GUID: 3c01e026e3d1ea44397e3bcf9a8f5a4d - Path: Packages/com.unity.shadergraph/Editor/Data/Nodes/BlockNode.cs - Importer: ScriptedImporter/UnityEditor.QuickSearchModule:UnityEditor.Search:ASIAI0B
Importing 'GUID: 3c01e026e3d1ea44397e3bcf9a8f5a4d - Path: Packages/com.unity.shadergraph/Editor/Data/Nodes/BlockNode.cs - Importer: ScriptedImporter/UnityEditor.QuickSearchModule:UnityEditor.Search:ASIAI0B' with importer (ScriptedImporter : UnityEditor.QuickSearchModule:UnityEditor.Search:ASIAI0B)
Imported 'GUID: 3c01e026e3d1ea44397e3bcf9a8f5a4d' -> (Import Result ID: '88f346d637b271f9bff2c05577c39583') in 0.001 seconds [static and dynamic dependencies]. Details - ImportResultOutputID=9c74b19247d460a2ebbd2a89a02f131e DependenciesID=c6df6af09edc78dae702423c082a8df9 StaticDependenciesID=0210d27015c81e36f268450cedd7684d 
Number of updated asset objects reloaded before import = 0
Number of asset objects unloaded after import = 0
========================================================================
Received Import Request.
  Time of request: 2026-10-01T17:13:29.9831194Z
  Time since last request: 0.000202 seconds.
  importAddress: GUID: 34e77444559b414f9fe81f9775229abf - Path: Packages/com.unity.shadergraph/Editor/Drawing/Controls/ColorControl.cs - Importer: ScriptedImporter/UnityEditor.QuickSearchModule:UnityEditor.Search:ASIAI0B
Importing 'GUID: 34e77444559b414f9fe81f9775229abf - Path: Packages/com.unity.shadergraph/Editor/Drawing/Controls/ColorControl.cs - Importer: ScriptedImporter/UnityEditor.QuickSearchModule:UnityEditor.Search:ASIAI0B' with importer (ScriptedImporter : UnityEditor.QuickSearchModule:UnityEditor.Search:ASIAI0B)
Imported 'GUID: 34e77444559b414f9fe81f9775229abf' -> (Import Result ID: 'ec01e36d6491bac8827d839e45143d5d') in 0.002 seconds [static and dynamic dependencies]. Details - ImportResultOutputID=a279c23a0698160ce2e146cffc261249 DependenciesID=e9ec21eb7795a8df17a95a9047c32eed StaticDependenciesID=430fbbc8d7e92a853592a0e98d37219f 
Number of updated asset objects reloaded before import = 0
Number of asset objects unloaded after import = 0
========================================================================
Received Import Request.
  Time of request: 2026-10-01T17:13:29.9919535Z
  Time since last request: 0.0002021 seconds.
  importAddress: GUID: 01ab4daa0c099e24e90bbb8623a4198b - Path: Packages/com.unity.shadergraph/Editor/Data/Nodes/IPropertyFromNode.cs - Importer: ScriptedImporter/UnityEditor.QuickSearchModule:UnityEditor.Search:ASIAI0B
Importing 'GUID: 01ab4daa0c099e24e90bbb8623a4198b - Path: Packages/com.unity.shadergraph/Editor/Data/Nodes/IPropertyFromNode.cs - Importer: ScriptedImporter/UnityEditor.QuickSearchModule:UnityEditor.Search:ASIAI0B' with importer (ScriptedImporter : UnityEditor.QuickSearchModule:UnityEditor.Search:ASIAI0B)
Imported 'GUID: 01ab4daa0c099e24e90bbb8623a4198b' -> (Import Result ID: 'c585411512ac136e2beffa4798b5d81f') in 0.002 seconds [static and dynamic dependencies]. Details - ImportResultOutputID=5106cb5b2d59f0a365f1249d58b0fdde DependenciesID=a0ae7a38bc2d398a2f9cdcf0456c4bd8 StaticDependenciesID=66a1e176c583f2a353187407c57e75d2 
Number of updated asset objects reloaded before import = 0
Number of asset objects unloaded after import = 0
========================================================================
Received Import Request.
  Time of request: 2026-10-01T17:13:30.0014643Z
  Time since last request: 0.0001955 seconds.
  importAddress: GUID: d77363d2f0df1f544b21d9e8a05f01a1 - Path: Packages/com.unity.shadergraph/Editor/Data/Util/UvChannel.cs - Importer: ScriptedImporter/UnityEditor.QuickSearchModule:UnityEditor.Search:ASIAI0B
Importing 'GUID: d77363d2f0df1f544b21d9e8a05f01a1 - Path: Packages/com.unity.shadergraph/Editor/Data/Util/UvChannel.cs - Importer: ScriptedImporter/UnityEditor.QuickSearchModule:UnityEditor.Search:ASIAI0B' with importer (ScriptedImporter : UnityEditor.QuickSearchModule:UnityEditor.Search:ASIAI0B)
Imported 'GUID: d77363d2f0df1f544b21d9e8a05f01a1' -> (Import Result ID: '0143ce6fc13983318bbf842b1de8c960') in 0.002 seconds [static and dynamic dependencies]. Details - ImportResultOutputID=4eb9c314959e57c8760b184b0125f1b4 DependenciesID=9d566fc61aebdb798d55fc0eff40ce3a StaticDependenciesID=d561e1ba9dea62f0d535832e2a1481ff 
Number of updated asset objects reloaded before import = 0
Number of asset objects unloaded after import = 0
========================================================================
Received Import Request.
  Time of request: 2026-10-01T17:13:30.0108386Z
  Time since last request: 0.0003562 seconds.
  importAddress: GUID: f28ce979dc22145fd8160e458f72f65d - Path: Packages/com.unity.shadergraph/Editor/Data/SubGraph/SubGraphAsset.cs - Importer: ScriptedImporter/UnityEditor.QuickSearchModule:UnityEditor.Search:ASIAI0B
Importing 'GUID: f28ce979dc22145fd8160e458f72f65d - Path: Packages/com.unity.shadergraph/Editor/Data/SubGraph/SubGraphAsset.cs - Importer: ScriptedImporter/UnityEditor.QuickSearchModule:UnityEditor.Search:ASIAI0B' with importer (ScriptedImporter : UnityEditor.QuickSearchModule:UnityEditor.Search:ASIAI0B)
Imported 'GUID: f28ce979dc22145fd8160e458f72f65d' -> (Import Result ID: '4c4a5ea16e2f5c8c0d8b319b5dd0838e') in 0.002 seconds [static and dynamic dependencies]. Details - ImportResultOutputID=99f5e95de389878fa5aa156243751f30 DependenciesID=97a60d51623a0d3f5d2b39302bc4f84e StaticDependenciesID=f160ae08408ad092bc72ba21c8694880 
Number of updated asset objects reloaded before import = 0
Number of asset objects unloaded after import = 0
========================================================================
Received Import Request.
  Time of request: 2026-10-01T17:13:30.0195341Z
  Time since last request: 0.0002382 seconds.
  importAddress: GUID: 20e01cb163f347c7819ae286c33baf85 - Path: Packages/com.unity.shadergraph/Editor/Drawing/Controls/DefaultControl.cs - Importer: ScriptedImporter/UnityEditor.QuickSearchModule:UnityEditor.Search:ASIAI0B
Importing 'GUID: 20e01cb163f347c7819ae286c33baf85 - Path: Packages/com.unity.shadergraph/Editor/Drawing/Controls/DefaultControl.cs - Importer: ScriptedImporter/UnityEditor.QuickSearchModule:UnityEditor.Search:ASIAI0B' with importer (ScriptedImporter : UnityEditor.QuickSearchModule:UnityEditor.Search:ASIAI0B)
Imported 'GUID: 20e01cb163f347c7819ae286c33baf85' -> (Import Result ID: '19f173f0021a3fcb51745110c0050f92') in 0.002 seconds [static and dynamic dependencies]. Details - ImportResultOutputID=db58ce4fa898a50a56720a0abc2f3545 DependenciesID=7848e1e805463a6f91fe488db3c08e48 StaticDependenciesID=d8628fb33616f09cf66983ab59e29646 
Number of updated asset objects reloaded before import = 0
Number of asset objects unloaded after import = 0
========================================================================
Received Import Request.
  Time of request: 2026-10-01T17:13:30.0282144Z
  Time since last request: 0.0002709 seconds.
  importAddress: GUID: 084958a703164b0fa26e0667aaa1767f - Path: Packages/com.unity.shadergraph/Editor/Data/Util/Identifier.cs - Importer: ScriptedImporter/UnityEditor.QuickSearchModule:UnityEditor.Search:ASIAI0B
Importing 'GUID: 084958a703164b0fa26e0667aaa1767f - Path: Packages/com.unity.shadergraph/Editor/Data/Util/Identifier.cs - Importer: ScriptedImporter/UnityEditor.QuickSearchModule:UnityEditor.Search:ASIAI0B' with importer (ScriptedImporter : UnityEditor.QuickSearchModule:UnityEditor.Search:ASIAI0B)
Imported 'GUID: 084958a703164b0fa26e0667aaa1767f' -> (Import Result ID: '767212aafb47a4a97cff33219b706376') in 0.002 seconds [static and dynamic dependencies]. Details - ImportResultOutputID=5b494779bb5ec9916be5ed6720214977 DependenciesID=023232c3a80a5833407b413c22a3c805 StaticDependenciesID=3307ca60a18ce6bcb7dd91ce1b92dc72 
Number of updated asset objects reloaded before import = 0
Number of asset objects unloaded after import = 0
========================================================================
Received Import Request.
  Time of request: 2026-10-01T17:13:30.0376295Z
  Time since last request: 0.0002906 seconds.
  importAddress: GUID: 93e3298dd3de748f18fe0a2c486c15f5 - Path: Packages/com.unity.shadergraph/Editor/Drawing/Colors/CategoryColors.cs - Importer: ScriptedImporter/UnityEditor.QuickSearchModule:UnityEditor.Search:ASIAI0B
Importing 'GUID: 93e3298dd3de748f18fe0a2c486c15f5 - Path: Packages/com.unity.shadergraph/Editor/Drawing/Colors/CategoryColors.cs - Importer: ScriptedImporter/UnityEditor.QuickSearchModule:UnityEditor.Search:ASIAI0B' with importer (ScriptedImporter : UnityEditor.QuickSearchModule:UnityEditor.Search:ASIAI0B)
Imported 'GUID: 93e3298dd3de748f18fe0a2c486c15f5' -> (Import Result ID: 'e2a0b3b009e0e82b60a326621ad61234') in 0.002 seconds [static and dynamic dependencies]. Details - ImportResultOutputID=a3daa488ff9b48dc2d26e4bc00da7faa DependenciesID=f14a5699f9823d81bd7b9389967dba57 StaticDependenciesID=2dbbe600f593a4c992750ea512f91f83 
Number of updated asset objects reloaded before import = 0
Number of asset objects unloaded after import = 0
========================================================================
Received Import Request.
  Time of request: 2026-10-01T17:13:30.0629786Z
  Time since last request: 0.0168671 seconds.
  importAddress: GUID: f879ff3347f445a2bbadebebbc166b8e - Path: Packages/com.unity.shadergraph/Editor/Drawing/ViewModels/BlackboardViewModel.cs - Importer: ScriptedImporter/UnityEditor.QuickSearchModule:UnityEditor.Search:ASIAI0B
Importing 'GUID: f879ff3347f445a2bbadebebbc166b8e - Path: Packages/com.unity.shadergraph/Editor/Drawing/ViewModels/BlackboardViewModel.cs - Importer: ScriptedImporter/UnityEditor.QuickSearchModule:UnityEditor.Search:ASIAI0B' with importer (ScriptedImporter : UnityEditor.QuickSearchModule:UnityEditor.Search:ASIAI0B)
Imported 'GUID: f879ff3347f445a2bbadebebbc166b8e' -> (Import Result ID: '3f4424f473186f95a1b50d53f4e47dbc') in 0.002 seconds [static and dynamic dependencies]. Details - ImportResultOutputID=2713f374c9181186d2737fa194e1ae48 DependenciesID=4eebce61e691cf115a0e7888152b53cb StaticDependenciesID=ace55e985c49e78e65fa9a0a44bef8ba 
Number of updated asset objects reloaded before import = 0
Number of asset objects unloaded after import = 0
========================================================================
Received Import Request.
  Time of request: 2026-10-01T17:13:30.0729325Z
  Time since last request: 0.0001992 seconds.
  importAddress: GUID: a7268d6a70314cc41bc1a502cd86b4f9 - Path: Packages/com.unity.shadergraph/Editor/Drawing/Interfaces/IRectInterface.cs - Importer: ScriptedImporter/UnityEditor.QuickSearchModule:UnityEditor.Search:ASIAI0B
Importing 'GUID: a7268d6a70314cc41bc1a502cd86b4f9 - Path: Packages/com.unity.shadergraph/Editor/Drawing/Interfaces/IRectInterface.cs - Importer: ScriptedImporter/UnityEditor.QuickSearchModule:UnityEditor.Search:ASIAI0B' with importer (ScriptedImporter : UnityEditor.QuickSearchModule:UnityEditor.Search:ASIAI0B)
Imported 'GUID: a7268d6a70314cc41bc1a502cd86b4f9' -> (Import Result ID: '61b608e692784fdd141db4b1efe49263') in 0.001 seconds [static and dynamic dependencies]. Details - ImportResultOutputID=fa349018d0cc114aa8d0b51b00409452 DependenciesID=98e560f4a8c906603c527d0aaab83511 StaticDependenciesID=53ac9bcf1b40283d10d33c4fc6cd880e 
Number of updated asset objects reloaded before import = 0
Number of asset objects unloaded after import = 0
========================================================================
Received Import Request.
  Time of request: 2026-10-01T17:13:30.0823209Z
  Time since last request: 0.0003429 seconds.
  importAddress: GUID: 20b1492eed8154d8f9a454e3563d9c01 - Path: Packages/com.unity.shadergraph/Editor/Drawing/Controls/DielectricSpecularControl.cs - Importer: ScriptedImporter/UnityEditor.QuickSearchModule:UnityEditor.Search:ASIAI0B
Importing 'GUID: 20b1492eed8154d8f9a454e3563d9c01 - Path: Packages/com.unity.shadergraph/Editor/Drawing/Controls/DielectricSpecularControl.cs - Importer: ScriptedImporter/UnityEditor.QuickSearchModule:UnityEditor.Search:ASIAI0B' with importer (ScriptedImporter : UnityEditor.QuickSearchModule:UnityEditor.Search:ASIAI0B)
Imported 'GUID: 20b1492eed8154d8f9a454e3563d9c01' -> (Import Result ID: '8a88c22d6a89eae8cd31244d41b82eb1') in 0.002 seconds [static and dynamic dependencies]. Details - ImportResultOutputID=c9b8d81f005150894fa44efe7def3142 DependenciesID=3ff9e997d23127b4992eb3f438336ba0 StaticDependenciesID=70f1c1f76e00d14132458fe0884be97a 
Number of updated asset objects reloaded before import = 0
Number of asset objects unloaded after import = 0
========================================================================
Received Import Request.
  Time of request: 2026-10-01T17:13:30.0920603Z
  Time since last request: 0.0002887 seconds.
  importAddress: GUID: c79d992ee243342ad90f55ece679c57c - Path: Packages/com.unity.shadergraph/Editor/Drawing/Views/ReorderableSlotListView.cs - Importer: ScriptedImporter/UnityEditor.QuickSearchModule:UnityEditor.Search:ASIAI0B
Importing 'GUID: c79d992ee243342ad90f55ece679c57c - Path: Packages/com.unity.shadergraph/Editor/Drawing/Views/ReorderableSlotListView.cs - Importer: ScriptedImporter/UnityEditor.QuickSearchModule:UnityEditor.Search:ASIAI0B' with importer (ScriptedImporter : UnityEditor.QuickSearchModule:UnityEditor.Search:ASIAI0B)
Imported 'GUID: c79d992ee243342ad90f55ece679c57c' -> (Import Result ID: '757bf631ff4ec9e83ad5395f5f942f4c') in 0.002 seconds [static and dynamic dependencies]. Details - ImportResultOutputID=585a58c2f0a396710160171d40a95400 DependenciesID=de50539be5dca514eb15d9e6727c0114 StaticDependenciesID=fbeedf2e7f6d1ce365c0e14326fdf6cb 
Number of updated asset objects reloaded before import = 0
Number of asset objects unloaded after import = 0
========================================================================
Received Import Request.
  Time of request: 2026-10-01T17:13:30.1016377Z
  Time since last request: 0.0003924 seconds.
  importAddress: GUID: bee8af59ecde4f88b12e15e45df7704c - Path: Packages/com.unity.shadergraph/Editor/Drawing/Inspector/PropertyDrawerUtils.cs - Importer: ScriptedImporter/UnityEditor.QuickSearchModule:UnityEditor.Search:ASIAI0B
Importing 'GUID: bee8af59ecde4f88b12e15e45df7704c - Path: Packages/com.unity.shadergraph/Editor/Drawing/Inspector/PropertyDrawerUtils.cs - Importer: ScriptedImporter/UnityEditor.QuickSearchModule:UnityEditor.Search:ASIAI0B' with importer (ScriptedImporter : UnityEditor.QuickSearchModule:UnityEditor.Search:ASIAI0B)
Imported 'GUID: bee8af59ecde4f88b12e15e45df7704c' -> (Import Result ID: 'd3a72b61e4d99ae3130ecea02738b02d') in 0.002 seconds [static and dynamic dependencies]. Details - ImportResultOutputID=df8c3905fcbc99bf14f14550b3b4fd08 DependenciesID=5e82a5a4bfb9eb583e3ebb05ac6fae58 StaticDependenciesID=40a84d798c6e4eb3843eac7ed3197f3d 
Number of updated asset objects reloaded before import = 0
Number of asset objects unloaded after import = 0
========================================================================
Received Import Request.
  Time of request: 2026-10-01T17:13:30.1110041Z
  Time since last request: 0.0006528 seconds.
  importAddress: GUID: 57d18a57866821542806ab5253cf4310 - Path: Packages/com.unity.shadergraph/Editor/Drawing/Controls/IntegerControl.cs - Importer: ScriptedImporter/UnityEditor.QuickSearchModule:UnityEditor.Search:ASIAI0B
Importing 'GUID: 57d18a57866821542806ab5253cf4310 - Path: Packages/com.unity.shadergraph/Editor/Drawing/Controls/IntegerControl.cs - Importer: ScriptedImporter/UnityEditor.QuickSearchModule:UnityEditor.Search:ASIAI0B' with importer (ScriptedImporter : UnityEditor.QuickSearchModule:UnityEditor.Search:ASIAI0B)
Imported 'GUID: 57d18a57866821542806ab5253cf4310' -> (Import Result ID: '98617aca4864a19498c7c1433a1a5796') in 0.001 seconds [static and dynamic dependencies]. Details - ImportResultOutputID=41d938f2f408a813cb5b5835fa9e42cd DependenciesID=df3e464282f6e454db444c601a9b384b StaticDependenciesID=65bb117765834a5eef6d6e73d216c137 
Number of updated asset objects reloaded before import = 0
Number of asset objects unloaded after import = 0
========================================================================
Received Import Request.
  Time of request: 2026-10-01T17:13:30.1192734Z
  Time since last request: 0.00028 seconds.
  importAddress: GUID: 8a515dc1bacc453b870777d8da9a7211 - Path: Packages/com.unity.shadergraph/Editor/Drawing/Controls/VectorControl.cs - Importer: ScriptedImporter/UnityEditor.QuickSearchModule:UnityEditor.Search:ASIAI0B
Importing 'GUID: 8a515dc1bacc453b870777d8da9a7211 - Path: Packages/com.unity.shadergraph/Editor/Drawing/Controls/VectorControl.cs - Importer: ScriptedImporter/UnityEditor.QuickSearchModule:UnityEditor.Search:ASIAI0B' with importer (ScriptedImporter : UnityEditor.QuickSearchModule:UnityEditor.Search:ASIAI0B)
Imported 'GUID: 8a515dc1bacc453b870777d8da9a7211' -> (Import Result ID: '8df0575c1879568dff1e980b8a059eb0') in 0.001 seconds [static and dynamic dependencies]. Details - ImportResultOutputID=e7def3beb38f30218a93ed39b5272dae DependenciesID=c1577231651baa81a0c69f4353fa82f4 StaticDependenciesID=d705debb0f387d50d2ac1f61fd7da8b8 
Number of updated asset objects reloaded before import = 0
Number of asset objects unloaded after import = 0
========================================================================
Received Import Request.
  Time of request: 2026-10-01T17:13:30.1272989Z
  Time since last request: 0.0002557 seconds.
  importAddress: GUID: 96f5a3d0303d4d9395a450dcce906110 - Path: Packages/com.unity.shadergraph/Editor/Drawing/Views/ShaderPort.cs - Importer: ScriptedImporter/UnityEditor.QuickSearchModule:UnityEditor.Search:ASIAI0B
Importing 'GUID: 96f5a3d0303d4d9395a450dcce906110 - Path: Packages/com.unity.shadergraph/Editor/Drawing/Views/ShaderPort.cs - Importer: ScriptedImporter/UnityEditor.QuickSearchModule:UnityEditor.Search:ASIAI0B' with importer (ScriptedImporter : UnityEditor.QuickSearchModule:UnityEditor.Search:ASIAI0B)
Imported 'GUID: 96f5a3d0303d4d9395a450dcce906110' -> (Import Result ID: '533dee786a5a11cbb8d2a28394e1b14f') in 0.002 seconds [static and dynamic dependencies]. Details - ImportResultOutputID=9214534bd89daa59a864e6c74478a709 DependenciesID=38a027736bc4ab13be88925b426dcca0 StaticDependenciesID=31f6f66a89096fb71e993e72dbd2c261 
Number of updated asset objects reloaded before import = 0
Number of asset objects unloaded after import = 0
========================================================================
Received Import Request.
  Time of request: 2026-10-01T17:13:30.1531093Z
  Time since last request: 0.0169286 seconds.
  importAddress: GUID: df5618ff481ae324cb444e2dda9674e4 - Path: Packages/com.unity.shadergraph/Editor/Generation/Data/DropdownEntry.cs - Importer: ScriptedImporter/UnityEditor.QuickSearchModule:UnityEditor.Search:ASIAI0B
Importing 'GUID: df5618ff481ae324cb444e2dda9674e4 - Path: Packages/com.unity.shadergraph/Editor/Generation/Data/DropdownEntry.cs - Importer: ScriptedImporter/UnityEditor.QuickSearchModule:UnityEditor.Search:ASIAI0B' with importer (ScriptedImporter : UnityEditor.QuickSearchModule:UnityEditor.Search:ASIAI0B)
Imported 'GUID: df5618ff481ae324cb444e2dda9674e4' -> (Import Result ID: '96e31cde42ac9b67da4e110d44870d1e') in 0.001 seconds [static and dynamic dependencies]. Details - ImportResultOutputID=54c3d1a5c9a601edb4e9869aa8c7848c DependenciesID=f479eb80e7052299942e534be9754901 StaticDependenciesID=5f9600b50795506c30454faccbee21b1 
Number of updated asset objects reloaded before import = 0
Number of asset objects unloaded after import = 0
========================================================================
Received Import Request.
  Time of request: 2026-10-01T17:13:30.1618611Z
  Time since last request: 0.0002719 seconds.
  importAddress: GUID: 7e093d7ce84934ae4b8f634c4a13b244 - Path: Packages/com.unity.shadergraph/Editor/Generation/Enumerations/IncludeLocation.cs - Importer: ScriptedImporter/UnityEditor.QuickSearchModule:UnityEditor.Search:ASIAI0B
Importing 'GUID: 7e093d7ce84934ae4b8f634c4a13b244 - Path: Packages/com.unity.shadergraph/Editor/Generation/Enumerations/IncludeLocation.cs - Importer: ScriptedImporter/UnityEditor.QuickSearchModule:UnityEditor.Search:ASIAI0B' with importer (ScriptedImporter : UnityEditor.QuickSearchModule:UnityEditor.Search:ASIAI0B)
Imported 'GUID: 7e093d7ce84934ae4b8f634c4a13b244' -> (Import Result ID: '71cf43765f673fd280c3aaa76e719cd0') in 0.001 seconds [static and dynamic dependencies]. Details - ImportResultOutputID=4f4cfcb7dd8d557b3039a6bb811487b2 DependenciesID=d6c2b1f03449d731f0d6330656e8309e StaticDependenciesID=a857e9ec48d62193dc8a307a68e14f80 
Number of updated asset objects reloaded before import = 0
Number of asset objects unloaded after import = 0
========================================================================
Received Import Request.
  Time of request: 2026-10-01T17:13:30.1696842Z
  Time since last request: 0.0002351 seconds.
  importAddress: GUID: 1358e9b39cd7e8442bece5b15a2a7c63 - Path: Packages/com.unity.shadergraph/Editor/Generation/Processors/MatrixNames.cs - Importer: ScriptedImporter/UnityEditor.QuickSearchModule:UnityEditor.Search:ASIAI0B
Importing 'GUID: 1358e9b39cd7e8442bece5b15a2a7c63 - Path: Packages/com.unity.shadergraph/Editor/Generation/Processors/MatrixNames.cs - Importer: ScriptedImporter/UnityEditor.QuickSearchModule:UnityEditor.Search:ASIAI0B' with importer (ScriptedImporter : UnityEditor.QuickSearchModule:UnityEditor.Search:ASIAI0B)
Imported 'GUID: 1358e9b39cd7e8442bece5b15a2a7c63' -> (Import Result ID: '5adec66d541b63d5284a85b4b3590d9d') in 0.002 seconds [static and dynamic dependencies]. Details - ImportResultOutputID=20fa5f8b821550e15712332b41082d3b DependenciesID=09d400801644d3d332ca0f17601f88af StaticDependenciesID=dbe5d5832ccd888ae52ea466b6bee12a 
Number of updated asset objects reloaded before import = 0
Number of asset objects unloaded after import = 0
========================================================================
Received Import Request.
  Time of request: 2026-10-01T17:13:30.1775982Z
  Time since last request: 0.0001736 seconds.
  importAddress: GUID: 5b0e9f1f7df8dc34a984c30b56cf998b - Path: Packages/com.unity.shadergraph/Editor/Generation/Contexts/TargetPropertyGUIContext.cs - Importer: ScriptedImporter/UnityEditor.QuickSearchModule:UnityEditor.Search:ASIAI0B
Importing 'GUID: 5b0e9f1f7df8dc34a984c30b56cf998b - Path: Packages/com.unity.shadergraph/Editor/Generation/Contexts/TargetPropertyGUIContext.cs - Importer: ScriptedImporter/UnityEditor.QuickSearchModule:UnityEditor.Search:ASIAI0B' with importer (ScriptedImporter : UnityEditor.QuickSearchModule:UnityEditor.Search:ASIAI0B)
Imported 'GUID: 5b0e9f1f7df8dc34a984c30b56cf998b' -> (Import Result ID: '6ab3ec499ddc01c54dd7d1898aea21c5') in 0.002 seconds [static and dynamic dependencies]. Details - ImportResultOutputID=6b8b65f4d7301d8c3b4d4d4d1e40e3cc DependenciesID=853df0f0aeb21b0d378e10622491446c StaticDependenciesID=14104beeac349276a51f9f34a2dff989 
Number of updated asset objects reloaded before import = 0
Number of asset objects unloaded after import = 0
========================================================================
Received Import Request.
  Time of request: 2026-10-01T17:13:30.1854703Z
  Time since last request: 0.000214 seconds.
  importAddress: GUID: 5c3e582d15e186547aa916699e3bfb34 - Path: Packages/com.unity.shadergraph/Editor/Generation/Descriptors/IncludeDescriptor.cs - Importer: ScriptedImporter/UnityEditor.QuickSearchModule:UnityEditor.Search:ASIAI0B
Importing 'GUID: 5c3e582d15e186547aa916699e3bfb34 - Path: Packages/com.unity.shadergraph/Editor/Generation/Descriptors/IncludeDescriptor.cs - Importer: ScriptedImporter/UnityEditor.QuickSearchModule:UnityEditor.Search:ASIAI0B' with importer (ScriptedImporter : UnityEditor.QuickSearchModule:UnityEditor.Search:ASIAI0B)
Imported 'GUID: 5c3e582d15e186547aa916699e3bfb34' -> (Import Result ID: 'f2c9e834351febc63869e0d181353756') in 0.002 seconds [static and dynamic dependencies]. Details - ImportResultOutputID=96267850a9795c8eb8bc4632d1396dd9 DependenciesID=6512b5f1a07809472bf6112931bbeab0 StaticDependenciesID=b197e04a19c30702d8b9f5a5ec5dc5bb 
Number of updated asset objects reloaded before import = 0
Number of asset objects unloaded after import = 0
========================================================================
Received Import Request.
  Time of request: 2026-10-01T17:13:30.1951699Z
  Time since last request: 0.0002321 seconds.
  importAddress: GUID: a36f03009b35b47a3ad4cc28a7f43cfe - Path: Packages/com.unity.shadergraph/Editor/Generation/Descriptors/StructDescriptor.cs - Importer: ScriptedImporter/UnityEditor.QuickSearchModule:UnityEditor.Search:ASIAI0B
Importing 'GUID: a36f03009b35b47a3ad4cc28a7f43cfe - Path: Packages/com.unity.shadergraph/Editor/Generation/Descriptors/StructDescriptor.cs - Importer: ScriptedImporter/UnityEditor.QuickSearchModule:UnityEditor.Search:ASIAI0B' with importer (ScriptedImporter : UnityEditor.QuickSearchModule:UnityEditor.Search:ASIAI0B)
Imported 'GUID: a36f03009b35b47a3ad4cc28a7f43cfe' -> (Import Result ID: 'c3fa5861f57c1d210f5c6ebb785047de') in 0.001 seconds [static and dynamic dependencies]. Details - ImportResultOutputID=3f1b42212e56153fdfb864687a01c525 DependenciesID=2b0360421bd8ee6501904c762858dddd StaticDependenciesID=649aa75c68baa69712d475981ccacd7c 
Number of updated asset objects reloaded before import = 0
Number of asset objects unloaded after import = 0
========================================================================
Received Import Request.
  Time of request: 2026-10-01T17:13:30.2030967Z
  Time since last request: 0.0002986 seconds.
  importAddress: GUID: 1d9ef2c068925ac42b1a5793f3706b87 - Path: Packages/com.unity.shadergraph/Editor/Generation/Enumerations/Cull.cs - Importer: ScriptedImporter/UnityEditor.QuickSearchModule:UnityEditor.Search:ASIAI0B
Importing 'GUID: 1d9ef2c068925ac42b1a5793f3706b87 - Path: Packages/com.unity.shadergraph/Editor/Generation/Enumerations/Cull.cs - Importer: ScriptedImporter/UnityEditor.QuickSearchModule:UnityEditor.Search:ASIAI0B' with importer (ScriptedImporter : UnityEditor.QuickSearchModule:UnityEditor.Search:ASIAI0B)
Imported 'GUID: 1d9ef2c068925ac42b1a5793f3706b87' -> (Import Result ID: '4515ef2b98578fd468b918586aed6105') in 0.001 seconds [static and dynamic dependencies]. Details - ImportResultOutputID=1f40ed026f83dc96f9ffdc834e7ff5be DependenciesID=c1fb0149fa754219fd1f102738c6bda7 StaticDependenciesID=3f04d0cba9cefe9d43b6e03426b55c2a 
Number of updated asset objects reloaded before import = 0
Number of asset objects unloaded after import = 0
========================================================================
Received Import Request.
  Time of request: 2026-10-01T17:13:30.2115662Z
  Time since last request: 0.0002132 seconds.
  importAddress: GUID: 82f47029c21684be390696599c52fb76 - Path: Packages/com.unity.shadergraph/Editor/Generation/Descriptors/BlockFieldDescriptor.cs - Importer: ScriptedImporter/UnityEditor.QuickSearchModule:UnityEditor.Search:ASIAI0B
Importing 'GUID: 82f47029c21684be390696599c52fb76 - Path: Packages/com.unity.shadergraph/Editor/Generation/Descriptors/BlockFieldDescriptor.cs - Importer: ScriptedImporter/UnityEditor.QuickSearchModule:UnityEditor.Search:ASIAI0B' with importer (ScriptedImporter : UnityEditor.QuickSearchModule:UnityEditor.Search:ASIAI0B)
Imported 'GUID: 82f47029c21684be390696599c52fb76' -> (Import Result ID: '79b67a533b9c0b206fdf236c5ae1d829') in 0.001 seconds [static and dynamic dependencies]. Details - ImportResultOutputID=9a32ae583d076c1df429901e45870a36 DependenciesID=0cd535b1143332b7396be02053b357f6 StaticDependenciesID=7d6e3a323e2448fae9cb6f855bd72c82 
Number of updated asset objects reloaded before import = 0
Number of asset objects unloaded after import = 0
========================================================================
Received Import Request.
  Time of request: 2026-10-01T17:13:30.2197523Z
  Time since last request: 0.0002123 seconds.
  importAddress: GUID: e2b068c670cfd41db8be9813bb8791af - Path: Packages/com.unity.shadergraph/Editor/Generation/Enumerations/ShaderModel.cs - Importer: ScriptedImporter/UnityEditor.QuickSearchModule:UnityEditor.Search:ASIAI0B
Importing 'GUID: e2b068c670cfd41db8be9813bb8791af - Path: Packages/com.unity.shadergraph/Editor/Generation/Enumerations/ShaderModel.cs - Importer: ScriptedImporter/UnityEditor.QuickSearchModule:UnityEditor.Search:ASIAI0B' with importer (ScriptedImporter : UnityEditor.QuickSearchModule:UnityEditor.Search:ASIAI0B)
Imported 'GUID: e2b068c670cfd41db8be9813bb8791af' -> (Import Result ID: '906360b24f3897dea2c53f9e0a9a4bc7') in 0.002 seconds [static and dynamic dependencies]. Details - ImportResultOutputID=1fb5d2b262039a3ddd986865093ecb4d DependenciesID=694227d8cc5460ffa0ed81c989fff33a StaticDependenciesID=3c18e85a5d94ef7b796faa881adbc305 
Number of updated asset objects reloaded before import = 0
Number of asset objects unloaded after import = 0
========================================================================
Received Import Request.
  Time of request: 2026-10-01T17:13:30.242051Z
  Time since last request: 0.0142129 seconds.
  importAddress: GUID: 7129268cf102b2f45809905bcb27ce8b - Path: Packages/com.unity.shadergraph/Editor/Resources/Icons/sg_graph_icon_gray_dark.png - Importer: ScriptedImporter/UnityEditor.QuickSearchModule:UnityEditor.Search:ASIAI0B
Importing 'GUID: 7129268cf102b2f45809905bcb27ce8b - Path: Packages/com.unity.shadergraph/Editor/Resources/Icons/sg_graph_icon_gray_dark.png - Importer: ScriptedImporter/UnityEditor.QuickSearchModule:UnityEditor.Search:ASIAI0B' with importer (ScriptedImporter : UnityEditor.QuickSearchModule:UnityEditor.Search:ASIAI0B)
Imported 'GUID: 7129268cf102b2f45809905bcb27ce8b' -> (Import Result ID: 'dfac000db74f1e2833c9740e497396ca') in 0.003 seconds [static and dynamic dependencies]. Details - ImportResultOutputID=166799c3a81122f0d543e8cd677bcf57 DependenciesID=cb157dd681d6de240156265aca205ff9 StaticDependenciesID=6a290a73e74e78022c9c5c8f6d9a7504 
Number of updated asset objects reloaded before import = 0
Number of asset objects unloaded after import = 1
========================================================================
Received Import Request.
  Time of request: 2026-10-01T17:13:30.2522683Z
  Time since last request: 0.0002236 seconds.
  importAddress: GUID: 781e1a409e314b1fb13e3605a69680ba - Path: Packages/com.unity.shadergraph/Editor/Resources/UXML/HeatmapValuesEditor.uxml - Importer: ScriptedImporter/UnityEditor.QuickSearchModule:UnityEditor.Search:ASIAI0B
Importing 'GUID: 781e1a409e314b1fb13e3605a69680ba - Path: Packages/com.unity.shadergraph/Editor/Resources/UXML/HeatmapValuesEditor.uxml - Importer: ScriptedImporter/UnityEditor.QuickSearchModule:UnityEditor.Search:ASIAI0B' with importer (ScriptedImporter : UnityEditor.QuickSearchModule:UnityEditor.Search:ASIAI0B)
Imported 'GUID: 781e1a409e314b1fb13e3605a69680ba' -> (Import Result ID: '02f9e22c02c631c159055dd3ecd74fbd') in 0.008 seconds [static and dynamic dependencies]. Details - ImportResultOutputID=9fafb798c356a30cc3c966b8745800cd DependenciesID=3fbf3ca5f9bfd5af3a0130b45383f60d StaticDependenciesID=177be54359d2110c71f1d39d6b304984 
Number of updated asset objects reloaded before import = 0
Number of asset objects unloaded after import = 2
========================================================================
Received Import Request.
  Time of request: 2026-10-01T17:13:30.2677537Z
  Time since last request: 0.0002573 seconds.
  importAddress: GUID: a141d7b330b4c764ab25b2ba4ac38b2f - Path: Packages/com.unity.shadergraph/Editor/Resources/Styles/MasterPreviewView.uss - Importer: ScriptedImporter/UnityEditor.QuickSearchModule:UnityEditor.Search:ASIAI0B
Importing 'GUID: a141d7b330b4c764ab25b2ba4ac38b2f - Path: Packages/com.unity.shadergraph/Editor/Resources/Styles/MasterPreviewView.uss - Importer: ScriptedImporter/UnityEditor.QuickSearchModule:UnityEditor.Search:ASIAI0B' with importer (ScriptedImporter : UnityEditor.QuickSearchModule:UnityEditor.Search:ASIAI0B)
Imported 'GUID: a141d7b330b4c764ab25b2ba4ac38b2f' -> (Import Result ID: '5f5dd33ec418d0125919fca37fb58581') in 0.002 seconds [static and dynamic dependencies]. Details - ImportResultOutputID=a17b53f4e82a6b10fb8f066c1f2d82e2 DependenciesID=07fedb20115c4acc424ede7a2fd59ea2 StaticDependenciesID=dfca19e19a4a60710b140c7a5f611fdf 
Number of updated asset objects reloaded before import = 0
Number of asset objects unloaded after import = 1
========================================================================
Received Import Request.
  Time of request: 2026-10-01T17:13:30.2763464Z
  Time since last request: 0.000192 seconds.
  importAddress: GUID: da07703fcc09f8d4799221050659bd55 - Path: Packages/com.unity.shadergraph/Editor/Resources/Shaders/FallbackError.shader - Importer: ScriptedImporter/UnityEditor.QuickSearchModule:UnityEditor.Search:ASIAI0B
Importing 'GUID: da07703fcc09f8d4799221050659bd55 - Path: Packages/com.unity.shadergraph/Editor/Resources/Shaders/FallbackError.shader - Importer: ScriptedImporter/UnityEditor.QuickSearchModule:UnityEditor.Search:ASIAI0B' with importer (ScriptedImporter : UnityEditor.QuickSearchModule:UnityEditor.Search:ASIAI0B)
Imported 'GUID: da07703fcc09f8d4799221050659bd55' -> (Import Result ID: '0d89ae507b11949bdc9ef00e47eed71b') in 0.002 seconds [static and dynamic dependencies]. Details - ImportResultOutputID=1168aea37f02c249de1486ba1d59cf2f DependenciesID=706831c8acaeeda9b792bfa8c0600cc0 StaticDependenciesID=bd247ef45cd0c8e40e4f2d9b8a2841d3 
Number of updated asset objects reloaded before import = 0
Number of asset objects unloaded after import = 1
========================================================================
Received Import Request.
  Time of request: 2026-10-01T17:13:30.2864129Z
  Time since last request: 0.0002458 seconds.
  importAddress: GUID: 1d356e56081caed46bb576bcdf392666 - Path: Packages/com.unity.shadergraph/Editor/Generation/Templates/PassMesh.template - Importer: ScriptedImporter/UnityEditor.QuickSearchModule:UnityEditor.Search:ASIAI0B
Importing 'GUID: 1d356e56081caed46bb576bcdf392666 - Path: Packages/com.unity.shadergraph/Editor/Generation/Templates/PassMesh.template - Importer: ScriptedImporter/UnityEditor.QuickSearchModule:UnityEditor.Search:ASIAI0B' with importer (ScriptedImporter : UnityEditor.QuickSearchModule:UnityEditor.Search:ASIAI0B)
Imported 'GUID: 1d356e56081caed46bb576bcdf392666' -> (Import Result ID: '99482bc60f9a6f3bf926a510aed5cbb7') in 0.001 seconds [static and dynamic dependencies]. Details - ImportResultOutputID=7fb61b2fee59d90ee1e4c213f07bded2 DependenciesID=17fec452145a6301547f14a3a759594f StaticDependenciesID=3ed4e49f74044365b3d4ef882d044b34 
Number of updated asset objects reloaded before import = 0
Number of asset objects unloaded after import = 1
========================================================================
Received Import Request.
  Time of request: 2026-10-01T17:13:30.2947564Z
  Time since last request: 0.0003658 seconds.
  importAddress: GUID: c1e1b751487e43d43923f055990214ea - Path: Packages/com.unity.shadergraph/Editor/Resources/Icons/sg_graph_icon@2x.png - Importer: ScriptedImporter/UnityEditor.QuickSearchModule:UnityEditor.Search:ASIAI0B
Importing 'GUID: c1e1b751487e43d43923f055990214ea - Path: Packages/com.unity.shadergraph/Editor/Resources/Icons/sg_graph_icon@2x.png - Importer: ScriptedImporter/UnityEditor.QuickSearchModule:UnityEditor.Search:ASIAI0B' with importer (ScriptedImporter : UnityEditor.QuickSearchModule:UnityEditor.Search:ASIAI0B)
Imported 'GUID: c1e1b751487e43d43923f055990214ea' -> (Import Result ID: '5b987dd0235553307d70d913113aa524') in 0.003 seconds [static and dynamic dependencies]. Details - ImportResultOutputID=d877dc14610a21de5cc06c6f75a05932 DependenciesID=e747d5ff0f7d0541a01a4fccfbdd4b6f StaticDependenciesID=d268a0fa9dd6c596accfb74558d07044 
Number of updated asset objects reloaded before import = 0
Number of asset objects unloaded after import = 1
========================================================================
Received Import Request.
  Time of request: 2026-10-01T17:13:30.3042602Z
  Time since last request: 0.0002139 seconds.
  importAddress: GUID: 2ff492f428a2c413e8f423ded9c594c4 - Path: Packages/com.unity.shadergraph/Editor/Generation/TargetResources/StructFields.cs - Importer: ScriptedImporter/UnityEditor.QuickSearchModule:UnityEditor.Search:ASIAI0B
Importing 'GUID: 2ff492f428a2c413e8f423ded9c594c4 - Path: Packages/com.unity.shadergraph/Editor/Generation/TargetResources/StructFields.cs - Importer: ScriptedImporter/UnityEditor.QuickSearchModule:UnityEditor.Search:ASIAI0B' with importer (ScriptedImporter : UnityEditor.QuickSearchModule:UnityEditor.Search:ASIAI0B)
Imported 'GUID: 2ff492f428a2c413e8f423ded9c594c4' -> (Import Result ID: '7a120070e2c6ffbe42b940841eb05be7') in 0.001 seconds [static and dynamic dependencies]. Details - ImportResultOutputID=d5d18d094a06105e2f3ac1907e7324d6 DependenciesID=14505033b3bda365e4420caaf411a6ef StaticDependenciesID=5672912ce7f1db592d455cb5bbce3517 
Number of updated asset objects reloaded before import = 0
Number of asset objects unloaded after import = 0
========================================================================
Received Import Request.
  Time of request: 2026-10-01T17:13:30.3130222Z
  Time since last request: 0.0002597 seconds.
  importAddress: GUID: c881a10bb6578f04ba6d52f6c3f0c9d6 - Path: Packages/com.unity.shadergraph/Editor/Resources/Icons/settingsbutton.png - Importer: ScriptedImporter/UnityEditor.QuickSearchModule:UnityEditor.Search:ASIAI0B
Importing 'GUID: c881a10bb6578f04ba6d52f6c3f0c9d6 - Path: Packages/com.unity.shadergraph/Editor/Resources/Icons/settingsbutton.png - Importer: ScriptedImporter/UnityEditor.QuickSearchModule:UnityEditor.Search:ASIAI0B' with importer (ScriptedImporter : UnityEditor.QuickSearchModule:UnityEditor.Search:ASIAI0B)
Imported 'GUID: c881a10bb6578f04ba6d52f6c3f0c9d6' -> (Import Result ID: '819ae4b01c15ad5715c62d735596f34a') in 0.004 seconds [static and dynamic dependencies]. Details - ImportResultOutputID=dd8ac3465771ed434654ca82e3221dea DependenciesID=033ce9f8d5d3a4072bc76ed76d7768e5 StaticDependenciesID=f143abd7de2821356b7045821b2ed68c 
Number of updated asset objects reloaded before import = 0
Number of asset objects unloaded after import = 1
========================================================================
Received Import Request.
  Time of request: 2026-10-01T17:13:30.3241689Z
  Time since last request: 0.0002118 seconds.
  importAddress: GUID: 1cea6b2114919574aac870488908a2e0 - Path: Packages/com.unity.shadergraph/Editor/Resources/Styles/PortInputView.uss - Importer: ScriptedImporter/UnityEditor.QuickSearchModule:UnityEditor.Search:ASIAI0B
Importing 'GUID: 1cea6b2114919574aac870488908a2e0 - Path: Packages/com.unity.shadergraph/Editor/Resources/Styles/PortInputView.uss - Importer: ScriptedImporter/UnityEditor.QuickSearchModule:UnityEditor.Search:ASIAI0B' with importer (ScriptedImporter : UnityEditor.QuickSearchModule:UnityEditor.Search:ASIAI0B)
Imported 'GUID: 1cea6b2114919574aac870488908a2e0' -> (Import Result ID: '356755a8fd22369c915364dd54b62cc0') in 0.002 seconds [static and dynamic dependencies]. Details - ImportResultOutputID=27f8724acc7c9dc91c8ea1e5986f8162 DependenciesID=f89606cdb3b328993a8c062ea31a5730 StaticDependenciesID=802f957ed496a4b4a11ea599d41c71f9 
Number of updated asset objects reloaded before import = 0
Number of asset objects unloaded after import = 1
========================================================================
Received Import Request.
  Time of request: 2026-10-01T17:13:30.3535255Z
  Time since last request: 0.0200491 seconds.
  importAddress: GUID: 0fda1aff5a5744478f70542e95fd3d42 - Path: Packages/com.unity.shadergraph/Editor/Resources/UXML/PixelCacheProfiler.uxml - Importer: ScriptedImporter/UnityEditor.QuickSearchModule:UnityEditor.Search:ASIAI0B
Importing 'GUID: 0fda1aff5a5744478f70542e95fd3d42 - Path: Packages/com.unity.shadergraph/Editor/Resources/UXML/PixelCacheProfiler.uxml - Importer: ScriptedImporter/UnityEditor.QuickSearchModule:UnityEditor.Search:ASIAI0B' with importer (ScriptedImporter : UnityEditor.QuickSearchModule:UnityEditor.Search:ASIAI0B)
Imported 'GUID: 0fda1aff5a5744478f70542e95fd3d42' -> (Import Result ID: 'e92cbfad96c93977e677315377b152a4') in 0.004 seconds [static and dynamic dependencies]. Details - ImportResultOutputID=d1fa42d2d97a8036e2b34c66a8e3bf38 DependenciesID=501b5971cc347439fb387fbff3e29cd0 StaticDependenciesID=83ed749139455e37b50a53a811b50a7b 
Number of updated asset objects reloaded before import = 0
Number of asset objects unloaded after import = 2
========================================================================
Received Import Request.
  Time of request: 2026-10-01T17:13:30.363703Z
  Time since last request: 0.0000668 seconds.
  importAddress: GUID: b893f303ffd21324988969130704e4bc - Path: Packages/com.unity.shadergraph/GraphTemplates/Subgraphs/Terrain/Blend Layers Add.shadersubgraph - Importer: ScriptedImporter/UnityEditor.QuickSearchModule:UnityEditor.Search:ASIAI0B
Importing 'GUID: b893f303ffd21324988969130704e4bc - Path: Packages/com.unity.shadergraph/GraphTemplates/Subgraphs/Terrain/Blend Layers Add.shadersubgraph - Importer: ScriptedImporter/UnityEditor.QuickSearchModule:UnityEditor.Search:ASIAI0B' with importer (ScriptedImporter : UnityEditor.QuickSearchModule:UnityEditor.Search:ASIAI0B)
Imported 'GUID: b893f303ffd21324988969130704e4bc' -> (Import Result ID: '31e2c08d1f68a7118daee87d271d1612') in 0.004 seconds [static and dynamic dependencies]. Details - ImportResultOutputID=08bc3d52a633ac5a7557f2fe23bebc71 DependenciesID=0542300e26fa19653b5321625cf27321 StaticDependenciesID=e18377d208b17a962eebab2892938903 
Number of updated asset objects reloaded before import = 0
Number of asset objects unloaded after import = 1
========================================================================
Received Import Request.
  Time of request: 2026-10-01T17:13:30.3937004Z
  Time since last request: 0.0196445 seconds.
  importAddress: GUID: 2f13e75d15882134fb2cc19ed16fa6fd - Path: Packages/com.unity.shadergraph/Tests/Editor/UnitTests/BlockNodeTests.cs - Importer: ScriptedImporter/UnityEditor.QuickSearchModule:UnityEditor.Search:ASIAI0B
Importing 'GUID: 2f13e75d15882134fb2cc19ed16fa6fd - Path: Packages/com.unity.shadergraph/Tests/Editor/UnitTests/BlockNodeTests.cs - Importer: ScriptedImporter/UnityEditor.QuickSearchModule:UnityEditor.Search:ASIAI0B' with importer (ScriptedImporter : UnityEditor.QuickSearchModule:UnityEditor.Search:ASIAI0B)
Imported 'GUID: 2f13e75d15882134fb2cc19ed16fa6fd' -> (Import Result ID: '4d17e7188e552e41b3af351e7a0379fb') in 0.001 seconds [static and dynamic dependencies]. Details - ImportResultOutputID=3a19a5764e1263f44ecca6c48599df12 DependenciesID=d91eb79b8093244ccbd70b7e5d34a725 StaticDependenciesID=32ba0b563238e4fbd28597af28e81691 
Number of updated asset objects reloaded before import = 0
Number of asset objects unloaded after import = 0
========================================================================
Received Import Request.
  Time of request: 2026-10-01T17:13:30.4019293Z
  Time since last request: 0.0005962 seconds.
  importAddress: GUID: a4dc2e25b8fb77545a565552f5d2b928 - Path: Packages/com.unity.shadergraph/Tests/Editor/UnitTests/UtilityTests.cs - Importer: ScriptedImporter/UnityEditor.QuickSearchModule:UnityEditor.Search:ASIAI0B
Importing 'GUID: a4dc2e25b8fb77545a565552f5d2b928 - Path: Packages/com.unity.shadergraph/Tests/Editor/UnitTests/UtilityTests.cs - Importer: ScriptedImporter/UnityEditor.QuickSearchModule:UnityEditor.Search:ASIAI0B' with importer (ScriptedImporter : UnityEditor.QuickSearchModule:UnityEditor.Search:ASIAI0B)
Imported 'GUID: a4dc2e25b8fb77545a565552f5d2b928' -> (Import Result ID: 'c0dd36aaf17d3db6ad0d3d5f0b3c3327') in 0.001 seconds [static and dynamic dependencies]. Details - ImportResultOutputID=e8d70ac167cb86be013581e69c144774 DependenciesID=33c5b89f2e55e8af0669fc65de8dfdf5 StaticDependenciesID=abd53a1ab13f758bc26f8944071080e2 
Number of updated asset objects reloaded before import = 0
Number of asset objects unloaded after import = 0
========================================================================
Received Import Request.
  Time of request: 2026-10-01T17:13:30.4098355Z
  Time since last request: 0.0001845 seconds.
  importAddress: GUID: bf6df2fd463c5a3489c65eee884c8488 - Path: Packages/com.unity.shadergraph/Tests/Editor/UnitTests/ShaderGeneratorTests.cs - Importer: ScriptedImporter/UnityEditor.QuickSearchModule:UnityEditor.Search:ASIAI0B
Importing 'GUID: bf6df2fd463c5a3489c65eee884c8488 - Path: Packages/com.unity.shadergraph/Tests/Editor/UnitTests/ShaderGeneratorTests.cs - Importer: ScriptedImporter/UnityEditor.QuickSearchModule:UnityEditor.Search:ASIAI0B' with importer (ScriptedImporter : UnityEditor.QuickSearchModule:UnityEditor.Search:ASIAI0B)
Imported 'GUID: bf6df2fd463c5a3489c65eee884c8488' -> (Import Result ID: '7bdc5fc16c0c8eeb1d883d8118e4e15b') in 0.002 seconds [static and dynamic dependencies]. Details - ImportResultOutputID=1f2c30db9aa40b9c9866cea7071553ec DependenciesID=0d648b27c2eecaa2ad724675490cc9e8 StaticDependenciesID=1f57d87383dc762b9c66bc61b6c1d97f 
Number of updated asset objects reloaded before import = 0
Number of asset objects unloaded after import = 0
========================================================================
Received Import Request.
  Time of request: 2026-10-01T17:13:30.4184883Z
  Time since last request: 0.0002875 seconds.
  importAddress: GUID: 645fc02044bcf4856950770ee6d1641e - Path: Packages/com.unity.shadergraph/Tests/Editor/ProviderTests/ReflectedFunctionTests.cs - Importer: ScriptedImporter/UnityEditor.QuickSearchModule:UnityEditor.Search:ASIAI0B
Importing 'GUID: 645fc02044bcf4856950770ee6d1641e - Path: Packages/com.unity.shadergraph/Tests/Editor/ProviderTests/ReflectedFunctionTests.cs - Importer: ScriptedImporter/UnityEditor.QuickSearchModule:UnityEditor.Search:ASIAI0B' with importer (ScriptedImporter : UnityEditor.QuickSearchModule:UnityEditor.Search:ASIAI0B)
Imported 'GUID: 645fc02044bcf4856950770ee6d1641e' -> (Import Result ID: 'dc1f4cb437b8991e6d06850c4c099bbf') in 0.001 seconds [static and dynamic dependencies]. Details - ImportResultOutputID=724fa85591df355b00b64e3edc6fa32c DependenciesID=f55bf567dfa5585d3f58feb8149bfc7f StaticDependenciesID=05155f58d04a0f19c73036d052d33829 
Number of updated asset objects reloaded before import = 0
Number of asset objects unloaded after import = 0
========================================================================
Received Import Request.
  Time of request: 2026-10-01T17:13:30.4266128Z
  Time since last request: 0.0003233 seconds.
  importAddress: GUID: b16d3bd20d4d2c644969258425ff071a - Path: Packages/com.unity.shadergraph/Editor/Data/Interfaces/Graph/INode.cs - Importer: ScriptedImporter/UnityEditor.QuickSearchModule:UnityEditor.Search:ASIAI0B
Importing 'GUID: b16d3bd20d4d2c644969258425ff071a - Path: Packages/com.unity.shadergraph/Editor/Data/Interfaces/Graph/INode.cs - Importer: ScriptedImporter/UnityEditor.QuickSearchModule:UnityEditor.Search:ASIAI0B' with importer (ScriptedImporter : UnityEditor.QuickSearchModule:UnityEditor.Search:ASIAI0B)
Imported 'GUID: b16d3bd20d4d2c644969258425ff071a' -> (Import Result ID: 'ef61a69e205aa1b2ade60d569ae0aa34') in 0.002 seconds [static and dynamic dependencies]. Details - ImportResultOutputID=839b48cacd6d63b0afbbb975aa94192a DependenciesID=4c751dfed5aaead4effabbb7c8a403e4 StaticDependenciesID=b4f1c37d59c620c53f11a4ef63374c1d 
Number of updated asset objects reloaded before import = 0
Number of asset objects unloaded after import = 0
========================================================================
Received Import Request.
  Time of request: 2026-10-01T17:13:30.4358589Z
  Time since last request: 0.000214 seconds.
  importAddress: GUID: caaa2ea3bc3f57c429e630f9324ac930 - Path: Packages/com.unity.shadergraph/Tests/Editor/UnitTests/PixelShaderNodeTests.cs - Importer: ScriptedImporter/UnityEditor.QuickSearchModule:UnityEditor.Search:ASIAI0B
Importing 'GUID: caaa2ea3bc3f57c429e630f9324ac930 - Path: Packages/com.unity.shadergraph/Tests/Editor/UnitTests/PixelShaderNodeTests.cs - Importer: ScriptedImporter/UnityEditor.QuickSearchModule:UnityEditor.Search:ASIAI0B' with importer (ScriptedImporter : UnityEditor.QuickSearchModule:UnityEditor.Search:ASIAI0B)
Imported 'GUID: caaa2ea3bc3f57c429e630f9324ac930' -> (Import Result ID: 'ce1b480f918e07bfd277f83b199237a2') in 0.001 seconds [static and dynamic dependencies]. Details - ImportResultOutputID=84a649347f6a29c95ca67b112b8c8df6 DependenciesID=fbf63d2e3ff21722cd92870742241c76 StaticDependenciesID=6c63837357c1afc2abc8cc294f312760 
Number of updated asset objects reloaded before import = 0
Number of asset objects unloaded after import = 0
========================================================================
Received Import Request.
  Time of request: 2026-10-01T17:13:30.4437588Z
  Time since last request: 0.0002294 seconds.
  importAddress: GUID: 1b8bcd39f0b64c14eba5885020ae7349 - Path: Packages/com.unity.shadergraph/Editor/Data/Nodes/MeshDeformation/ComputeDeformNode.cs - Importer: ScriptedImporter/UnityEditor.QuickSearchModule:UnityEditor.Search:ASIAI0B
Importing 'GUID: 1b8bcd39f0b64c14eba5885020ae7349 - Path: Packages/com.unity.shadergraph/Editor/Data/Nodes/MeshDeformation/ComputeDeformNode.cs - Importer: ScriptedImporter/UnityEditor.QuickSearchModule:UnityEditor.Search:ASIAI0B' with importer (ScriptedImporter : UnityEditor.QuickSearchModule:UnityEditor.Search:ASIAI0B)
Imported 'GUID: 1b8bcd39f0b64c14eba5885020ae7349' -> (Import Result ID: '613fbe27ecfd608ff549d4d57bf4e388') in 0.002 seconds [static and dynamic dependencies]. Details - ImportResultOutputID=afde61e87cc29a6ad60443bbdcd65560 DependenciesID=c90b5f321d7ab12347a05c74af01aeb3 StaticDependenciesID=2abc506fe9b33b739b08c1c16d78f5b6 
Number of updated asset objects reloaded before import = 0
Number of asset objects unloaded after import = 0
========================================================================
Received Import Request.
  Time of request: 2026-10-01T17:13:30.4520555Z
  Time since last request: 0.0001491 seconds.
  importAddress: GUID: c3d530710b610d649acafae8f38156d7 - Path: Packages/com.unity.shadergraph/Tests/Editor/UnitTests/StackTests.cs - Importer: ScriptedImporter/UnityEditor.QuickSearchModule:UnityEditor.Search:ASIAI0B
Importing 'GUID: c3d530710b610d649acafae8f38156d7 - Path: Packages/com.unity.shadergraph/Tests/Editor/UnitTests/StackTests.cs - Importer: ScriptedImporter/UnityEditor.QuickSearchModule:UnityEditor.Search:ASIAI0B' with importer (ScriptedImporter : UnityEditor.QuickSearchModule:UnityEditor.Search:ASIAI0B)
Imported 'GUID: c3d530710b610d649acafae8f38156d7' -> (Import Result ID: '9656481c7719608de4a9046ab77e2b4f') in 0.001 seconds [static and dynamic dependencies]. Details - ImportResultOutputID=128b283bed64a7a5a5edb65e860497e2 DependenciesID=058a25118ca1d4388b0971fa3b7f86db StaticDependenciesID=0aa18e27db02162c738139e4eecf2543 
Number of updated asset objects reloaded before import = 0
Number of asset objects unloaded after import = 0
========================================================================
Received Import Request.
  Time of request: 2026-10-01T17:13:30.4656513Z
  Time since last request: 0.0053166 seconds.
  importAddress: GUID: d58a109f5d7f9154a862ddc85c4d1cc1 - Path: Packages/com.unity.shadergraph/Editor/Drawing/Inspector/PropertyDrawers/SamplerStateNodePropertyDrawer.cs - Importer: ScriptedImporter/UnityEditor.QuickSearchModule:UnityEditor.Search:ASIAI0B
Importing 'GUID: d58a109f5d7f9154a862ddc85c4d1cc1 - Path: Packages/com.unity.shadergraph/Editor/Drawing/Inspector/PropertyDrawers/SamplerStateNodePropertyDrawer.cs - Importer: ScriptedImporter/UnityEditor.QuickSearchModule:UnityEditor.Search:ASIAI0B' with importer (ScriptedImporter : UnityEditor.QuickSearchModule:UnityEditor.Search:ASIAI0B)
Imported 'GUID: d58a109f5d7f9154a862ddc85c4d1cc1' -> (Import Result ID: '7a26752cab2d8797a69361f042cae6de') in 0.001 seconds [static and dynamic dependencies]. Details - ImportResultOutputID=06874a80fed7490b49ae1d9355ddc875 DependenciesID=e19efc2e99a424dcb43f5600c2dd797e StaticDependenciesID=74a923a5e1e91b0d0c0667d3b0e31479 
Number of updated asset objects reloaded before import = 0
Number of asset objects unloaded after import = 0
========================================================================
Received Import Request.
  Time of request: 2026-10-01T17:13:30.4747991Z
  Time since last request: 0.0002434 seconds.
  importAddress: GUID: a184620cc50fd2e40a845d6ebb39529e - Path: Packages/com.unity.shadergraph/Editor/Drawing/Views/Slots/ColorRGBSlotControlView.cs - Importer: ScriptedImporter/UnityEditor.QuickSearchModule:UnityEditor.Search:ASIAI0B
Importing 'GUID: a184620cc50fd2e40a845d6ebb39529e - Path: Packages/com.unity.shadergraph/Editor/Drawing/Views/Slots/ColorRGBSlotControlView.cs - Importer: ScriptedImporter/UnityEditor.QuickSearchModule:UnityEditor.Search:ASIAI0B' with importer (ScriptedImporter : UnityEditor.QuickSearchModule:UnityEditor.Search:ASIAI0B)
Imported 'GUID: a184620cc50fd2e40a845d6ebb39529e' -> (Import Result ID: 'eb357fbc2ad05d24ae0e6b2c9997ad03') in 0.001 seconds [static and dynamic dependencies]. Details - ImportResultOutputID=d3cbe8d86800f47d301f899294107dff DependenciesID=5a96555e1180729e0ceb42ca06750e73 StaticDependenciesID=e4dc6c63aaaf1308ab9f7d89dae3f760 
Number of updated asset objects reloaded before import = 0
Number of asset objects unloaded after import = 0
========================================================================
Received Import Request.
  Time of request: 2026-10-01T17:13:30.4822856Z
  Time since last request: 0.0001909 seconds.
  importAddress: GUID: c31e2a2017d86b14192cc8a9fec5fffb - Path: Packages/com.unity.shadergraph/Editor/Data/Nodes/UV/FlipbookNode.cs - Importer: ScriptedImporter/UnityEditor.QuickSearchModule:UnityEditor.Search:ASIAI0B
Importing 'GUID: c31e2a2017d86b14192cc8a9fec5fffb - Path: Packages/com.unity.shadergraph/Editor/Data/Nodes/UV/FlipbookNode.cs - Importer: ScriptedImporter/UnityEditor.QuickSearchModule:UnityEditor.Search:ASIAI0B' with importer (ScriptedImporter : UnityEditor.QuickSearchModule:UnityEditor.Search:ASIAI0B)
Imported 'GUID: c31e2a2017d86b14192cc8a9fec5fffb' -> (Import Result ID: '059af91d1d0068db6d1d46c4e7116ca1') in 0.001 seconds [static and dynamic dependencies]. Details - ImportResultOutputID=c39ab949251b2d6d882748cf06f6523f DependenciesID=777eb0433a9c52fc842e2207d184e5cc StaticDependenciesID=3b77e2045a1ad76ca643c44d1514ce24 
Number of updated asset objects reloaded before import = 0
Number of asset objects unloaded after import = 0
========================================================================
Received Import Request.
  Time of request: 2026-10-01T17:13:30.490084Z
  Time since last request: 0.0003941 seconds.
  importAddress: GUID: e628cecc47c94d4da6cd8ac547e1a4ef - Path: Packages/com.unity.shadergraph/Editor/Drawing/Inspector/PropertyDrawers/SubGraphOutputNodePropertyDrawer.cs - Importer: ScriptedImporter/UnityEditor.QuickSearchModule:UnityEditor.Search:ASIAI0B
Importing 'GUID: e628cecc47c94d4da6cd8ac547e1a4ef - Path: Packages/com.unity.shadergraph/Editor/Drawing/Inspector/PropertyDrawers/SubGraphOutputNodePropertyDrawer.cs - Importer: ScriptedImporter/UnityEditor.QuickSearchModule:UnityEditor.Search:ASIAI0B' with importer (ScriptedImporter : UnityEditor.QuickSearchModule:UnityEditor.Search:ASIAI0B)
Imported 'GUID: e628cecc47c94d4da6cd8ac547e1a4ef' -> (Import Result ID: 'be6f6d12a3fa1e92f68b71a3478f5a15') in 0.001 seconds [static and dynamic dependencies]. Details - ImportResultOutputID=f43822a3cbcae79165311a3ce074d59b DependenciesID=870ac1afe968659afa1935ac4bf6c7aa StaticDependenciesID=c90881fb806dad299d20d1ec2304da1a 
Number of updated asset objects reloaded before import = 0
Number of asset objects unloaded after import = 0
========================================================================
Received Import Request.
  Time of request: 2026-10-01T17:13:30.4980861Z
  Time since last request: 0.0002886 seconds.
  importAddress: GUID: e3897f68a598da34aa8bd55a3a3236ab - Path: Packages/com.unity.shadergraph/Editor/Data/Nodes/UV/RotateNode.cs - Importer: ScriptedImporter/UnityEditor.QuickSearchModule:UnityEditor.Search:ASIAI0B
Importing 'GUID: e3897f68a598da34aa8bd55a3a3236ab - Path: Packages/com.unity.shadergraph/Editor/Data/Nodes/UV/RotateNode.cs - Importer: ScriptedImporter/UnityEditor.QuickSearchModule:UnityEditor.Search:ASIAI0B' with importer (ScriptedImporter : UnityEditor.QuickSearchModule:UnityEditor.Search:ASIAI0B)
Imported 'GUID: e3897f68a598da34aa8bd55a3a3236ab' -> (Import Result ID: 'bd2f620bc88d1509836bf9c7e3b3bf97') in 0.002 seconds [static and dynamic dependencies]. Details - ImportResultOutputID=9ef3514ccc6821da83e4a3ecea69a9a6 DependenciesID=e93653306ce6d309f46034a386ddd7e5 StaticDependenciesID=7acff28a9f6f7048f0d27576290948b2 
Number of updated asset objects reloaded before import = 0
Number of asset objects unloaded after import = 0
========================================================================
Received Import Request.
  Time of request: 2026-10-01T17:13:30.5067999Z
  Time since last request: 0.0002797 seconds.
  importAddress: GUID: b70493ee47ef82b46be4fe3568b0bb2d - Path: Packages/com.unity.shadergraph/Editor/Data/Nodes/Utility/RedirectNodeData.cs - Importer: ScriptedImporter/UnityEditor.QuickSearchModule:UnityEditor.Search:ASIAI0B
Importing 'GUID: b70493ee47ef82b46be4fe3568b0bb2d - Path: Packages/com.unity.shadergraph/Editor/Data/Nodes/Utility/RedirectNodeData.cs - Importer: ScriptedImporter/UnityEditor.QuickSearchModule:UnityEditor.Search:ASIAI0B' with importer (ScriptedImporter : UnityEditor.QuickSearchModule:UnityEditor.Search:ASIAI0B)
Imported 'GUID: b70493ee47ef82b46be4fe3568b0bb2d' -> (Import Result ID: 'b6c493ed8ec865441e00af6f611a0ffb') in 0.001 seconds [static and dynamic dependencies]. Details - ImportResultOutputID=4a20e6fe1eeb39ba12efa08b11fd66ff DependenciesID=dac6c84bba0ccac199a3d61102c832da StaticDependenciesID=a66b7e5ff99ab5e53b845be21b801d2c 
Number of updated asset objects reloaded before import = 0
Number of asset objects unloaded after import = 0
========================================================================
Received Import Request.
  Time of request: 2026-10-01T17:13:30.5145755Z
  Time since last request: 0.0004158 seconds.
  importAddress: GUID: bf8c61714a08403bb754cbc99f1963a8 - Path: Packages/com.unity.shadergraph/Editor/Drawing/Inspector/PropertyDrawers/ShaderInputPropertyDrawer.cs - Importer: ScriptedImporter/UnityEditor.QuickSearchModule:UnityEditor.Search:ASIAI0B
Importing 'GUID: bf8c61714a08403bb754cbc99f1963a8 - Path: Packages/com.unity.shadergraph/Editor/Drawing/Inspector/PropertyDrawers/ShaderInputPropertyDrawer.cs - Importer: ScriptedImporter/UnityEditor.QuickSearchModule:UnityEditor.Search:ASIAI0B' with importer (ScriptedImporter : UnityEditor.QuickSearchModule:UnityEditor.Search:ASIAI0B)
Imported 'GUID: bf8c61714a08403bb754cbc99f1963a8' -> (Import Result ID: '7acf0f056f61eaff0193363afd7a4e43') in 0.001 seconds [static and dynamic dependencies]. Details - ImportResultOutputID=f51f5d9baf0c52ec6eac38de21089923 DependenciesID=67310a4625aa905ae28a3d703a726fd7 StaticDependenciesID=b3a06792613c9cfdc913049b1d401447 
Number of updated asset objects reloaded before import = 0
Number of asset objects unloaded after import = 0
========================================================================
Received Import Request.
  Time of request: 2026-10-01T17:13:30.5220709Z
  Time since last request: 0.0003831 seconds.
  importAddress: GUID: 676609a53124d5b4692470f7f7a5f9a8 - Path: Packages/com.unity.shadergraph/Editor/Drawing/Inspector/PropertyDrawers/TriplanarNodePropertyDrawer.cs - Importer: ScriptedImporter/UnityEditor.QuickSearchModule:UnityEditor.Search:ASIAI0B
Importing 'GUID: 676609a53124d5b4692470f7f7a5f9a8 - Path: Packages/com.unity.shadergraph/Editor/Drawing/Inspector/PropertyDrawers/TriplanarNodePropertyDrawer.cs - Importer: ScriptedImporter/UnityEditor.QuickSearchModule:UnityEditor.Search:ASIAI0B' with importer (ScriptedImporter : UnityEditor.QuickSearchModule:UnityEditor.Search:ASIAI0B)
Imported 'GUID: 676609a53124d5b4692470f7f7a5f9a8' -> (Import Result ID: '21b5e3ea0551a1918055a5ad712af869') in 0.002 seconds [static and dynamic dependencies]. Details - ImportResultOutputID=b4815fad07038367d9c9e1c1dec474ed DependenciesID=854ad0236f827960b2d1264644963182 StaticDependenciesID=9d105f1c1704170170e35154d9596e1e 
Number of updated asset objects reloaded before import = 0
Number of asset objects unloaded after import = 0
========================================================================
Received Import Request.
  Time of request: 2026-10-01T17:13:30.530779Z
  Time since last request: 0.0002047 seconds.
  importAddress: GUID: 57c3182c4f4d4ee8a6eccd63407c695d - Path: Packages/com.unity.shadergraph/Editor/Drawing/Inspector/PropertyDrawers/ToggleDataPropertyDrawer.cs - Importer: ScriptedImporter/UnityEditor.QuickSearchModule:UnityEditor.Search:ASIAI0B
Importing 'GUID: 57c3182c4f4d4ee8a6eccd63407c695d - Path: Packages/com.unity.shadergraph/Editor/Drawing/Inspector/PropertyDrawers/ToggleDataPropertyDrawer.cs - Importer: ScriptedImporter/UnityEditor.QuickSearchModule:UnityEditor.Search:ASIAI0B' with importer (ScriptedImporter : UnityEditor.QuickSearchModule:UnityEditor.Search:ASIAI0B)
Imported 'GUID: 57c3182c4f4d4ee8a6eccd63407c695d' -> (Import Result ID: 'ca27a85dcbb4780f67bd251165acbdd1') in 0.002 seconds [static and dynamic dependencies]. Details - ImportResultOutputID=721ac909c8435b1de607eda5bb67af28 DependenciesID=8cbf45a0144f4992ee0f36550176d966 StaticDependenciesID=2d024ba16ab28966b956c93c0acc0f9d 
Number of updated asset objects reloaded before import = 0
Number of asset objects unloaded after import = 0
========================================================================
Received Import Request.
  Time of request: 2026-10-01T17:13:30.538543Z
  Time since last request: 0.0002217 seconds.
  importAddress: GUID: 6095116b11f143f0a9d9a47f7733261b - Path: Packages/com.unity.shadergraph/Editor/Drawing/Inspector/PropertyDrawers/GradientPropertyDrawer.cs - Importer: ScriptedImporter/UnityEditor.QuickSearchModule:UnityEditor.Search:ASIAI0B
Importing 'GUID: 6095116b11f143f0a9d9a47f7733261b - Path: Packages/com.unity.shadergraph/Editor/Drawing/Inspector/PropertyDrawers/GradientPropertyDrawer.cs - Importer: ScriptedImporter/UnityEditor.QuickSearchModule:UnityEditor.Search:ASIAI0B' with importer (ScriptedImporter : UnityEditor.QuickSearchModule:UnityEditor.Search:ASIAI0B)
Imported 'GUID: 6095116b11f143f0a9d9a47f7733261b' -> (Import Result ID: '1a833aea4eeed01837e5f9a5307c5980') in 0.002 seconds [static and dynamic dependencies]. Details - ImportResultOutputID=e68a7ee1e8df2270a6739426783cdd7c DependenciesID=a5c0dea6dadf9e5ac734f17f73e8d5c9 StaticDependenciesID=65393acbda895b54f719716f460886f5 
Number of updated asset objects reloaded before import = 0
Number of asset objects unloaded after import = 0
========================================================================
Received Import Request.
  Time of request: 2026-10-01T17:13:30.556224Z
  Time since last request: 0.0101686 seconds.
  importAddress: GUID: 7e575e166832cb7478f6d674d896b778 - Path: Packages/com.unity.shadergraph/Editor/Resources/GraphView/Nodes/NodeChevronLeft@2x.png - Importer: ScriptedImporter/UnityEditor.QuickSearchModule:UnityEditor.Search:ASIAI0B
Importing 'GUID: 7e575e166832cb7478f6d674d896b778 - Path: Packages/com.unity.shadergraph/Editor/Resources/GraphView/Nodes/NodeChevronLeft@2x.png - Importer: ScriptedImporter/UnityEditor.QuickSearchModule:UnityEditor.Search:ASIAI0B' with importer (ScriptedImporter : UnityEditor.QuickSearchModule:UnityEditor.Search:ASIAI0B)
Imported 'GUID: 7e575e166832cb7478f6d674d896b778' -> (Import Result ID: 'e0d951eee1cbd58b8aef8f14c06ec653') in 0.003 seconds [static and dynamic dependencies]. Details - ImportResultOutputID=75dfe4b4fd09176c3d33c326edf237fa DependenciesID=1e871422c40b0def1aa69e3b77040391 StaticDependenciesID=e79f34c950e701edf28651c6b48a49aa 
Number of updated asset objects reloaded before import = 0
Number of asset objects unloaded after import = 1
========================================================================
Received Import Request.
  Time of request: 2026-10-01T17:13:30.5667277Z
  Time since last request: 0.0003418 seconds.
  importAddress: GUID: 72e6c41bd91e94645bd050543cb17d62 - Path: Packages/com.unity.shadergraph/Editor/Generation/Targets/Fullscreen/FullscreenData.cs - Importer: ScriptedImporter/UnityEditor.QuickSearchModule:UnityEditor.Search:ASIAI0B
Importing 'GUID: 72e6c41bd91e94645bd050543cb17d62 - Path: Packages/com.unity.shadergraph/Editor/Generation/Targets/Fullscreen/FullscreenData.cs - Importer: ScriptedImporter/UnityEditor.QuickSearchModule:UnityEditor.Search:ASIAI0B' with importer (ScriptedImporter : UnityEditor.QuickSearchModule:UnityEditor.Search:ASIAI0B)
Imported 'GUID: 72e6c41bd91e94645bd050543cb17d62' -> (Import Result ID: '514d93af9993ab64f52cae4002a2a432') in 0.001 seconds [static and dynamic dependencies]. Details - ImportResultOutputID=c6aac1e50d3c8165f8657ea15cc26d59 DependenciesID=6444780509458794b1ad5bedf3c91604 StaticDependenciesID=619e69e64912e516f201802ed846ee4c 
Number of updated asset objects reloaded before import = 0
Number of asset objects unloaded after import = 0
========================================================================
Received Import Request.
  Time of request: 2026-10-01T17:13:30.5754707Z
  Time since last request: 0.0002159 seconds.
  importAddress: GUID: 3ab5e3f315cd4041b2aa8600df09dd3e - Path: Packages/com.unity.shadergraph/Editor/Generation/Targets/Canvas/CanvasSubTarget.cs - Importer: ScriptedImporter/UnityEditor.QuickSearchModule:UnityEditor.Search:ASIAI0B
Importing 'GUID: 3ab5e3f315cd4041b2aa8600df09dd3e - Path: Packages/com.unity.shadergraph/Editor/Generation/Targets/Canvas/CanvasSubTarget.cs - Importer: ScriptedImporter/UnityEditor.QuickSearchModule:UnityEditor.Search:ASIAI0B' with importer (ScriptedImporter : UnityEditor.QuickSearchModule:UnityEditor.Search:ASIAI0B)
Imported 'GUID: 3ab5e3f315cd4041b2aa8600df09dd3e' -> (Import Result ID: '6f9ad80f7b3b1bf17e4171514ac10474') in 0.001 seconds [static and dynamic dependencies]. Details - ImportResultOutputID=68fcfcd478ca807c898908837dd2a3c3 DependenciesID=4a2b55e1e6a542a061666a673a49b14b StaticDependenciesID=5e9495d8d4fcc5072d5ab5fee10457db 
Number of updated asset objects reloaded before import = 0
Number of asset objects unloaded after import = 0
========================================================================
Received Import Request.
  Time of request: 2026-10-01T17:13:30.5842088Z
  Time since last request: 0.0003441 seconds.
  importAddress: GUID: 191128023ec19d143b9328a73ff33d8c - Path: Packages/com.unity.shadergraph/Editor/Resources/Styles/Controls/MultiFloatSlotControlView.uss - Importer: ScriptedImporter/UnityEditor.QuickSearchModule:UnityEditor.Search:ASIAI0B
Importing 'GUID: 191128023ec19d143b9328a73ff33d8c - Path: Packages/com.unity.shadergraph/Editor/Resources/Styles/Controls/MultiFloatSlotControlView.uss - Importer: ScriptedImporter/UnityEditor.QuickSearchModule:UnityEditor.Search:ASIAI0B' with importer (ScriptedImporter : UnityEditor.QuickSearchModule:UnityEditor.Search:ASIAI0B)
Imported 'GUID: 191128023ec19d143b9328a73ff33d8c' -> (Import Result ID: '0996e38257b26c6cf1df58f43053ccb9') in 0.003 seconds [static and dynamic dependencies]. Details - ImportResultOutputID=80bf2dffc97bc5d5554abebd2d3a147f DependenciesID=6f11357e64ea7e9bcea1af7488d1c78b StaticDependenciesID=5945fbe1ed5ddfd1c0867e18ed4d515f 
Number of updated asset objects reloaded before import = 0
Number of asset objects unloaded after import = 1
========================================================================
Received Import Request.
  Time of request: 2026-10-01T17:13:30.5949198Z
  Time since last request: 0.0001904 seconds.
  importAddress: GUID: afa536a0de48246de92194c9e987b0b8 - Path: Packages/com.unity.shadergraph/Editor/Generation/Targets/CustomRenderTexture/CustomTextureSubShader.template - Importer: ScriptedImporter/UnityEditor.QuickSearchModule:UnityEditor.Search:ASIAI0B
Importing 'GUID: afa536a0de48246de92194c9e987b0b8 - Path: Packages/com.unity.shadergraph/Editor/Generation/Targets/CustomRenderTexture/CustomTextureSubShader.template - Importer: ScriptedImporter/UnityEditor.QuickSearchModule:UnityEditor.Search:ASIAI0B' with importer (ScriptedImporter : UnityEditor.QuickSearchModule:UnityEditor.Search:ASIAI0B)
Imported 'GUID: afa536a0de48246de92194c9e987b0b8' -> (Import Result ID: 'd1d2086c0afa3e7e713096eeab6a9a6f') in 0.001 seconds [static and dynamic dependencies]. Details - ImportResultOutputID=560f92288c0ed38cce2de60e3e0fa762 DependenciesID=2f910db31188fca30b647af5f94a21ca StaticDependenciesID=13110272789e43e495be78929f13d23e 
Number of updated asset objects reloaded before import = 0
Number of asset objects unloaded after import = 1
========================================================================
Received Import Request.
  Time of request: 2026-10-01T17:13:30.6029976Z
  Time since last request: 0.0001901 seconds.
  importAddress: GUID: da16dde8cdd249ec84572d6ca66d29e6 - Path: Packages/com.unity.shadergraph/Editor/Generation/Targets/Canvas/CanvasMetaData.cs - Importer: ScriptedImporter/UnityEditor.QuickSearchModule:UnityEditor.Search:ASIAI0B
Importing 'GUID: da16dde8cdd249ec84572d6ca66d29e6 - Path: Packages/com.unity.shadergraph/Editor/Generation/Targets/Canvas/CanvasMetaData.cs - Importer: ScriptedImporter/UnityEditor.QuickSearchModule:UnityEditor.Search:ASIAI0B' with importer (ScriptedImporter : UnityEditor.QuickSearchModule:UnityEditor.Search:ASIAI0B)
Imported 'GUID: da16dde8cdd249ec84572d6ca66d29e6' -> (Import Result ID: '3c9447287b9fc6ef98b449da3154b265') in 0.001 seconds [static and dynamic dependencies]. Details - ImportResultOutputID=80eda97be1b8c711e5064b4268e04da2 DependenciesID=c0eb2bae428272d213259aa923bc778e StaticDependenciesID=94836dc34ff8fd5d6dc2f087309b9751 
Number of updated asset objects reloaded before import = 0
Number of asset objects unloaded after import = 0
========================================================================
Received Import Request.
  Time of request: 2026-10-01T17:13:30.6107261Z
  Time since last request: 0.0003202 seconds.
  importAddress: GUID: a8d7d25cc14c27f4e9257da19b888497 - Path: Packages/com.unity.shadergraph/Editor/Resources/GraphView/Nodes/UITKShaderPreview-Vector.svg - Importer: ScriptedImporter/UnityEditor.QuickSearchModule:UnityEditor.Search:ASIAI0B
Importing 'GUID: a8d7d25cc14c27f4e9257da19b888497 - Path: Packages/com.unity.shadergraph/Editor/Resources/GraphView/Nodes/UITKShaderPreview-Vector.svg - Importer: ScriptedImporter/UnityEditor.QuickSearchModule:UnityEditor.Search:ASIAI0B' with importer (ScriptedImporter : UnityEditor.QuickSearchModule:UnityEditor.Search:ASIAI0B)
Imported 'GUID: a8d7d25cc14c27f4e9257da19b888497' -> (Import Result ID: '5cffe8c42033bea9a90b03e362a2646c') in 0.007 seconds [static and dynamic dependencies]. Details - ImportResultOutputID=a4e963b4b36584ae58f98675c70c55a8 DependenciesID=2dc0eae76953795a9c0940e3b6db6a49 StaticDependenciesID=9924782b418baca27be2da8ebb6676e2 
Number of updated asset objects reloaded before import = 0
Number of asset objects unloaded after import = 2
========================================================================
Received Import Request.
  Time of request: 2026-10-01T17:13:30.625492Z
  Time since last request: 0.000229 seconds.
  importAddress: GUID: b6e0d19d1d9f531419f20cd97c102ad5 - Path: Packages/com.unity.shadergraph/Editor/Resources/Styles/Controls/DielectricSpecularControlView.uss - Importer: ScriptedImporter/UnityEditor.QuickSearchModule:UnityEditor.Search:ASIAI0B
Importing 'GUID: b6e0d19d1d9f531419f20cd97c102ad5 - Path: Packages/com.unity.shadergraph/Editor/Resources/Styles/Controls/DielectricSpecularControlView.uss - Importer: ScriptedImporter/UnityEditor.QuickSearchModule:UnityEditor.Search:ASIAI0B' with importer (ScriptedImporter : UnityEditor.QuickSearchModule:UnityEditor.Search:ASIAI0B)
Imported 'GUID: b6e0d19d1d9f531419f20cd97c102ad5' -> (Import Result ID: '9f2306d94ad4bfa3943630a7fc9cb4d3') in 0.002 seconds [static and dynamic dependencies]. Details - ImportResultOutputID=780e0b06de4216ea5c583746bbac209c DependenciesID=0da64d5fe2d099dc013210f469a95e79 StaticDependenciesID=292e5119e8e14e0a647b682463ed6293 
Number of updated asset objects reloaded before import = 0
Number of asset objects unloaded after import = 1
========================================================================
Received Import Request.
  Time of request: 2026-10-01T17:13:30.6355504Z
  Time since last request: 0.000298 seconds.
  importAddress: GUID: b68a530597ac466094e3c7d015e0ed47 - Path: Packages/com.unity.shadergraph/Editor/Generation/Targets/Canvas/CanvasStructs.cs - Importer: ScriptedImporter/UnityEditor.QuickSearchModule:UnityEditor.Search:ASIAI0B
Importing 'GUID: b68a530597ac466094e3c7d015e0ed47 - Path: Packages/com.unity.shadergraph/Editor/Generation/Targets/Canvas/CanvasStructs.cs - Importer: ScriptedImporter/UnityEditor.QuickSearchModule:UnityEditor.Search:ASIAI0B' with importer (ScriptedImporter : UnityEditor.QuickSearchModule:UnityEditor.Search:ASIAI0B)
Imported 'GUID: b68a530597ac466094e3c7d015e0ed47' -> (Import Result ID: '39c0aa94c622dd05a925e252d1ff31b5') in 0.001 seconds [static and dynamic dependencies]. Details - ImportResultOutputID=b45014fb0314045a85e757da05afb716 DependenciesID=5fe602a4ff4724d05abedabbe4e4f234 StaticDependenciesID=c6bddabb211b27e394862fdc56263099 
Number of updated asset objects reloaded before import = 0
Number of asset objects unloaded after import = 0
========================================================================
Received Import Request.
  Time of request: 2026-10-01T17:13:30.6609447Z
  Time since last request: 0.0172058 seconds.
  importAddress: GUID: 98cf1ee902c59944796b97562a34faee - Path: Packages/com.unity.shadergraph/Editor/Resources/UXML/Blackboard/SGBlackboardCategory.uxml - Importer: ScriptedImporter/UnityEditor.QuickSearchModule:UnityEditor.Search:ASIAI0B
Importing 'GUID: 98cf1ee902c59944796b97562a34faee - Path: Packages/com.unity.shadergraph/Editor/Resources/UXML/Blackboard/SGBlackboardCategory.uxml - Importer: ScriptedImporter/UnityEditor.QuickSearchModule:UnityEditor.Search:ASIAI0B' with importer (ScriptedImporter : UnityEditor.QuickSearchModule:UnityEditor.Search:ASIAI0B)
Imported 'GUID: 98cf1ee902c59944796b97562a34faee' -> (Import Result ID: 'df1f0dbfe752251946d1149016001c3a') in 0.004 seconds [static and dynamic dependencies]. Details - ImportResultOutputID=cecaa964e24a5f5122568c364b9258ac DependenciesID=2ad1e4d416af5ba725ff6b20ca571e58 StaticDependenciesID=af6c5e6bdf9fef0fb9afff808639dc76 
Number of updated asset objects reloaded before import = 0
Number of asset objects unloaded after import = 2
========================================================================
Received Import Request.
  Time of request: 2026-10-01T17:13:30.6983912Z
  Time since last request: 0.026833 seconds.
  importAddress: GUID: 5b34601661908b3499c4c5e2ecd61f75 - Path: Packages/com.unity.shadergraph/Editor/Data/Nodes/Input/Geometry/NormalVectorNode.cs - Importer: ScriptedImporter/UnityEditor.QuickSearchModule:UnityEditor.Search:ASIAI0B
Importing 'GUID: 5b34601661908b3499c4c5e2ecd61f75 - Path: Packages/com.unity.shadergraph/Editor/Data/Nodes/Input/Geometry/NormalVectorNode.cs - Importer: ScriptedImporter/UnityEditor.QuickSearchModule:UnityEditor.Search:ASIAI0B' with importer (ScriptedImporter : UnityEditor.QuickSearchModule:UnityEditor.Search:ASIAI0B)
Imported 'GUID: 5b34601661908b3499c4c5e2ecd61f75' -> (Import Result ID: '6e73e8f4d75a193936dba46b31ca8722') in 0.002 seconds [static and dynamic dependencies]. Details - ImportResultOutputID=b6eb09f0a7feaad1111c4ef497c82fdf DependenciesID=9dc097ecc4d30dfac46f16fc4887713d StaticDependenciesID=05540958e81da65c571ed80030f21a0f 
Number of updated asset objects reloaded before import = 0
Number of asset objects unloaded after import = 0
========================================================================
Received Import Request.
  Time of request: 2026-10-01T17:13:30.7066578Z
  Time since last request: 0.0003958 seconds.
  importAddress: GUID: ea383d05cc8da9a43826feecc854f4fb - Path: Packages/com.unity.shadergraph/Editor/Data/Nodes/Artistic/Filter/FadeTransitionNode.cs - Importer: ScriptedImporter/UnityEditor.QuickSearchModule:UnityEditor.Search:ASIAI0B
Importing 'GUID: ea383d05cc8da9a43826feecc854f4fb - Path: Packages/com.unity.shadergraph/Editor/Data/Nodes/Artistic/Filter/FadeTransitionNode.cs - Importer: ScriptedImporter/UnityEditor.QuickSearchModule:UnityEditor.Search:ASIAI0B' with importer (ScriptedImporter : UnityEditor.QuickSearchModule:UnityEditor.Search:ASIAI0B)
Imported 'GUID: ea383d05cc8da9a43826feecc854f4fb' -> (Import Result ID: '285411f937eb8605871215ee13704512') in 0.001 seconds [static and dynamic dependencies]. Details - ImportResultOutputID=f67661fa3e697a4ce4f0c6b62d2f0789 DependenciesID=513da630af32de96b14a25be33f959f7 StaticDependenciesID=1d1b1073b5f5720c940c0bb0897401b1 
Number of updated asset objects reloaded before import = 0
Number of asset objects unloaded after import = 0
========================================================================
Received Import Request.
  Time of request: 2026-10-01T17:13:30.715035Z
  Time since last request: 0.0001738 seconds.
  importAddress: GUID: 96dd6bbf093ac3d41a5bdaa467b58e6c - Path: Packages/com.unity.shadergraph/Editor/Data/Nodes/Artistic/Utility/ColorspaceConversion.cs - Importer: ScriptedImporter/UnityEditor.QuickSearchModule:UnityEditor.Search:ASIAI0B
Importing 'GUID: 96dd6bbf093ac3d41a5bdaa467b58e6c - Path: Packages/com.unity.shadergraph/Editor/Data/Nodes/Artistic/Utility/ColorspaceConversion.cs - Importer: ScriptedImporter/UnityEditor.QuickSearchModule:UnityEditor.Search:ASIAI0B' with importer (ScriptedImporter : UnityEditor.QuickSearchModule:UnityEditor.Search:ASIAI0B)
Imported 'GUID: 96dd6bbf093ac3d41a5bdaa467b58e6c' -> (Import Result ID: 'f42a84d19d8acf0823dd496de19eabcc') in 0.001 seconds [static and dynamic dependencies]. Details - ImportResultOutputID=62ce7d51c20c0521465f1455f0bce1e8 DependenciesID=8300b2b0a197b9d4f66862a14cf1b374 StaticDependenciesID=79dbbb2c9592646ab9e4d0228ba9627a 
Number of updated asset objects reloaded before import = 0
Number of asset objects unloaded after import = 0
========================================================================
Received Import Request.
  Time of request: 2026-10-01T17:13:30.7234856Z
  Time since last request: 0.000229 seconds.
  importAddress: GUID: 74a7bf7b417cd4fe4be8985888ddffae - Path: Packages/com.unity.shadergraph/Editor/Data/Nodes/Input/Gradient/GradientNode.cs - Importer: ScriptedImporter/UnityEditor.QuickSearchModule:UnityEditor.Search:ASIAI0B
Importing 'GUID: 74a7bf7b417cd4fe4be8985888ddffae - Path: Packages/com.unity.shadergraph/Editor/Data/Nodes/Input/Gradient/GradientNode.cs - Importer: ScriptedImporter/UnityEditor.QuickSearchModule:UnityEditor.Search:ASIAI0B' with importer (ScriptedImporter : UnityEditor.QuickSearchModule:UnityEditor.Search:ASIAI0B)
Imported 'GUID: 74a7bf7b417cd4fe4be8985888ddffae' -> (Import Result ID: '063c4d61db1494d2219247113228cfe7') in 0.001 seconds [static and dynamic dependencies]. Details - ImportResultOutputID=a1b94bca58f233d03019ad63753780f0 DependenciesID=b8934af73ccd3bc0d11b2baef3098c56 StaticDependenciesID=f78067c9c8feb3100bb8a88fc0d5662c 
Number of updated asset objects reloaded before import = 0
Number of asset objects unloaded after import = 0
========================================================================
Received Import Request.
  Time of request: 2026-10-01T17:13:30.7309409Z
  Time since last request: 0.0002507 seconds.
  importAddress: GUID: 27615ef3e2e760b45b15895bd39d0954 - Path: Packages/com.unity.shadergraph/Editor/Data/Nodes/Artistic/Normal/NormalReconstructZNode.cs - Importer: ScriptedImporter/UnityEditor.QuickSearchModule:UnityEditor.Search:ASIAI0B
Importing 'GUID: 27615ef3e2e760b45b15895bd39d0954 - Path: Packages/com.unity.shadergraph/Editor/Data/Nodes/Artistic/Normal/NormalReconstructZNode.cs - Importer: ScriptedImporter/UnityEditor.QuickSearchModule:UnityEditor.Search:ASIAI0B' with importer (ScriptedImporter : UnityEditor.QuickSearchModule:UnityEditor.Search:ASIAI0B)
Imported 'GUID: 27615ef3e2e760b45b15895bd39d0954' -> (Import Result ID: 'dd44949b3717458cd60f790eed277dbf') in 0.001 seconds [static and dynamic dependencies]. Details - ImportResultOutputID=577b3a8606988779ce404537f8738c31 DependenciesID=0bdef5076fbdafa88dd9589edb5240b0 StaticDependenciesID=787bdeb9efdabfa9d6d3360a09ac17ef 
Number of updated asset objects reloaded before import = 0
Number of asset objects unloaded after import = 0
========================================================================
Received Import Request.
  Time of request: 2026-10-01T17:13:30.7401351Z
  Time since last request: 0.0002012 seconds.
  importAddress: GUID: 083caf0fe7ff62f438e121e934355461 - Path: Packages/com.unity.shadergraph/Editor/Data/Nodes/Artistic/Adjustment/HueNode.cs - Importer: ScriptedImporter/UnityEditor.QuickSearchModule:UnityEditor.Search:ASIAI0B
Importing 'GUID: 083caf0fe7ff62f438e121e934355461 - Path: Packages/com.unity.shadergraph/Editor/Data/Nodes/Artistic/Adjustment/HueNode.cs - Importer: ScriptedImporter/UnityEditor.QuickSearchModule:UnityEditor.Search:ASIAI0B' with importer (ScriptedImporter : UnityEditor.QuickSearchModule:UnityEditor.Search:ASIAI0B)
Imported 'GUID: 083caf0fe7ff62f438e121e934355461' -> (Import Result ID: '3522553dbdaca067b5168c546ff42bdd') in 0.003 seconds [static and dynamic dependencies]. Details - ImportResultOutputID=f4fa4910c8e09e57a0faa6e25a6e8820 DependenciesID=ba4cdf636861d596cff69e7119b04ea2 StaticDependenciesID=ea69bfad7702508a76cbd3c2fba0a759 
Number of updated asset objects reloaded before import = 0
Number of asset objects unloaded after import = 0
========================================================================
Received Import Request.
  Time of request: 2026-10-01T17:13:30.750818Z
  Time since last request: 0.0002481 seconds.
  importAddress: GUID: fec4ad06a8bd71044af822b7d2258a69 - Path: Packages/com.unity.shadergraph/Editor/Data/Nodes/Input/Matrix/Matrix3Node.cs - Importer: ScriptedImporter/UnityEditor.QuickSearchModule:UnityEditor.Search:ASIAI0B
Importing 'GUID: fec4ad06a8bd71044af822b7d2258a69 - Path: Packages/com.unity.shadergraph/Editor/Data/Nodes/Input/Matrix/Matrix3Node.cs - Importer: ScriptedImporter/UnityEditor.QuickSearchModule:UnityEditor.Search:ASIAI0B' with importer (ScriptedImporter : UnityEditor.QuickSearchModule:UnityEditor.Search:ASIAI0B)
Imported 'GUID: fec4ad06a8bd71044af822b7d2258a69' -> (Import Result ID: '3972bb6b770871b567c564128f43dabb') in 0.001 seconds [static and dynamic dependencies]. Details - ImportResultOutputID=cc1208d3a45384fd256cc88baa0a67c2 DependenciesID=ce33fdff5b33c9f400ea48e0800ec4fc StaticDependenciesID=b93a8b162bc93b97da1a09b13d8fd14d 
Number of updated asset objects reloaded before import = 0
Number of asset objects unloaded after import = 0
========================================================================
Received Import Request.
  Time of request: 2026-10-01T17:13:30.7601786Z
  Time since last request: 0.0002906 seconds.
  importAddress: GUID: 215e6221fbd6f9a4bbd14e951c9575d6 - Path: Packages/com.unity.shadergraph/Editor/Data/Nodes/Input/Geometry/InstanceIDNode.cs - Importer: ScriptedImporter/UnityEditor.QuickSearchModule:UnityEditor.Search:ASIAI0B
Importing 'GUID: 215e6221fbd6f9a4bbd14e951c9575d6 - Path: Packages/com.unity.shadergraph/Editor/Data/Nodes/Input/Geometry/InstanceIDNode.cs - Importer: ScriptedImporter/UnityEditor.QuickSearchModule:UnityEditor.Search:ASIAI0B' with importer (ScriptedImporter : UnityEditor.QuickSearchModule:UnityEditor.Search:ASIAI0B)
Imported 'GUID: 215e6221fbd6f9a4bbd14e951c9575d6' -> (Import Result ID: 'c1364c8ae83770c0d4b106c752e97c68') in 0.002 seconds [static and dynamic dependencies]. Details - ImportResultOutputID=bb66946f560b77ff4f845c983208fd8e DependenciesID=a8cfec6c869ef0c482ae49a697ee30cf StaticDependenciesID=bee861e467b71fae944693e61c870b3f 
Number of updated asset objects reloaded before import = 0
Number of asset objects unloaded after import = 0
========================================================================
Received Import Request.
  Time of request: 2026-10-01T17:13:30.7880672Z
  Time since last request: 0.020033 seconds.
  importAddress: GUID: 088fb5bde3ece0f4190136b3ab43f7c4 - Path: Packages/com.unity.shadergraph/Editor/Data/Nodes/Math/Basic/MultiplyNode.cs - Importer: ScriptedImporter/UnityEditor.QuickSearchModule:UnityEditor.Search:ASIAI0B
Importing 'GUID: 088fb5bde3ece0f4190136b3ab43f7c4 - Path: Packages/com.unity.shadergraph/Editor/Data/Nodes/Math/Basic/MultiplyNode.cs - Importer: ScriptedImporter/UnityEditor.QuickSearchModule:UnityEditor.Search:ASIAI0B' with importer (ScriptedImporter : UnityEditor.QuickSearchModule:UnityEditor.Search:ASIAI0B)
Imported 'GUID: 088fb5bde3ece0f4190136b3ab43f7c4' -> (Import Result ID: 'd992fb39ea48b38a14e6c9e645446d93') in 0.002 seconds [static and dynamic dependencies]. Details - ImportResultOutputID=687f012cd16cd9700a11433f4b69d81e DependenciesID=f9157ffc84ca090358e983e18cd370fb StaticDependenciesID=b80e1a417e59356f50645446f824d038 
Number of updated asset objects reloaded before import = 0
Number of asset objects unloaded after import = 0
========================================================================
Received Import Request.
  Time of request: 2026-10-01T17:13:30.7985661Z
  Time since last request: 0.0002229 seconds.
  importAddress: GUID: 1aa5997e0f5062c479ca5217c247f550 - Path: Packages/com.unity.shadergraph/Editor/Data/Nodes/Input/UI/ElementTintNode.cs - Importer: ScriptedImporter/UnityEditor.QuickSearchModule:UnityEditor.Search:ASIAI0B
Importing 'GUID: 1aa5997e0f5062c479ca5217c247f550 - Path: Packages/com.unity.shadergraph/Editor/Data/Nodes/Input/UI/ElementTintNode.cs - Importer: ScriptedImporter/UnityEditor.QuickSearchModule:UnityEditor.Search:ASIAI0B' with importer (ScriptedImporter : UnityEditor.QuickSearchModule:UnityEditor.Search:ASIAI0B)
Imported 'GUID: 1aa5997e0f5062c479ca5217c247f550' -> (Import Result ID: 'fa6fde3cf744dcc9b65b585618cfa731') in 0.001 seconds [static and dynamic dependencies]. Details - ImportResultOutputID=e243ef6428ff2daf0bc38c2cd2af3ee3 DependenciesID=ef1b6ce7c2f94bde91cfb9590383d50a StaticDependenciesID=7802472c81d2151c4cd629b92f20a460 
Number of updated asset objects reloaded before import = 0
Number of asset objects unloaded after import = 0
========================================================================
Received Import Request.
  Time of request: 2026-10-01T17:13:30.8081534Z
  Time since last request: 0.0004625 seconds.
  importAddress: GUID: 2065162ee28baee4dbc14fccf4a6c3fd - Path: Packages/com.unity.shadergraph/Editor/Data/Nodes/Input/UI/ElementTextureSizeNode.cs - Importer: ScriptedImporter/UnityEditor.QuickSearchModule:UnityEditor.Search:ASIAI0B
Importing 'GUID: 2065162ee28baee4dbc14fccf4a6c3fd - Path: Packages/com.unity.shadergraph/Editor/Data/Nodes/Input/UI/ElementTextureSizeNode.cs - Importer: ScriptedImporter/UnityEditor.QuickSearchModule:UnityEditor.Search:ASIAI0B' with importer (ScriptedImporter : UnityEditor.QuickSearchModule:UnityEditor.Search:ASIAI0B)
Imported 'GUID: 2065162ee28baee4dbc14fccf4a6c3fd' -> (Import Result ID: '92295e2c504f965013ce2f607f101b52') in 0.001 seconds [static and dynamic dependencies]. Details - ImportResultOutputID=8d422a32ab0fc06676ed3ebfac184821 DependenciesID=8d7fcf80bf5da0f427b271f65d52460a StaticDependenciesID=fcc42e4fca32dae2aeec569a4b0b0d79 
Number of updated asset objects reloaded before import = 0
Number of asset objects unloaded after import = 0
========================================================================
Received Import Request.
  Time of request: 2026-10-01T17:13:30.8173121Z
  Time since last request: 0.0002371 seconds.
  importAddress: GUID: 357a15b35b0cd9e47a66e10c5b627fcd - Path: Packages/com.unity.shadergraph/Editor/Data/Nodes/Math/Basic/AddNode.cs - Importer: ScriptedImporter/UnityEditor.QuickSearchModule:UnityEditor.Search:ASIAI0B
Importing 'GUID: 357a15b35b0cd9e47a66e10c5b627fcd - Path: Packages/com.unity.shadergraph/Editor/Data/Nodes/Math/Basic/AddNode.cs - Importer: ScriptedImporter/UnityEditor.QuickSearchModule:UnityEditor.Search:ASIAI0B' with importer (ScriptedImporter : UnityEditor.QuickSearchModule:UnityEditor.Search:ASIAI0B)
Imported 'GUID: 357a15b35b0cd9e47a66e10c5b627fcd' -> (Import Result ID: '8ee80acb2b4f58d5c2e6eb01ef379187') in 0.001 seconds [static and dynamic dependencies]. Details - ImportResultOutputID=145433b616a7342279004e419aef0a75 DependenciesID=c885fb2556da13159211ac47bce03218 StaticDependenciesID=b7cdb5abd24da3d664e3c3f2451bdeef 
Number of updated asset objects reloaded before import = 0
Number of asset objects unloaded after import = 0
========================================================================
Received Import Request.
  Time of request: 2026-10-01T17:13:30.8251721Z
  Time since last request: 0.0002198 seconds.
  importAddress: GUID: 0c9bd58ae163e49acb187db417dbfd95 - Path: Packages/com.unity.shadergraph/Editor/Data/Nodes/Input/Texture/SampleTexture3DNode.cs - Importer: ScriptedImporter/UnityEditor.QuickSearchModule:UnityEditor.Search:ASIAI0B
Importing 'GUID: 0c9bd58ae163e49acb187db417dbfd95 - Path: Packages/com.unity.shadergraph/Editor/Data/Nodes/Input/Texture/SampleTexture3DNode.cs - Importer: ScriptedImporter/UnityEditor.QuickSearchModule:UnityEditor.Search:ASIAI0B' with importer (ScriptedImporter : UnityEditor.QuickSearchModule:UnityEditor.Search:ASIAI0B)
Imported 'GUID: 0c9bd58ae163e49acb187db417dbfd95' -> (Import Result ID: '21aefe3869e960f2f1eee5711353de67') in 0.001 seconds [static and dynamic dependencies]. Details - ImportResultOutputID=2abed75b94b5ba36a33ada42c315f1f7 DependenciesID=c47f65f14ab6acd293ea2baae3e569fa StaticDependenciesID=5b10258953c1459953fe42d78c9750c2 
Number of updated asset objects reloaded before import = 0
Number of asset objects unloaded after import = 0
========================================================================
Received Import Request.
  Time of request: 2026-10-01T17:13:30.8333522Z
  Time since last request: 0.0001893 seconds.
  importAddress: GUID: 34c0298d9fb6e4bc9aedbeeeeb8b8054 - Path: Packages/com.unity.shadergraph/Editor/Data/Nodes/Input/Texture/Texture2DArrayAssetNode.cs - Importer: ScriptedImporter/UnityEditor.QuickSearchModule:UnityEditor.Search:ASIAI0B
Importing 'GUID: 34c0298d9fb6e4bc9aedbeeeeb8b8054 - Path: Packages/com.unity.shadergraph/Editor/Data/Nodes/Input/Texture/Texture2DArrayAssetNode.cs - Importer: ScriptedImporter/UnityEditor.QuickSearchModule:UnityEditor.Search:ASIAI0B' with importer (ScriptedImporter : UnityEditor.QuickSearchModule:UnityEditor.Search:ASIAI0B)
Imported 'GUID: 34c0298d9fb6e4bc9aedbeeeeb8b8054' -> (Import Result ID: 'a817bcd8158b76b697698aed883fd329') in 0.001 seconds [static and dynamic dependencies]. Details - ImportResultOutputID=c21c4d72a97d401ce23e7134492e36ca DependenciesID=8b7fadd3b7aa5ed68e32bf1975fa0217 StaticDependenciesID=f53049af47d0f0ede796d3966ab8e730 
Number of updated asset objects reloaded before import = 0
Number of asset objects unloaded after import = 0
========================================================================
Received Import Request.
  Time of request: 2026-10-01T17:13:30.8410004Z
  Time since last request: 0.0002847 seconds.
  importAddress: GUID: 968ed0a541658844486b1ac5ab57ee2d - Path: Packages/com.unity.shadergraph/Editor/Data/Nodes/Input/Texture/CubemapAssetNode.cs - Importer: ScriptedImporter/UnityEditor.QuickSearchModule:UnityEditor.Search:ASIAI0B
Importing 'GUID: 968ed0a541658844486b1ac5ab57ee2d - Path: Packages/com.unity.shadergraph/Editor/Data/Nodes/Input/Texture/CubemapAssetNode.cs - Importer: ScriptedImporter/UnityEditor.QuickSearchModule:UnityEditor.Search:ASIAI0B' with importer (ScriptedImporter : UnityEditor.QuickSearchModule:UnityEditor.Search:ASIAI0B)
Imported 'GUID: 968ed0a541658844486b1ac5ab57ee2d' -> (Import Result ID: '484061ead5f2e24a7903b5d8da478f0c') in 0.001 seconds [static and dynamic dependencies]. Details - ImportResultOutputID=4305a448d7a10fbb9d4c985bc68de6e9 DependenciesID=db275855d4ab3e51d810b4890be880a2 StaticDependenciesID=0e853bee17e7245e002f0bea3e70e473 
Number of updated asset objects reloaded before import = 0
Number of asset objects unloaded after import = 0
========================================================================
Received Import Request.
  Time of request: 2026-10-01T17:13:30.848473Z
  Time since last request: 0.0003304 seconds.
  importAddress: GUID: a8880ad54646f8b469de662f4f0785c9 - Path: Packages/com.unity.shadergraph/Editor/Data/Nodes/Math/Advanced/LogNode.cs - Importer: ScriptedImporter/UnityEditor.QuickSearchModule:UnityEditor.Search:ASIAI0B
Importing 'GUID: a8880ad54646f8b469de662f4f0785c9 - Path: Packages/com.unity.shadergraph/Editor/Data/Nodes/Math/Advanced/LogNode.cs - Importer: ScriptedImporter/UnityEditor.QuickSearchModule:UnityEditor.Search:ASIAI0B' with importer (ScriptedImporter : UnityEditor.QuickSearchModule:UnityEditor.Search:ASIAI0B)
Imported 'GUID: a8880ad54646f8b469de662f4f0785c9' -> (Import Result ID: '3b36873a2aa51786f7d7477ef1789485') in 0.002 seconds [static and dynamic dependencies]. Details - ImportResultOutputID=96e920ca07b79782ead40ee7e11c7e6a DependenciesID=15d965a7c614578eedf5af414fecea4b StaticDependenciesID=a6b3a380303e5cd1d5c5e900b94c52c9 
Number of updated asset objects reloaded before import = 0
Number of asset objects unloaded after import = 0
========================================================================
Received Import Request.
  Time of request: 2026-10-01T17:13:30.8569054Z
  Time since last request: 0.0004918 seconds.
  importAddress: GUID: f13ae4db3be37ef4bbb46a37782ecd1a - Path: Packages/com.unity.shadergraph/Editor/Data/Nodes/Math/Derivative/DDXNode.cs - Importer: ScriptedImporter/UnityEditor.QuickSearchModule:UnityEditor.Search:ASIAI0B
Importing 'GUID: f13ae4db3be37ef4bbb46a37782ecd1a - Path: Packages/com.unity.shadergraph/Editor/Data/Nodes/Math/Derivative/DDXNode.cs - Importer: ScriptedImporter/UnityEditor.QuickSearchModule:UnityEditor.Search:ASIAI0B' with importer (ScriptedImporter : UnityEditor.QuickSearchModule:UnityEditor.Search:ASIAI0B)
Imported 'GUID: f13ae4db3be37ef4bbb46a37782ecd1a' -> (Import Result ID: '3a16d6a3eed0d8c3b7c7dc693b7ae42a') in 0.001 seconds [static and dynamic dependencies]. Details - ImportResultOutputID=1401073ce17e74698b18ddcc6d357bf8 DependenciesID=8da354c1adba9a76f952712d36434493 StaticDependenciesID=663c02c5f4eae0104ebf6906b7848822 
Number of updated asset objects reloaded before import = 0
Number of asset objects unloaded after import = 0
========================================================================
Received Import Request.
  Time of request: 2026-10-01T17:13:30.8757366Z
  Time since last request: 0.0107281 seconds.
  importAddress: GUID: 53413c183a3867a44a249b129ae86e6e - Path: Packages/com.unity.shadergraph/Editor/Data/Nodes/Utility/Logic/SwitchNode.cs - Importer: ScriptedImporter/UnityEditor.QuickSearchModule:UnityEditor.Search:ASIAI0B
Importing 'GUID: 53413c183a3867a44a249b129ae86e6e - Path: Packages/com.unity.shadergraph/Editor/Data/Nodes/Utility/Logic/SwitchNode.cs - Importer: ScriptedImporter/UnityEditor.QuickSearchModule:UnityEditor.Search:ASIAI0B' with importer (ScriptedImporter : UnityEditor.QuickSearchModule:UnityEditor.Search:ASIAI0B)
Imported 'GUID: 53413c183a3867a44a249b129ae86e6e' -> (Import Result ID: '5adefb94c0a1ef5535ec47dec34b4d60') in 0.002 seconds [static and dynamic dependencies]. Details - ImportResultOutputID=027f1bcd5db972720ca4c53a323d9b1c DependenciesID=6728f8972d74989b287dc29ca1047f92 StaticDependenciesID=d59c93c0c8a20ebe45512e863ec0c70b 
Number of updated asset objects reloaded before import = 0
Number of asset objects unloaded after import = 0
========================================================================
Received Import Request.
  Time of request: 2026-10-01T17:13:30.8850851Z
  Time since last request: 0.0002138 seconds.
  importAddress: GUID: 639247ca83abc874e893eb93af2b5e44 - Path: Packages/com.unity.shadergraph/Editor/Generation/Targets/BuiltIn/Editor/AssetVersion.cs - Importer: ScriptedImporter/UnityEditor.QuickSearchModule:UnityEditor.Search:ASIAI0B
Importing 'GUID: 639247ca83abc874e893eb93af2b5e44 - Path: Packages/com.unity.shadergraph/Editor/Generation/Targets/BuiltIn/Editor/AssetVersion.cs - Importer: ScriptedImporter/UnityEditor.QuickSearchModule:UnityEditor.Search:ASIAI0B' with importer (ScriptedImporter : UnityEditor.QuickSearchModule:UnityEditor.Search:ASIAI0B)
Imported 'GUID: 639247ca83abc874e893eb93af2b5e44' -> (Import Result ID: '5528bef354b6245d151e04f0b1c75fae') in 0.001 seconds [static and dynamic dependencies]. Details - ImportResultOutputID=70785be739c5b78b38b3b2284df024c1 DependenciesID=98f889ba99fa5339f6c5b82005c00124 StaticDependenciesID=f5902fdbfa29d110c3e801718eaf7a00 
Number of updated asset objects reloaded before import = 0
Number of asset objects unloaded after import = 0
========================================================================
Received Import Request.
  Time of request: 2026-10-01T17:13:30.894163Z
  Time since last request: 0.0003478 seconds.
  importAddress: GUID: 9b185d0244daaf94894ec0689c057a42 - Path: Packages/com.unity.shadergraph/Editor/Generation/Targets/BuiltIn/ShaderLibrary/ShaderVariablesFunctions.hlsl - Importer: ScriptedImporter/UnityEditor.QuickSearchModule:UnityEditor.Search:ASIAI0B
Importing 'GUID: 9b185d0244daaf94894ec0689c057a42 - Path: Packages/com.unity.shadergraph/Editor/Generation/Targets/BuiltIn/ShaderLibrary/ShaderVariablesFunctions.hlsl - Importer: ScriptedImporter/UnityEditor.QuickSearchModule:UnityEditor.Search:ASIAI0B' with importer (ScriptedImporter : UnityEditor.QuickSearchModule:UnityEditor.Search:ASIAI0B)
Imported 'GUID: 9b185d0244daaf94894ec0689c057a42' -> (Import Result ID: '409c6ceeb34e73935e694343e25fa3b7') in 0.001 seconds [static and dynamic dependencies]. Details - ImportResultOutputID=24fcc29b81f2615d6e49a69ef0981088 DependenciesID=2032698fb3905f74c644d2fa34ce66a6 StaticDependenciesID=c9d3a657b8fb74a3cd71829f7847f6df 
Number of updated asset objects reloaded before import = 0
Number of asset objects unloaded after import = 1
========================================================================
Received Import Request.
  Time of request: 2026-10-01T17:13:30.9028806Z
  Time since last request: 0.0002629 seconds.
  importAddress: GUID: 0f23589566e318c408af431d95bb492c - Path: Packages/com.unity.shadergraph/Editor/Data/Nodes/Procedural/Shape/RectangleNode.cs - Importer: ScriptedImporter/UnityEditor.QuickSearchModule:UnityEditor.Search:ASIAI0B
Importing 'GUID: 0f23589566e318c408af431d95bb492c - Path: Packages/com.unity.shadergraph/Editor/Data/Nodes/Procedural/Shape/RectangleNode.cs - Importer: ScriptedImporter/UnityEditor.QuickSearchModule:UnityEditor.Search:ASIAI0B' with importer (ScriptedImporter : UnityEditor.QuickSearchModule:UnityEditor.Search:ASIAI0B)
Imported 'GUID: 0f23589566e318c408af431d95bb492c' -> (Import Result ID: '58b61adf794d31a97af88e87971f8607') in 0.001 seconds [static and dynamic dependencies]. Details - ImportResultOutputID=d703926995f14021dae48c6a425832c6 DependenciesID=0ac3c8d7c259a60c7a32602e1b8913dc StaticDependenciesID=53155a3f8b984ce0054f1b8d289ffb71 
Number of updated asset objects reloaded before import = 0
Number of asset objects unloaded after import = 0
========================================================================
Received Import Request.
  Time of request: 2026-10-01T17:13:30.9116912Z
  Time since last request: 0.0002321 seconds.
  importAddress: GUID: 6fb595d58ba0d304cac4cf188f4e8282 - Path: Packages/com.unity.shadergraph/Editor/Data/Nodes/Math/Wave/TriangleWaveNode.cs - Importer: ScriptedImporter/UnityEditor.QuickSearchModule:UnityEditor.Search:ASIAI0B
Importing 'GUID: 6fb595d58ba0d304cac4cf188f4e8282 - Path: Packages/com.unity.shadergraph/Editor/Data/Nodes/Math/Wave/TriangleWaveNode.cs - Importer: ScriptedImporter/UnityEditor.QuickSearchModule:UnityEditor.Search:ASIAI0B' with importer (ScriptedImporter : UnityEditor.QuickSearchModule:UnityEditor.Search:ASIAI0B)
Imported 'GUID: 6fb595d58ba0d304cac4cf188f4e8282' -> (Import Result ID: '3be7588c0660af7e258f293265e401a2') in 0.001 seconds [static and dynamic dependencies]. Details - ImportResultOutputID=16be937ab1bef345fe6fcde76b81968f DependenciesID=ae1cdae7e15b3ab2eeeba85b821cb814 StaticDependenciesID=4ab6c5f7859a980163ba603d35e4fc1d 
Number of updated asset objects reloaded before import = 0
Number of asset objects unloaded after import = 0
========================================================================
Received Import Request.
  Time of request: 2026-10-01T17:13:30.9198794Z
  Time since last request: 0.0001775 seconds.
  importAddress: GUID: 34929a6d0bb40407fb00206ab0a10fa1 - Path: Packages/com.unity.shadergraph/Editor/Data/Nodes/Utility/Logic/AndNode.cs - Importer: ScriptedImporter/UnityEditor.QuickSearchModule:UnityEditor.Search:ASIAI0B
Importing 'GUID: 34929a6d0bb40407fb00206ab0a10fa1 - Path: Packages/com.unity.shadergraph/Editor/Data/Nodes/Utility/Logic/AndNode.cs - Importer: ScriptedImporter/UnityEditor.QuickSearchModule:UnityEditor.Search:ASIAI0B' with importer (ScriptedImporter : UnityEditor.QuickSearchModule:UnityEditor.Search:ASIAI0B)
Imported 'GUID: 34929a6d0bb40407fb00206ab0a10fa1' -> (Import Result ID: '0f362462fb1954adccd48bcfa6c6aeb8') in 0.002 seconds [static and dynamic dependencies]. Details - ImportResultOutputID=8cc7a23a4229bf51537aa4fab122a9d4 DependenciesID=11a072da57093d4dd07cf4c23ad681aa StaticDependenciesID=7a5b120b91b71c1cee8e0d61e369b047 
Number of updated asset objects reloaded before import = 0
Number of asset objects unloaded after import = 0
========================================================================
Received Import Request.
  Time of request: 2026-10-01T17:13:30.9276379Z
  Time since last request: 0.0001625 seconds.
  importAddress: GUID: c66cc68d0d0862b4c8ddfc00093d0ae0 - Path: Packages/com.unity.shadergraph/Editor/Data/Nodes/Utility/Logic/ComparisonNode.cs - Importer: ScriptedImporter/UnityEditor.QuickSearchModule:UnityEditor.Search:ASIAI0B
Importing 'GUID: c66cc68d0d0862b4c8ddfc00093d0ae0 - Path: Packages/com.unity.shadergraph/Editor/Data/Nodes/Utility/Logic/ComparisonNode.cs - Importer: ScriptedImporter/UnityEditor.QuickSearchModule:UnityEditor.Search:ASIAI0B' with importer (ScriptedImporter : UnityEditor.QuickSearchModule:UnityEditor.Search:ASIAI0B)
Imported 'GUID: c66cc68d0d0862b4c8ddfc00093d0ae0' -> (Import Result ID: '8f559b5103a10e07acdb984cdcac1394') in 0.002 seconds [static and dynamic dependencies]. Details - ImportResultOutputID=d5ae4890943794b308aced15780ea188 DependenciesID=959e8e5a7e8cbab0cf324392b12403cc StaticDependenciesID=1d64e0cccb11ea7641f101280d73151e 
Number of updated asset objects reloaded before import = 0
Number of asset objects unloaded after import = 0
========================================================================
Received Import Request.
  Time of request: 2026-10-01T17:13:30.9360065Z
  Time since last request: 0.0003733 seconds.
  importAddress: GUID: ee4eb305b2f727b47bbac99de0772c18 - Path: Packages/com.unity.shadergraph/Editor/Data/Nodes/Math/Wave/NoiseSineWaveNode.cs - Importer: ScriptedImporter/UnityEditor.QuickSearchModule:UnityEditor.Search:ASIAI0B
Importing 'GUID: ee4eb305b2f727b47bbac99de0772c18 - Path: Packages/com.unity.shadergraph/Editor/Data/Nodes/Math/Wave/NoiseSineWaveNode.cs - Importer: ScriptedImporter/UnityEditor.QuickSearchModule:UnityEditor.Search:ASIAI0B' with importer (ScriptedImporter : UnityEditor.QuickSearchModule:UnityEditor.Search:ASIAI0B)
Imported 'GUID: ee4eb305b2f727b47bbac99de0772c18' -> (Import Result ID: 'e2ffb5e64be069817511797171daec82') in 0.002 seconds [static and dynamic dependencies]. Details - ImportResultOutputID=ec8c00f45433723d016ca53d2e577fd3 DependenciesID=61067482c4187bb3d3452d2a03298d0b StaticDependenciesID=9458e1926f9e2a44ba63fa1ce5128754 
Number of updated asset objects reloaded before import = 0
Number of asset objects unloaded after import = 0
========================================================================
Received Import Request.
  Time of request: 2026-10-01T17:13:30.9459696Z
  Time since last request: 0.0001579 seconds.
  importAddress: GUID: e74b0f1b5e52c5642a66b47b7fc87799 - Path: Packages/com.unity.shadergraph/Editor/Generation/Targets/BuiltIn/ShaderLibrary/ShaderGraphFunctions.hlsl - Importer: ScriptedImporter/UnityEditor.QuickSearchModule:UnityEditor.Search:ASIAI0B
Importing 'GUID: e74b0f1b5e52c5642a66b47b7fc87799 - Path: Packages/com.unity.shadergraph/Editor/Generation/Targets/BuiltIn/ShaderLibrary/ShaderGraphFunctions.hlsl - Importer: ScriptedImporter/UnityEditor.QuickSearchModule:UnityEditor.Search:ASIAI0B' with importer (ScriptedImporter : UnityEditor.QuickSearchModule:UnityEditor.Search:ASIAI0B)
Imported 'GUID: e74b0f1b5e52c5642a66b47b7fc87799' -> (Import Result ID: 'dfd5d24ce6be887262ac37414066034e') in 0.001 seconds [static and dynamic dependencies]. Details - ImportResultOutputID=631a9d197d96ab8c03a199d0b87a9bdb DependenciesID=4db26a90f660c6c10861b7703656b201 StaticDependenciesID=1553bb273cd04cd12435e0ed0e17db01 
Number of updated asset objects reloaded before import = 0
Number of asset objects unloaded after import = 1
========================================================================
Received Import Request.
  Time of request: 2026-10-01T17:13:30.9616256Z
  Time since last request: 0.0072019 seconds.
  importAddress: GUID: 951755fce4d8bae4ca6cfbe7908e1149 - Path: Packages/com.unity.shadergraph/Editor/Generation/Targets/BuiltIn/ShaderLibrary/UnityGBuffer.hlsl - Importer: ScriptedImporter/UnityEditor.QuickSearchModule:UnityEditor.Search:ASIAI0B
Importing 'GUID: 951755fce4d8bae4ca6cfbe7908e1149 - Path: Packages/com.unity.shadergraph/Editor/Generation/Targets/BuiltIn/ShaderLibrary/UnityGBuffer.hlsl - Importer: ScriptedImporter/UnityEditor.QuickSearchModule:UnityEditor.Search:ASIAI0B' with importer (ScriptedImporter : UnityEditor.QuickSearchModule:UnityEditor.Search:ASIAI0B)
Imported 'GUID: 951755fce4d8bae4ca6cfbe7908e1149' -> (Import Result ID: '07fe4ee14b4f0a281358ae510a94aa7e') in 0.002 seconds [static and dynamic dependencies]. Details - ImportResultOutputID=f5438b65944464f0fc0d8dc1406ee420 DependenciesID=bf13ade1263161e3c2fe96faff3453bc StaticDependenciesID=a7f038748d96a4b5d3660279a8e80e9e 
Number of updated asset objects reloaded before import = 0
Number of asset objects unloaded after import = 1
========================================================================
Received Import Request.
  Time of request: 2026-10-01T17:13:30.9699624Z
  Time since last request: 0.0005651 seconds.
  importAddress: GUID: 16201fed0715efa48a8908fedb361bf0 - Path: Packages/com.unity.shadergraph/Editor/Generation/Targets/Fullscreen/Templates/SharedCode.template.hlsl - Importer: ScriptedImporter/UnityEditor.QuickSearchModule:UnityEditor.Search:ASIAI0B
Importing 'GUID: 16201fed0715efa48a8908fedb361bf0 - Path: Packages/com.unity.shadergraph/Editor/Generation/Targets/Fullscreen/Templates/SharedCode.template.hlsl - Importer: ScriptedImporter/UnityEditor.QuickSearchModule:UnityEditor.Search:ASIAI0B' with importer (ScriptedImporter : UnityEditor.QuickSearchModule:UnityEditor.Search:ASIAI0B)
Imported 'GUID: 16201fed0715efa48a8908fedb361bf0' -> (Import Result ID: '2a305ebe9469508617dd7b4d03eb0cde') in 0.002 seconds [static and dynamic dependencies]. Details - ImportResultOutputID=f2c4426ce65aa65bfc15a51c376940a8 DependenciesID=c107737db99528990db0e567b4198a4c StaticDependenciesID=a311697c671269ce439b5160f6273ecc 
Number of updated asset objects reloaded before import = 0
Number of asset objects unloaded after import = 1
========================================================================
Received Import Request.
  Time of request: 2026-10-01T17:13:30.978548Z
  Time since last request: 0.0001637 seconds.
  importAddress: GUID: b2f79c44dead4bc3b025342e56828a27 - Path: Packages/com.unity.shadergraph/Editor/Generation/Targets/Canvas/Templates/CanvasShaderGUI.cs - Importer: ScriptedImporter/UnityEditor.QuickSearchModule:UnityEditor.Search:ASIAI0B
Importing 'GUID: b2f79c44dead4bc3b025342e56828a27 - Path: Packages/com.unity.shadergraph/Editor/Generation/Targets/Canvas/Templates/CanvasShaderGUI.cs - Importer: ScriptedImporter/UnityEditor.QuickSearchModule:UnityEditor.Search:ASIAI0B' with importer (ScriptedImporter : UnityEditor.QuickSearchModule:UnityEditor.Search:ASIAI0B)
Imported 'GUID: b2f79c44dead4bc3b025342e56828a27' -> (Import Result ID: '59211fbb0e5fb22e95a718cb685ec2c5') in 0.001 seconds [static and dynamic dependencies]. Details - ImportResultOutputID=a223178098758c60782dc2bef1841e40 DependenciesID=76ff9279f619ace62a7a7b543f9b2aed StaticDependenciesID=627fe9f97e240f557e3cde0a39565d75 
Number of updated asset objects reloaded before import = 0
Number of asset objects unloaded after import = 0
========================================================================
Received Import Request.
  Time of request: 2026-10-01T17:13:30.9972223Z
  Time since last request: 0.0095242 seconds.
  importAddress: GUID: 3ed09dfc4bb69694ca13ae03dbab44df - Path: Packages/com.unity.shadergraph/Editor/Generation/Targets/BuiltIn/Editor/ShaderGraph/Includes/PBRGBufferPass.hlsl - Importer: ScriptedImporter/UnityEditor.QuickSearchModule:UnityEditor.Search:ASIAI0B
Importing 'GUID: 3ed09dfc4bb69694ca13ae03dbab44df - Path: Packages/com.unity.shadergraph/Editor/Generation/Targets/BuiltIn/Editor/ShaderGraph/Includes/PBRGBufferPass.hlsl - Importer: ScriptedImporter/UnityEditor.QuickSearchModule:UnityEditor.Search:ASIAI0B' with importer (ScriptedImporter : UnityEditor.QuickSearchModule:UnityEditor.Search:ASIAI0B)
Imported 'GUID: 3ed09dfc4bb69694ca13ae03dbab44df' -> (Import Result ID: 'dc20e5eb8f578c2310ce3763ab4701d7') in 0.002 seconds [static and dynamic dependencies]. Details - ImportResultOutputID=20b77b98f84eb5b65346fcdda154b5c5 DependenciesID=8a9a23fb3109955b3ac94ea087593618 StaticDependenciesID=2726d8058279e6093074833d927de23e 
Number of updated asset objects reloaded before import = 0
Number of asset objects unloaded after import = 1
========================================================================
Received Import Request.
  Time of request: 2026-10-01T17:13:31.0063116Z
  Time since last request: 0.0001327 seconds.
  importAddress: GUID: 66c95bb3c74257f41bae2622511dc02d - Path: Packages/com.unity.ide.rider/package.json - Importer: ScriptedImporter/UnityEditor.QuickSearchModule:UnityEditor.Search:ASIAI0B
Importing 'GUID: 66c95bb3c74257f41bae2622511dc02d - Path: Packages/com.unity.ide.rider/package.json - Importer: ScriptedImporter/UnityEditor.QuickSearchModule:UnityEditor.Search:ASIAI0B' with importer (ScriptedImporter : UnityEditor.QuickSearchModule:UnityEditor.Search:ASIAI0B)
Imported 'GUID: 66c95bb3c74257f41bae2622511dc02d' -> (Import Result ID: 'fec20ac717a2bedce811fc0c5028fb0d') in 0.001 seconds [static and dynamic dependencies]. Details - ImportResultOutputID=03764d95da07ee7a388ff701ebced3cc DependenciesID=8362cdd5f1f2549a8866eae6b3258ee5 StaticDependenciesID=920e359ae3e0b298b84c063b1aa83ce8 
Number of updated asset objects reloaded before import = 0
Number of asset objects unloaded after import = 1
========================================================================
Received Import Request.
  Time of request: 2026-10-01T17:13:31.01485Z
  Time since last request: 0.0001619 seconds.
  importAddress: GUID: 87d720faa37005c08600090e04d8c739 - Path: Packages/com.unity.modules.particlesystem/package.json - Importer: ScriptedImporter/UnityEditor.QuickSearchModule:UnityEditor.Search:ASIAI0B
Importing 'GUID: 87d720faa37005c08600090e04d8c739 - Path: Packages/com.unity.modules.particlesystem/package.json - Importer: ScriptedImporter/UnityEditor.QuickSearchModule:UnityEditor.Search:ASIAI0B' with importer (ScriptedImporter : UnityEditor.QuickSearchModule:UnityEditor.Search:ASIAI0B)
Imported 'GUID: 87d720faa37005c08600090e04d8c739' -> (Import Result ID: '8d2a31a194b283f27a17b1c848c1e8b5') in 0.002 seconds [static and dynamic dependencies]. Details - ImportResultOutputID=4ff5fa0b1d40d2c0cb288358dd6a8dc5 DependenciesID=9d2617f6c35b54c33653b33230e648c5 StaticDependenciesID=7fe37d95eb4424dccaf9253b907ab74c 
Number of updated asset objects reloaded before import = 0
Number of asset objects unloaded after import = 1
========================================================================
Received Import Request.
  Time of request: 2026-10-01T17:13:31.0234191Z
  Time since last request: 0.0001884 seconds.
  importAddress: GUID: d528c8c98d269ca44a06cd9624a03945 - Path: Packages/com.unity.ide.rider/Rider/Editor/com.unity.ide.rider.asmdef - Importer: ScriptedImporter/UnityEditor.QuickSearchModule:UnityEditor.Search:ASIAI0B
Importing 'GUID: d528c8c98d269ca44a06cd9624a03945 - Path: Packages/com.unity.ide.rider/Rider/Editor/com.unity.ide.rider.asmdef - Importer: ScriptedImporter/UnityEditor.QuickSearchModule:UnityEditor.Search:ASIAI0B' with importer (ScriptedImporter : UnityEditor.QuickSearchModule:UnityEditor.Search:ASIAI0B)
Imported 'GUID: d528c8c98d269ca44a06cd9624a03945' -> (Import Result ID: 'db0542843e4f11394426547f61702ae8') in 0.001 seconds [static and dynamic dependencies]. Details - ImportResultOutputID=1d645c55167f74e929d292f8a6d10285 DependenciesID=c9448707e1138ab5785fb709e0977497 StaticDependenciesID=12d1da68e12b98df41d44b59a7f4681d 
Number of updated asset objects reloaded before import = 0
Number of asset objects unloaded after import = 1
========================================================================
Received Import Request.
  Time of request: 2026-10-01T17:13:31.0325613Z
  Time since last request: 0.0003603 seconds.
  importAddress: GUID: aeb8068359664ab5a8d6420381f87510 - Path: Packages/com.unity.ide.rider/Rider/Editor/LogFileOpener.cs - Importer: ScriptedImporter/UnityEditor.QuickSearchModule:UnityEditor.Search:ASIAI0B
Importing 'GUID: aeb8068359664ab5a8d6420381f87510 - Path: Packages/com.unity.ide.rider/Rider/Editor/LogFileOpener.cs - Importer: ScriptedImporter/UnityEditor.QuickSearchModule:UnityEditor.Search:ASIAI0B' with importer (ScriptedImporter : UnityEditor.QuickSearchModule:UnityEditor.Search:ASIAI0B)
Imported 'GUID: aeb8068359664ab5a8d6420381f87510' -> (Import Result ID: 'c42b0483436e927bb5cc0fcf01b0c22f') in 0.001 seconds [static and dynamic dependencies]. Details - ImportResultOutputID=dfd31a77056bc5425e60869a8c8583f5 DependenciesID=615639ed10f81a89ff4f47feefb9e2ce StaticDependenciesID=4e3a0a5804bd536e33a898564657a302 
Number of updated asset objects reloaded before import = 0
Number of asset objects unloaded after import = 0
========================================================================
Received Import Request.
  Time of request: 2026-10-01T17:13:31.0411963Z
  Time since last request: 0.0004269 seconds.
  importAddress: GUID: 32b23321ec58ddc4e88879d693256c3a - Path: Packages/com.unity.shadergraph/Editor/Generation/Targets/BuiltIn/Editor/ShaderGraph/Includes/PBRForwardAddPass.hlsl - Importer: ScriptedImporter/UnityEditor.QuickSearchModule:UnityEditor.Search:ASIAI0B
Importing 'GUID: 32b23321ec58ddc4e88879d693256c3a - Path: Packages/com.unity.shadergraph/Editor/Generation/Targets/BuiltIn/Editor/ShaderGraph/Includes/PBRForwardAddPass.hlsl - Importer: ScriptedImporter/UnityEditor.QuickSearchModule:UnityEditor.Search:ASIAI0B' with importer (ScriptedImporter : UnityEditor.QuickSearchModule:UnityEditor.Search:ASIAI0B)
Imported 'GUID: 32b23321ec58ddc4e88879d693256c3a' -> (Import Result ID: '3201e5daa456fc4bf71020d70f5c14ff') in 0.001 seconds [static and dynamic dependencies]. Details - ImportResultOutputID=26dd9b282ee968bce884cb83dd2bd49c DependenciesID=2d43a55320ee7d364be68338d0369ba4 StaticDependenciesID=470921817de26c340fd02f8316566e3d 
Number of updated asset objects reloaded before import = 0
Number of asset objects unloaded after import = 1
========================================================================
Received Import Request.
  Time of request: 2026-10-01T17:13:31.0495982Z
  Time since last request: 0.0002399 seconds.
  importAddress: GUID: 71bb46b59a9a7a346bbab1e185c723df - Path: Packages/com.unity.ide.rider/Rider/Editor/LoggingLevel.cs - Importer: ScriptedImporter/UnityEditor.QuickSearchModule:UnityEditor.Search:ASIAI0B
Importing 'GUID: 71bb46b59a9a7a346bbab1e185c723df - Path: Packages/com.unity.ide.rider/Rider/Editor/LoggingLevel.cs - Importer: ScriptedImporter/UnityEditor.QuickSearchModule:UnityEditor.Search:ASIAI0B' with importer (ScriptedImporter : UnityEditor.QuickSearchModule:UnityEditor.Search:ASIAI0B)
Imported 'GUID: 71bb46b59a9a7a346bbab1e185c723df' -> (Import Result ID: 'bd7914ea6e91f33b7a327775a17c3fbe') in 0.001 seconds [static and dynamic dependencies]. Details - ImportResultOutputID=9f2e4c2987d341452f5d9a3a004813f7 DependenciesID=36ab768743d12b569c2c5504f6a6cefe StaticDependenciesID=93280956ab6ee00af80a624d3ffbeaf4 
Number of updated asset objects reloaded before import = 0
Number of asset objects unloaded after import = 0
========================================================================
Received Import Request.
  Time of request: 2026-10-01T17:13:31.0599361Z
  Time since last request: 0.000315 seconds.
  importAddress: GUID: f1a1da3eef3aa834d9c94eb0a5c04358 - Path: Packages/com.unity.shadergraph/Editor/Generation/Targets/BuiltIn/Editor/ShaderGraph/Includes/BuildInputData.hlsl - Importer: ScriptedImporter/UnityEditor.QuickSearchModule:UnityEditor.Search:ASIAI0B
Importing 'GUID: f1a1da3eef3aa834d9c94eb0a5c04358 - Path: Packages/com.unity.shadergraph/Editor/Generation/Targets/BuiltIn/Editor/ShaderGraph/Includes/BuildInputData.hlsl - Importer: ScriptedImporter/UnityEditor.QuickSearchModule:UnityEditor.Search:ASIAI0B' with importer (ScriptedImporter : UnityEditor.QuickSearchModule:UnityEditor.Search:ASIAI0B)
Imported 'GUID: f1a1da3eef3aa834d9c94eb0a5c04358' -> (Import Result ID: 'ce41e25c815f070a4bbbf848beacad7b') in 0.001 seconds [static and dynamic dependencies]. Details - ImportResultOutputID=3a91b7cf792c45c4d35431866dadcdc0 DependenciesID=fb171532b88edc0bc6763afd3f9a620a StaticDependenciesID=2a6c6c6f4bc62c897a5327e9e08f8f25 
Number of updated asset objects reloaded before import = 0
Number of asset objects unloaded after import = 1
========================================================================
Received Import Request.
  Time of request: 2026-10-01T17:13:31.0852878Z
  Time since last request: 0.0172769 seconds.
  importAddress: GUID: eecaac92122b4407f8bf4998e8708aee - Path: Packages/com.unity.render-pipelines.universal/LICENSE.md - Importer: ScriptedImporter/UnityEditor.QuickSearchModule:UnityEditor.Search:ASIAI0B
Importing 'GUID: eecaac92122b4407f8bf4998e8708aee - Path: Packages/com.unity.render-pipelines.universal/LICENSE.md - Importer: ScriptedImporter/UnityEditor.QuickSearchModule:UnityEditor.Search:ASIAI0B' with importer (ScriptedImporter : UnityEditor.QuickSearchModule:UnityEditor.Search:ASIAI0B)
Imported 'GUID: eecaac92122b4407f8bf4998e8708aee' -> (Import Result ID: 'ae0a9750b6627338a278c023729ecbb7') in 0.002 seconds [static and dynamic dependencies]. Details - ImportResultOutputID=a537895103477bcd06cc95a382d1f497 DependenciesID=88494a953d15cf44a48574078012e508 StaticDependenciesID=e2e709ed821293516e0417fd3da88b7a 
Number of updated asset objects reloaded before import = 0
Number of asset objects unloaded after import = 1
========================================================================
Received Import Request.
  Time of request: 2026-10-01T17:13:31.0938252Z
  Time since last request: 0.0003632 seconds.
  importAddress: GUID: 48483563a64de3a4e8690122762055f1 - Path: Packages/com.unity.ide.rider/Rider/Editor/UnitTesting/SyncTestRunEventsHandler.cs - Importer: ScriptedImporter/UnityEditor.QuickSearchModule:UnityEditor.Search:ASIAI0B
Importing 'GUID: 48483563a64de3a4e8690122762055f1 - Path: Packages/com.unity.ide.rider/Rider/Editor/UnitTesting/SyncTestRunEventsHandler.cs - Importer: ScriptedImporter/UnityEditor.QuickSearchModule:UnityEditor.Search:ASIAI0B' with importer (ScriptedImporter : UnityEditor.QuickSearchModule:UnityEditor.Search:ASIAI0B)
Imported 'GUID: 48483563a64de3a4e8690122762055f1' -> (Import Result ID: '7ed9e21fe2ef1355e320935da5c03f23') in 0.003 seconds [static and dynamic dependencies]. Details - ImportResultOutputID=fb2ce0d2ec41903c0dbb3cdddff36583 DependenciesID=6d2800f23a95dd8606f37e5d99c25d5a StaticDependenciesID=329ebc58920a970db6b72d2b28ab34c9 
Number of updated asset objects reloaded before import = 0
Number of asset objects unloaded after import = 0
========================================================================
Received Import Request.
  Time of request: 2026-10-01T17:13:31.1031174Z
  Time since last request: 0.0002005 seconds.
  importAddress: GUID: 16b5d2a7d862f49ffb9453600e8ee776 - Path: Packages/com.unity.render-pipelines.universal/CHANGELOG.md - Importer: ScriptedImporter/UnityEditor.QuickSearchModule:UnityEditor.Search:ASIAI0B
Importing 'GUID: 16b5d2a7d862f49ffb9453600e8ee776 - Path: Packages/com.unity.render-pipelines.universal/CHANGELOG.md - Importer: ScriptedImporter/UnityEditor.QuickSearchModule:UnityEditor.Search:ASIAI0B' with importer (ScriptedImporter : UnityEditor.QuickSearchModule:UnityEditor.Search:ASIAI0B)
Imported 'GUID: 16b5d2a7d862f49ffb9453600e8ee776' -> (Import Result ID: 'afb0f008864f5a8c5999a16508f304b6') in 0.002 seconds [static and dynamic dependencies]. Details - ImportResultOutputID=4c9c9fc5e3917975a054a7a0d38becc6 DependenciesID=5892864352620cc6f2b5deee1175911e StaticDependenciesID=4732918bca2f620bc062587241dade72 
Number of updated asset objects reloaded before import = 0
Number of asset objects unloaded after import = 1
========================================================================
Received Import Request.
  Time of request: 2026-10-01T17:13:31.1110556Z
  Time since last request: 0.000463 seconds.
  importAddress: GUID: 32be1f4157d401645be84715cb5f8568 - Path: Packages/com.unity.render-pipelines.universal/Editor/ShaderScriptableStripper.cs - Importer: ScriptedImporter/UnityEditor.QuickSearchModule:UnityEditor.Search:ASIAI0B
Importing 'GUID: 32be1f4157d401645be84715cb5f8568 - Path: Packages/com.unity.render-pipelines.universal/Editor/ShaderScriptableStripper.cs - Importer: ScriptedImporter/UnityEditor.QuickSearchModule:UnityEditor.Search:ASIAI0B' with importer (ScriptedImporter : UnityEditor.QuickSearchModule:UnityEditor.Search:ASIAI0B)
Imported 'GUID: 32be1f4157d401645be84715cb5f8568' -> (Import Result ID: 'bfd16d91c1f4b7212512db6f35f09212') in 0.002 seconds [static and dynamic dependencies]. Details - ImportResultOutputID=c025716b8da399ce4ef4ba6fd79aa018 DependenciesID=231d2b9c46fd1b8c2cf88a2a43fe42bc StaticDependenciesID=0b3b18db1cc4470b7154cfe5c101b021 
Number of updated asset objects reloaded before import = 0
Number of asset objects unloaded after import = 0
========================================================================
Received Import Request.
  Time of request: 2026-10-01T17:13:31.1190395Z
  Time since last request: 0.0004196 seconds.
  importAddress: GUID: 56c8c6e437b14f8e9a91e9832c11bc1a - Path: Packages/com.unity.ide.rider/Rider/Editor/ProjectGeneration/AssemblyNameProvider.cs - Importer: ScriptedImporter/UnityEditor.QuickSearchModule:UnityEditor.Search:ASIAI0B
Importing 'GUID: 56c8c6e437b14f8e9a91e9832c11bc1a - Path: Packages/com.unity.ide.rider/Rider/Editor/ProjectGeneration/AssemblyNameProvider.cs - Importer: ScriptedImporter/UnityEditor.QuickSearchModule:UnityEditor.Search:ASIAI0B' with importer (ScriptedImporter : UnityEditor.QuickSearchModule:UnityEditor.Search:ASIAI0B)
Imported 'GUID: 56c8c6e437b14f8e9a91e9832c11bc1a' -> (Import Result ID: '392545518a99eae3ef0a4f8d6350a4a8') in 0.002 seconds [static and dynamic dependencies]. Details - ImportResultOutputID=e767d3e6d292feab23d218c77e0a1637 DependenciesID=347db45d7fd2e0dad56d54e60c4d757e StaticDependenciesID=72ecd1bf1a91db45166a0ab30ed98aef 
Number of updated asset objects reloaded before import = 0
Number of asset objects unloaded after import = 0
========================================================================
Received Import Request.
  Time of request: 2026-10-01T17:13:31.1270134Z
  Time since last request: 0.0003828 seconds.
  importAddress: GUID: 3afe581e949e3cc489c978bd8e000c4b - Path: Packages/com.unity.render-pipelines.universal/ValidationExceptions.json - Importer: ScriptedImporter/UnityEditor.QuickSearchModule:UnityEditor.Search:ASIAI0B
Importing 'GUID: 3afe581e949e3cc489c978bd8e000c4b - Path: Packages/com.unity.render-pipelines.universal/ValidationExceptions.json - Importer: ScriptedImporter/UnityEditor.QuickSearchModule:UnityEditor.Search:ASIAI0B' with importer (ScriptedImporter : UnityEditor.QuickSearchModule:UnityEditor.Search:ASIAI0B)
Imported 'GUID: 3afe581e949e3cc489c978bd8e000c4b' -> (Import Result ID: '48724080c7a5e4621f34ecccbb626a2c') in 0.001 seconds [static and dynamic dependencies]. Details - ImportResultOutputID=165e500c25772ac4ba60406de30eb7ad DependenciesID=3c6db015988597219e81672a4b52f6fd StaticDependenciesID=a2492676a48997e4db90af1061919b5b 
Number of updated asset objects reloaded before import = 0
Number of asset objects unloaded after import = 1
========================================================================
Received Import Request.
  Time of request: 2026-10-01T17:13:31.1351343Z
  Time since last request: 0.0002818 seconds.
  importAddress: GUID: faf8a17ca9820a74d92f339faeb2abc6 - Path: Packages/com.unity.render-pipelines.universal/Editor/UniversalAnalytics.cs - Importer: ScriptedImporter/UnityEditor.QuickSearchModule:UnityEditor.Search:ASIAI0B
Importing 'GUID: faf8a17ca9820a74d92f339faeb2abc6 - Path: Packages/com.unity.render-pipelines.universal/Editor/UniversalAnalytics.cs - Importer: ScriptedImporter/UnityEditor.QuickSearchModule:UnityEditor.Search:ASIAI0B' with importer (ScriptedImporter : UnityEditor.QuickSearchModule:UnityEditor.Search:ASIAI0B)
Imported 'GUID: faf8a17ca9820a74d92f339faeb2abc6' -> (Import Result ID: '77663c1a94a38d72cc9fd2416c9292c2') in 0.001 seconds [static and dynamic dependencies]. Details - ImportResultOutputID=34b19e50950be83624dec13247d76e79 DependenciesID=1ad6e9afe99bafe07c08e581f5e953f8 StaticDependenciesID=541485fe1a07d8df4fe72b4f61acc55b 
Number of updated asset objects reloaded before import = 0
Number of asset objects unloaded after import = 0
========================================================================
Received Import Request.
  Time of request: 2026-10-01T17:13:31.1447541Z
  Time since last request: 0.0003009 seconds.
  importAddress: GUID: 89a44a55ca94af242b02a0f02edb0ae7 - Path: Packages/com.unity.render-pipelines.universal/Editor/UniversalAdditionalLightDataEditor.cs - Importer: ScriptedImporter/UnityEditor.QuickSearchModule:UnityEditor.Search:ASIAI0B
Importing 'GUID: 89a44a55ca94af242b02a0f02edb0ae7 - Path: Packages/com.unity.render-pipelines.universal/Editor/UniversalAdditionalLightDataEditor.cs - Importer: ScriptedImporter/UnityEditor.QuickSearchModule:UnityEditor.Search:ASIAI0B' with importer (ScriptedImporter : UnityEditor.QuickSearchModule:UnityEditor.Search:ASIAI0B)
Imported 'GUID: 89a44a55ca94af242b02a0f02edb0ae7' -> (Import Result ID: '0286d4318290ca05d5fe7fe3e9df27c5') in 0.001 seconds [static and dynamic dependencies]. Details - ImportResultOutputID=3b5cc00d7c0f221015b1f21ee19a630b DependenciesID=f311b16fbfc173f14dd2fae3653683e5 StaticDependenciesID=0d95b8c5220d9c7a7e067f172a0da947 
Number of updated asset objects reloaded before import = 0
Number of asset objects unloaded after import = 0
========================================================================
Received Import Request.
  Time of request: 2026-10-01T17:13:31.1525105Z
  Time since last request: 0.0002031 seconds.
  importAddress: GUID: b0221f76dde941d492827802c9b7c1f9 - Path: Packages/com.unity.ide.rider/Rider/Editor/Util/StringUtils.cs - Importer: ScriptedImporter/UnityEditor.QuickSearchModule:UnityEditor.Search:ASIAI0B
Importing 'GUID: b0221f76dde941d492827802c9b7c1f9 - Path: Packages/com.unity.ide.rider/Rider/Editor/Util/StringUtils.cs - Importer: ScriptedImporter/UnityEditor.QuickSearchModule:UnityEditor.Search:ASIAI0B' with importer (ScriptedImporter : UnityEditor.QuickSearchModule:UnityEditor.Search:ASIAI0B)
Imported 'GUID: b0221f76dde941d492827802c9b7c1f9' -> (Import Result ID: 'ed01a04fda683fed10f41c9d6d2cfea6') in 0.002 seconds [static and dynamic dependencies]. Details - ImportResultOutputID=7e1e3aeb625d7a0224e90520292e9e6c DependenciesID=36bcd63fb3ef7c0f6757dd2fd889ca9a StaticDependenciesID=b57f465a57aa854de450404e4afcbc6a 
Number of updated asset objects reloaded before import = 0
Number of asset objects unloaded after import = 0
========================================================================
Received Import Request.
  Time of request: 2026-10-01T17:13:31.1729094Z
  Time since last request: 0.0125557 seconds.
  importAddress: GUID: 2ec995e51a6e251468d2a3fd8a686257 - Path: Packages/com.unity.render-pipelines.universal/Runtime/UniversalRenderPipelineGlobalSettings.cs - Importer: ScriptedImporter/UnityEditor.QuickSearchModule:UnityEditor.Search:ASIAI0B
Importing 'GUID: 2ec995e51a6e251468d2a3fd8a686257 - Path: Packages/com.unity.render-pipelines.universal/Runtime/UniversalRenderPipelineGlobalSettings.cs - Importer: ScriptedImporter/UnityEditor.QuickSearchModule:UnityEditor.Search:ASIAI0B' with importer (ScriptedImporter : UnityEditor.QuickSearchModule:UnityEditor.Search:ASIAI0B)
Imported 'GUID: 2ec995e51a6e251468d2a3fd8a686257' -> (Import Result ID: '9e4db028976c1ed374df0bdc5a993e30') in 0.002 seconds [static and dynamic dependencies]. Details - ImportResultOutputID=4ef0cdebfef6fff44f04dee5877ee207 DependenciesID=04168dd3ef73771d31404ba766dd7939 StaticDependenciesID=e92eda922b89e357c084f0c4c39c342a 
Number of updated asset objects reloaded before import = 0
Number of asset objects unloaded after import = 0
========================================================================
Received Import Request.
  Time of request: 2026-10-01T17:13:31.1812197Z
  Time since last request: 0.0005301 seconds.
  importAddress: GUID: f89f88ac34eb4af48661362f290b68b3 - Path: Packages/com.unity.render-pipelines.universal/Runtime/UniversalAdditionalLightData.deprecated.cs - Importer: ScriptedImporter/UnityEditor.QuickSearchModule:UnityEditor.Search:ASIAI0B
Importing 'GUID: f89f88ac34eb4af48661362f290b68b3 - Path: Packages/com.unity.render-pipelines.universal/Runtime/UniversalAdditionalLightData.deprecated.cs - Importer: ScriptedImporter/UnityEditor.QuickSearchModule:UnityEditor.Search:ASIAI0B' with importer (ScriptedImporter : UnityEditor.QuickSearchModule:UnityEditor.Search:ASIAI0B)
Imported 'GUID: f89f88ac34eb4af48661362f290b68b3' -> (Import Result ID: '0eb8524d93b72a24da819f119b5b17c1') in 0.001 seconds [static and dynamic dependencies]. Details - ImportResultOutputID=ac296c599dedcf9281b74e80f9bebbc3 DependenciesID=3aba89b61b1a6b2b9c5d895ea825555c StaticDependenciesID=3939ec46319ec0d8507c83a3a1666ac0 
Number of updated asset objects reloaded before import = 0
Number of asset objects unloaded after import = 0
========================================================================
Received Import Request.
  Time of request: 2026-10-01T17:13:31.1895366Z
  Time since last request: 0.0005093 seconds.
  importAddress: GUID: 46662bacf9caecb4987e43ba520cc30c - Path: Packages/com.unity.render-pipelines.universal/Runtime/Documentation.cs - Importer: ScriptedImporter/UnityEditor.QuickSearchModule:UnityEditor.Search:ASIAI0B
Importing 'GUID: 46662bacf9caecb4987e43ba520cc30c - Path: Packages/com.unity.render-pipelines.universal/Runtime/Documentation.cs - Importer: ScriptedImporter/UnityEditor.QuickSearchModule:UnityEditor.Search:ASIAI0B' with importer (ScriptedImporter : UnityEditor.QuickSearchModule:UnityEditor.Search:ASIAI0B)
Imported 'GUID: 46662bacf9caecb4987e43ba520cc30c' -> (Import Result ID: '235774f9946bdb6d2e0a1f84e56652c0') in 0.001 seconds [static and dynamic dependencies]. Details - ImportResultOutputID=de2f533641cb5234ebd1751262910083 DependenciesID=af61c8ba55cb6b5ef2c4baa648d552af StaticDependenciesID=30f08e8baebfab2e991da21bfdcfb19c 
Number of updated asset objects reloaded before import = 0
Number of asset objects unloaded after import = 0
========================================================================
Received Import Request.
  Time of request: 2026-10-01T17:13:31.1980316Z
  Time since last request: 0.0001618 seconds.
  importAddress: GUID: 857b66e359c9249a6b591ad47b966beb - Path: Packages/com.unity.render-pipelines.universal/Runtime/ShaderBitArray.cs - Importer: ScriptedImporter/UnityEditor.QuickSearchModule:UnityEditor.Search:ASIAI0B
Importing 'GUID: 857b66e359c9249a6b591ad47b966beb - Path: Packages/com.unity.render-pipelines.universal/Runtime/ShaderBitArray.cs - Importer: ScriptedImporter/UnityEditor.QuickSearchModule:UnityEditor.Search:ASIAI0B' with importer (ScriptedImporter : UnityEditor.QuickSearchModule:UnityEditor.Search:ASIAI0B)
Imported 'GUID: 857b66e359c9249a6b591ad47b966beb' -> (Import Result ID: 'cc1c33996aa0fbe40af4177fc977dbb2') in 0.002 seconds [static and dynamic dependencies]. Details - ImportResultOutputID=430def92a41f021f652d902e87e4b7af DependenciesID=3828770acec43c8aaaa61375416fb6c3 StaticDependenciesID=7cdda5b13c7ce5013404e71ad34d435d 
Number of updated asset objects reloaded before import = 0
Number of asset objects unloaded after import = 0
========================================================================
Received Import Request.
  Time of request: 2026-10-01T17:13:31.2062821Z
  Time since last request: 0.0001949 seconds.
  importAddress: GUID: 5e70ebf34d504229b32cd5ca729665a4 - Path: Packages/com.unity.render-pipelines.universal/Editor/UniversalRenderPipelineVolumeComponentEditor.cs - Importer: ScriptedImporter/UnityEditor.QuickSearchModule:UnityEditor.Search:ASIAI0B
Importing 'GUID: 5e70ebf34d504229b32cd5ca729665a4 - Path: Packages/com.unity.render-pipelines.universal/Editor/UniversalRenderPipelineVolumeComponentEditor.cs - Importer: ScriptedImporter/UnityEditor.QuickSearchModule:UnityEditor.Search:ASIAI0B' with importer (ScriptedImporter : UnityEditor.QuickSearchModule:UnityEditor.Search:ASIAI0B)
Imported 'GUID: 5e70ebf34d504229b32cd5ca729665a4' -> (Import Result ID: 'b31d1e9f626fc474baeccc8ed3a42581') in 0.001 seconds [static and dynamic dependencies]. Details - ImportResultOutputID=2ae3b4c76dbf11aba447c917c01d09ee DependenciesID=6b15fe89b5e7a80a6782f9160d1fc2f8 StaticDependenciesID=5a884b534d29bf9d553f2fa93e24dacb 
Number of updated asset objects reloaded before import = 0
Number of asset objects unloaded after import = 0
========================================================================
Received Import Request.
  Time of request: 2026-10-01T17:13:31.214365Z
  Time since last request: 0.0002368 seconds.
  importAddress: GUID: c3b2a033abc34e08be7ae96070bd4805 - Path: Packages/com.unity.render-pipelines.universal/Runtime/ReflectionProbeManager.cs - Importer: ScriptedImporter/UnityEditor.QuickSearchModule:UnityEditor.Search:ASIAI0B
Importing 'GUID: c3b2a033abc34e08be7ae96070bd4805 - Path: Packages/com.unity.render-pipelines.universal/Runtime/ReflectionProbeManager.cs - Importer: ScriptedImporter/UnityEditor.QuickSearchModule:UnityEditor.Search:ASIAI0B' with importer (ScriptedImporter : UnityEditor.QuickSearchModule:UnityEditor.Search:ASIAI0B)
Imported 'GUID: c3b2a033abc34e08be7ae96070bd4805' -> (Import Result ID: '23396743b3a4f207a2f7e3d1bea6e48a') in 0.001 seconds [static and dynamic dependencies]. Details - ImportResultOutputID=09f3ccf59dc5256685c56173a6927ed1 DependenciesID=1334f9e078e605668a973000e0df7bcb StaticDependenciesID=d7a4fbbdec6a663861dbfe0bdfe126e8 
Number of updated asset objects reloaded before import = 0
Number of asset objects unloaded after import = 0
========================================================================
Received Import Request.
  Time of request: 2026-10-01T17:13:31.2222437Z
  Time since last request: 0.000222 seconds.
  importAddress: GUID: 2ceaf9622df488b4188ec28a142bdd85 - Path: Packages/com.unity.render-pipelines.universal/Runtime/NormalReconstruction.cs - Importer: ScriptedImporter/UnityEditor.QuickSearchModule:UnityEditor.Search:ASIAI0B
Importing 'GUID: 2ceaf9622df488b4188ec28a142bdd85 - Path: Packages/com.unity.render-pipelines.universal/Runtime/NormalReconstruction.cs - Importer: ScriptedImporter/UnityEditor.QuickSearchModule:UnityEditor.Search:ASIAI0B' with importer (ScriptedImporter : UnityEditor.QuickSearchModule:UnityEditor.Search:ASIAI0B)
Imported 'GUID: 2ceaf9622df488b4188ec28a142bdd85' -> (Import Result ID: '385d7f7af4eba8e72d80d3bf75091173') in 0.001 seconds [static and dynamic dependencies]. Details - ImportResultOutputID=829aaeb6593b15f9a6181c191297bc4f DependenciesID=72bfd26104b7e8338159775774dede98 StaticDependenciesID=1e0a14f1e0ded57c9ef8158eb5b631cc 
Number of updated asset objects reloaded before import = 0
Number of asset objects unloaded after import = 0
========================================================================
Received Import Request.
  Time of request: 2026-10-01T17:13:31.2298842Z
  Time since last request: 0.0002136 seconds.
  importAddress: GUID: 448dc5f4526854e869b92bee42a28690 - Path: Packages/com.unity.render-pipelines.universal/Runtime/NoAllocUtils.cs - Importer: ScriptedImporter/UnityEditor.QuickSearchModule:UnityEditor.Search:ASIAI0B
Importing 'GUID: 448dc5f4526854e869b92bee42a28690 - Path: Packages/com.unity.render-pipelines.universal/Runtime/NoAllocUtils.cs - Importer: ScriptedImporter/UnityEditor.QuickSearchModule:UnityEditor.Search:ASIAI0B' with importer (ScriptedImporter : UnityEditor.QuickSearchModule:UnityEditor.Search:ASIAI0B)
Imported 'GUID: 448dc5f4526854e869b92bee42a28690' -> (Import Result ID: '46dbcb146c56a4323c53c9388d7b6edb') in 0.002 seconds [static and dynamic dependencies]. Details - ImportResultOutputID=25171139ed72490379c5bfb5ccd21995 DependenciesID=96cbcea691f35bc211fd1ffb11d73aff StaticDependenciesID=5a6caa1a8a886d477de71ad38b2f9808 
Number of updated asset objects reloaded before import = 0
Number of asset objects unloaded after import = 0
========================================================================
Received Import Request.
  Time of request: 2026-10-01T17:13:31.2378924Z
  Time since last request: 0.0001875 seconds.
  importAddress: GUID: d7a47b64c248a9448845c28f15c6ca10 - Path: Packages/com.unity.render-pipelines.universal/Runtime/RenderTargetHandle.cs - Importer: ScriptedImporter/UnityEditor.QuickSearchModule:UnityEditor.Search:ASIAI0B
Importing 'GUID: d7a47b64c248a9448845c28f15c6ca10 - Path: Packages/com.unity.render-pipelines.universal/Runtime/RenderTargetHandle.cs - Importer: ScriptedImporter/UnityEditor.QuickSearchModule:UnityEditor.Search:ASIAI0B' with importer (ScriptedImporter : UnityEditor.QuickSearchModule:UnityEditor.Search:ASIAI0B)
Imported 'GUID: d7a47b64c248a9448845c28f15c6ca10' -> (Import Result ID: 'e5d01be4f1f0d55bd1b5c0c7f46323b0') in 0.001 seconds [static and dynamic dependencies]. Details - ImportResultOutputID=d704951c98f50ac20ea62a2298d5e7c9 DependenciesID=cd029561079a038107a2f140823cee5f StaticDependenciesID=bc95cb3db5be8c26b2eaa9fd95f24ca6 
Number of updated asset objects reloaded before import = 0
Number of asset objects unloaded after import = 0
========================================================================
Received Import Request.
  Time of request: 2026-10-01T17:13:31.2453159Z
  Time since last request: 0.0002514 seconds.
  importAddress: GUID: 15fc0a57446b3144c949da3e2b9737a9 - Path: Packages/com.unity.render-pipelines.universal/Runtime/Unity.RenderPipelines.Universal.Runtime.asmdef - Importer: ScriptedImporter/UnityEditor.QuickSearchModule:UnityEditor.Search:ASIAI0B
Importing 'GUID: 15fc0a57446b3144c949da3e2b9737a9 - Path: Packages/com.unity.render-pipelines.universal/Runtime/Unity.RenderPipelines.Universal.Runtime.asmdef - Importer: ScriptedImporter/UnityEditor.QuickSearchModule:UnityEditor.Search:ASIAI0B' with importer (ScriptedImporter : UnityEditor.QuickSearchModule:UnityEditor.Search:ASIAI0B)
Imported 'GUID: 15fc0a57446b3144c949da3e2b9737a9' -> (Import Result ID: 'b2e350da38693d59a640068eaab42340') in 0.001 seconds [static and dynamic dependencies]. Details - ImportResultOutputID=12470dce29136180b2d136e3c010ce14 DependenciesID=ecfc64939c3ec77cac3fe32c0df5614b StaticDependenciesID=22ee83f763a8c7a90147f77d35fb235b 
Number of updated asset objects reloaded before import = 0
Number of asset objects unloaded after import = 1
========================================================================
Received Import Request.
  Time of request: 2026-10-01T17:13:31.2625383Z
  Time since last request: 0.0095149 seconds.
  importAddress: GUID: a20568904d9c412459181938be987e12 - Path: Packages/com.unity.render-pipelines.universal/ShaderLibrary/MotionVectorsCommon.hlsl - Importer: ScriptedImporter/UnityEditor.QuickSearchModule:UnityEditor.Search:ASIAI0B
Importing 'GUID: a20568904d9c412459181938be987e12 - Path: Packages/com.unity.render-pipelines.universal/ShaderLibrary/MotionVectorsCommon.hlsl - Importer: ScriptedImporter/UnityEditor.QuickSearchModule:UnityEditor.Search:ASIAI0B' with importer (ScriptedImporter : UnityEditor.QuickSearchModule:UnityEditor.Search:ASIAI0B)
Imported 'GUID: a20568904d9c412459181938be987e12' -> (Import Result ID: '9b7528e4603351bbdf2c8b836eed7f02') in 0.002 seconds [static and dynamic dependencies]. Details - ImportResultOutputID=8efc75b3c951412f58d0eb7984a3e5b6 DependenciesID=f1772c7541d75050b69718d813077c94 StaticDependenciesID=1ab30f230f1c6625e09c0cfc782232c4 
Number of updated asset objects reloaded before import = 0
Number of asset objects unloaded after import = 1
========================================================================
Received Import Request.
  Time of request: 2026-10-01T17:13:31.2713166Z
  Time since last request: 0.000343 seconds.
  importAddress: GUID: 31a96610f8f1dce418026fb1dec1be06 - Path: Packages/com.unity.render-pipelines.universal/ShaderLibrary/Fog.hlsl - Importer: ScriptedImporter/UnityEditor.QuickSearchModule:UnityEditor.Search:ASIAI0B
Importing 'GUID: 31a96610f8f1dce418026fb1dec1be06 - Path: Packages/com.unity.render-pipelines.universal/ShaderLibrary/Fog.hlsl - Importer: ScriptedImporter/UnityEditor.QuickSearchModule:UnityEditor.Search:ASIAI0B' with importer (ScriptedImporter : UnityEditor.QuickSearchModule:UnityEditor.Search:ASIAI0B)
Imported 'GUID: 31a96610f8f1dce418026fb1dec1be06' -> (Import Result ID: '73539a15d8802e5e25d1add8f090fe2e') in 0.001 seconds [static and dynamic dependencies]. Details - ImportResultOutputID=4a449374e4fff511255368855fed50ab DependenciesID=be7d66e57ffc374f4bc12f311e01a4c6 StaticDependenciesID=37544493ef27d62b3713ff48678b7531 
Number of updated asset objects reloaded before import = 0
Number of asset objects unloaded after import = 1
========================================================================
Received Import Request.
  Time of request: 2026-10-01T17:13:31.2788867Z
  Time since last request: 0.000175 seconds.
  importAddress: GUID: b76d45ea333b2a049bc45c5328ef3e7c - Path: Packages/com.unity.render-pipelines.universal/Shaders/DepthNormalsPass.hlsl - Importer: ScriptedImporter/UnityEditor.QuickSearchModule:UnityEditor.Search:ASIAI0B
Importing 'GUID: b76d45ea333b2a049bc45c5328ef3e7c - Path: Packages/com.unity.render-pipelines.universal/Shaders/DepthNormalsPass.hlsl - Importer: ScriptedImporter/UnityEditor.QuickSearchModule:UnityEditor.Search:ASIAI0B' with importer (ScriptedImporter : UnityEditor.QuickSearchModule:UnityEditor.Search:ASIAI0B)
Imported 'GUID: b76d45ea333b2a049bc45c5328ef3e7c' -> (Import Result ID: 'adcd4dfa84482087407a44b0a6031489') in 0.002 seconds [static and dynamic dependencies]. Details - ImportResultOutputID=cf1ce349ccc3210ac026147a8934a5e8 DependenciesID=2d1f455e678b5825832bb23ccaf7b131 StaticDependenciesID=8831ef64156004e8e7516cd16883ad92 
Number of updated asset objects reloaded before import = 0
Number of asset objects unloaded after import = 1
========================================================================
Received Import Request.
  Time of request: 2026-10-01T17:13:31.2868735Z
  Time since last request: 0.0002088 seconds.
  importAddress: GUID: 41a9ae1971520f84c89225b0e84299ec - Path: Packages/com.unity.render-pipelines.universal/ShaderLibrary/VisualEffectVertex.hlsl - Importer: ScriptedImporter/UnityEditor.QuickSearchModule:UnityEditor.Search:ASIAI0B
Importing 'GUID: 41a9ae1971520f84c89225b0e84299ec - Path: Packages/com.unity.render-pipelines.universal/ShaderLibrary/VisualEffectVertex.hlsl - Importer: ScriptedImporter/UnityEditor.QuickSearchModule:UnityEditor.Search:ASIAI0B' with importer (ScriptedImporter : UnityEditor.QuickSearchModule:UnityEditor.Search:ASIAI0B)
Imported 'GUID: 41a9ae1971520f84c89225b0e84299ec' -> (Import Result ID: '939608593f997a7e7c6223d2fcfc9301') in 0.001 seconds [static and dynamic dependencies]. Details - ImportResultOutputID=2dbe1f1f8a81214c4f64eb370f3cc8f9 DependenciesID=a1c880643f66737dcba840f1f7624e74 StaticDependenciesID=3240316cf51b915edfa8c157284b027f 
Number of updated asset objects reloaded before import = 0
Number of asset objects unloaded after import = 1
========================================================================
Received Import Request.
  Time of request: 2026-10-01T17:13:31.296568Z
  Time since last request: 0.0002639 seconds.
  importAddress: GUID: effce4cba4eecea489c4b17e1eb3825e - Path: Packages/com.unity.render-pipelines.universal/ShaderLibrary/SSAOCommon.hlsl - Importer: ScriptedImporter/UnityEditor.QuickSearchModule:UnityEditor.Search:ASIAI0B
Importing 'GUID: effce4cba4eecea489c4b17e1eb3825e - Path: Packages/com.unity.render-pipelines.universal/ShaderLibrary/SSAOCommon.hlsl - Importer: ScriptedImporter/UnityEditor.QuickSearchModule:UnityEditor.Search:ASIAI0B' with importer (ScriptedImporter : UnityEditor.QuickSearchModule:UnityEditor.Search:ASIAI0B)
Imported 'GUID: effce4cba4eecea489c4b17e1eb3825e' -> (Import Result ID: '9ca0b0ded34bf3e3c0bc935669b3a45d') in 0.002 seconds [static and dynamic dependencies]. Details - ImportResultOutputID=7d94deed73d5451aeb9c5f41610d79f8 DependenciesID=a4b0d34aec4702fdd124a3c6dc7fec6b StaticDependenciesID=5eaaa0c4d59555babbce16b9fa3a860d 
Number of updated asset objects reloaded before import = 0
Number of asset objects unloaded after import = 1
========================================================================
Received Import Request.
  Time of request: 2026-10-01T17:13:31.3056499Z
  Time since last request: 0.0002861 seconds.
  importAddress: GUID: 2bf17b1d7445af843ad939d7527d8938 - Path: Packages/com.unity.render-pipelines.universal/Shaders/FullscreenInvertColorsTemplate.png - Importer: ScriptedImporter/UnityEditor.QuickSearchModule:UnityEditor.Search:ASIAI0B
Importing 'GUID: 2bf17b1d7445af843ad939d7527d8938 - Path: Packages/com.unity.render-pipelines.universal/Shaders/FullscreenInvertColorsTemplate.png - Importer: ScriptedImporter/UnityEditor.QuickSearchModule:UnityEditor.Search:ASIAI0B' with importer (ScriptedImporter : UnityEditor.QuickSearchModule:UnityEditor.Search:ASIAI0B)
Imported 'GUID: 2bf17b1d7445af843ad939d7527d8938' -> (Import Result ID: '0e56f9d75535e2b9bface40085330f9b') in 0.004 seconds [static and dynamic dependencies]. Details - ImportResultOutputID=345a0e77bce64af81c6ec7fa4c5b1d18 DependenciesID=aa9b042a813fb48c8647ad0b08d4b966 StaticDependenciesID=24e13bb57ac384413e892022e3d5c7ec 
Number of updated asset objects reloaded before import = 0
Number of asset objects unloaded after import = 1
========================================================================
Received Import Request.
  Time of request: 2026-10-01T17:13:31.3166134Z
  Time since last request: 0.0003405 seconds.
  importAddress: GUID: 762f0a4829f44584ba01e2f0661150d9 - Path: Packages/com.unity.render-pipelines.universal/ShaderLibrary/Lighting.hlsl - Importer: ScriptedImporter/UnityEditor.QuickSearchModule:UnityEditor.Search:ASIAI0B
Importing 'GUID: 762f0a4829f44584ba01e2f0661150d9 - Path: Packages/com.unity.render-pipelines.universal/ShaderLibrary/Lighting.hlsl - Importer: ScriptedImporter/UnityEditor.QuickSearchModule:UnityEditor.Search:ASIAI0B' with importer (ScriptedImporter : UnityEditor.QuickSearchModule:UnityEditor.Search:ASIAI0B)
Imported 'GUID: 762f0a4829f44584ba01e2f0661150d9' -> (Import Result ID: 'dae3ee04eb45247bc545b3e4498a429c') in 0.001 seconds [static and dynamic dependencies]. Details - ImportResultOutputID=a32f47dbc022719f940da2d48b0dbd8b DependenciesID=90c0dfbbe8c63896e0657e49c3f632d5 StaticDependenciesID=68e7be23d213774a4eebc171e532ccd6 
Number of updated asset objects reloaded before import = 0
Number of asset objects unloaded after import = 1
========================================================================
Received Import Request.
  Time of request: 2026-10-01T17:13:31.324592Z
  Time since last request: 0.0002193 seconds.
  importAddress: GUID: 6d239a0044031854a817ab72a66ce766 - Path: Packages/com.unity.render-pipelines.universal/ShaderLibrary/ObjectMotionVectors.hlsl - Importer: ScriptedImporter/UnityEditor.QuickSearchModule:UnityEditor.Search:ASIAI0B
Importing 'GUID: 6d239a0044031854a817ab72a66ce766 - Path: Packages/com.unity.render-pipelines.universal/ShaderLibrary/ObjectMotionVectors.hlsl - Importer: ScriptedImporter/UnityEditor.QuickSearchModule:UnityEditor.Search:ASIAI0B' with importer (ScriptedImporter : UnityEditor.QuickSearchModule:UnityEditor.Search:ASIAI0B)
Imported 'GUID: 6d239a0044031854a817ab72a66ce766' -> (Import Result ID: '448c7bed74f7bdf94df1de699fcf2f51') in 0.002 seconds [static and dynamic dependencies]. Details - ImportResultOutputID=0c1790c13c071bd72ce4f97306c9324e DependenciesID=7163c426c5dd494f03246325aa188df5 StaticDependenciesID=395a919f540c0a5d2a2181f6c0ee7a40 
Number of updated asset objects reloaded before import = 0
Number of asset objects unloaded after import = 1
========================================================================
Received Import Request.
  Time of request: 2026-10-01T17:13:31.3336615Z
  Time since last request: 0.0002878 seconds.
  importAddress: GUID: 70003ec87ea6481a920369a377c1b623 - Path: Packages/com.unity.render-pipelines.universal/Shaders/BakedLitForwardPass.hlsl - Importer: ScriptedImporter/UnityEditor.QuickSearchModule:UnityEditor.Search:ASIAI0B
Importing 'GUID: 70003ec87ea6481a920369a377c1b623 - Path: Packages/com.unity.render-pipelines.universal/Shaders/BakedLitForwardPass.hlsl - Importer: ScriptedImporter/UnityEditor.QuickSearchModule:UnityEditor.Search:ASIAI0B' with importer (ScriptedImporter : UnityEditor.QuickSearchModule:UnityEditor.Search:ASIAI0B)
Imported 'GUID: 70003ec87ea6481a920369a377c1b623' -> (Import Result ID: '427ca1d25f5cc7ab388005da59a294fd') in 0.001 seconds [static and dynamic dependencies]. Details - ImportResultOutputID=f977b6b4b38a567c05629c33b657b7f0 DependenciesID=01c881ad62a9086b6b144f6a8f7025eb StaticDependenciesID=558d8fd27d930392abf25548a459a9ae 
Number of updated asset objects reloaded before import = 0
Number of asset objects unloaded after import = 1
========================================================================
Received Import Request.
  Time of request: 2026-10-01T17:13:31.3489564Z
  Time since last request: 0.0070409 seconds.
  importAddress: GUID: c2fe41a21634ebe40a7786f6472b3cac - Path: Packages/com.unity.render-pipelines.universal/Editor/2D/Renderer2DDataEditor.cs - Importer: ScriptedImporter/UnityEditor.QuickSearchModule:UnityEditor.Search:ASIAI0B
Importing 'GUID: c2fe41a21634ebe40a7786f6472b3cac - Path: Packages/com.unity.render-pipelines.universal/Editor/2D/Renderer2DDataEditor.cs - Importer: ScriptedImporter/UnityEditor.QuickSearchModule:UnityEditor.Search:ASIAI0B' with importer (ScriptedImporter : UnityEditor.QuickSearchModule:UnityEditor.Search:ASIAI0B)
Imported 'GUID: c2fe41a21634ebe40a7786f6472b3cac' -> (Import Result ID: '4fce8bf9458d4d50909ea40eea667e2e') in 0.002 seconds [static and dynamic dependencies]. Details - ImportResultOutputID=fc0740826a05fc0e72e79f18297ab2bb DependenciesID=08d0bfdcb37136d5308c6c96d9410bba StaticDependenciesID=870c2c3048174dd553d78b439230754d 
Number of updated asset objects reloaded before import = 0
Number of asset objects unloaded after import = 0
========================================================================
Received Import Request.
  Time of request: 2026-10-01T17:13:31.3571508Z
  Time since last request: 0.0005192 seconds.
  importAddress: GUID: 42eb65042d6a95942a0e667ce8fcd209 - Path: Packages/com.unity.render-pipelines.universal/Editor/AssetPostProcessors/SketchupMaterialDescriptionPostprocessor.cs - Importer: ScriptedImporter/UnityEditor.QuickSearchModule:UnityEditor.Search:ASIAI0B
Importing 'GUID: 42eb65042d6a95942a0e667ce8fcd209 - Path: Packages/com.unity.render-pipelines.universal/Editor/AssetPostProcessors/SketchupMaterialDescriptionPostprocessor.cs - Importer: ScriptedImporter/UnityEditor.QuickSearchModule:UnityEditor.Search:ASIAI0B' with importer (ScriptedImporter : UnityEditor.QuickSearchModule:UnityEditor.Search:ASIAI0B)
Imported 'GUID: 42eb65042d6a95942a0e667ce8fcd209' -> (Import Result ID: '9492dea86612b70eab0bcab13304036f') in 0.002 seconds [static and dynamic dependencies]. Details - ImportResultOutputID=07287f76d94f7791a7970ece61bfb285 DependenciesID=a0b2b754287607068b5d82fea8b9af88 StaticDependenciesID=08cbda66605bc063a48d1c2e4d491e30 
Number of updated asset objects reloaded before import = 0
Number of asset objects unloaded after import = 0
========================================================================
Received Import Request.
  Time of request: 2026-10-01T17:13:31.3652367Z
  Time since last request: 0.000451 seconds.
  importAddress: GUID: c22659d508770e94b9278d8f089e40b8 - Path: Packages/com.unity.render-pipelines.universal/Editor/AssetPostProcessors/ModelPostProcessor.cs - Importer: ScriptedImporter/UnityEditor.QuickSearchModule:UnityEditor.Search:ASIAI0B
Importing 'GUID: c22659d508770e94b9278d8f089e40b8 - Path: Packages/com.unity.render-pipelines.universal/Editor/AssetPostProcessors/ModelPostProcessor.cs - Importer: ScriptedImporter/UnityEditor.QuickSearchModule:UnityEditor.Search:ASIAI0B' with importer (ScriptedImporter : UnityEditor.QuickSearchModule:UnityEditor.Search:ASIAI0B)
Imported 'GUID: c22659d508770e94b9278d8f089e40b8' -> (Import Result ID: '34643d2a243cf86ec5124367e8ca060a') in 0.001 seconds [static and dynamic dependencies]. Details - ImportResultOutputID=91cd23ff0c9c2814fac01de0cf329a74 DependenciesID=d7dabcb8ea7edfbe229bc039ba6bfae0 StaticDependenciesID=78e897533d52f8ad9c5987a7fcc96437 
Number of updated asset objects reloaded before import = 0
Number of asset objects unloaded after import = 0
========================================================================
Received Import Request.
  Time of request: 2026-10-01T17:13:31.3748921Z
  Time since last request: 0.0002793 seconds.
  importAddress: GUID: f0d43cb9fde29bd4cb1e030ee98868ff - Path: Packages/com.unity.render-pipelines.universal/Editor/AssetPostProcessors/ThreeDSMaterialDescriptionPostprocessor.cs - Importer: ScriptedImporter/UnityEditor.QuickSearchModule:UnityEditor.Search:ASIAI0B
Importing 'GUID: f0d43cb9fde29bd4cb1e030ee98868ff - Path: Packages/com.unity.render-pipelines.universal/Editor/AssetPostProcessors/ThreeDSMaterialDescriptionPostprocessor.cs - Importer: ScriptedImporter/UnityEditor.QuickSearchModule:UnityEditor.Search:ASIAI0B' with importer (ScriptedImporter : UnityEditor.QuickSearchModule:UnityEditor.Search:ASIAI0B)
Imported 'GUID: f0d43cb9fde29bd4cb1e030ee98868ff' -> (Import Result ID: '8071b6ce524f391e13094dc4f7f3ef47') in 0.001 seconds [static and dynamic dependencies]. Details - ImportResultOutputID=8af7e3c9a1e4b22d1b01e727bc22ef04 DependenciesID=6aa6a65734fc1f6910a7ae9f1140c13f StaticDependenciesID=bc3ccfbcf9175bdb7f7480e7faa36393 
Number of updated asset objects reloaded before import = 0
Number of asset objects unloaded after import = 0
========================================================================
Received Import Request.
  Time of request: 2026-10-01T17:13:31.3829335Z
  Time since last request: 0.0002538 seconds.
  importAddress: GUID: b68aaae4e9af09d4d965e4cc2f6c8fcd - Path: Packages/com.unity.render-pipelines.universal/Editor/Camera/UniversalRenderPipelineCameraUI.Environment.Drawers.cs - Importer: ScriptedImporter/UnityEditor.QuickSearchModule:UnityEditor.Search:ASIAI0B
Importing 'GUID: b68aaae4e9af09d4d965e4cc2f6c8fcd - Path: Packages/com.unity.render-pipelines.universal/Editor/Camera/UniversalRenderPipelineCameraUI.Environment.Drawers.cs - Importer: ScriptedImporter/UnityEditor.QuickSearchModule:UnityEditor.Search:ASIAI0B' with importer (ScriptedImporter : UnityEditor.QuickSearchModule:UnityEditor.Search:ASIAI0B)
Imported 'GUID: b68aaae4e9af09d4d965e4cc2f6c8fcd' -> (Import Result ID: '19608ea6a7da56c1338a3f1f6349f8c1') in 0.002 seconds [static and dynamic dependencies]. Details - ImportResultOutputID=abff92545606f8d8a3a4daa52ecd939d DependenciesID=9fc8cc0bbb24989746bce7eeed70150a StaticDependenciesID=912d808561904b91d17831a73b3fae6e 
Number of updated asset objects reloaded before import = 0
Number of asset objects unloaded after import = 0
========================================================================
Received Import Request.
  Time of request: 2026-10-01T17:13:31.3909122Z
  Time since last request: 0.0002203 seconds.
  importAddress: GUID: fce2d726a9fb304408cfa649e000006f - Path: Packages/com.unity.render-pipelines.universal/Editor/BuildProcessors/URPProcessScene.cs - Importer: ScriptedImporter/UnityEditor.QuickSearchModule:UnityEditor.Search:ASIAI0B
Importing 'GUID: fce2d726a9fb304408cfa649e000006f - Path: Packages/com.unity.render-pipelines.universal/Editor/BuildProcessors/URPProcessScene.cs - Importer: ScriptedImporter/UnityEditor.QuickSearchModule:UnityEditor.Search:ASIAI0B' with importer (ScriptedImporter : UnityEditor.QuickSearchModule:UnityEditor.Search:ASIAI0B)
Imported 'GUID: fce2d726a9fb304408cfa649e000006f' -> (Import Result ID: '4d74b602cf2ec0ece8908eb77b5718fc') in 0.003 seconds [static and dynamic dependencies]. Details - ImportResultOutputID=ae3fc1aed9544f77b4adb108c216cb54 DependenciesID=c9e51194a83e3919bf132a22db47d89a StaticDependenciesID=edc04ddb30a31c1313029fc8e0bb63ec 
Number of updated asset objects reloaded before import = 0
Number of asset objects unloaded after import = 0
========================================================================
Received Import Request.
  Time of request: 2026-10-01T17:13:31.3999487Z
  Time since last request: 0.0003097 seconds.
  importAddress: GUID: fa9bd1f1c8ee9a146bdfb156e304bd33 - Path: Packages/com.unity.render-pipelines.universal/Editor/AssetPostProcessors/FBXArnoldSurfaceMaterialDescriptionPreprocessor.cs - Importer: ScriptedImporter/UnityEditor.QuickSearchModule:UnityEditor.Search:ASIAI0B
Importing 'GUID: fa9bd1f1c8ee9a146bdfb156e304bd33 - Path: Packages/com.unity.render-pipelines.universal/Editor/AssetPostProcessors/FBXArnoldSurfaceMaterialDescriptionPreprocessor.cs - Importer: ScriptedImporter/UnityEditor.QuickSearchModule:UnityEditor.Search:ASIAI0B' with importer (ScriptedImporter : UnityEditor.QuickSearchModule:UnityEditor.Search:ASIAI0B)
Imported 'GUID: fa9bd1f1c8ee9a146bdfb156e304bd33' -> (Import Result ID: 'ea1398e42ed7fee5f1c71ed3cbdc0fdd') in 0.002 seconds [static and dynamic dependencies]. Details - ImportResultOutputID=a6659376af32ff264c7b9be3e52e47b2 DependenciesID=9cac6895c2b03f9a129df78f29cbb702 StaticDependenciesID=6b94a00f912f8d1ab4d58b96be57a746 
Number of updated asset objects reloaded before import = 0
Number of asset objects unloaded after import = 0
========================================================================
Received Import Request.
  Time of request: 2026-10-01T17:13:31.4079195Z
  Time since last request: 0.0002438 seconds.
  importAddress: GUID: 26a413214480ef144b2915d6ff4d0beb - Path: Packages/com.unity.render-pipelines.universal/Textures/DebugFont.tga - Importer: ScriptedImporter/UnityEditor.QuickSearchModule:UnityEditor.Search:ASIAI0B
Importing 'GUID: 26a413214480ef144b2915d6ff4d0beb - Path: Packages/com.unity.render-pipelines.universal/Textures/DebugFont.tga - Importer: ScriptedImporter/UnityEditor.QuickSearchModule:UnityEditor.Search:ASIAI0B' with importer (ScriptedImporter : UnityEditor.QuickSearchModule:UnityEditor.Search:ASIAI0B)
Imported 'GUID: 26a413214480ef144b2915d6ff4d0beb' -> (Import Result ID: 'fc983c9ff3f5d8825c636514c6618f41') in 0.003 seconds [static and dynamic dependencies]. Details - ImportResultOutputID=038f1c279573063f36e8e43e5e3b6fdd DependenciesID=c62c1a03c248f9909446a05a5e6f1d9c StaticDependenciesID=dd5f25e7098f4ed60de4ae5665417e06 
Number of updated asset objects reloaded before import = 0
Number of asset objects unloaded after import = 1
========================================================================
Received Import Request.
  Time of request: 2026-10-01T17:13:31.4176231Z
  Time since last request: 0.0002777 seconds.
  importAddress: GUID: c2bef50bb856f744080489123f6b3f84 - Path: Packages/com.unity.render-pipelines.universal/Editor/2D/Light2DEditor.cs - Importer: ScriptedImporter/UnityEditor.QuickSearchModule:UnityEditor.Search:ASIAI0B
Importing 'GUID: c2bef50bb856f744080489123f6b3f84 - Path: Packages/com.unity.render-pipelines.universal/Editor/2D/Light2DEditor.cs - Importer: ScriptedImporter/UnityEditor.QuickSearchModule:UnityEditor.Search:ASIAI0B' with importer (ScriptedImporter : UnityEditor.QuickSearchModule:UnityEditor.Search:ASIAI0B)
Imported 'GUID: c2bef50bb856f744080489123f6b3f84' -> (Import Result ID: '13f769056e2222d4b91f9b241c31af76') in 0.002 seconds [static and dynamic dependencies]. Details - ImportResultOutputID=e95f0e9247a1762b439ca798f4914bd3 DependenciesID=651bf3a9314f0e169c787c402eb743a4 StaticDependenciesID=77f7003ac89f14be080d1d7f3cd479d7 
Number of updated asset objects reloaded before import = 0
Number of asset objects unloaded after import = 0
========================================================================
Received Import Request.
  Time of request: 2026-10-01T17:13:31.4364171Z
  Time since last request: 0.0109884 seconds.
  importAddress: GUID: fefa3225845aff645942c8eba16d5977 - Path: Packages/com.unity.render-pipelines.universal/Editor/Overrides/ScreenSpaceAmbientOcclusionVolumeEditor.cs - Importer: ScriptedImporter/UnityEditor.QuickSearchModule:UnityEditor.Search:ASIAI0B
Importing 'GUID: fefa3225845aff645942c8eba16d5977 - Path: Packages/com.unity.render-pipelines.universal/Editor/Overrides/ScreenSpaceAmbientOcclusionVolumeEditor.cs - Importer: ScriptedImporter/UnityEditor.QuickSearchModule:UnityEditor.Search:ASIAI0B' with importer (ScriptedImporter : UnityEditor.QuickSearchModule:UnityEditor.Search:ASIAI0B)
Imported 'GUID: fefa3225845aff645942c8eba16d5977' -> (Import Result ID: 'e69fc067c01eae1046d630878b9872e5') in 0.001 seconds [static and dynamic dependencies]. Details - ImportResultOutputID=df15d9f8c44ae6b4c433ac168eff71ef DependenciesID=fcd172f83f92080cce9b9d9222f92d7c StaticDependenciesID=7d4c0b0a0b15d9bb1b12004c87b671d0 
Number of updated asset objects reloaded before import = 0
Number of asset objects unloaded after import = 0
========================================================================
Received Import Request.
  Time of request: 2026-10-01T17:13:31.4447081Z
  Time since last request: 0.0003493 seconds.
  importAddress: GUID: ed534566ab68d00408f22fdba23b0848 - Path: Packages/com.unity.render-pipelines.universal/Editor/Decal/DisplacableRectHandles.cs - Importer: ScriptedImporter/UnityEditor.QuickSearchModule:UnityEditor.Search:ASIAI0B
Importing 'GUID: ed534566ab68d00408f22fdba23b0848 - Path: Packages/com.unity.render-pipelines.universal/Editor/Decal/DisplacableRectHandles.cs - Importer: ScriptedImporter/UnityEditor.QuickSearchModule:UnityEditor.Search:ASIAI0B' with importer (ScriptedImporter : UnityEditor.QuickSearchModule:UnityEditor.Search:ASIAI0B)
Imported 'GUID: ed534566ab68d00408f22fdba23b0848' -> (Import Result ID: '28dbe750f0b74156ab358fd188c65abb') in 0.002 seconds [static and dynamic dependencies]. Details - ImportResultOutputID=6b3c30709a285052b589e7051bb178c3 DependenciesID=9375472fb9c797385962560a48eb3db5 StaticDependenciesID=cd555623969ee049f89159f911803bd5 
Number of updated asset objects reloaded before import = 0
Number of asset objects unloaded after import = 0
========================================================================
Received Import Request.
  Time of request: 2026-10-01T17:13:31.4534833Z
  Time since last request: 0.0001939 seconds.
  importAddress: GUID: 434049f27d9ec4c049092928038efbd3 - Path: Packages/com.unity.render-pipelines.universal/Editor/RendererFeatures/FullScreenPassRendererFeatureEditor.cs - Importer: ScriptedImporter/UnityEditor.QuickSearchModule:UnityEditor.Search:ASIAI0B
Importing 'GUID: 434049f27d9ec4c049092928038efbd3 - Path: Packages/com.unity.render-pipelines.universal/Editor/RendererFeatures/FullScreenPassRendererFeatureEditor.cs - Importer: ScriptedImporter/UnityEditor.QuickSearchModule:UnityEditor.Search:ASIAI0B' with importer (ScriptedImporter : UnityEditor.QuickSearchModule:UnityEditor.Search:ASIAI0B)
Imported 'GUID: 434049f27d9ec4c049092928038efbd3' -> (Import Result ID: '351b0b7704b03b211f0099a7f3c3b0b0') in 0.001 seconds [static and dynamic dependencies]. Details - ImportResultOutputID=3600cd3f6d1e3bdcdfe55ed075107b96 DependenciesID=27f7077c671722339936d1ae97ee5095 StaticDependenciesID=7e8f7415e05bbcf127a0714e3e60a28f 
Number of updated asset objects reloaded before import = 0
Number of asset objects unloaded after import = 0
========================================================================
Received Import Request.
  Time of request: 2026-10-01T17:13:31.4623977Z
  Time since last request: 0.0003085 seconds.
  importAddress: GUID: 069b974b59070ea4ea9d39e27dcd7784 - Path: Packages/com.unity.render-pipelines.universal/Editor/Overrides/ScreenSpaceLensFlareEditor.cs - Importer: ScriptedImporter/UnityEditor.QuickSearchModule:UnityEditor.Search:ASIAI0B
Importing 'GUID: 069b974b59070ea4ea9d39e27dcd7784 - Path: Packages/com.unity.render-pipelines.universal/Editor/Overrides/ScreenSpaceLensFlareEditor.cs - Importer: ScriptedImporter/UnityEditor.QuickSearchModule:UnityEditor.Search:ASIAI0B' with importer (ScriptedImporter : UnityEditor.QuickSearchModule:UnityEditor.Search:ASIAI0B)
Imported 'GUID: 069b974b59070ea4ea9d39e27dcd7784' -> (Import Result ID: '70587676f0315cf30f39e4aa51acc68f') in 0.002 seconds [static and dynamic dependencies]. Details - ImportResultOutputID=322cb7b83bfe558023d135b48e7de44c DependenciesID=39e495bec9bcb88c26ff2f2b2f7e4208 StaticDependenciesID=0a2d9e97a469ff5351d20b44cf83ff5b 
Number of updated asset objects reloaded before import = 0
Number of asset objects unloaded after import = 0
========================================================================
Received Import Request.
  Time of request: 2026-10-01T17:13:31.4724694Z
  Time since last request: 0.0002609 seconds.
  importAddress: GUID: 24b1fe14c2b41d6489a7e7819483df6b - Path: Packages/com.unity.render-pipelines.universal/Editor/Gizmos/Camera_Base.png - Importer: ScriptedImporter/UnityEditor.QuickSearchModule:UnityEditor.Search:ASIAI0B
Importing 'GUID: 24b1fe14c2b41d6489a7e7819483df6b - Path: Packages/com.unity.render-pipelines.universal/Editor/Gizmos/Camera_Base.png - Importer: ScriptedImporter/UnityEditor.QuickSearchModule:UnityEditor.Search:ASIAI0B' with importer (ScriptedImporter : UnityEditor.QuickSearchModule:UnityEditor.Search:ASIAI0B)
Imported 'GUID: 24b1fe14c2b41d6489a7e7819483df6b' -> (Import Result ID: '70e2fc27285d589c9208b42d67a4a362') in 0.003 seconds [static and dynamic dependencies]. Details - ImportResultOutputID=8c765adac12d0d567e337edb4642dce5 DependenciesID=fc2d5c26f0a1928f9c1cbb07fe3c1b4e StaticDependenciesID=b8976a0321a8f135a5f2c4eda603492e 
Number of updated asset objects reloaded before import = 0
Number of asset objects unloaded after import = 1
========================================================================
Received Import Request.
  Time of request: 2026-10-01T17:13:31.4838184Z
  Time since last request: 0.0003117 seconds.
  importAddress: GUID: 5cae0d87369a2405eaa962b8d920b947 - Path: Packages/com.unity.render-pipelines.universal/Editor/SceneTemplates/Standard.unity - Importer: ScriptedImporter/UnityEditor.QuickSearchModule:UnityEditor.Search:ASIAI0B
Importing 'GUID: 5cae0d87369a2405eaa962b8d920b947 - Path: Packages/com.unity.render-pipelines.universal/Editor/SceneTemplates/Standard.unity - Importer: ScriptedImporter/UnityEditor.QuickSearchModule:UnityEditor.Search:ASIAI0B' with importer (ScriptedImporter : UnityEditor.QuickSearchModule:UnityEditor.Search:ASIAI0B)
Imported 'GUID: 5cae0d87369a2405eaa962b8d920b947' -> (Import Result ID: 'fbd8d5bb475a4419384dc1970fd809ac') in 0.002 seconds [static and dynamic dependencies]. Details - ImportResultOutputID=641a22d13853d4b710bbc10194440cb4 DependenciesID=bbfaf2c43ea2e84cb4d74760a9a694c5 StaticDependenciesID=42fd54ba64af2169518cf4b0cfb60017 
Number of updated asset objects reloaded before import = 0
Number of asset objects unloaded after import = 1
========================================================================
Received Import Request.
  Time of request: 2026-10-01T17:13:31.4928217Z
  Time since last request: 0.0001414 seconds.
  importAddress: GUID: 2f447f3361e81db4cb24d35be94da7c6 - Path: Packages/com.unity.render-pipelines.universal/Editor/Lighting/UniversalRenderPipelineLightUI.Skin.cs - Importer: ScriptedImporter/UnityEditor.QuickSearchModule:UnityEditor.Search:ASIAI0B
Importing 'GUID: 2f447f3361e81db4cb24d35be94da7c6 - Path: Packages/com.unity.render-pipelines.universal/Editor/Lighting/UniversalRenderPipelineLightUI.Skin.cs - Importer: ScriptedImporter/UnityEditor.QuickSearchModule:UnityEditor.Search:ASIAI0B' with importer (ScriptedImporter : UnityEditor.QuickSearchModule:UnityEditor.Search:ASIAI0B)
Imported 'GUID: 2f447f3361e81db4cb24d35be94da7c6' -> (Import Result ID: '44d7486a309b2715cdee9c0a287a6a20') in 0.001 seconds [static and dynamic dependencies]. Details - ImportResultOutputID=dc17565e4a96bf1ccf5e95f3a970d763 DependenciesID=ab267ce471976c1ea8f7b13d7cc17f47 StaticDependenciesID=f8cf8ed9458296bb13bd3a28b2591f06 
Number of updated asset objects reloaded before import = 0
Number of asset objects unloaded after import = 0
========================================================================
Received Import Request.
  Time of request: 2026-10-01T17:13:31.5022314Z
  Time since last request: 0.00028 seconds.
  importAddress: GUID: 5faac1f019b9d88418c3721b7845b4d2 - Path: Packages/com.unity.render-pipelines.universal/Editor/ShaderGUI/BaseShaderGUI.cs - Importer: ScriptedImporter/UnityEditor.QuickSearchModule:UnityEditor.Search:ASIAI0B
Importing 'GUID: 5faac1f019b9d88418c3721b7845b4d2 - Path: Packages/com.unity.render-pipelines.universal/Editor/ShaderGUI/BaseShaderGUI.cs - Importer: ScriptedImporter/UnityEditor.QuickSearchModule:UnityEditor.Search:ASIAI0B' with importer (ScriptedImporter : UnityEditor.QuickSearchModule:UnityEditor.Search:ASIAI0B)
Imported 'GUID: 5faac1f019b9d88418c3721b7845b4d2' -> (Import Result ID: 'b651461fc9b0f39e8d8f1db0b5a01301') in 0.001 seconds [static and dynamic dependencies]. Details - ImportResultOutputID=dcb8f22964b52ca67f2a1df2bf0bdced DependenciesID=6c099b02ea10dac93327566aa264ff9e StaticDependenciesID=4d1e1641ffb236cc5b610f245756e053 
Number of updated asset objects reloaded before import = 0
Number of asset objects unloaded after import = 0
========================================================================
Received Import Request.
  Time of request: 2026-10-01T17:13:31.5098391Z
  Time since last request: 0.0002165 seconds.
  importAddress: GUID: 916f43e9d8e15c448a2c8a5d30b26dbd - Path: Packages/com.unity.render-pipelines.universal/Editor/Gizmos/Camera_PostProcessing.png - Importer: ScriptedImporter/UnityEditor.QuickSearchModule:UnityEditor.Search:ASIAI0B
Importing 'GUID: 916f43e9d8e15c448a2c8a5d30b26dbd - Path: Packages/com.unity.render-pipelines.universal/Editor/Gizmos/Camera_PostProcessing.png - Importer: ScriptedImporter/UnityEditor.QuickSearchModule:UnityEditor.Search:ASIAI0B' with importer (ScriptedImporter : UnityEditor.QuickSearchModule:UnityEditor.Search:ASIAI0B)
Imported 'GUID: 916f43e9d8e15c448a2c8a5d30b26dbd' -> (Import Result ID: '8ef736f040bfa87823ac1dbbcfcf293a') in 0.003 seconds [static and dynamic dependencies]. Details - ImportResultOutputID=e3acad549f6462840b80be7aa9bd1530 DependenciesID=3c2819b6bac872388644443f412b724d StaticDependenciesID=6369b67e6f452a6ffa10870677ea39ab 
Number of updated asset objects reloaded before import = 0
Number of asset objects unloaded after import = 1
========================================================================
Received Import Request.
  Time of request: 2026-10-01T17:13:31.5419826Z
  Time since last request: 0.021731 seconds.
  importAddress: GUID: f2216b7cb5772784daf9ad851edda832 - Path: Packages/com.unity.render-pipelines.universal/Editor/ShaderGUI/TerrainLitShaderGUI.cs - Importer: ScriptedImporter/UnityEditor.QuickSearchModule:UnityEditor.Search:ASIAI0B
Importing 'GUID: f2216b7cb5772784daf9ad851edda832 - Path: Packages/com.unity.render-pipelines.universal/Editor/ShaderGUI/TerrainLitShaderGUI.cs - Importer: ScriptedImporter/UnityEditor.QuickSearchModule:UnityEditor.Search:ASIAI0B' with importer (ScriptedImporter : UnityEditor.QuickSearchModule:UnityEditor.Search:ASIAI0B)
Imported 'GUID: f2216b7cb5772784daf9ad851edda832' -> (Import Result ID: 'f74b1ec1b17811c0213713c54a1ed6b4') in 0.002 seconds [static and dynamic dependencies]. Details - ImportResultOutputID=5b4d060c44cc124a21b7c362f4111e22 DependenciesID=42f8eb9c9d6ef46028fd0072ab32630e StaticDependenciesID=a7d38e89b35e12a7fd4864205f8b0ffe 
Number of updated asset objects reloaded before import = 0
Number of asset objects unloaded after import = 0
========================================================================
Received Import Request.
  Time of request: 2026-10-01T17:13:31.55196Z
  Time since last request: 0.000194 seconds.
  importAddress: GUID: 67e030bdec7407b439d6442945b428ce - Path: Packages/com.unity.render-pipelines.universal/Runtime/Decal/DecalShaderPassNames.cs - Importer: ScriptedImporter/UnityEditor.QuickSearchModule:UnityEditor.Search:ASIAI0B
Importing 'GUID: 67e030bdec7407b439d6442945b428ce - Path: Packages/com.unity.render-pipelines.universal/Runtime/Decal/DecalShaderPassNames.cs - Importer: ScriptedImporter/UnityEditor.QuickSearchModule:UnityEditor.Search:ASIAI0B' with importer (ScriptedImporter : UnityEditor.QuickSearchModule:UnityEditor.Search:ASIAI0B)
Imported 'GUID: 67e030bdec7407b439d6442945b428ce' -> (Import Result ID: 'c4f0d37a2d3393ebeba9bc813524b4aa') in 0.002 seconds [static and dynamic dependencies]. Details - ImportResultOutputID=c96dfdd3db402c69e628e373a57b16cd DependenciesID=8d40e443bc806bb9afce8d6eee6ffc62 StaticDependenciesID=3db0517de03a0cf49d4bb4e6a3c234d7 
Number of updated asset objects reloaded before import = 0
Number of asset objects unloaded after import = 0
========================================================================
Received Import Request.
  Time of request: 2026-10-01T17:13:31.5606445Z
  Time since last request: 0.0002173 seconds.
  importAddress: GUID: 83bc5fbf6e315ae428ce1e7df0eb88bd - Path: Packages/com.unity.render-pipelines.universal/Editor/UniversalRenderPipelineAsset/SerializedUniversalRenderPipelineAsset.cs - Importer: ScriptedImporter/UnityEditor.QuickSearchModule:UnityEditor.Search:ASIAI0B
Importing 'GUID: 83bc5fbf6e315ae428ce1e7df0eb88bd - Path: Packages/com.unity.render-pipelines.universal/Editor/UniversalRenderPipelineAsset/SerializedUniversalRenderPipelineAsset.cs - Importer: ScriptedImporter/UnityEditor.QuickSearchModule:UnityEditor.Search:ASIAI0B' with importer (ScriptedImporter : UnityEditor.QuickSearchModule:UnityEditor.Search:ASIAI0B)
Imported 'GUID: 83bc5fbf6e315ae428ce1e7df0eb88bd' -> (Import Result ID: '8045da970733f6409df22670e554a642') in 0.002 seconds [static and dynamic dependencies]. Details - ImportResultOutputID=8de501b86fa262c4c586642f53c6e79c DependenciesID=956a2f659c1bcf18fdbef2aa56b61240 StaticDependenciesID=2bd7f1099ba832f6e10e4238381d75b1 
Number of updated asset objects reloaded before import = 0
Number of asset objects unloaded after import = 0
========================================================================
Received Import Request.
  Time of request: 2026-10-01T17:13:31.5709263Z
  Time since last request: 0.0002466 seconds.
  importAddress: GUID: 6f1482d9a0a18492f96f7cae7df31add - Path: Packages/com.unity.render-pipelines.universal/Runtime/Debug/DebugDisplaySettingsRendering.cs - Importer: ScriptedImporter/UnityEditor.QuickSearchModule:UnityEditor.Search:ASIAI0B
Importing 'GUID: 6f1482d9a0a18492f96f7cae7df31add - Path: Packages/com.unity.render-pipelines.universal/Runtime/Debug/DebugDisplaySettingsRendering.cs - Importer: ScriptedImporter/UnityEditor.QuickSearchModule:UnityEditor.Search:ASIAI0B' with importer (ScriptedImporter : UnityEditor.QuickSearchModule:UnityEditor.Search:ASIAI0B)
Imported 'GUID: 6f1482d9a0a18492f96f7cae7df31add' -> (Import Result ID: '145e0d6354a9604a46b1245c10f32450') in 0.002 seconds [static and dynamic dependencies]. Details - ImportResultOutputID=ac06fb4285ea74187328cb0481834722 DependenciesID=34c04ea4eb61c62bdaa3ae8c7b4b0d04 StaticDependenciesID=cc95bc314f441a855404f4f5fff5aaf5 
Number of updated asset objects reloaded before import = 0
Number of asset objects unloaded after import = 0
========================================================================
Received Import Request.
  Time of request: 2026-10-01T17:13:31.5811095Z
  Time since last request: 0.0002669 seconds.
  importAddress: GUID: 2792d18b8e6d4d141af28c77268cced7 - Path: Packages/com.unity.render-pipelines.universal/Runtime/Debug/UniversalRenderPipelineDebugDisplaySettings.cs - Importer: ScriptedImporter/UnityEditor.QuickSearchModule:UnityEditor.Search:ASIAI0B
Importing 'GUID: 2792d18b8e6d4d141af28c77268cced7 - Path: Packages/com.unity.render-pipelines.universal/Runtime/Debug/UniversalRenderPipelineDebugDisplaySettings.cs - Importer: ScriptedImporter/UnityEditor.QuickSearchModule:UnityEditor.Search:ASIAI0B' with importer (ScriptedImporter : UnityEditor.QuickSearchModule:UnityEditor.Search:ASIAI0B)
Imported 'GUID: 2792d18b8e6d4d141af28c77268cced7' -> (Import Result ID: 'ce7052c09c58cda7870d3a04b9b2b250') in 0.001 seconds [static and dynamic dependencies]. Details - ImportResultOutputID=88c64d025ab2864eb83f4dbbfe9b3dbf DependenciesID=4857592343a07915479154324029c697 StaticDependenciesID=251be708a3bad42ca69fd3dbad33df0a 
Number of updated asset objects reloaded before import = 0
Number of asset objects unloaded after import = 0
========================================================================
Received Import Request.
  Time of request: 2026-10-01T17:13:31.588788Z
  Time since last request: 0.0001728 seconds.
  importAddress: GUID: 03143e7f435146a583815fb58bdbd8a2 - Path: Packages/com.unity.render-pipelines.universal/Runtime/Debug/UniversalRenderPipelineVolumeDebugSettings.deprecated.cs - Importer: ScriptedImporter/UnityEditor.QuickSearchModule:UnityEditor.Search:ASIAI0B
Importing 'GUID: 03143e7f435146a583815fb58bdbd8a2 - Path: Packages/com.unity.render-pipelines.universal/Runtime/Debug/UniversalRenderPipelineVolumeDebugSettings.deprecated.cs - Importer: ScriptedImporter/UnityEditor.QuickSearchModule:UnityEditor.Search:ASIAI0B' with importer (ScriptedImporter : UnityEditor.QuickSearchModule:UnityEditor.Search:ASIAI0B)
Imported 'GUID: 03143e7f435146a583815fb58bdbd8a2' -> (Import Result ID: '02da2ad755cb88bc519467516d1e0c68') in 0.001 seconds [static and dynamic dependencies]. Details - ImportResultOutputID=82f1f79c8a782c454e78272b0fae551f DependenciesID=8c353efbbcb330c4fe9dd8979a312969 StaticDependenciesID=777a522dd0397fa942d0058680d99124 
Number of updated asset objects reloaded before import = 0
Number of asset objects unloaded after import = 0
========================================================================
Received Import Request.
  Time of request: 2026-10-01T17:13:31.5965447Z
  Time since last request: 0.0006232 seconds.
  importAddress: GUID: e28016542c8e4854a545aa24a49c882e - Path: Packages/com.unity.render-pipelines.universal/Runtime/FrameData/UniversalCameraData.cs - Importer: ScriptedImporter/UnityEditor.QuickSearchModule:UnityEditor.Search:ASIAI0B
Importing 'GUID: e28016542c8e4854a545aa24a49c882e - Path: Packages/com.unity.render-pipelines.universal/Runtime/FrameData/UniversalCameraData.cs - Importer: ScriptedImporter/UnityEditor.QuickSearchModule:UnityEditor.Search:ASIAI0B' with importer (ScriptedImporter : UnityEditor.QuickSearchModule:UnityEditor.Search:ASIAI0B)
Imported 'GUID: e28016542c8e4854a545aa24a49c882e' -> (Import Result ID: 'f91ecadec0114d1696d208d1eb0570c1') in 0.003 seconds [static and dynamic dependencies]. Details - ImportResultOutputID=179e9effc6cd1650e23a39dd3dc8da98 DependenciesID=717e8f12298d79497a178a6c2b6e0695 StaticDependenciesID=906d330e695a00592b64a695286d5de5 
Number of updated asset objects reloaded before import = 0
Number of asset objects unloaded after import = 0
========================================================================
Received Import Request.
  Time of request: 2026-10-01T17:13:31.6057296Z
  Time since last request: 0.000211 seconds.
  importAddress: GUID: d35eb1420d1c3fa4586e6f55dfcc21fe - Path: Packages/com.unity.render-pipelines.universal/Runtime/2D/URP2D_CRC32.cs - Importer: ScriptedImporter/UnityEditor.QuickSearchModule:UnityEditor.Search:ASIAI0B
Importing 'GUID: d35eb1420d1c3fa4586e6f55dfcc21fe - Path: Packages/com.unity.render-pipelines.universal/Runtime/2D/URP2D_CRC32.cs - Importer: ScriptedImporter/UnityEditor.QuickSearchModule:UnityEditor.Search:ASIAI0B' with importer (ScriptedImporter : UnityEditor.QuickSearchModule:UnityEditor.Search:ASIAI0B)
Imported 'GUID: d35eb1420d1c3fa4586e6f55dfcc21fe' -> (Import Result ID: '4e5243472666e29acf183551f64b23de') in 0.001 seconds [static and dynamic dependencies]. Details - ImportResultOutputID=5750b3e7ce2d15f1835d5f18fecca3f2 DependenciesID=8943f6c117600dc28c6310bfa4e84e9b StaticDependenciesID=3110d5f8cb29df58678d9f1ba6acf013 
Number of updated asset objects reloaded before import = 0
Number of asset objects unloaded after import = 0
========================================================================
Received Import Request.
  Time of request: 2026-10-01T17:13:31.6146053Z
  Time since last request: 0.0003217 seconds.
  importAddress: GUID: e3df3f6511ee9d84fb93259d602ff2e5 - Path: Packages/com.unity.render-pipelines.universal/Runtime/Debug/DebugDisplaySettingsLighting.cs - Importer: ScriptedImporter/UnityEditor.QuickSearchModule:UnityEditor.Search:ASIAI0B
Importing 'GUID: e3df3f6511ee9d84fb93259d602ff2e5 - Path: Packages/com.unity.render-pipelines.universal/Runtime/Debug/DebugDisplaySettingsLighting.cs - Importer: ScriptedImporter/UnityEditor.QuickSearchModule:UnityEditor.Search:ASIAI0B' with importer (ScriptedImporter : UnityEditor.QuickSearchModule:UnityEditor.Search:ASIAI0B)
Imported 'GUID: e3df3f6511ee9d84fb93259d602ff2e5' -> (Import Result ID: '6cbf691c697db06bc363c48fd1fc0ee2') in 0.002 seconds [static and dynamic dependencies]. Details - ImportResultOutputID=f8c9a6eea055e6415ae2037122e2443c DependenciesID=6122354040c35cb5f9eed1e79aa2d3e6 StaticDependenciesID=269a15ec50da73f40df5f39290e33f74 
Number of updated asset objects reloaded before import = 0
Number of asset objects unloaded after import = 0
========================================================================
Received Import Request.
  Time of request: 2026-10-01T17:13:31.6468366Z
  Time since last request: 0.0234416 seconds.
  importAddress: GUID: 3e5bfeb218ab44b849bf614e7b230a7b - Path: Packages/com.unity.render-pipelines.universal/Runtime/History/SingleHistoryBase.cs - Importer: ScriptedImporter/UnityEditor.QuickSearchModule:UnityEditor.Search:ASIAI0B
Importing 'GUID: 3e5bfeb218ab44b849bf614e7b230a7b - Path: Packages/com.unity.render-pipelines.universal/Runtime/History/SingleHistoryBase.cs - Importer: ScriptedImporter/UnityEditor.QuickSearchModule:UnityEditor.Search:ASIAI0B' with importer (ScriptedImporter : UnityEditor.QuickSearchModule:UnityEditor.Search:ASIAI0B)
Imported 'GUID: 3e5bfeb218ab44b849bf614e7b230a7b' -> (Import Result ID: '80548cc4976506ed8b15fe72eae07a9e') in 0.001 seconds [static and dynamic dependencies]. Details - ImportResultOutputID=13a4c5fe4b8efe331ba4be93b0c4676b DependenciesID=8a945f2f0eaade27d0afb2b20aee29a3 StaticDependenciesID=153299218ca9b9d62081183182f25018 
Number of updated asset objects reloaded before import = 0
Number of asset objects unloaded after import = 0
========================================================================
Received Import Request.
  Time of request: 2026-10-01T17:13:31.6553799Z
  Time since last request: 0.000401 seconds.
  importAddress: GUID: a834bac5135fab746bc234ec665972de - Path: Packages/com.unity.render-pipelines.universal/Runtime/Passes/DrawScreenSpaceUIPass.cs - Importer: ScriptedImporter/UnityEditor.QuickSearchModule:UnityEditor.Search:ASIAI0B
Importing 'GUID: a834bac5135fab746bc234ec665972de - Path: Packages/com.unity.render-pipelines.universal/Runtime/Passes/DrawScreenSpaceUIPass.cs - Importer: ScriptedImporter/UnityEditor.QuickSearchModule:UnityEditor.Search:ASIAI0B' with importer (ScriptedImporter : UnityEditor.QuickSearchModule:UnityEditor.Search:ASIAI0B)
Imported 'GUID: a834bac5135fab746bc234ec665972de' -> (Import Result ID: '2f2fb6bfedc0c2a92e5037f069bf11bd') in 0.001 seconds [static and dynamic dependencies]. Details - ImportResultOutputID=16f10afb95b5196ec4f136cb0b8d5ab9 DependenciesID=47d8d6abd54f5d309a3f30d15d604010 StaticDependenciesID=1e2c2151f28ca182a0d82efc207270ef 
Number of updated asset objects reloaded before import = 0
Number of asset objects unloaded after import = 0
========================================================================
Received Import Request.
  Time of request: 2026-10-01T17:13:31.6646852Z
  Time since last request: 0.0002343 seconds.
  importAddress: GUID: 787a9a86657542348d1b4e9caece0a0e - Path: Packages/com.unity.render-pipelines.universal/Runtime/History/TaaHistory.cs - Importer: ScriptedImporter/UnityEditor.QuickSearchModule:UnityEditor.Search:ASIAI0B
Importing 'GUID: 787a9a86657542348d1b4e9caece0a0e - Path: Packages/com.unity.render-pipelines.universal/Runtime/History/TaaHistory.cs - Importer: ScriptedImporter/UnityEditor.QuickSearchModule:UnityEditor.Search:ASIAI0B' with importer (ScriptedImporter : UnityEditor.QuickSearchModule:UnityEditor.Search:ASIAI0B)
Imported 'GUID: 787a9a86657542348d1b4e9caece0a0e' -> (Import Result ID: '75944b72b7bcf49e715fa8d081a12735') in 0.002 seconds [static and dynamic dependencies]. Details - ImportResultOutputID=4de24dd2490ad303846882de8710110a DependenciesID=f76ad2594c59b77d1476564c205df8f7 StaticDependenciesID=1ebdcd98196d3e0c0a168be77746fd98 
Number of updated asset objects reloaded before import = 0
Number of asset objects unloaded after import = 0
========================================================================
Received Import Request.
  Time of request: 2026-10-01T17:13:31.6740519Z
  Time since last request: 0.0001712 seconds.
  importAddress: GUID: ccf1aba9553839d41ae37dd52e9ebcce - Path: Packages/com.unity.render-pipelines.universal/Runtime/Overrides/MotionBlur.cs - Importer: ScriptedImporter/UnityEditor.QuickSearchModule:UnityEditor.Search:ASIAI0B
Importing 'GUID: ccf1aba9553839d41ae37dd52e9ebcce - Path: Packages/com.unity.render-pipelines.universal/Runtime/Overrides/MotionBlur.cs - Importer: ScriptedImporter/UnityEditor.QuickSearchModule:UnityEditor.Search:ASIAI0B' with importer (ScriptedImporter : UnityEditor.QuickSearchModule:UnityEditor.Search:ASIAI0B)
Imported 'GUID: ccf1aba9553839d41ae37dd52e9ebcce' -> (Import Result ID: 'dbae74c4535f149ffba1e9ba7542df70') in 0.002 seconds [static and dynamic dependencies]. Details - ImportResultOutputID=533510c1923cceb4d7056b67342978cd DependenciesID=692b1d37ef841123d5a4fc8867ed87d2 StaticDependenciesID=6c0464c9706f5928a3f8b33d2e0d2282 
Number of updated asset objects reloaded before import = 0
Number of asset objects unloaded after import = 0
========================================================================
Received Import Request.
  Time of request: 2026-10-01T17:13:31.683209Z
  Time since last request: 0.0002098 seconds.
  importAddress: GUID: 4bcbfb254d9395f439b5d8a711e29acd - Path: Packages/com.unity.render-pipelines.universal/Runtime/Passes/HDRDebugViewPass.cs - Importer: ScriptedImporter/UnityEditor.QuickSearchModule:UnityEditor.Search:ASIAI0B
Importing 'GUID: 4bcbfb254d9395f439b5d8a711e29acd - Path: Packages/com.unity.render-pipelines.universal/Runtime/Passes/HDRDebugViewPass.cs - Importer: ScriptedImporter/UnityEditor.QuickSearchModule:UnityEditor.Search:ASIAI0B' with importer (ScriptedImporter : UnityEditor.QuickSearchModule:UnityEditor.Search:ASIAI0B)
Imported 'GUID: 4bcbfb254d9395f439b5d8a711e29acd' -> (Import Result ID: 'f2f6b51d1b32da20439f6d51651d031e') in 0.002 seconds [static and dynamic dependencies]. Details - ImportResultOutputID=80ccdcfb3c3db888d036e2393d78ca05 DependenciesID=1a483496344b2b6f87d4ef04d83d3490 StaticDependenciesID=8cb3a0a4ab9c1f09bf6b3e5824dc55b0 
Number of updated asset objects reloaded before import = 0
Number of asset objects unloaded after import = 0
========================================================================
Received Import Request.
  Time of request: 2026-10-01T17:13:31.6930831Z
  Time since last request: 0.0002229 seconds.
  importAddress: GUID: 1d258bcfb9f91794090920274896e493 - Path: Packages/com.unity.render-pipelines.universal/Runtime/Passes/DeferredPass.cs - Importer: ScriptedImporter/UnityEditor.QuickSearchModule:UnityEditor.Search:ASIAI0B
Importing 'GUID: 1d258bcfb9f91794090920274896e493 - Path: Packages/com.unity.render-pipelines.universal/Runtime/Passes/DeferredPass.cs - Importer: ScriptedImporter/UnityEditor.QuickSearchModule:UnityEditor.Search:ASIAI0B' with importer (ScriptedImporter : UnityEditor.QuickSearchModule:UnityEditor.Search:ASIAI0B)
Imported 'GUID: 1d258bcfb9f91794090920274896e493' -> (Import Result ID: '220b85ae9db080c0e3d6629bd3f63d1a') in 0.001 seconds [static and dynamic dependencies]. Details - ImportResultOutputID=6f050489f21f24f93b9d8823c706eeb8 DependenciesID=3b32a73ffd59885fe635c3033a8790c4 StaticDependenciesID=a8f6e3e69416ca0111c6969c215cfa0f 
Number of updated asset objects reloaded before import = 0
Number of asset objects unloaded after import = 0
========================================================================
Received Import Request.
  Time of request: 2026-10-01T17:13:31.7015762Z
  Time since last request: 0.0002811 seconds.
  importAddress: GUID: 0f5a9bd148c9a4a3198fdd2365b6e514 - Path: Packages/com.unity.render-pipelines.universal/Runtime/Passes/CapturePass.cs - Importer: ScriptedImporter/UnityEditor.QuickSearchModule:UnityEditor.Search:ASIAI0B
Importing 'GUID: 0f5a9bd148c9a4a3198fdd2365b6e514 - Path: Packages/com.unity.render-pipelines.universal/Runtime/Passes/CapturePass.cs - Importer: ScriptedImporter/UnityEditor.QuickSearchModule:UnityEditor.Search:ASIAI0B' with importer (ScriptedImporter : UnityEditor.QuickSearchModule:UnityEditor.Search:ASIAI0B)
Imported 'GUID: 0f5a9bd148c9a4a3198fdd2365b6e514' -> (Import Result ID: '09901b66c083ab26fa1da02b4fa80db6') in 0.002 seconds [static and dynamic dependencies]. Details - ImportResultOutputID=0a0b9931b7cca88823fc92cbeecb2c4d DependenciesID=4bc70aae3701aed7ea52b17a2117ca48 StaticDependenciesID=107cdc6dfc6fc0a2cf7f6b11ca0de074 
Number of updated asset objects reloaded before import = 0
Number of asset objects unloaded after import = 0
========================================================================
Received Import Request.
  Time of request: 2026-10-01T17:13:31.7105732Z
  Time since last request: 0.0003159 seconds.
  importAddress: GUID: d6268b3babfc1004c82ace3c407f46ef - Path: Packages/com.unity.render-pipelines.universal/Runtime/Passes/CopyDepthPass.cs - Importer: ScriptedImporter/UnityEditor.QuickSearchModule:UnityEditor.Search:ASIAI0B
Importing 'GUID: d6268b3babfc1004c82ace3c407f46ef - Path: Packages/com.unity.render-pipelines.universal/Runtime/Passes/CopyDepthPass.cs - Importer: ScriptedImporter/UnityEditor.QuickSearchModule:UnityEditor.Search:ASIAI0B' with importer (ScriptedImporter : UnityEditor.QuickSearchModule:UnityEditor.Search:ASIAI0B)
Imported 'GUID: d6268b3babfc1004c82ace3c407f46ef' -> (Import Result ID: '159b613220326f3ddcf8959c0ce61335') in 0.002 seconds [static and dynamic dependencies]. Details - ImportResultOutputID=c60765e05c9353b64c29ab54e6d9e876 DependenciesID=1c23cc3ee9ed8fd3ef7d63e9d82958af StaticDependenciesID=50e7e90a60e8cc25dca4c156a22ef2cb 
Number of updated asset objects reloaded before import = 0
Number of asset objects unloaded after import = 0
========================================================================
Received Import Request.
  Time of request: 2026-10-01T17:13:31.7184867Z
  Time since last request: 0.0002739 seconds.
  importAddress: GUID: 4ab9de92acc9d124bbc8f9b8e240d9c4 - Path: Packages/com.unity.render-pipelines.universal/Runtime/Passes/ColorGradingLutPass.cs - Importer: ScriptedImporter/UnityEditor.QuickSearchModule:UnityEditor.Search:ASIAI0B
Importing 'GUID: 4ab9de92acc9d124bbc8f9b8e240d9c4 - Path: Packages/com.unity.render-pipelines.universal/Runtime/Passes/ColorGradingLutPass.cs - Importer: ScriptedImporter/UnityEditor.QuickSearchModule:UnityEditor.Search:ASIAI0B' with importer (ScriptedImporter : UnityEditor.QuickSearchModule:UnityEditor.Search:ASIAI0B)
Imported 'GUID: 4ab9de92acc9d124bbc8f9b8e240d9c4' -> (Import Result ID: '3371a3e809bd7a8c62427ac7e8fd1d83') in 0.001 seconds [static and dynamic dependencies]. Details - ImportResultOutputID=7076ca7f056667cebcc4924d1540a153 DependenciesID=dc5720a5ef3a32394b4814646ffbe027 StaticDependenciesID=207e3afd0fe6fb99ed8593afadbd0aa2 
Number of updated asset objects reloaded before import = 0
Number of asset objects unloaded after import = 0
========================================================================
Received Import Request.
  Time of request: 2026-10-01T17:13:31.7391934Z
  Time since last request: 0.0134267 seconds.
  importAddress: GUID: 43a7ba8bc4aba4c199e05fe79d3f9bee - Path: Packages/com.unity.render-pipelines.universal/Runtime/RendererFeatures/DisallowMultipleRendererFeature.cs - Importer: ScriptedImporter/UnityEditor.QuickSearchModule:UnityEditor.Search:ASIAI0B
Importing 'GUID: 43a7ba8bc4aba4c199e05fe79d3f9bee - Path: Packages/com.unity.render-pipelines.universal/Runtime/RendererFeatures/DisallowMultipleRendererFeature.cs - Importer: ScriptedImporter/UnityEditor.QuickSearchModule:UnityEditor.Search:ASIAI0B' with importer (ScriptedImporter : UnityEditor.QuickSearchModule:UnityEditor.Search:ASIAI0B)
Imported 'GUID: 43a7ba8bc4aba4c199e05fe79d3f9bee' -> (Import Result ID: '2f3fd032d045dbc7eaab8b07f0c5661b') in 0.002 seconds [static and dynamic dependencies]. Details - ImportResultOutputID=4f83f735275a047d3501345d709dc6cd DependenciesID=ea8e01c66f9abc5de6cfebbcaccbc1d8 StaticDependenciesID=6d7a907bd7c2e8b85c53618cf0bf5a06 
Number of updated asset objects reloaded before import = 0
Number of asset objects unloaded after import = 0
========================================================================
Received Import Request.
  Time of request: 2026-10-01T17:13:31.7478432Z
  Time since last request: 0.0007118 seconds.
  importAddress: GUID: b1021b0cb21b45b7b3e8e22788703471 - Path: Packages/com.unity.render-pipelines.universal/Runtime/Tiling/TilingJob.cs - Importer: ScriptedImporter/UnityEditor.QuickSearchModule:UnityEditor.Search:ASIAI0B
Importing 'GUID: b1021b0cb21b45b7b3e8e22788703471 - Path: Packages/com.unity.render-pipelines.universal/Runtime/Tiling/TilingJob.cs - Importer: ScriptedImporter/UnityEditor.QuickSearchModule:UnityEditor.Search:ASIAI0B' with importer (ScriptedImporter : UnityEditor.QuickSearchModule:UnityEditor.Search:ASIAI0B)
Imported 'GUID: b1021b0cb21b45b7b3e8e22788703471' -> (Import Result ID: 'bd54a17ed2d4b4772ae098622dd6902b') in 0.002 seconds [static and dynamic dependencies]. Details - ImportResultOutputID=4a2a62483ae2454f6f6b5d10e8a156dc DependenciesID=4eb082052c41e1b12a2185d658e5f8ad StaticDependenciesID=0bba4f9d5a9e707dbc8053bc1cbeb535 
Number of updated asset objects reloaded before import = 0
Number of asset objects unloaded after import = 0
========================================================================
Received Import Request.
  Time of request: 2026-10-01T17:13:31.7561029Z
  Time since last request: 0.0003214 seconds.
  importAddress: GUID: 56d37d33776d0f44586207d08936dd58 - Path: Packages/com.unity.render-pipelines.universal/Runtime/Passes/XRDepthMotionPass.cs - Importer: ScriptedImporter/UnityEditor.QuickSearchModule:UnityEditor.Search:ASIAI0B
Importing 'GUID: 56d37d33776d0f44586207d08936dd58 - Path: Packages/com.unity.render-pipelines.universal/Runtime/Passes/XRDepthMotionPass.cs - Importer: ScriptedImporter/UnityEditor.QuickSearchModule:UnityEditor.Search:ASIAI0B' with importer (ScriptedImporter : UnityEditor.QuickSearchModule:UnityEditor.Search:ASIAI0B)
Imported 'GUID: 56d37d33776d0f44586207d08936dd58' -> (Import Result ID: '7b0b11aec1fc2987497278e73b8dfdef') in 0.002 seconds [static and dynamic dependencies]. Details - ImportResultOutputID=28f6c5abc0a6fcdaebfce40d6f077d4f DependenciesID=c80e8c805890c0f58b76b4a821dd04d4 StaticDependenciesID=dec897e4cf19c0bd524ac8fa8873e9fb 
Number of updated asset objects reloaded before import = 0
Number of asset objects unloaded after import = 0
========================================================================
Received Import Request.
  Time of request: 2026-10-01T17:13:31.7642935Z
  Time since last request: 0.0003775 seconds.
  importAddress: GUID: 666fd5e17c3205e469d806ca3f160378 - Path: Packages/com.unity.render-pipelines.universal/Runtime/RendererFeatures/FullScreenPassRendererFeature.migration.cs - Importer: ScriptedImporter/UnityEditor.QuickSearchModule:UnityEditor.Search:ASIAI0B
Importing 'GUID: 666fd5e17c3205e469d806ca3f160378 - Path: Packages/com.unity.render-pipelines.universal/Runtime/RendererFeatures/FullScreenPassRendererFeature.migration.cs - Importer: ScriptedImporter/UnityEditor.QuickSearchModule:UnityEditor.Search:ASIAI0B' with importer (ScriptedImporter : UnityEditor.QuickSearchModule:UnityEditor.Search:ASIAI0B)
Imported 'GUID: 666fd5e17c3205e469d806ca3f160378' -> (Import Result ID: '80969f54759496b90096c18a5a60d48e') in 0.001 seconds [static and dynamic dependencies]. Details - ImportResultOutputID=47f021d32844a044904027d200618f72 DependenciesID=22d964e97c443596c3eaa7725ba1e080 StaticDependenciesID=8edc9b3233ad307073f239fd6f0d4428 
Number of updated asset objects reloaded before import = 0
Number of asset objects unloaded after import = 0
========================================================================
Received Import Request.
  Time of request: 2026-10-01T17:13:31.7721933Z
  Time since last request: 0.0002039 seconds.
  importAddress: GUID: 9ac9bae9f40d7dc4a80dbf809b9544aa - Path: Packages/com.unity.render-pipelines.universal/Shaders/2D/RenderingLayerMask.shader - Importer: ScriptedImporter/UnityEditor.QuickSearchModule:UnityEditor.Search:ASIAI0B
Importing 'GUID: 9ac9bae9f40d7dc4a80dbf809b9544aa - Path: Packages/com.unity.render-pipelines.universal/Shaders/2D/RenderingLayerMask.shader - Importer: ScriptedImporter/UnityEditor.QuickSearchModule:UnityEditor.Search:ASIAI0B' with importer (ScriptedImporter : UnityEditor.QuickSearchModule:UnityEditor.Search:ASIAI0B)
Imported 'GUID: 9ac9bae9f40d7dc4a80dbf809b9544aa' -> (Import Result ID: '6f3c512a031c12e15d2b8da7f5d5e61e') in 0.002 seconds [static and dynamic dependencies]. Details - ImportResultOutputID=266a93303ff11c5a8a83149ba4e6fd5e DependenciesID=69ce7ce98de2c910b9ef1ab6e4d68fa2 StaticDependenciesID=05d4f956c065ee5c26f1efe3fd07336e 
Number of updated asset objects reloaded before import = 0
Number of asset objects unloaded after import = 1
========================================================================
Received Import Request.
  Time of request: 2026-10-01T17:13:31.7806833Z
  Time since last request: 0.0001975 seconds.
  importAddress: GUID: 3f36a6a4d730c3942afd169457cb4035 - Path: Packages/com.unity.render-pipelines.universal/Runtime/Settings/URPDefaultVolumeProfileSetting.cs - Importer: ScriptedImporter/UnityEditor.QuickSearchModule:UnityEditor.Search:ASIAI0B
Importing 'GUID: 3f36a6a4d730c3942afd169457cb4035 - Path: Packages/com.unity.render-pipelines.universal/Runtime/Settings/URPDefaultVolumeProfileSetting.cs - Importer: ScriptedImporter/UnityEditor.QuickSearchModule:UnityEditor.Search:ASIAI0B' with importer (ScriptedImporter : UnityEditor.QuickSearchModule:UnityEditor.Search:ASIAI0B)
Imported 'GUID: 3f36a6a4d730c3942afd169457cb4035' -> (Import Result ID: '5a3cb7c4b94007b05add785ac826ffe3') in 0.001 seconds [static and dynamic dependencies]. Details - ImportResultOutputID=ebf94cd1c238e75882b74b102f0b2626 DependenciesID=6d8a4560f3a8dea77b066412d84720a5 StaticDependenciesID=90e67998df898458a57cadcf4af345a6 
Number of updated asset objects reloaded before import = 0
Number of asset objects unloaded after import = 0
========================================================================
Received Import Request.
  Time of request: 2026-10-01T17:13:31.7882762Z
  Time since last request: 0.0001508 seconds.
  importAddress: GUID: 441892941e4fc954694acc03c8d2ef84 - Path: Packages/com.unity.render-pipelines.universal/Runtime/RenderPipelineResources/UniversalRenderPipelineRuntimeShaders.cs - Importer: ScriptedImporter/UnityEditor.QuickSearchModule:UnityEditor.Search:ASIAI0B
Importing 'GUID: 441892941e4fc954694acc03c8d2ef84 - Path: Packages/com.unity.render-pipelines.universal/Runtime/RenderPipelineResources/UniversalRenderPipelineRuntimeShaders.cs - Importer: ScriptedImporter/UnityEditor.QuickSearchModule:UnityEditor.Search:ASIAI0B' with importer (ScriptedImporter : UnityEditor.QuickSearchModule:UnityEditor.Search:ASIAI0B)
Imported 'GUID: 441892941e4fc954694acc03c8d2ef84' -> (Import Result ID: 'e912be1e69844e57f737b582ac0100d4') in 0.002 seconds [static and dynamic dependencies]. Details - ImportResultOutputID=758fdc09e1b3ef8de405eb642f1bce80 DependenciesID=762d3ec43279c237d3238083cd8829da StaticDependenciesID=b36a2e1aebf43f8e4e831d9eb4bbea71 
Number of updated asset objects reloaded before import = 0
Number of asset objects unloaded after import = 0
========================================================================
Received Import Request.
  Time of request: 2026-10-01T17:13:31.7971195Z
  Time since last request: 0.0002885 seconds.
  importAddress: GUID: a2b7f0db433bbf340871ffeb0134a898 - Path: Packages/com.unity.render-pipelines.universal/Runtime/Settings/URPShaderStrippingSetting.cs - Importer: ScriptedImporter/UnityEditor.QuickSearchModule:UnityEditor.Search:ASIAI0B
Importing 'GUID: a2b7f0db433bbf340871ffeb0134a898 - Path: Packages/com.unity.render-pipelines.universal/Runtime/Settings/URPShaderStrippingSetting.cs - Importer: ScriptedImporter/UnityEditor.QuickSearchModule:UnityEditor.Search:ASIAI0B' with importer (ScriptedImporter : UnityEditor.QuickSearchModule:UnityEditor.Search:ASIAI0B)
Imported 'GUID: a2b7f0db433bbf340871ffeb0134a898' -> (Import Result ID: '9ee359bd776cd9d9a505d081838bfa63') in 0.001 seconds [static and dynamic dependencies]. Details - ImportResultOutputID=dce3b43f2c46d636acbf68eafb8db71a DependenciesID=345981c72625a3af6b618f113c95114a StaticDependenciesID=5717c5d2910d899f61fd2eb2fa6b9ad8 
Number of updated asset objects reloaded before import = 0
Number of asset objects unloaded after import = 0
========================================================================
Received Import Request.
  Time of request: 2026-10-01T17:13:31.8063007Z
  Time since last request: 0.0003498 seconds.
  importAddress: GUID: 4e90a8289da1f3943885176e4f83e35c - Path: Packages/com.unity.render-pipelines.universal/Shaders/2D/Mesh2D-Lit-Default.shader - Importer: ScriptedImporter/UnityEditor.QuickSearchModule:UnityEditor.Search:ASIAI0B
Importing 'GUID: 4e90a8289da1f3943885176e4f83e35c - Path: Packages/com.unity.render-pipelines.universal/Shaders/2D/Mesh2D-Lit-Default.shader - Importer: ScriptedImporter/UnityEditor.QuickSearchModule:UnityEditor.Search:ASIAI0B' with importer (ScriptedImporter : UnityEditor.QuickSearchModule:UnityEditor.Search:ASIAI0B)
Imported 'GUID: 4e90a8289da1f3943885176e4f83e35c' -> (Import Result ID: '08dc7b6e8999a8bd99445ce77ff3f30d') in 0.002 seconds [static and dynamic dependencies]. Details - ImportResultOutputID=9c4b86c8b2a2816a5fdc9ceb327e1c28 DependenciesID=812589eb0f89fd7a5b30188b81c5d6cb StaticDependenciesID=7fb50c0bac4cb2821749dc04dd171734 
Number of updated asset objects reloaded before import = 0
Number of asset objects unloaded after import = 1
========================================================================
Received Import Request.
  Time of request: 2026-10-01T17:13:31.8257466Z
  Time since last request: 0.009844 seconds.
  importAddress: GUID: 9c70c1a35ff15f340b38ea84842358bf - Path: Packages/com.unity.render-pipelines.universal/Shaders/PostProcessing/TemporalAA.shader - Importer: ScriptedImporter/UnityEditor.QuickSearchModule:UnityEditor.Search:ASIAI0B
Importing 'GUID: 9c70c1a35ff15f340b38ea84842358bf - Path: Packages/com.unity.render-pipelines.universal/Shaders/PostProcessing/TemporalAA.shader - Importer: ScriptedImporter/UnityEditor.QuickSearchModule:UnityEditor.Search:ASIAI0B' with importer (ScriptedImporter : UnityEditor.QuickSearchModule:UnityEditor.Search:ASIAI0B)
Imported 'GUID: 9c70c1a35ff15f340b38ea84842358bf' -> (Import Result ID: '9e2f1b4c620dabc1601c1ebe1bfddcac') in 0.002 seconds [static and dynamic dependencies]. Details - ImportResultOutputID=63fa3291ce52090c1556fd05366ab489 DependenciesID=11a5d9eb8401eacdc38d67dd463481d4 StaticDependenciesID=cb7c73c4b5c286d90dde90008efeb24c 
Number of updated asset objects reloaded before import = 0
Number of asset objects unloaded after import = 1
========================================================================
Received Import Request.
  Time of request: 2026-10-01T17:13:31.8357541Z
  Time since last request: 0.0001848 seconds.
  importAddress: GUID: a8d5c97876fe84413b2f630e2debf75b - Path: Packages/com.unity.render-pipelines.universal/Shaders/Particles/ParticlesLitForwardPass.hlsl - Importer: ScriptedImporter/UnityEditor.QuickSearchModule:UnityEditor.Search:ASIAI0B
Importing 'GUID: a8d5c97876fe84413b2f630e2debf75b - Path: Packages/com.unity.render-pipelines.universal/Shaders/Particles/ParticlesLitForwardPass.hlsl - Importer: ScriptedImporter/UnityEditor.QuickSearchModule:UnityEditor.Search:ASIAI0B' with importer (ScriptedImporter : UnityEditor.QuickSearchModule:UnityEditor.Search:ASIAI0B)
Imported 'GUID: a8d5c97876fe84413b2f630e2debf75b' -> (Import Result ID: '5773e5139152447c076f7283c11472a1') in 0.002 seconds [static and dynamic dependencies]. Details - ImportResultOutputID=2c9e08aea6427bfcd0da64a1ad1f583e DependenciesID=6867f2e817bd051f1585f293f9b3b50b StaticDependenciesID=6b1c1e1255408b97099655ccaad8bfdc 
Number of updated asset objects reloaded before import = 0
Number of asset objects unloaded after import = 1
========================================================================
Received Import Request.
  Time of request: 2026-10-01T17:13:31.8447533Z
  Time since last request: 0.000413 seconds.
  importAddress: GUID: 80aa867ac363ac043847b06ad71604cd - Path: Packages/com.unity.render-pipelines.universal/Shaders/AutodeskInteractive/AutodeskInteractiveMasked.shadergraph - Importer: ScriptedImporter/UnityEditor.QuickSearchModule:UnityEditor.Search:ASIAI0B
Importing 'GUID: 80aa867ac363ac043847b06ad71604cd - Path: Packages/com.unity.render-pipelines.universal/Shaders/AutodeskInteractive/AutodeskInteractiveMasked.shadergraph - Importer: ScriptedImporter/UnityEditor.QuickSearchModule:UnityEditor.Search:ASIAI0B' with importer (ScriptedImporter : UnityEditor.QuickSearchModule:UnityEditor.Search:ASIAI0B)
Imported 'GUID: 80aa867ac363ac043847b06ad71604cd' -> (Import Result ID: 'd024397448f47141990dfed6b5ca7034') in 0.006 seconds [static and dynamic dependencies]. Details - ImportResultOutputID=ae1e69cba826692d755bb87dfb28bf83 DependenciesID=d184eb3503b256921d7c523746298252 StaticDependenciesID=1e5eeb78a6cf9a01eb4e2e295450e5d5 
Number of updated asset objects reloaded before import = 0
Number of asset objects unloaded after import = 6
========================================================================
Received Import Request.
  Time of request: 2026-10-01T17:13:31.8573635Z
  Time since last request: 0.0001082 seconds.
  importAddress: GUID: a361552991159403bbd785132d5cb812 - Path: Packages/com.unity.render-pipelines.universal/Shaders/Particles/ParticlesUnlitForwardPass.hlsl - Importer: ScriptedImporter/UnityEditor.QuickSearchModule:UnityEditor.Search:ASIAI0B
Importing 'GUID: a361552991159403bbd785132d5cb812 - Path: Packages/com.unity.render-pipelines.universal/Shaders/Particles/ParticlesUnlitForwardPass.hlsl - Importer: ScriptedImporter/UnityEditor.QuickSearchModule:UnityEditor.Search:ASIAI0B' with importer (ScriptedImporter : UnityEditor.QuickSearchModule:UnityEditor.Search:ASIAI0B)
Imported 'GUID: a361552991159403bbd785132d5cb812' -> (Import Result ID: '4a5d3058efc795ba23993d1bfcea2007') in 0.001 seconds [static and dynamic dependencies]. Details - ImportResultOutputID=e2591306f37afb119622a38683bdba0f DependenciesID=cd55005a51a9de287c124678f0527698 StaticDependenciesID=8ccf420c30446d2b6b3fa302aa76b6f0 
Number of updated asset objects reloaded before import = 0
Number of asset objects unloaded after import = 1
========================================================================
Received Import Request.
  Time of request: 2026-10-01T17:13:31.8651069Z
  Time since last request: 0.0002726 seconds.
  importAddress: GUID: e8ee25143a34b8c4388709ea947055d1 - Path: Packages/com.unity.render-pipelines.universal/Shaders/PostProcessing/ScalingSetup.shader - Importer: ScriptedImporter/UnityEditor.QuickSearchModule:UnityEditor.Search:ASIAI0B
Importing 'GUID: e8ee25143a34b8c4388709ea947055d1 - Path: Packages/com.unity.render-pipelines.universal/Shaders/PostProcessing/ScalingSetup.shader - Importer: ScriptedImporter/UnityEditor.QuickSearchModule:UnityEditor.Search:ASIAI0B' with importer (ScriptedImporter : UnityEditor.QuickSearchModule:UnityEditor.Search:ASIAI0B)
Imported 'GUID: e8ee25143a34b8c4388709ea947055d1' -> (Import Result ID: '0b2eb78c9d4f55256e1c5e1071941c89') in 0.002 seconds [static and dynamic dependencies]. Details - ImportResultOutputID=663ee7b7fa0313d413ed0401d244c9e1 DependenciesID=61953a2df1e12ce2764c93ec14563856 StaticDependenciesID=146c6e0708c70952852058ec16a89dae 
Number of updated asset objects reloaded before import = 0
Number of asset objects unloaded after import = 1
========================================================================
Received Import Request.
  Time of request: 2026-10-01T17:13:31.8727535Z
  Time since last request: 0.000218 seconds.
  importAddress: GUID: 573620ae32aec764abd4d728906d2587 - Path: Packages/com.unity.render-pipelines.universal/Shaders/Debug/HDRDebugView.shader - Importer: ScriptedImporter/UnityEditor.QuickSearchModule:UnityEditor.Search:ASIAI0B
Importing 'GUID: 573620ae32aec764abd4d728906d2587 - Path: Packages/com.unity.render-pipelines.universal/Shaders/Debug/HDRDebugView.shader - Importer: ScriptedImporter/UnityEditor.QuickSearchModule:UnityEditor.Search:ASIAI0B' with importer (ScriptedImporter : UnityEditor.QuickSearchModule:UnityEditor.Search:ASIAI0B)
Imported 'GUID: 573620ae32aec764abd4d728906d2587' -> (Import Result ID: 'f4acfe5990ff0c5af43c7d619c1e9f46') in 0.002 seconds [static and dynamic dependencies]. Details - ImportResultOutputID=d7e07dca241b21447c9560169cfe57a4 DependenciesID=a4d670cb07abb6cb03cc7976ee239039 StaticDependenciesID=e5fd009e550c337fb884f551a486dbe8 
Number of updated asset objects reloaded before import = 0
Number of asset objects unloaded after import = 1
========================================================================
Received Import Request.
  Time of request: 2026-10-01T17:13:31.8815355Z
  Time since last request: 0.0001892 seconds.
  importAddress: GUID: f6783ab646d374f94b199774402a5144 - Path: Packages/com.unity.render-pipelines.universal/Shaders/Terrain/TerrainDetailLit.shader - Importer: ScriptedImporter/UnityEditor.QuickSearchModule:UnityEditor.Search:ASIAI0B
Importing 'GUID: f6783ab646d374f94b199774402a5144 - Path: Packages/com.unity.render-pipelines.universal/Shaders/Terrain/TerrainDetailLit.shader - Importer: ScriptedImporter/UnityEditor.QuickSearchModule:UnityEditor.Search:ASIAI0B' with importer (ScriptedImporter : UnityEditor.QuickSearchModule:UnityEditor.Search:ASIAI0B)
Imported 'GUID: f6783ab646d374f94b199774402a5144' -> (Import Result ID: 'af549c8298eddc889ec3a3ea8337c8b5') in 0.002 seconds [static and dynamic dependencies]. Details - ImportResultOutputID=0edb3eabfb9752c96f827a650f23f8ff DependenciesID=89329c31af10263c7900d9b3a9841cf1 StaticDependenciesID=88364eebd7498487a36bbc2b1644db75 
Number of updated asset objects reloaded before import = 0
Number of asset objects unloaded after import = 1
========================================================================
Received Import Request.
  Time of request: 2026-10-01T17:13:31.8913252Z
  Time since last request: 0.0001906 seconds.
  importAddress: GUID: c245162389fbe944dbc0d721bee26fe0 - Path: Packages/com.unity.render-pipelines.universal/Shaders/Nature/SpeedTreeUtility.hlsl - Importer: ScriptedImporter/UnityEditor.QuickSearchModule:UnityEditor.Search:ASIAI0B
Importing 'GUID: c245162389fbe944dbc0d721bee26fe0 - Path: Packages/com.unity.render-pipelines.universal/Shaders/Nature/SpeedTreeUtility.hlsl - Importer: ScriptedImporter/UnityEditor.QuickSearchModule:UnityEditor.Search:ASIAI0B' with importer (ScriptedImporter : UnityEditor.QuickSearchModule:UnityEditor.Search:ASIAI0B)
Imported 'GUID: c245162389fbe944dbc0d721bee26fe0' -> (Import Result ID: '1fb21e5c374005ecc0e8fee5f8bb4722') in 0.001 seconds [static and dynamic dependencies]. Details - ImportResultOutputID=43c5ed98d956f5d7d0f2f2c466ab4635 DependenciesID=a454b170132c4125c58dbc91aaeed1fb StaticDependenciesID=16f39e14c27f604e6d427b5e93313752 
Number of updated asset objects reloaded before import = 0
Number of asset objects unloaded after import = 1
========================================================================
Received Import Request.
  Time of request: 2026-10-01T17:13:31.8993661Z
  Time since last request: 0.0002536 seconds.
  importAddress: GUID: 5c81372d981403744adbdda4433c9c11 - Path: Packages/com.unity.render-pipelines.universal/Shaders/AutodeskInteractive/AutodeskInteractiveTransparent.shadergraph - Importer: ScriptedImporter/UnityEditor.QuickSearchModule:UnityEditor.Search:ASIAI0B
Importing 'GUID: 5c81372d981403744adbdda4433c9c11 - Path: Packages/com.unity.render-pipelines.universal/Shaders/AutodeskInteractive/AutodeskInteractiveTransparent.shadergraph - Importer: ScriptedImporter/UnityEditor.QuickSearchModule:UnityEditor.Search:ASIAI0B' with importer (ScriptedImporter : UnityEditor.QuickSearchModule:UnityEditor.Search:ASIAI0B)
Imported 'GUID: 5c81372d981403744adbdda4433c9c11' -> (Import Result ID: 'ce88e1f4db69f129148f0bab018a09ed') in 0.005 seconds [static and dynamic dependencies]. Details - ImportResultOutputID=df02f6b8813239f8a213c01ac9e3c5c4 DependenciesID=6d4ef68a329e34f397112fed1bea4fee StaticDependenciesID=db2202956371c66087e8fc64cc07f958 
Number of updated asset objects reloaded before import = 0
Number of asset objects unloaded after import = 6
========================================================================
Received Import Request.
  Time of request: 2026-10-01T17:13:31.9297273Z
  Time since last request: 0.0181596 seconds.
  importAddress: GUID: 9d39807a20ab1bc45a1f531d4e7d99f1 - Path: Packages/com.unity.render-pipelines.universal/Tests/Editor/ShaderPrefilteringTests.cs - Importer: ScriptedImporter/UnityEditor.QuickSearchModule:UnityEditor.Search:ASIAI0B
Importing 'GUID: 9d39807a20ab1bc45a1f531d4e7d99f1 - Path: Packages/com.unity.render-pipelines.universal/Tests/Editor/ShaderPrefilteringTests.cs - Importer: ScriptedImporter/UnityEditor.QuickSearchModule:UnityEditor.Search:ASIAI0B' with importer (ScriptedImporter : UnityEditor.QuickSearchModule:UnityEditor.Search:ASIAI0B)
Imported 'GUID: 9d39807a20ab1bc45a1f531d4e7d99f1' -> (Import Result ID: '620b030a964a53e7f3e0862fbf0ac9d2') in 0.002 seconds [static and dynamic dependencies]. Details - ImportResultOutputID=9f5a1fcfdf3cae64cf28b2ffba7d9946 DependenciesID=11247223ebe761ecbec92ccf91722ed6 StaticDependenciesID=3a72f394f9d1d77e498e4e01cd7a4443 
Number of updated asset objects reloaded before import = 0
Number of asset objects unloaded after import = 0
========================================================================
Received Import Request.
  Time of request: 2026-10-01T17:13:31.9381163Z
  Time since last request: 0.0005414 seconds.
  importAddress: GUID: cc9a0e128afcfe74d965b5c34ce187a2 - Path: Packages/com.unity.render-pipelines.universal/Tests/Editor/ScriptableRendererDataEditorTests.cs - Importer: ScriptedImporter/UnityEditor.QuickSearchModule:UnityEditor.Search:ASIAI0B
Importing 'GUID: cc9a0e128afcfe74d965b5c34ce187a2 - Path: Packages/com.unity.render-pipelines.universal/Tests/Editor/ScriptableRendererDataEditorTests.cs - Importer: ScriptedImporter/UnityEditor.QuickSearchModule:UnityEditor.Search:ASIAI0B' with importer (ScriptedImporter : UnityEditor.QuickSearchModule:UnityEditor.Search:ASIAI0B)
Imported 'GUID: cc9a0e128afcfe74d965b5c34ce187a2' -> (Import Result ID: '16c2aa4dd9fea95999f7b110c1f9cfe9') in 0.001 seconds [static and dynamic dependencies]. Details - ImportResultOutputID=ad083f9c65c74fc5f8360ae22e781e77 DependenciesID=9334f40c76d2e6d32faba16dd11c50fd StaticDependenciesID=6454634d0a7a7b278c3f761acf003a9d 
Number of updated asset objects reloaded before import = 0
Number of asset objects unloaded after import = 0
========================================================================
Received Import Request.
  Time of request: 2026-10-01T17:13:31.9457931Z
  Time since last request: 0.0002773 seconds.
  importAddress: GUID: 0172f7cbd9e44e8b844a485dbd8e8349 - Path: Packages/com.unity.render-pipelines.universal/Shaders/Utils/FogDeferred.hlsl - Importer: ScriptedImporter/UnityEditor.QuickSearchModule:UnityEditor.Search:ASIAI0B
Importing 'GUID: 0172f7cbd9e44e8b844a485dbd8e8349 - Path: Packages/com.unity.render-pipelines.universal/Shaders/Utils/FogDeferred.hlsl - Importer: ScriptedImporter/UnityEditor.QuickSearchModule:UnityEditor.Search:ASIAI0B' with importer (ScriptedImporter : UnityEditor.QuickSearchModule:UnityEditor.Search:ASIAI0B)
Imported 'GUID: 0172f7cbd9e44e8b844a485dbd8e8349' -> (Import Result ID: '6ef0549658f3b3c17c1f4cf4013bbb95') in 0.002 seconds [static and dynamic dependencies]. Details - ImportResultOutputID=fe6aa04e048f48d6b843857d6b6ec2a4 DependenciesID=5d6832694444f5feda0de4e71c4ff541 StaticDependenciesID=ba79e6e6cafaa2d5870cf2dd36c4690d 
Number of updated asset objects reloaded before import = 0
Number of asset objects unloaded after import = 1
========================================================================
Received Import Request.
  Time of request: 2026-10-01T17:13:31.9542285Z
  Time since last request: 0.0003938 seconds.
  importAddress: GUID: aa602bf7da734370bdb394a751f56555 - Path: Packages/com.unity.render-pipelines.universal/Shaders/Terrain/TerrainTextureNode.hlsl - Importer: ScriptedImporter/UnityEditor.QuickSearchModule:UnityEditor.Search:ASIAI0B
Importing 'GUID: aa602bf7da734370bdb394a751f56555 - Path: Packages/com.unity.render-pipelines.universal/Shaders/Terrain/TerrainTextureNode.hlsl - Importer: ScriptedImporter/UnityEditor.QuickSearchModule:UnityEditor.Search:ASIAI0B' with importer (ScriptedImporter : UnityEditor.QuickSearchModule:UnityEditor.Search:ASIAI0B)
Imported 'GUID: aa602bf7da734370bdb394a751f56555' -> (Import Result ID: '76da55c91e3ae1906fe3c797a4c560af') in 0.002 seconds [static and dynamic dependencies]. Details - ImportResultOutputID=18a7e32554da9269610b1e2994730449 DependenciesID=52944d9d194b96dedae30a3e783bb797 StaticDependenciesID=f275f706415577a184234955fde0a774 
Number of updated asset objects reloaded before import = 0
Number of asset objects unloaded after import = 1
========================================================================
Received Import Request.
  Time of request: 2026-10-01T17:13:31.9641241Z
  Time since last request: 0.000224 seconds.
  importAddress: GUID: affb8a852369435f8e6a36bf7893715f - Path: Packages/com.unity.render-pipelines.universal/Shaders/Utils/ClusterDeferred.hlsl - Importer: ScriptedImporter/UnityEditor.QuickSearchModule:UnityEditor.Search:ASIAI0B
Importing 'GUID: affb8a852369435f8e6a36bf7893715f - Path: Packages/com.unity.render-pipelines.universal/Shaders/Utils/ClusterDeferred.hlsl - Importer: ScriptedImporter/UnityEditor.QuickSearchModule:UnityEditor.Search:ASIAI0B' with importer (ScriptedImporter : UnityEditor.QuickSearchModule:UnityEditor.Search:ASIAI0B)
Imported 'GUID: affb8a852369435f8e6a36bf7893715f' -> (Import Result ID: 'c88ec9bc218b9ea6d37754c3abdce206') in 0.002 seconds [static and dynamic dependencies]. Details - ImportResultOutputID=d8ced8344b59866b44a56f7fe21cac25 DependenciesID=210d071f2a65942112038a80d635387f StaticDependenciesID=88600fb66d6d0298a0bc34ecce3bfd38 
Number of updated asset objects reloaded before import = 0
Number of asset objects unloaded after import = 1
========================================================================
Received Import Request.
  Time of request: 2026-10-01T17:13:31.9731374Z
  Time since last request: 0.0002161 seconds.
  importAddress: GUID: 0e79c0fbcc6ffc642834ff60779ad086 - Path: Packages/com.unity.render-pipelines.universal/Shaders/Utils/GTAO.compute - Importer: ScriptedImporter/UnityEditor.QuickSearchModule:UnityEditor.Search:ASIAI0B
Importing 'GUID: 0e79c0fbcc6ffc642834ff60779ad086 - Path: Packages/com.unity.render-pipelines.universal/Shaders/Utils/GTAO.compute - Importer: ScriptedImporter/UnityEditor.QuickSearchModule:UnityEditor.Search:ASIAI0B' with importer (ScriptedImporter : UnityEditor.QuickSearchModule:UnityEditor.Search:ASIAI0B)
Imported 'GUID: 0e79c0fbcc6ffc642834ff60779ad086' -> (Import Result ID: '7ecae2067dfebf3ed4bb4ab18d175bfe') in 0.003 seconds [static and dynamic dependencies]. Details - ImportResultOutputID=e19211daf6cd2593fd8a49f484d33789 DependenciesID=ffba6d63e45cfd4b199e38dea96f43f0 StaticDependenciesID=f7b763d724cdd8e249038d50485d5505 
Number of updated asset objects reloaded before import = 0
Number of asset objects unloaded after import = 1
========================================================================
Received Import Request.
  Time of request: 2026-10-01T17:13:31.9837538Z
  Time since last request: 0.0004267 seconds.
  importAddress: GUID: 4c477f36e726e48d986eb1c7d1281549 - Path: Packages/com.unity.render-pipelines.universal/Tests/Editor/ScriptTemplateTests.cs - Importer: ScriptedImporter/UnityEditor.QuickSearchModule:UnityEditor.Search:ASIAI0B
Importing 'GUID: 4c477f36e726e48d986eb1c7d1281549 - Path: Packages/com.unity.render-pipelines.universal/Tests/Editor/ScriptTemplateTests.cs - Importer: ScriptedImporter/UnityEditor.QuickSearchModule:UnityEditor.Search:ASIAI0B' with importer (ScriptedImporter : UnityEditor.QuickSearchModule:UnityEditor.Search:ASIAI0B)
Imported 'GUID: 4c477f36e726e48d986eb1c7d1281549' -> (Import Result ID: '1db2b2437e198c5ac7628f0fa822c314') in 0.002 seconds [static and dynamic dependencies]. Details - ImportResultOutputID=aa6ccf63ce3006edeaa2df8f8cb2e7a1 DependenciesID=4bad5b9fbed0f210e7d4911b1ba47321 StaticDependenciesID=dbe8fab21655f395454250d7f5390fc9 
Number of updated asset objects reloaded before import = 0
Number of asset objects unloaded after import = 0
========================================================================
Received Import Request.
  Time of request: 2026-10-01T17:13:31.9938193Z
  Time since last request: 0.0002062 seconds.
  importAddress: GUID: 97ce72d5527034cbca1d95b53d583472 - Path: Packages/com.unity.render-pipelines.universal/Shaders/Terrain/WavingGrassDepthNormalsPass.hlsl - Importer: ScriptedImporter/UnityEditor.QuickSearchModule:UnityEditor.Search:ASIAI0B
Importing 'GUID: 97ce72d5527034cbca1d95b53d583472 - Path: Packages/com.unity.render-pipelines.universal/Shaders/Terrain/WavingGrassDepthNormalsPass.hlsl - Importer: ScriptedImporter/UnityEditor.QuickSearchModule:UnityEditor.Search:ASIAI0B' with importer (ScriptedImporter : UnityEditor.QuickSearchModule:UnityEditor.Search:ASIAI0B)
Imported 'GUID: 97ce72d5527034cbca1d95b53d583472' -> (Import Result ID: '5e9791d867361f69949c8f5edc98c02d') in 0.001 seconds [static and dynamic dependencies]. Details - ImportResultOutputID=7543440d409f96dfaa0185c88fe6a40e DependenciesID=54b88c4bda38983cffcda19c0b48a08b StaticDependenciesID=7a9ca32baed46931841f07b2c74d9f80 
Number of updated asset objects reloaded before import = 0
Number of asset objects unloaded after import = 1
========================================================================
Received Import Request.
  Time of request: 2026-10-01T17:13:32.0030531Z
  Time since last request: 0.0003289 seconds.
  importAddress: GUID: d5a307c014552314b9f560906d708772 - Path: Packages/com.unity.render-pipelines.universal/Shaders/XR/XRMirrorView.shader - Importer: ScriptedImporter/UnityEditor.QuickSearchModule:UnityEditor.Search:ASIAI0B
Importing 'GUID: d5a307c014552314b9f560906d708772 - Path: Packages/com.unity.render-pipelines.universal/Shaders/XR/XRMirrorView.shader - Importer: ScriptedImporter/UnityEditor.QuickSearchModule:UnityEditor.Search:ASIAI0B' with importer (ScriptedImporter : UnityEditor.QuickSearchModule:UnityEditor.Search:ASIAI0B)
Imported 'GUID: d5a307c014552314b9f560906d708772' -> (Import Result ID: 'f69369abf46726cb387c50d6e7bd153d') in 0.002 seconds [static and dynamic dependencies]. Details - ImportResultOutputID=47e1564d33748871bb73e09d90cda6ac DependenciesID=23cd572ec7eb7501fbcc55737c6d8f03 StaticDependenciesID=d85a53c99973aa85c4fcef87f7e426d7 
Number of updated asset objects reloaded before import = 0
Number of asset objects unloaded after import = 1
========================================================================
Received Import Request.
  Time of request: 2026-10-01T17:13:32.0350884Z
  Time since last request: 0.0231861 seconds.
  importAddress: GUID: 5f5877a9138882a4095ba0e997d19644 - Path: Packages/com.unity.render-pipelines.universal/Editor/2D/Converter/ParametricToFreeformLightUpgrader.cs - Importer: ScriptedImporter/UnityEditor.QuickSearchModule:UnityEditor.Search:ASIAI0B
Importing 'GUID: 5f5877a9138882a4095ba0e997d19644 - Path: Packages/com.unity.render-pipelines.universal/Editor/2D/Converter/ParametricToFreeformLightUpgrader.cs - Importer: ScriptedImporter/UnityEditor.QuickSearchModule:UnityEditor.Search:ASIAI0B' with importer (ScriptedImporter : UnityEditor.QuickSearchModule:UnityEditor.Search:ASIAI0B)
Imported 'GUID: 5f5877a9138882a4095ba0e997d19644' -> (Import Result ID: '86afd01ea8f14a17dc8f96487e0d11d9') in 0.001 seconds [static and dynamic dependencies]. Details - ImportResultOutputID=6a488bf5511a4ae4c5245bc3775e31d6 DependenciesID=c8cab6fd22db5c932553d0f17dd1340b StaticDependenciesID=bbb8f50073045346906007755e0cbcb2 
Number of updated asset objects reloaded before import = 0
Number of asset objects unloaded after import = 0
========================================================================
Received Import Request.
  Time of request: 2026-10-01T17:13:32.0434147Z
  Time since last request: 0.0002113 seconds.
  importAddress: GUID: 3db6f9b04a31ea949aa7369a94fbbb8e - Path: Packages/com.unity.render-pipelines.universal/Tests/Runtime/LightTests.cs - Importer: ScriptedImporter/UnityEditor.QuickSearchModule:UnityEditor.Search:ASIAI0B
Importing 'GUID: 3db6f9b04a31ea949aa7369a94fbbb8e - Path: Packages/com.unity.render-pipelines.universal/Tests/Runtime/LightTests.cs - Importer: ScriptedImporter/UnityEditor.QuickSearchModule:UnityEditor.Search:ASIAI0B' with importer (ScriptedImporter : UnityEditor.QuickSearchModule:UnityEditor.Search:ASIAI0B)
Imported 'GUID: 3db6f9b04a31ea949aa7369a94fbbb8e' -> (Import Result ID: '6faf63bc0c582522476422f4937bb479') in 0.002 seconds [static and dynamic dependencies]. Details - ImportResultOutputID=2b74c2791324c108cc220cec0fbc019c DependenciesID=532e756e9df046a20d0dd524df2b3096 StaticDependenciesID=21742f67fe311ee8c93e135f0d2e3bc3 
Number of updated asset objects reloaded before import = 0
Number of asset objects unloaded after import = 0
========================================================================
Received Import Request.
  Time of request: 2026-10-01T17:13:32.0514081Z
  Time since last request: 0.0002123 seconds.
  importAddress: GUID: 7f54b2764826949c192810bd3944abcc - Path: Packages/com.unity.render-pipelines.universal/Editor/2D/LightBatchingDebugger/LightBatchingDebugger.uxml - Importer: ScriptedImporter/UnityEditor.QuickSearchModule:UnityEditor.Search:ASIAI0B
Importing 'GUID: 7f54b2764826949c192810bd3944abcc - Path: Packages/com.unity.render-pipelines.universal/Editor/2D/LightBatchingDebugger/LightBatchingDebugger.uxml - Importer: ScriptedImporter/UnityEditor.QuickSearchModule:UnityEditor.Search:ASIAI0B' with importer (ScriptedImporter : UnityEditor.QuickSearchModule:UnityEditor.Search:ASIAI0B)
Imported 'GUID: 7f54b2764826949c192810bd3944abcc' -> (Import Result ID: 'fdce4a62c39fa0018640b32cf47323eb') in 0.005 seconds [static and dynamic dependencies]. Details - ImportResultOutputID=c3fb033374abbe035ab4eeb5ae41d69b DependenciesID=8e59cde64899db6c69bc226e4f918001 StaticDependenciesID=4d1cfbf25a849e8d3aabaa19d0fbfa41 
Number of updated asset objects reloaded before import = 0
Number of asset objects unloaded after import = 3
========================================================================
Received Import Request.
  Time of request: 2026-10-01T17:13:32.0635307Z
  Time since last request: 0.0001971 seconds.
  importAddress: GUID: 36f118343fc974119bee3d09e2111500 - Path: Packages/com.unity.render-pipelines.universal/Textures/BlueNoise256/LDR_LLL1_0.png - Importer: ScriptedImporter/UnityEditor.QuickSearchModule:UnityEditor.Search:ASIAI0B
Importing 'GUID: 36f118343fc974119bee3d09e2111500 - Path: Packages/com.unity.render-pipelines.universal/Textures/BlueNoise256/LDR_LLL1_0.png - Importer: ScriptedImporter/UnityEditor.QuickSearchModule:UnityEditor.Search:ASIAI0B' with importer (ScriptedImporter : UnityEditor.QuickSearchModule:UnityEditor.Search:ASIAI0B)
Imported 'GUID: 36f118343fc974119bee3d09e2111500' -> (Import Result ID: 'b9806f402ab22c4ff0f27e0c3578c111') in 0.003 seconds [static and dynamic dependencies]. Details - ImportResultOutputID=e65377ad360786e5d1fd30060aa0a461 DependenciesID=f24c7c59c6c4c0e5dc7a4d06ee4400ae StaticDependenciesID=855237cc6a517746df49e7e3eb826286 
Number of updated asset objects reloaded before import = 0
Number of asset objects unloaded after import = 1
========================================================================
Received Import Request.
  Time of request: 2026-10-01T17:13:32.0740022Z
  Time since last request: 0.0002401 seconds.
  importAddress: GUID: 8a5fe95d62765c0459615b3a5e71c3a1 - Path: Packages/com.unity.render-pipelines.universal/Editor/2D/Converter/BuiltInPixelPerfectCameraConverter.cs - Importer: ScriptedImporter/UnityEditor.QuickSearchModule:UnityEditor.Search:ASIAI0B
Importing 'GUID: 8a5fe95d62765c0459615b3a5e71c3a1 - Path: Packages/com.unity.render-pipelines.universal/Editor/2D/Converter/BuiltInPixelPerfectCameraConverter.cs - Importer: ScriptedImporter/UnityEditor.QuickSearchModule:UnityEditor.Search:ASIAI0B' with importer (ScriptedImporter : UnityEditor.QuickSearchModule:UnityEditor.Search:ASIAI0B)
Imported 'GUID: 8a5fe95d62765c0459615b3a5e71c3a1' -> (Import Result ID: '7522234cd5d06695b07499b677dcec98') in 0.002 seconds [static and dynamic dependencies]. Details - ImportResultOutputID=04b7a8fe074dc61a25033e67cf6cf965 DependenciesID=e40e4dc22df625e0a3ce9cc31d5ecfe5 StaticDependenciesID=f1bfa740a0919d7a7a884218be4476ab 
Number of updated asset objects reloaded before import = 0
Number of asset objects unloaded after import = 0
========================================================================
Received Import Request.
  Time of request: 2026-10-01T17:13:32.0834708Z
  Time since last request: 0.0002561 seconds.
  importAddress: GUID: 3302065f671a8450b82c9ddf07426f3a - Path: Packages/com.unity.render-pipelines.universal/Textures/BlueNoise256/LDR_LLL1_5.png - Importer: ScriptedImporter/UnityEditor.QuickSearchModule:UnityEditor.Search:ASIAI0B
Importing 'GUID: 3302065f671a8450b82c9ddf07426f3a - Path: Packages/com.unity.render-pipelines.universal/Textures/BlueNoise256/LDR_LLL1_5.png - Importer: ScriptedImporter/UnityEditor.QuickSearchModule:UnityEditor.Search:ASIAI0B' with importer (ScriptedImporter : UnityEditor.QuickSearchModule:UnityEditor.Search:ASIAI0B)
Imported 'GUID: 3302065f671a8450b82c9ddf07426f3a' -> (Import Result ID: '55d60bce78f4e498d4ecd4cdae3caed4') in 0.004 seconds [static and dynamic dependencies]. Details - ImportResultOutputID=9975c7469c1cc4da1740f262c27b8ebe DependenciesID=6a18ccb70b361051b32d60038820d3c7 StaticDependenciesID=ce9ef0bb63d5789aeb5598c03ba7af88 
Number of updated asset objects reloaded before import = 0
Number of asset objects unloaded after import = 1
========================================================================
Received Import Request.
  Time of request: 2026-10-01T17:13:32.0950775Z
  Time since last request: 0.0003113 seconds.
  importAddress: GUID: 4b7b083e6b6734e8bb2838b0b50a0bc8 - Path: Packages/com.unity.render-pipelines.universal/Textures/BlueNoise256/LDR_LLL1_1.png - Importer: ScriptedImporter/UnityEditor.QuickSearchModule:UnityEditor.Search:ASIAI0B
Importing 'GUID: 4b7b083e6b6734e8bb2838b0b50a0bc8 - Path: Packages/com.unity.render-pipelines.universal/Textures/BlueNoise256/LDR_LLL1_1.png - Importer: ScriptedImporter/UnityEditor.QuickSearchModule:UnityEditor.Search:ASIAI0B' with importer (ScriptedImporter : UnityEditor.QuickSearchModule:UnityEditor.Search:ASIAI0B)
Imported 'GUID: 4b7b083e6b6734e8bb2838b0b50a0bc8' -> (Import Result ID: '779ea1b6578bffdc0390ddb180115798') in 0.005 seconds [static and dynamic dependencies]. Details - ImportResultOutputID=83514db6f81aabdb0aed95cd6d7aea6d DependenciesID=3e1fcf1bbaeac47dd30a6c49997b75da StaticDependenciesID=565cb9e2bc10f5ffa3cb985d0d575f69 
Number of updated asset objects reloaded before import = 0
Number of asset objects unloaded after import = 1
========================================================================
Received Import Request.
  Time of request: 2026-10-01T17:13:32.1069827Z
  Time since last request: 0.0002492 seconds.
  importAddress: GUID: e32226222ff144b24bf3a5a451de54bc - Path: Packages/com.unity.render-pipelines.universal/Textures/BlueNoise256/LDR_LLL1_4.png - Importer: ScriptedImporter/UnityEditor.QuickSearchModule:UnityEditor.Search:ASIAI0B
Importing 'GUID: e32226222ff144b24bf3a5a451de54bc - Path: Packages/com.unity.render-pipelines.universal/Textures/BlueNoise256/LDR_LLL1_4.png - Importer: ScriptedImporter/UnityEditor.QuickSearchModule:UnityEditor.Search:ASIAI0B' with importer (ScriptedImporter : UnityEditor.QuickSearchModule:UnityEditor.Search:ASIAI0B)
Imported 'GUID: e32226222ff144b24bf3a5a451de54bc' -> (Import Result ID: 'a547cc73560c5fe76c0c46a1bc03f762') in 0.003 seconds [static and dynamic dependencies]. Details - ImportResultOutputID=074c6193a5701ecc435bb44495d97549 DependenciesID=7dd5147598cce0a54f10e5ae63928706 StaticDependenciesID=c91ebb32cefa0e2a3e9a8b0738964332 
Number of updated asset objects reloaded before import = 0
Number of asset objects unloaded after import = 1
========================================================================
Received Import Request.
  Time of request: 2026-10-01T17:13:32.1159635Z
  Time since last request: 0.0002221 seconds.
  importAddress: GUID: fd2fd78b392986e42a12df2177d3b89c - Path: Packages/com.unity.render-pipelines.universal/Textures/FilmGrain/Large01.png - Importer: ScriptedImporter/UnityEditor.QuickSearchModule:UnityEditor.Search:ASIAI0B
Importing 'GUID: fd2fd78b392986e42a12df2177d3b89c - Path: Packages/com.unity.render-pipelines.universal/Textures/FilmGrain/Large01.png - Importer: ScriptedImporter/UnityEditor.QuickSearchModule:UnityEditor.Search:ASIAI0B' with importer (ScriptedImporter : UnityEditor.QuickSearchModule:UnityEditor.Search:ASIAI0B)
Imported 'GUID: fd2fd78b392986e42a12df2177d3b89c' -> (Import Result ID: '2e6e4e79d3a4dc8c39fbaaca22136d9e') in 0.003 seconds [static and dynamic dependencies]. Details - ImportResultOutputID=c47e5101f5c0dac3181fa56999169835 DependenciesID=d7b10fc532199d46561ad558aa0984e0 StaticDependenciesID=47eafdcad0a6c34854bf1c4851290600 
Number of updated asset objects reloaded before import = 0
Number of asset objects unloaded after import = 1
========================================================================
Received Import Request.
  Time of request: 2026-10-01T17:13:32.1382435Z
  Time since last request: 0.0132063 seconds.
  importAddress: GUID: 6120e053fa5537949a54c661e2a57a39 - Path: Packages/com.unity.render-pipelines.universal/Editor/ShaderGraph/AssetCallbacks/CreateUnlitShaderGraph.cs - Importer: ScriptedImporter/UnityEditor.QuickSearchModule:UnityEditor.Search:ASIAI0B
Importing 'GUID: 6120e053fa5537949a54c661e2a57a39 - Path: Packages/com.unity.render-pipelines.universal/Editor/ShaderGraph/AssetCallbacks/CreateUnlitShaderGraph.cs - Importer: ScriptedImporter/UnityEditor.QuickSearchModule:UnityEditor.Search:ASIAI0B' with importer (ScriptedImporter : UnityEditor.QuickSearchModule:UnityEditor.Search:ASIAI0B)
Imported 'GUID: 6120e053fa5537949a54c661e2a57a39' -> (Import Result ID: 'c68e165f472b9f3db1788e061af0718b') in 0.001 seconds [static and dynamic dependencies]. Details - ImportResultOutputID=349484d774c2b6c600174f0910b01d79 DependenciesID=0d39ea04ac5418e161f318aaa9fe02ca StaticDependenciesID=397d1cba24594f42ecf45c83873e1a8e 
Number of updated asset objects reloaded before import = 0
Number of asset objects unloaded after import = 0
========================================================================
Received Import Request.
  Time of request: 2026-10-01T17:13:32.1464551Z
  Time since last request: 0.0004901 seconds.
  importAddress: GUID: aab9add076be9364aaee067b3c0e3910 - Path: Packages/com.unity.render-pipelines.universal/Editor/ShaderGraph/AssetCallbacks/CreateLitShaderGraph.cs - Importer: ScriptedImporter/UnityEditor.QuickSearchModule:UnityEditor.Search:ASIAI0B
Importing 'GUID: aab9add076be9364aaee067b3c0e3910 - Path: Packages/com.unity.render-pipelines.universal/Editor/ShaderGraph/AssetCallbacks/CreateLitShaderGraph.cs - Importer: ScriptedImporter/UnityEditor.QuickSearchModule:UnityEditor.Search:ASIAI0B' with importer (ScriptedImporter : UnityEditor.QuickSearchModule:UnityEditor.Search:ASIAI0B)
Imported 'GUID: aab9add076be9364aaee067b3c0e3910' -> (Import Result ID: '85bd42cd6fd2d61701e922f09a90d81f') in 0.001 seconds [static and dynamic dependencies]. Details - ImportResultOutputID=02fddf87ad26fac34e2edd3747e6d96e DependenciesID=a625656a016a842f98b09e54fdc57b2b StaticDependenciesID=df0dff5d779078145584fdf94645849a 
Number of updated asset objects reloaded before import = 0
Number of asset objects unloaded after import = 0
========================================================================
Received Import Request.
  Time of request: 2026-10-01T17:13:32.1550946Z
  Time since last request: 0.0003482 seconds.
  importAddress: GUID: 77cfa04f893eb8745b6a454a3d51b43c - Path: Packages/com.unity.render-pipelines.universal/Editor/Overrides/Shaders/TrackballEditor.shader - Importer: ScriptedImporter/UnityEditor.QuickSearchModule:UnityEditor.Search:ASIAI0B
Importing 'GUID: 77cfa04f893eb8745b6a454a3d51b43c - Path: Packages/com.unity.render-pipelines.universal/Editor/Overrides/Shaders/TrackballEditor.shader - Importer: ScriptedImporter/UnityEditor.QuickSearchModule:UnityEditor.Search:ASIAI0B' with importer (ScriptedImporter : UnityEditor.QuickSearchModule:UnityEditor.Search:ASIAI0B)
Imported 'GUID: 77cfa04f893eb8745b6a454a3d51b43c' -> (Import Result ID: '382acde2c730eb962b91dd0fe91a2f8d') in 0.002 seconds [static and dynamic dependencies]. Details - ImportResultOutputID=14a139b80c0da629ad8030e500a3cc1c DependenciesID=35840a8fdea1877b937c119cac53ad3d StaticDependenciesID=043b608916861c159879e311a63660c9 
Number of updated asset objects reloaded before import = 0
Number of asset objects unloaded after import = 1
========================================================================
Received Import Request.
  Time of request: 2026-10-01T17:13:32.1653081Z
  Time since last request: 0.0002125 seconds.
  importAddress: GUID: 6483447b285419e4b89f8a853712e1ab - Path: Packages/com.unity.render-pipelines.universal/Editor/ShaderGraph/Includes/DecalMeshBiasTypeEnum.cs.hlsl - Importer: ScriptedImporter/UnityEditor.QuickSearchModule:UnityEditor.Search:ASIAI0B
Importing 'GUID: 6483447b285419e4b89f8a853712e1ab - Path: Packages/com.unity.render-pipelines.universal/Editor/ShaderGraph/Includes/DecalMeshBiasTypeEnum.cs.hlsl - Importer: ScriptedImporter/UnityEditor.QuickSearchModule:UnityEditor.Search:ASIAI0B' with importer (ScriptedImporter : UnityEditor.QuickSearchModule:UnityEditor.Search:ASIAI0B)
Imported 'GUID: 6483447b285419e4b89f8a853712e1ab' -> (Import Result ID: '7a11ad739698bebc079eebeab0401c01') in 0.001 seconds [static and dynamic dependencies]. Details - ImportResultOutputID=fef0019472ea066a7ba9317ddd625846 DependenciesID=c3083234f3aebbfd81dc606adee7dc47 StaticDependenciesID=7ef063e220d61f7bef1f5d6fd0dff63e 
Number of updated asset objects reloaded before import = 0
Number of asset objects unloaded after import = 1
========================================================================
Received Import Request.
  Time of request: 2026-10-01T17:13:32.1738777Z
  Time since last request: 0.0003331 seconds.
  importAddress: GUID: bc3def193b270c649b041063a70a1a1f - Path: Packages/com.unity.render-pipelines.universal/Editor/ShaderGraph/GraphTemplates/Terrain Standard 4 Layers URP.shadergraph - Importer: ScriptedImporter/UnityEditor.QuickSearchModule:UnityEditor.Search:ASIAI0B
Importing 'GUID: bc3def193b270c649b041063a70a1a1f - Path: Packages/com.unity.render-pipelines.universal/Editor/ShaderGraph/GraphTemplates/Terrain Standard 4 Layers URP.shadergraph - Importer: ScriptedImporter/UnityEditor.QuickSearchModule:UnityEditor.Search:ASIAI0B' with importer (ScriptedImporter : UnityEditor.QuickSearchModule:UnityEditor.Search:ASIAI0B)
Imported 'GUID: bc3def193b270c649b041063a70a1a1f' -> (Import Result ID: 'cec926e0ed8928ed2697c25f67d99c3e') in 0.009 seconds [static and dynamic dependencies]. Details - ImportResultOutputID=49e785e8ab5e6ad021c5ebdcebfee258 DependenciesID=0ecc9387b8fbe279fdb4b1999e1c080e StaticDependenciesID=40a190a57e7df56f27abafbaa94cc6bc 
Number of updated asset objects reloaded before import = 0
Number of asset objects unloaded after import = 7
========================================================================
Received Import Request.
  Time of request: 2026-10-01T17:13:32.1901199Z
  Time since last request: 0.0000166 seconds.
  importAddress: GUID: ba78d2682f9fed14fb0827a24fb5a1f0 - Path: Packages/com.unity.render-pipelines.universal/Editor/ShaderGraph/Includes/ShaderPass.hlsl - Importer: ScriptedImporter/UnityEditor.QuickSearchModule:UnityEditor.Search:ASIAI0B
Importing 'GUID: ba78d2682f9fed14fb0827a24fb5a1f0 - Path: Packages/com.unity.render-pipelines.universal/Editor/ShaderGraph/Includes/ShaderPass.hlsl - Importer: ScriptedImporter/UnityEditor.QuickSearchModule:UnityEditor.Search:ASIAI0B' with importer (ScriptedImporter : UnityEditor.QuickSearchModule:UnityEditor.Search:ASIAI0B)
Imported 'GUID: ba78d2682f9fed14fb0827a24fb5a1f0' -> (Import Result ID: '9a05599bc8bfdd2c1efc8cabb816e16e') in 0.002 seconds [static and dynamic dependencies]. Details - ImportResultOutputID=d4714c4db72e843597ab55d0e573d7b5 DependenciesID=cb5ae6a88054e7492e74ebb1595650f7 StaticDependenciesID=166580b21d6286ee5586a195a0641a16 
Number of updated asset objects reloaded before import = 0
Number of asset objects unloaded after import = 1
========================================================================
Received Import Request.
  Time of request: 2026-10-01T17:13:32.2011644Z
  Time since last request: 0.0002439 seconds.
  importAddress: GUID: b34b07a45ba63ce47896c9e674f3a7a7 - Path: Packages/com.unity.render-pipelines.universal/Editor/SceneTemplates/Materials/Metal_Black.mat - Importer: ScriptedImporter/UnityEditor.QuickSearchModule:UnityEditor.Search:ASIAI0B
Importing 'GUID: b34b07a45ba63ce47896c9e674f3a7a7 - Path: Packages/com.unity.render-pipelines.universal/Editor/SceneTemplates/Materials/Metal_Black.mat - Importer: ScriptedImporter/UnityEditor.QuickSearchModule:UnityEditor.Search:ASIAI0B' with importer (ScriptedImporter : UnityEditor.QuickSearchModule:UnityEditor.Search:ASIAI0B)
Imported 'GUID: b34b07a45ba63ce47896c9e674f3a7a7' -> (Import Result ID: '01b7b3e59720ed13e16cd733bcd89fa2') in 0.004 seconds [static and dynamic dependencies]. Details - ImportResultOutputID=9b7835a66c8d6db038c58b03cdcb064d DependenciesID=ec0d9af145dd10e9b2fb2f7ac48dc433 StaticDependenciesID=be76ae84c729df5c8db824b44ed32599 
Number of updated asset objects reloaded before import = 0
Number of asset objects unloaded after import = 2
========================================================================
Received Import Request.
  Time of request: 2026-10-01T17:13:32.2132041Z
  Time since last request: 0.0002959 seconds.
  importAddress: GUID: 95e15a77195eb574ab82aaac18b1c796 - Path: Packages/com.unity.render-pipelines.universal/Editor/Overrides/Shaders/ShadowsMidtonesHighlightsCurves.shader - Importer: ScriptedImporter/UnityEditor.QuickSearchModule:UnityEditor.Search:ASIAI0B
Importing 'GUID: 95e15a77195eb574ab82aaac18b1c796 - Path: Packages/com.unity.render-pipelines.universal/Editor/Overrides/Shaders/ShadowsMidtonesHighlightsCurves.shader - Importer: ScriptedImporter/UnityEditor.QuickSearchModule:UnityEditor.Search:ASIAI0B' with importer (ScriptedImporter : UnityEditor.QuickSearchModule:UnityEditor.Search:ASIAI0B)
Imported 'GUID: 95e15a77195eb574ab82aaac18b1c796' -> (Import Result ID: 'c89f9247c7ab27b2434baa54b84045b8') in 0.002 seconds [static and dynamic dependencies]. Details - ImportResultOutputID=c69b5dbf58115da326f6c9de5cc03f45 DependenciesID=169aea78cc11058b1057f29bf1f0c255 StaticDependenciesID=e02e955fae7ffde797796f7487ce413c 
Number of updated asset objects reloaded before import = 0
Number of asset objects unloaded after import = 1
========================================================================
Received Import Request.
  Time of request: 2026-10-01T17:13:32.2218085Z
  Time since last request: 0.0001978 seconds.
  importAddress: GUID: c094860479f147488030fb1820fb1264 - Path: Packages/com.unity.render-pipelines.universal/Editor/BuildProcessors/GraphicsSettingsStrippers/SurfaceCacheGIStripper.cs - Importer: ScriptedImporter/UnityEditor.QuickSearchModule:UnityEditor.Search:ASIAI0B
Importing 'GUID: c094860479f147488030fb1820fb1264 - Path: Packages/com.unity.render-pipelines.universal/Editor/BuildProcessors/GraphicsSettingsStrippers/SurfaceCacheGIStripper.cs - Importer: ScriptedImporter/UnityEditor.QuickSearchModule:UnityEditor.Search:ASIAI0B' with importer (ScriptedImporter : UnityEditor.QuickSearchModule:UnityEditor.Search:ASIAI0B)
Imported 'GUID: c094860479f147488030fb1820fb1264' -> (Import Result ID: 'b1dcc170063e991afe01d02d3fc26a14') in 0.002 seconds [static and dynamic dependencies]. Details - ImportResultOutputID=ec51259cfbe3177641cb6bfe1e33fcc6 DependenciesID=ada53a2f13afab6fe5d8fa0d70afe168 StaticDependenciesID=06ba70e2d0a06db49c8c3b8ce9636dbe 
Number of updated asset objects reloaded before import = 0
Number of asset objects unloaded after import = 0
========================================================================
Received Import Request.
  Time of request: 2026-10-01T17:13:32.2446869Z
  Time since last request: 0.0142361 seconds.
  importAddress: GUID: 1088471fc1e09ab4cba93811ddb5300c - Path: Packages/com.unity.render-pipelines.universal/Editor/Tools/Project Auditor/InactiveRendererFeaturesAnalyzer.cs - Importer: ScriptedImporter/UnityEditor.QuickSearchModule:UnityEditor.Search:ASIAI0B
Importing 'GUID: 1088471fc1e09ab4cba93811ddb5300c - Path: Packages/com.unity.render-pipelines.universal/Editor/Tools/Project Auditor/InactiveRendererFeaturesAnalyzer.cs - Importer: ScriptedImporter/UnityEditor.QuickSearchModule:UnityEditor.Search:ASIAI0B' with importer (ScriptedImporter : UnityEditor.QuickSearchModule:UnityEditor.Search:ASIAI0B)
Imported 'GUID: 1088471fc1e09ab4cba93811ddb5300c' -> (Import Result ID: 'd9e6ce9575e6f90e913cfa50d00341d1') in 0.002 seconds [static and dynamic dependencies]. Details - ImportResultOutputID=6f1fccd4e45e547ea7a900235f7a17e0 DependenciesID=cc1c5a1db6d5f9d87dd891ac0f23b746 StaticDependenciesID=e33add7e4d4874fb745afa3cc27013be 
Number of updated asset objects reloaded before import = 0
Number of asset objects unloaded after import = 0
========================================================================
Received Import Request.
  Time of request: 2026-10-01T17:13:32.2533392Z
  Time since last request: 0.000569 seconds.
  importAddress: GUID: b182b2f5194c5574eb1983f8bb8b3d04 - Path: Packages/com.unity.render-pipelines.universal/Editor/VFXGraph/Shaders/VFXLit.template - Importer: ScriptedImporter/UnityEditor.QuickSearchModule:UnityEditor.Search:ASIAI0B
Importing 'GUID: b182b2f5194c5574eb1983f8bb8b3d04 - Path: Packages/com.unity.render-pipelines.universal/Editor/VFXGraph/Shaders/VFXLit.template - Importer: ScriptedImporter/UnityEditor.QuickSearchModule:UnityEditor.Search:ASIAI0B' with importer (ScriptedImporter : UnityEditor.QuickSearchModule:UnityEditor.Search:ASIAI0B)
Imported 'GUID: b182b2f5194c5574eb1983f8bb8b3d04' -> (Import Result ID: '807d771120cdf5c5add69bfb8ca1342d') in 0.002 seconds [static and dynamic dependencies]. Details - ImportResultOutputID=c584212eeb2ced107880e83d4bc7b9e1 DependenciesID=02d858cf8e8f509e41eba3aafa48c3cd StaticDependenciesID=d748ef017e92f997d8efef1c873ea5df 
Number of updated asset objects reloaded before import = 0
Number of asset objects unloaded after import = 1
========================================================================
Received Import Request.
  Time of request: 2026-10-01T17:13:32.2625075Z
  Time since last request: 0.0003656 seconds.
  importAddress: GUID: 5fa2eae08a4a4852be54781bb3cf5736 - Path: Packages/com.unity.render-pipelines.universal/Editor/VFXGraph/Shaders/VFXDecalVaryings.template - Importer: ScriptedImporter/UnityEditor.QuickSearchModule:UnityEditor.Search:ASIAI0B
Importing 'GUID: 5fa2eae08a4a4852be54781bb3cf5736 - Path: Packages/com.unity.render-pipelines.universal/Editor/VFXGraph/Shaders/VFXDecalVaryings.template - Importer: ScriptedImporter/UnityEditor.QuickSearchModule:UnityEditor.Search:ASIAI0B' with importer (ScriptedImporter : UnityEditor.QuickSearchModule:UnityEditor.Search:ASIAI0B)
Imported 'GUID: 5fa2eae08a4a4852be54781bb3cf5736' -> (Import Result ID: 'd015913f4b6fe1a207a0ac84e65e8412') in 0.002 seconds [static and dynamic dependencies]. Details - ImportResultOutputID=d6b85a8d528a67eb7b3fb2b067ee1ffb DependenciesID=f3668d6adbcb32a6898a64fcd39afeb6 StaticDependenciesID=8d12b5274e40df2214a9ca879fedd5e8 
Number of updated asset objects reloaded before import = 0
Number of asset objects unloaded after import = 1
========================================================================
Received Import Request.
  Time of request: 2026-10-01T17:13:32.2724482Z
  Time since last request: 0.0002344 seconds.
  importAddress: GUID: b3c58a63bfb3ecb4d81289bf60b5b802 - Path: Packages/com.unity.render-pipelines.universal/Editor/Tools/Converters/BuiltInToURP3DMaterialUpgrader.cs - Importer: ScriptedImporter/UnityEditor.QuickSearchModule:UnityEditor.Search:ASIAI0B
Importing 'GUID: b3c58a63bfb3ecb4d81289bf60b5b802 - Path: Packages/com.unity.render-pipelines.universal/Editor/Tools/Converters/BuiltInToURP3DMaterialUpgrader.cs - Importer: ScriptedImporter/UnityEditor.QuickSearchModule:UnityEditor.Search:ASIAI0B' with importer (ScriptedImporter : UnityEditor.QuickSearchModule:UnityEditor.Search:ASIAI0B)
Imported 'GUID: b3c58a63bfb3ecb4d81289bf60b5b802' -> (Import Result ID: '96d7f48e52172d013565c2f5f499425c') in 0.002 seconds [static and dynamic dependencies]. Details - ImportResultOutputID=474824705c9de97cd608530a10e9056c DependenciesID=83b6a4054165283da52a368db0fb47ae StaticDependenciesID=797998563a56e957a927500b3b5ce6ae 
Number of updated asset objects reloaded before import = 0
Number of asset objects unloaded after import = 0
========================================================================
Received Import Request.
  Time of request: 2026-10-01T17:13:32.2829416Z
  Time since last request: 0.0002312 seconds.
  importAddress: GUID: 8176ef27c50d1485084b4ab6f1554353 - Path: Packages/com.unity.render-pipelines.universal/Editor/ShaderGUI/Shaders/BakedLitShader.cs - Importer: ScriptedImporter/UnityEditor.QuickSearchModule:UnityEditor.Search:ASIAI0B
Importing 'GUID: 8176ef27c50d1485084b4ab6f1554353 - Path: Packages/com.unity.render-pipelines.universal/Editor/ShaderGUI/Shaders/BakedLitShader.cs - Importer: ScriptedImporter/UnityEditor.QuickSearchModule:UnityEditor.Search:ASIAI0B' with importer (ScriptedImporter : UnityEditor.QuickSearchModule:UnityEditor.Search:ASIAI0B)
Imported 'GUID: 8176ef27c50d1485084b4ab6f1554353' -> (Import Result ID: '3284dc458771d9802f2dfebe299f7881') in 0.003 seconds [static and dynamic dependencies]. Details - ImportResultOutputID=ae394783a9c835e83b9e16592c818d29 DependenciesID=734cb3a7039f27c05362e90a866cf3b1 StaticDependenciesID=3ef28a6107d1c64ae410b1a8370e463b 
Number of updated asset objects reloaded before import = 0
Number of asset objects unloaded after import = 0
========================================================================
Received Import Request.
  Time of request: 2026-10-01T17:13:32.2934849Z
  Time since last request: 0.0001965 seconds.
  importAddress: GUID: b9a1cfdb2f471544d93cc82d90cd225e - Path: Packages/com.unity.render-pipelines.universal/Editor/Tools/Project Auditor/GlobalSettingsAssetAnalyzer.cs - Importer: ScriptedImporter/UnityEditor.QuickSearchModule:UnityEditor.Search:ASIAI0B
Importing 'GUID: b9a1cfdb2f471544d93cc82d90cd225e - Path: Packages/com.unity.render-pipelines.universal/Editor/Tools/Project Auditor/GlobalSettingsAssetAnalyzer.cs - Importer: ScriptedImporter/UnityEditor.QuickSearchModule:UnityEditor.Search:ASIAI0B' with importer (ScriptedImporter : UnityEditor.QuickSearchModule:UnityEditor.Search:ASIAI0B)
Imported 'GUID: b9a1cfdb2f471544d93cc82d90cd225e' -> (Import Result ID: 'cb1ae2bcd31655b78a9a8915c983d6bf') in 0.002 seconds [static and dynamic dependencies]. Details - ImportResultOutputID=860bbd188c17636155e288832fa7dd38 DependenciesID=4d5352f687268446b5c0508fe3e20cc4 StaticDependenciesID=fdb7159dcc6a5c72a2d521a1dfa66c4c 
Number of updated asset objects reloaded before import = 0
Number of asset objects unloaded after import = 0
========================================================================
Received Import Request.
  Time of request: 2026-10-01T17:13:32.3035764Z
  Time since last request: 0.0002555 seconds.
  importAddress: GUID: c92e8017e3a191445a9aa9d26d91c907 - Path: Packages/com.unity.render-pipelines.universal/Editor/ShaderGraph/Nodes/UniversalSampleBufferNode.cs - Importer: ScriptedImporter/UnityEditor.QuickSearchModule:UnityEditor.Search:ASIAI0B
Importing 'GUID: c92e8017e3a191445a9aa9d26d91c907 - Path: Packages/com.unity.render-pipelines.universal/Editor/ShaderGraph/Nodes/UniversalSampleBufferNode.cs - Importer: ScriptedImporter/UnityEditor.QuickSearchModule:UnityEditor.Search:ASIAI0B' with importer (ScriptedImporter : UnityEditor.QuickSearchModule:UnityEditor.Search:ASIAI0B)
Imported 'GUID: c92e8017e3a191445a9aa9d26d91c907' -> (Import Result ID: 'b76ac66775bfdcb263c117fa7569da15') in 0.002 seconds [static and dynamic dependencies]. Details - ImportResultOutputID=b81b0465c31d8c2d78fda89123d29c99 DependenciesID=0e980508d187abb2e155762e4ce4e336 StaticDependenciesID=3e3bf31f0037061844956accf9e8001b 
Number of updated asset objects reloaded before import = 0
Number of asset objects unloaded after import = 0
========================================================================
Received Import Request.
  Time of request: 2026-10-01T17:13:32.3124522Z
  Time since last request: 0.0002718 seconds.
  importAddress: GUID: ed33028ae86f863468162a7c6b0ae962 - Path: Packages/com.unity.render-pipelines.universal/Editor/ShaderGraph/Templates/SharedCode.template.hlsl - Importer: ScriptedImporter/UnityEditor.QuickSearchModule:UnityEditor.Search:ASIAI0B
Importing 'GUID: ed33028ae86f863468162a7c6b0ae962 - Path: Packages/com.unity.render-pipelines.universal/Editor/ShaderGraph/Templates/SharedCode.template.hlsl - Importer: ScriptedImporter/UnityEditor.QuickSearchModule:UnityEditor.Search:ASIAI0B' with importer (ScriptedImporter : UnityEditor.QuickSearchModule:UnityEditor.Search:ASIAI0B)
Imported 'GUID: ed33028ae86f863468162a7c6b0ae962' -> (Import Result ID: '4a3c998456a642a0993fed79d6a2d203') in 0.001 seconds [static and dynamic dependencies]. Details - ImportResultOutputID=159521dc942725dbb387f90644cedd19 DependenciesID=e5741a584b0c028d3f47a6aa7891b798 StaticDependenciesID=cf004c934ddd420cd0b671c66941e99d 
Number of updated asset objects reloaded before import = 0
Number of asset objects unloaded after import = 1
========================================================================
Received Import Request.
  Time of request: 2026-10-01T17:13:32.322484Z
  Time since last request: 0.0003005 seconds.
  importAddress: GUID: eeea0853b4ef4054ea6842de40031a6d - Path: Packages/com.unity.render-pipelines.universal/Editor/Tools/Project Auditor/HDREnabledValidation.cs - Importer: ScriptedImporter/UnityEditor.QuickSearchModule:UnityEditor.Search:ASIAI0B
Importing 'GUID: eeea0853b4ef4054ea6842de40031a6d - Path: Packages/com.unity.render-pipelines.universal/Editor/Tools/Project Auditor/HDREnabledValidation.cs - Importer: ScriptedImporter/UnityEditor.QuickSearchModule:UnityEditor.Search:ASIAI0B' with importer (ScriptedImporter : UnityEditor.QuickSearchModule:UnityEditor.Search:ASIAI0B)
Imported 'GUID: eeea0853b4ef4054ea6842de40031a6d' -> (Import Result ID: '40f7a936b8ea3311f89fb664062d8c9a') in 0.002 seconds [static and dynamic dependencies]. Details - ImportResultOutputID=f4dea14f9a026a31f92ac201ec08d367 DependenciesID=ddfd3263ce9ae003fa6758095f4559bd StaticDependenciesID=1b3d64e49ba94c02bc2ad98597629b07 
Number of updated asset objects reloaded before import = 0
Number of asset objects unloaded after import = 0
========================================================================
Received Import Request.
  Time of request: 2026-10-01T17:13:32.3518013Z
  Time since last request: 0.0196732 seconds.
  importAddress: GUID: 1202285d83908604784202e4a57aa93c - Path: Packages/com.unity.render-pipelines.universal/Runtime/2D/Lights/Light2DPoint.cs - Importer: ScriptedImporter/UnityEditor.QuickSearchModule:UnityEditor.Search:ASIAI0B
Importing 'GUID: 1202285d83908604784202e4a57aa93c - Path: Packages/com.unity.render-pipelines.universal/Runtime/2D/Lights/Light2DPoint.cs - Importer: ScriptedImporter/UnityEditor.QuickSearchModule:UnityEditor.Search:ASIAI0B' with importer (ScriptedImporter : UnityEditor.QuickSearchModule:UnityEditor.Search:ASIAI0B)
Imported 'GUID: 1202285d83908604784202e4a57aa93c' -> (Import Result ID: 'cd5a6c76bf51d6948c1a0bf2c9aae0cb') in 0.002 seconds [static and dynamic dependencies]. Details - ImportResultOutputID=0094e796c895cd626bca03b21f9b4a9f DependenciesID=b9f9472b4ebde7800122ed8c0c8087fd StaticDependenciesID=a2a6ca3c4b299a2b486b80de4012a196 
Number of updated asset objects reloaded before import = 0
Number of asset objects unloaded after import = 0
========================================================================
Received Import Request.
  Time of request: 2026-10-01T17:13:32.361414Z
  Time since last request: 0.0002481 seconds.
  importAddress: GUID: 718db304c67a4e7692ab540c060259b2 - Path: Packages/com.unity.render-pipelines.universal/Runtime/2D/Rendergraph/DrawLight2DPass.cs - Importer: ScriptedImporter/UnityEditor.QuickSearchModule:UnityEditor.Search:ASIAI0B
Importing 'GUID: 718db304c67a4e7692ab540c060259b2 - Path: Packages/com.unity.render-pipelines.universal/Runtime/2D/Rendergraph/DrawLight2DPass.cs - Importer: ScriptedImporter/UnityEditor.QuickSearchModule:UnityEditor.Search:ASIAI0B' with importer (ScriptedImporter : UnityEditor.QuickSearchModule:UnityEditor.Search:ASIAI0B)
Imported 'GUID: 718db304c67a4e7692ab540c060259b2' -> (Import Result ID: '2367e7f00d84ecc5393a923a1602c946') in 0.002 seconds [static and dynamic dependencies]. Details - ImportResultOutputID=b2a6d3ad2b4a2803ef6059c1310335c7 DependenciesID=c3e493f6bf0ff98f662d34919e3e6259 StaticDependenciesID=605bad4aac6cfe8c7b04969c92c11776 
Number of updated asset objects reloaded before import = 0
Number of asset objects unloaded after import = 0
========================================================================
Received Import Request.
  Time of request: 2026-10-01T17:13:32.3698295Z
  Time since last request: 0.0001512 seconds.
  importAddress: GUID: 50e4c5766b2736d46b3bef6188fc4d3f - Path: Packages/com.unity.render-pipelines.universal/Runtime/2D/Sources/IProvider2DCache.cs - Importer: ScriptedImporter/UnityEditor.QuickSearchModule:UnityEditor.Search:ASIAI0B
Importing 'GUID: 50e4c5766b2736d46b3bef6188fc4d3f - Path: Packages/com.unity.render-pipelines.universal/Runtime/2D/Sources/IProvider2DCache.cs - Importer: ScriptedImporter/UnityEditor.QuickSearchModule:UnityEditor.Search:ASIAI0B' with importer (ScriptedImporter : UnityEditor.QuickSearchModule:UnityEditor.Search:ASIAI0B)
Imported 'GUID: 50e4c5766b2736d46b3bef6188fc4d3f' -> (Import Result ID: '558194ecb174e112ac1d9161c27ab999') in 0.002 seconds [static and dynamic dependencies]. Details - ImportResultOutputID=a8add63168ff0b16f23e727848b7edd5 DependenciesID=81a11e83396d87436a6923dd602f4734 StaticDependenciesID=820480a4bc29372752aa6b2f9df33c2a 
Number of updated asset objects reloaded before import = 0
Number of asset objects unloaded after import = 0
========================================================================
Received Import Request.
  Time of request: 2026-10-01T17:13:32.3799166Z
  Time since last request: 0.0001608 seconds.
  importAddress: GUID: d776af40f15db584481ac25590babc57 - Path: Packages/com.unity.render-pipelines.universal/Runtime/Decal/Entities/DecalEntityManager.cs - Importer: ScriptedImporter/UnityEditor.QuickSearchModule:UnityEditor.Search:ASIAI0B
Importing 'GUID: d776af40f15db584481ac25590babc57 - Path: Packages/com.unity.render-pipelines.universal/Runtime/Decal/Entities/DecalEntityManager.cs - Importer: ScriptedImporter/UnityEditor.QuickSearchModule:UnityEditor.Search:ASIAI0B' with importer (ScriptedImporter : UnityEditor.QuickSearchModule:UnityEditor.Search:ASIAI0B)
Imported 'GUID: d776af40f15db584481ac25590babc57' -> (Import Result ID: '03a58d37bd23c3dc0b5f3cd392cb07a5') in 0.002 seconds [static and dynamic dependencies]. Details - ImportResultOutputID=d35b61cba7f75f033a8b6a8412f3d8df DependenciesID=5d2beb364e8b4206f530d3cf427da87e StaticDependenciesID=ed6e6944a96a46044e3c65590415dffe 
Number of updated asset objects reloaded before import = 0
Number of asset objects unloaded after import = 0
========================================================================
Received Import Request.
  Time of request: 2026-10-01T17:13:32.390035Z
  Time since last request: 0.0003025 seconds.
  importAddress: GUID: 14716551160f4757bf2332c27a53ec34 - Path: Packages/com.unity.render-pipelines.universal/Runtime/2D/Lights/Light2DAuthoring.cs - Importer: ScriptedImporter/UnityEditor.QuickSearchModule:UnityEditor.Search:ASIAI0B
Importing 'GUID: 14716551160f4757bf2332c27a53ec34 - Path: Packages/com.unity.render-pipelines.universal/Runtime/2D/Lights/Light2DAuthoring.cs - Importer: ScriptedImporter/UnityEditor.QuickSearchModule:UnityEditor.Search:ASIAI0B' with importer (ScriptedImporter : UnityEditor.QuickSearchModule:UnityEditor.Search:ASIAI0B)
Imported 'GUID: 14716551160f4757bf2332c27a53ec34' -> (Import Result ID: '2bec70053e9ac86e7e11dd1ffbb67ce6') in 0.002 seconds [static and dynamic dependencies]. Details - ImportResultOutputID=65ce4cac5750cda2f3a10aec6316de25 DependenciesID=c2a3d753296d28daad57f5a0cafc4da6 StaticDependenciesID=a0ee2c8d12d1316620e5c0f6a56cf338 
Number of updated asset objects reloaded before import = 0
Number of asset objects unloaded after import = 0
========================================================================
Received Import Request.
  Time of request: 2026-10-01T17:13:32.4000228Z
  Time since last request: 0.0004959 seconds.
  importAddress: GUID: 4fc75fc0db61f674ab4e788dd0b34295 - Path: Packages/com.unity.render-pipelines.universal/Runtime/Decal/ScreenSpace/DecalGBufferRenderPass.cs - Importer: ScriptedImporter/UnityEditor.QuickSearchModule:UnityEditor.Search:ASIAI0B
Importing 'GUID: 4fc75fc0db61f674ab4e788dd0b34295 - Path: Packages/com.unity.render-pipelines.universal/Runtime/Decal/ScreenSpace/DecalGBufferRenderPass.cs - Importer: ScriptedImporter/UnityEditor.QuickSearchModule:UnityEditor.Search:ASIAI0B' with importer (ScriptedImporter : UnityEditor.QuickSearchModule:UnityEditor.Search:ASIAI0B)
Imported 'GUID: 4fc75fc0db61f674ab4e788dd0b34295' -> (Import Result ID: '361015f4465cff54cc9440724e9346f4') in 0.002 seconds [static and dynamic dependencies]. Details - ImportResultOutputID=95c35ab031f08b3ded3033ea4fc004d8 DependenciesID=06747c2a2dd31ac2633027c34fbda340 StaticDependenciesID=aabcdf3121a63cd7f7b296f7478f49d0 
Number of updated asset objects reloaded before import = 0
Number of asset objects unloaded after import = 0
========================================================================
Received Import Request.
  Time of request: 2026-10-01T17:13:32.4081697Z
  Time since last request: 0.0002825 seconds.
  importAddress: GUID: 47ca7de5076d2e34fbc2e25f05744f10 - Path: Packages/com.unity.render-pipelines.universal/Runtime/2D/RendererFeatures/ScriptableRendererFeature2D.cs - Importer: ScriptedImporter/UnityEditor.QuickSearchModule:UnityEditor.Search:ASIAI0B
Importing 'GUID: 47ca7de5076d2e34fbc2e25f05744f10 - Path: Packages/com.unity.render-pipelines.universal/Runtime/2D/RendererFeatures/ScriptableRendererFeature2D.cs - Importer: ScriptedImporter/UnityEditor.QuickSearchModule:UnityEditor.Search:ASIAI0B' with importer (ScriptedImporter : UnityEditor.QuickSearchModule:UnityEditor.Search:ASIAI0B)
Imported 'GUID: 47ca7de5076d2e34fbc2e25f05744f10' -> (Import Result ID: '5fb06a89b7f2b7cd781c7d36a00b34d5') in 0.001 seconds [static and dynamic dependencies]. Details - ImportResultOutputID=40a0d7211731f3096412cc17e0d14d4a DependenciesID=14d243e8445054ebd3b64a2db5b62ef5 StaticDependenciesID=f29fb874cddee15ae54bc7ec4ffcf239 
Number of updated asset objects reloaded before import = 0
Number of asset objects unloaded after import = 0
========================================================================
Received Import Request.
  Time of request: 2026-10-01T17:13:32.416481Z
  Time since last request: 0.0002182 seconds.
  importAddress: GUID: 63b92baba208e314c8fdebe52ca0cc34 - Path: Packages/com.unity.render-pipelines.universal/Runtime/MipGen/Shaders/ColorPyramidPS.shader - Importer: ScriptedImporter/UnityEditor.QuickSearchModule:UnityEditor.Search:ASIAI0B
Importing 'GUID: 63b92baba208e314c8fdebe52ca0cc34 - Path: Packages/com.unity.render-pipelines.universal/Runtime/MipGen/Shaders/ColorPyramidPS.shader - Importer: ScriptedImporter/UnityEditor.QuickSearchModule:UnityEditor.Search:ASIAI0B' with importer (ScriptedImporter : UnityEditor.QuickSearchModule:UnityEditor.Search:ASIAI0B)
Imported 'GUID: 63b92baba208e314c8fdebe52ca0cc34' -> (Import Result ID: 'e32d854e671027327fedf0743722f8b7') in 0.002 seconds [static and dynamic dependencies]. Details - ImportResultOutputID=9670737fb3b3b4ae9d8c03f830b4f61a DependenciesID=d34d8c991142c8a209c64f2f60a7ab41 StaticDependenciesID=abbe0edfa6457a9cbfe4e44602d6c0d4 
Number of updated asset objects reloaded before import = 0
Number of asset objects unloaded after import = 1
========================================================================
Received Import Request.
  Time of request: 2026-10-01T17:13:32.4251239Z
  Time since last request: 0.0001929 seconds.
  importAddress: GUID: 64d01acbbe3ff8d4d9b89e2064405103 - Path: Packages/com.unity.render-pipelines.universal/Runtime/2D/Sources/Provider2DRef.cs - Importer: ScriptedImporter/UnityEditor.QuickSearchModule:UnityEditor.Search:ASIAI0B
Importing 'GUID: 64d01acbbe3ff8d4d9b89e2064405103 - Path: Packages/com.unity.render-pipelines.universal/Runtime/2D/Sources/Provider2DRef.cs - Importer: ScriptedImporter/UnityEditor.QuickSearchModule:UnityEditor.Search:ASIAI0B' with importer (ScriptedImporter : UnityEditor.QuickSearchModule:UnityEditor.Search:ASIAI0B)
Imported 'GUID: 64d01acbbe3ff8d4d9b89e2064405103' -> (Import Result ID: 'f7faeffd399efa2ec7f6cc7d12780b0d') in 0.001 seconds [static and dynamic dependencies]. Details - ImportResultOutputID=9c10419273514aa651936980ac96e967 DependenciesID=327c565850fcc54cf08bf53f865189a9 StaticDependenciesID=164d64324144e14652ef3b1dea317054 
Number of updated asset objects reloaded before import = 0
Number of asset objects unloaded after import = 0
========================================================================
Received Import Request.
  Time of request: 2026-10-01T17:13:32.454672Z
  Time since last request: 0.0213442 seconds.
  importAddress: GUID: 3ff5a8cb01afe45ceb78977408e21133 - Path: Packages/com.unity.render-pipelines.universal/Runtime/Passes/PostProcess/StopNanPostProcessPass.cs - Importer: ScriptedImporter/UnityEditor.QuickSearchModule:UnityEditor.Search:ASIAI0B
Importing 'GUID: 3ff5a8cb01afe45ceb78977408e21133 - Path: Packages/com.unity.render-pipelines.universal/Runtime/Passes/PostProcess/StopNanPostProcessPass.cs - Importer: ScriptedImporter/UnityEditor.QuickSearchModule:UnityEditor.Search:ASIAI0B' with importer (ScriptedImporter : UnityEditor.QuickSearchModule:UnityEditor.Search:ASIAI0B)
Imported 'GUID: 3ff5a8cb01afe45ceb78977408e21133' -> (Import Result ID: '5581e8cebd771aaea7f446e0cf24657b') in 0.002 seconds [static and dynamic dependencies]. Details - ImportResultOutputID=13ef3e874ad6e1eb62432af6d263029d DependenciesID=2a5f1eae7194a92fb414a68b6fe04b7a StaticDependenciesID=f74dfb824a4073126e1eb95973bd8851 
Number of updated asset objects reloaded before import = 0
Number of asset objects unloaded after import = 0
========================================================================
Received Import Request.
  Time of request: 2026-10-01T17:13:32.4634529Z
  Time since last request: 0.0001354 seconds.
  importAddress: GUID: dda90eae3301de545856ee63771154fd - Path: Packages/com.unity.render-pipelines.universal/Runtime/MipGen/Shaders/DepthPyramidConstants.cs.hlsl - Importer: ScriptedImporter/UnityEditor.QuickSearchModule:UnityEditor.Search:ASIAI0B
Importing 'GUID: dda90eae3301de545856ee63771154fd - Path: Packages/com.unity.render-pipelines.universal/Runtime/MipGen/Shaders/DepthPyramidConstants.cs.hlsl - Importer: ScriptedImporter/UnityEditor.QuickSearchModule:UnityEditor.Search:ASIAI0B' with importer (ScriptedImporter : UnityEditor.QuickSearchModule:UnityEditor.Search:ASIAI0B)
Imported 'GUID: dda90eae3301de545856ee63771154fd' -> (Import Result ID: 'd54a23b18e512d9e583997d5dce0053d') in 0.001 seconds [static and dynamic dependencies]. Details - ImportResultOutputID=70a6aad3ec28eb37d0e1518f22305866 DependenciesID=bac53f5b7562fdaf7ae87e9b383e4731 StaticDependenciesID=fa2d7497fc71e714faaecd8ddd721932 
Number of updated asset objects reloaded before import = 0
Number of asset objects unloaded after import = 1
========================================================================
Received Import Request.
  Time of request: 2026-10-01T17:13:32.4715908Z
  Time since last request: 0.000212 seconds.
  importAddress: GUID: 2274cd80d4e22254d98d0282578183e0 - Path: Packages/com.unity.render-pipelines.universal/Runtime/RendererFeatures/ScreenSpaceReflectionRendererFeature/ScreenSpaceReflectionVolumeSettings.cs - Importer: ScriptedImporter/UnityEditor.QuickSearchModule:UnityEditor.Search:ASIAI0B
Importing 'GUID: 2274cd80d4e22254d98d0282578183e0 - Path: Packages/com.unity.render-pipelines.universal/Runtime/RendererFeatures/ScreenSpaceReflectionRendererFeature/ScreenSpaceReflectionVolumeSettings.cs - Importer: ScriptedImporter/UnityEditor.QuickSearchModule:UnityEditor.Search:ASIAI0B' with importer (ScriptedImporter : UnityEditor.QuickSearchModule:UnityEditor.Search:ASIAI0B)
Imported 'GUID: 2274cd80d4e22254d98d0282578183e0' -> (Import Result ID: '37aebbde24811f30231182b076328b7e') in 0.002 seconds [static and dynamic dependencies]. Details - ImportResultOutputID=069e45a48489e5983daafb1d747c65fd DependenciesID=4807614ff13b3295c4bae52bce07ba49 StaticDependenciesID=8692e68f695f5fea86a33d287025923a 
Number of updated asset objects reloaded before import = 0
Number of asset objects unloaded after import = 0
========================================================================
Received Import Request.
  Time of request: 2026-10-01T17:13:32.4802898Z
  Time since last request: 0.0001985 seconds.
  importAddress: GUID: 4d271c06564c6784392d81f949558e5c - Path: Packages/com.unity.render-pipelines.universal/Runtime/RendererFeatures/SurfaceCacheGIRendererFeature/ScreenResolveLookup.compute - Importer: ScriptedImporter/UnityEditor.QuickSearchModule:UnityEditor.Search:ASIAI0B
Importing 'GUID: 4d271c06564c6784392d81f949558e5c - Path: Packages/com.unity.render-pipelines.universal/Runtime/RendererFeatures/SurfaceCacheGIRendererFeature/ScreenResolveLookup.compute - Importer: ScriptedImporter/UnityEditor.QuickSearchModule:UnityEditor.Search:ASIAI0B' with importer (ScriptedImporter : UnityEditor.QuickSearchModule:UnityEditor.Search:ASIAI0B)
Imported 'GUID: 4d271c06564c6784392d81f949558e5c' -> (Import Result ID: '92fb19b6942f38da2e0db4fb796eb88f') in 0.002 seconds [static and dynamic dependencies]. Details - ImportResultOutputID=a9eb72e520f9ab52974b0a638f4e8551 DependenciesID=e6361d9fcd5b3f4623da0fe36eef0ebb StaticDependenciesID=72eea05caa3a51b55ca541418f2f1d6e 
Number of updated asset objects reloaded before import = 0
Number of asset objects unloaded after import = 1
========================================================================
Received Import Request.
  Time of request: 2026-10-01T17:13:32.4885932Z
  Time since last request: 0.0001797 seconds.
  importAddress: GUID: 7d889ceca5f694540a4607aa3c632402 - Path: Packages/com.unity.render-pipelines.universal/Runtime/RendererFeatures/ScreenSpaceReflectionRendererFeature/ScreenSpaceReflectionPersistentResources.cs - Importer: ScriptedImporter/UnityEditor.QuickSearchModule:UnityEditor.Search:ASIAI0B
Importing 'GUID: 7d889ceca5f694540a4607aa3c632402 - Path: Packages/com.unity.render-pipelines.universal/Runtime/RendererFeatures/ScreenSpaceReflectionRendererFeature/ScreenSpaceReflectionPersistentResources.cs - Importer: ScriptedImporter/UnityEditor.QuickSearchModule:UnityEditor.Search:ASIAI0B' with importer (ScriptedImporter : UnityEditor.QuickSearchModule:UnityEditor.Search:ASIAI0B)
Imported 'GUID: 7d889ceca5f694540a4607aa3c632402' -> (Import Result ID: '21beaa8550c7f441decc375de90d46db') in 0.001 seconds [static and dynamic dependencies]. Details - ImportResultOutputID=2c2d75359ce22415c6d9bfa111d181f0 DependenciesID=7da7f4e61f09d2393c333f3e3e13c434 StaticDependenciesID=dd2a10c19bffa97a4ab9cbfc4e57d4a0 
Number of updated asset objects reloaded before import = 0
Number of asset objects unloaded after import = 0
========================================================================
Received Import Request.
  Time of request: 2026-10-01T17:13:32.4959858Z
  Time since last request: 0.0001968 seconds.
  importAddress: GUID: 60bde6145e88f154a99bf3cb5a724641 - Path: Packages/com.unity.render-pipelines.universal/Runtime/Passes/ScreenSpaceAmbientOcclusion/AAOPass.cs - Importer: ScriptedImporter/UnityEditor.QuickSearchModule:UnityEditor.Search:ASIAI0B
Importing 'GUID: 60bde6145e88f154a99bf3cb5a724641 - Path: Packages/com.unity.render-pipelines.universal/Runtime/Passes/ScreenSpaceAmbientOcclusion/AAOPass.cs - Importer: ScriptedImporter/UnityEditor.QuickSearchModule:UnityEditor.Search:ASIAI0B' with importer (ScriptedImporter : UnityEditor.QuickSearchModule:UnityEditor.Search:ASIAI0B)
Imported 'GUID: 60bde6145e88f154a99bf3cb5a724641' -> (Import Result ID: '1ebc7a740030c0d0953c2c2a53b2d673') in 0.002 seconds [static and dynamic dependencies]. Details - ImportResultOutputID=04755f47c7fd2426415bb94cbe5587cd DependenciesID=94a4f2fe2f1231f15faf5eafacfd7aa2 StaticDependenciesID=3cb8fb116eb25ec5e88968b76c00b90c 
Number of updated asset objects reloaded before import = 0
Number of asset objects unloaded after import = 0
========================================================================
Received Import Request.
  Time of request: 2026-10-01T17:13:32.5245134Z
  Time since last request: 0.0212215 seconds.
  importAddress: GUID: d4044ea2490d63b43aa1765f8efbf8a9 - Path: Packages/com.unity.render-pipelines.universal/Textures/BlueNoise16/L/LDR_LLL1_19.png - Importer: ScriptedImporter/UnityEditor.QuickSearchModule:UnityEditor.Search:ASIAI0B
Importing 'GUID: d4044ea2490d63b43aa1765f8efbf8a9 - Path: Packages/com.unity.render-pipelines.universal/Textures/BlueNoise16/L/LDR_LLL1_19.png - Importer: ScriptedImporter/UnityEditor.QuickSearchModule:UnityEditor.Search:ASIAI0B' with importer (ScriptedImporter : UnityEditor.QuickSearchModule:UnityEditor.Search:ASIAI0B)
Imported 'GUID: d4044ea2490d63b43aa1765f8efbf8a9' -> (Import Result ID: '9d659295b68397a4df4eb3c72aad1bf7') in 0.004 seconds [static and dynamic dependencies]. Details - ImportResultOutputID=3265d44cf7af67c53928eb83285a1a1a DependenciesID=c1d3ec4c5b467deeaf9d60c11c55d5b5 StaticDependenciesID=c08f80a012be04ee232af7977411648e 
Number of updated asset objects reloaded before import = 0
Number of asset objects unloaded after import = 1
========================================================================
Received Import Request.
  Time of request: 2026-10-01T17:13:32.5343012Z
  Time since last request: 0.0001935 seconds.
  importAddress: GUID: d50c5e07c9911a74982bddf7f3075e7b - Path: Packages/com.unity.render-pipelines.universal/Textures/BlueNoise16/L/LDR_LLL1_1.png - Importer: ScriptedImporter/UnityEditor.QuickSearchModule:UnityEditor.Search:ASIAI0B
Importing 'GUID: d50c5e07c9911a74982bddf7f3075e7b - Path: Packages/com.unity.render-pipelines.universal/Textures/BlueNoise16/L/LDR_LLL1_1.png - Importer: ScriptedImporter/UnityEditor.QuickSearchModule:UnityEditor.Search:ASIAI0B' with importer (ScriptedImporter : UnityEditor.QuickSearchModule:UnityEditor.Search:ASIAI0B)
Imported 'GUID: d50c5e07c9911a74982bddf7f3075e7b' -> (Import Result ID: '78143c2e1e6d96489c4c8468abd14b4c') in 0.003 seconds [static and dynamic dependencies]. Details - ImportResultOutputID=54087958412368a344b13a8de69778f7 DependenciesID=ee142748492a3369c071125076fb2c85 StaticDependenciesID=7be1e8f1875a114bee68cb5b2fd2239b 
Number of updated asset objects reloaded before import = 0
Number of asset objects unloaded after import = 1
========================================================================
Received Import Request.
  Time of request: 2026-10-01T17:13:32.5432755Z
  Time since last request: 0.0002383 seconds.
  importAddress: GUID: 9d92991794bb5864c8085468b97aa067 - Path: Packages/com.unity.render-pipelines.universal/Textures/BlueNoise16/L/LDR_LLL1_16.png - Importer: ScriptedImporter/UnityEditor.QuickSearchModule:UnityEditor.Search:ASIAI0B
Importing 'GUID: 9d92991794bb5864c8085468b97aa067 - Path: Packages/com.unity.render-pipelines.universal/Textures/BlueNoise16/L/LDR_LLL1_16.png - Importer: ScriptedImporter/UnityEditor.QuickSearchModule:UnityEditor.Search:ASIAI0B' with importer (ScriptedImporter : UnityEditor.QuickSearchModule:UnityEditor.Search:ASIAI0B)
Imported 'GUID: 9d92991794bb5864c8085468b97aa067' -> (Import Result ID: 'da50ffb76dc97b20f2511e30057f9c80') in 0.005 seconds [static and dynamic dependencies]. Details - ImportResultOutputID=6558cc1b1c7142c84023288e5dce863b DependenciesID=28da7a98a813d8c2760892d1d2ca5c1c StaticDependenciesID=66c3d6d45ef8a98a412540cc7ce19ace 
Number of updated asset objects reloaded before import = 0
Number of asset objects unloaded after import = 1
========================================================================
Received Import Request.
  Time of request: 2026-10-01T17:13:32.5547143Z
  Time since last request: 0.0002313 seconds.
  importAddress: GUID: 694e01e6361351641bfb5cc5fc69f087 - Path: Packages/com.unity.render-pipelines.universal/Shaders/2D/Include/Normals2DCommon.hlsl - Importer: ScriptedImporter/UnityEditor.QuickSearchModule:UnityEditor.Search:ASIAI0B
Importing 'GUID: 694e01e6361351641bfb5cc5fc69f087 - Path: Packages/com.unity.render-pipelines.universal/Shaders/2D/Include/Normals2DCommon.hlsl - Importer: ScriptedImporter/UnityEditor.QuickSearchModule:UnityEditor.Search:ASIAI0B' with importer (ScriptedImporter : UnityEditor.QuickSearchModule:UnityEditor.Search:ASIAI0B)
Imported 'GUID: 694e01e6361351641bfb5cc5fc69f087' -> (Import Result ID: '696edc0d5182da8ed010228de8a0020a') in 0.001 seconds [static and dynamic dependencies]. Details - ImportResultOutputID=fcad7d33637a563b465061b2baa99480 DependenciesID=44980dcbddc6123417be62ea677550ff StaticDependenciesID=594a573899f1764cf0590b5d8c56388e 
Number of updated asset objects reloaded before import = 0
Number of asset objects unloaded after import = 1
========================================================================
Received Import Request.
  Time of request: 2026-10-01T17:13:32.5630375Z
  Time since last request: 0.000248 seconds.
  importAddress: GUID: c989e1ed85cf7154caa922fec53e6af6 - Path: Packages/com.unity.render-pipelines.universal/Textures/BlueNoise16/L/LDR_LLL1_27.png - Importer: ScriptedImporter/UnityEditor.QuickSearchModule:UnityEditor.Search:ASIAI0B
Importing 'GUID: c989e1ed85cf7154caa922fec53e6af6 - Path: Packages/com.unity.render-pipelines.universal/Textures/BlueNoise16/L/LDR_LLL1_27.png - Importer: ScriptedImporter/UnityEditor.QuickSearchModule:UnityEditor.Search:ASIAI0B' with importer (ScriptedImporter : UnityEditor.QuickSearchModule:UnityEditor.Search:ASIAI0B)
Imported 'GUID: c989e1ed85cf7154caa922fec53e6af6' -> (Import Result ID: 'a2ae68ea42ac5b058bda7d137983a2ab') in 0.003 seconds [static and dynamic dependencies]. Details - ImportResultOutputID=b4379a5cf4f670ee539dad9393ee2716 DependenciesID=af6f147f34308f014afc9d6a66e3e6c3 StaticDependenciesID=6e9588d095527d650340398f593b57b6 
Number of updated asset objects reloaded before import = 0
Number of asset objects unloaded after import = 1
========================================================================
Received Import Request.
  Time of request: 2026-10-01T17:13:32.5720041Z
  Time since last request: 0.0002383 seconds.
  importAddress: GUID: 5ce9e51bf709e4e459da190b3cf4d110 - Path: Packages/com.unity.render-pipelines.universal/Shaders/2D/Include/ShapeLightVariables.hlsl - Importer: ScriptedImporter/UnityEditor.QuickSearchModule:UnityEditor.Search:ASIAI0B
Importing 'GUID: 5ce9e51bf709e4e459da190b3cf4d110 - Path: Packages/com.unity.render-pipelines.universal/Shaders/2D/Include/ShapeLightVariables.hlsl - Importer: ScriptedImporter/UnityEditor.QuickSearchModule:UnityEditor.Search:ASIAI0B' with importer (ScriptedImporter : UnityEditor.QuickSearchModule:UnityEditor.Search:ASIAI0B)
Imported 'GUID: 5ce9e51bf709e4e459da190b3cf4d110' -> (Import Result ID: '4fc59863f6d5e7794b7d4d6c045f65db') in 0.002 seconds [static and dynamic dependencies]. Details - ImportResultOutputID=92d97a89ba7d94cad47b12989d7c784f DependenciesID=474ce1f2d76544e7c87dbe102d428aed StaticDependenciesID=c242283e98f3a940983d24e77adc0b37 
Number of updated asset objects reloaded before import = 0
Number of asset objects unloaded after import = 1
========================================================================
Received Import Request.
  Time of request: 2026-10-01T17:13:32.5815154Z
  Time since last request: 0.0002889 seconds.
  importAddress: GUID: d5c9b274310e5524ebe32a4e4da3df1f - Path: Packages/com.unity.render-pipelines.universal/Textures/BlueNoise16/L/LDR_LLL1_21.png - Importer: ScriptedImporter/UnityEditor.QuickSearchModule:UnityEditor.Search:ASIAI0B
Importing 'GUID: d5c9b274310e5524ebe32a4e4da3df1f - Path: Packages/com.unity.render-pipelines.universal/Textures/BlueNoise16/L/LDR_LLL1_21.png - Importer: ScriptedImporter/UnityEditor.QuickSearchModule:UnityEditor.Search:ASIAI0B' with importer (ScriptedImporter : UnityEditor.QuickSearchModule:UnityEditor.Search:ASIAI0B)
Imported 'GUID: d5c9b274310e5524ebe32a4e4da3df1f' -> (Import Result ID: '5613f67c31e852ded3823fb6295bb8c7') in 0.003 seconds [static and dynamic dependencies]. Details - ImportResultOutputID=9a2327528a18a1d6440eb10323db70ce DependenciesID=3914ddc0725c78cefbb5cef92ce3b76c StaticDependenciesID=3cda7d9edfe876104b878d8299428221 
Number of updated asset objects reloaded before import = 0
Number of asset objects unloaded after import = 1
========================================================================
Received Import Request.
  Time of request: 2026-10-01T17:13:32.6128299Z
  Time since last request: 0.0212522 seconds.
  importAddress: GUID: b1d9d11b6a33b4b4e83c36bd926bbb77 - Path: Packages/com.unity.render-pipelines.universal/Editor/2D/ShaderGraph/AssetCallbacks/CreateSpriteUnlitShaderGraph.cs - Importer: ScriptedImporter/UnityEditor.QuickSearchModule:UnityEditor.Search:ASIAI0B
Importing 'GUID: b1d9d11b6a33b4b4e83c36bd926bbb77 - Path: Packages/com.unity.render-pipelines.universal/Editor/2D/ShaderGraph/AssetCallbacks/CreateSpriteUnlitShaderGraph.cs - Importer: ScriptedImporter/UnityEditor.QuickSearchModule:UnityEditor.Search:ASIAI0B' with importer (ScriptedImporter : UnityEditor.QuickSearchModule:UnityEditor.Search:ASIAI0B)
Imported 'GUID: b1d9d11b6a33b4b4e83c36bd926bbb77' -> (Import Result ID: '3f70ba7a0e26f1372b78ce98747c171c') in 0.002 seconds [static and dynamic dependencies]. Details - ImportResultOutputID=3a8ad53928b20f2f1d128ff65cf19422 DependenciesID=43534af3fbeff682efa01b38fcf2f7bb StaticDependenciesID=c9a080b714c1a8080c87c7b9ebca0eb4 
Number of updated asset objects reloaded before import = 0
Number of asset objects unloaded after import = 0
========================================================================
Received Import Request.
  Time of request: 2026-10-01T17:13:32.6210268Z
  Time since last request: 0.0003979 seconds.
  importAddress: GUID: 5713bf64396f54c1a8f3bf0924c3454b - Path: Packages/com.unity.render-pipelines.universal/Editor/2D/PackageResources/ProfilerIcon/2D_Graphics@32.png - Importer: ScriptedImporter/UnityEditor.QuickSearchModule:UnityEditor.Search:ASIAI0B
Importing 'GUID: 5713bf64396f54c1a8f3bf0924c3454b - Path: Packages/com.unity.render-pipelines.universal/Editor/2D/PackageResources/ProfilerIcon/2D_Graphics@32.png - Importer: ScriptedImporter/UnityEditor.QuickSearchModule:UnityEditor.Search:ASIAI0B' with importer (ScriptedImporter : UnityEditor.QuickSearchModule:UnityEditor.Search:ASIAI0B)
Imported 'GUID: 5713bf64396f54c1a8f3bf0924c3454b' -> (Import Result ID: 'd0a86e7c36b6048aafde2385612dce0f') in 0.006 seconds [static and dynamic dependencies]. Details - ImportResultOutputID=c50dcf527ca34cf3d5322682de06ca86 DependenciesID=4b8b44db2adc7381bcf0dbe14201c581 StaticDependenciesID=d9bd379f6431bde8cd2226cac7d0c39e 
Number of updated asset objects reloaded before import = 0
Number of asset objects unloaded after import = 3
========================================================================
Received Import Request.
  Time of request: 2026-10-01T17:13:32.6338965Z
  Time since last request: 0.0002113 seconds.
  importAddress: GUID: 6400081753199864e8880210a0c8ce24 - Path: Packages/com.unity.render-pipelines.universal/Editor/VFXGraph/Shaders/Templates/VFXParticleBasicCube.template - Importer: ScriptedImporter/UnityEditor.QuickSearchModule:UnityEditor.Search:ASIAI0B
Importing 'GUID: 6400081753199864e8880210a0c8ce24 - Path: Packages/com.unity.render-pipelines.universal/Editor/VFXGraph/Shaders/Templates/VFXParticleBasicCube.template - Importer: ScriptedImporter/UnityEditor.QuickSearchModule:UnityEditor.Search:ASIAI0B' with importer (ScriptedImporter : UnityEditor.QuickSearchModule:UnityEditor.Search:ASIAI0B)
Imported 'GUID: 6400081753199864e8880210a0c8ce24' -> (Import Result ID: '754840be61b919502b4d1afaf077f0eb') in 0.002 seconds [static and dynamic dependencies]. Details - ImportResultOutputID=7ecbd91842501e40f24ffc0360f6a634 DependenciesID=3b1c41f1f6c50c5a4b05bc645e83f469 StaticDependenciesID=2148930cefa0464d8519fe821724b35c 
Number of updated asset objects reloaded before import = 0
Number of asset objects unloaded after import = 1
========================================================================
Received Import Request.
  Time of request: 2026-10-01T17:13:32.6431376Z
  Time since last request: 0.0002162 seconds.
  importAddress: GUID: c7148842f397b440b8244314e625264e - Path: Packages/com.unity.render-pipelines.universal/Editor/2D/PackageResources/ProfilerIcon/d_2D_Graphics@64.png - Importer: ScriptedImporter/UnityEditor.QuickSearchModule:UnityEditor.Search:ASIAI0B
Importing 'GUID: c7148842f397b440b8244314e625264e - Path: Packages/com.unity.render-pipelines.universal/Editor/2D/PackageResources/ProfilerIcon/d_2D_Graphics@64.png - Importer: ScriptedImporter/UnityEditor.QuickSearchModule:UnityEditor.Search:ASIAI0B' with importer (ScriptedImporter : UnityEditor.QuickSearchModule:UnityEditor.Search:ASIAI0B)
Imported 'GUID: c7148842f397b440b8244314e625264e' -> (Import Result ID: '29824778b2ad03811d08d93becd7d071') in 0.005 seconds [static and dynamic dependencies]. Details - ImportResultOutputID=fad31ddbdbe5439602b1ad82f514d02f DependenciesID=65bd8623d212a18655698c1535c80b26 StaticDependenciesID=01e44979f3de2e2d171a6d6b656932ae 
Number of updated asset objects reloaded before import = 0
Number of asset objects unloaded after import = 3
========================================================================
Received Import Request.
  Time of request: 2026-10-01T17:13:32.6547421Z
  Time since last request: 0.0002105 seconds.
  importAddress: GUID: c89564426827c76479d8772adb43e6e4 - Path: Packages/com.unity.render-pipelines.universal/Editor/2D/Resources/SceneViewIcons/FreeformLight.png - Importer: ScriptedImporter/UnityEditor.QuickSearchModule:UnityEditor.Search:ASIAI0B
Importing 'GUID: c89564426827c76479d8772adb43e6e4 - Path: Packages/com.unity.render-pipelines.universal/Editor/2D/Resources/SceneViewIcons/FreeformLight.png - Importer: ScriptedImporter/UnityEditor.QuickSearchModule:UnityEditor.Search:ASIAI0B' with importer (ScriptedImporter : UnityEditor.QuickSearchModule:UnityEditor.Search:ASIAI0B)
Imported 'GUID: c89564426827c76479d8772adb43e6e4' -> (Import Result ID: '4ca11ed8ece67e24d81478c097bcc4be') in 0.003 seconds [static and dynamic dependencies]. Details - ImportResultOutputID=dfeb33b729d4726a6284026eb79ad31b DependenciesID=bfe70b93bee2ddbb6744c506a97f4074 StaticDependenciesID=7f6a4b886ce5f99a4b147917e740e928 
Number of updated asset objects reloaded before import = 0
Number of asset objects unloaded after import = 1
========================================================================
Received Import Request.
  Time of request: 2026-10-01T17:13:32.6643009Z
  Time since last request: 0.000171 seconds.
  importAddress: GUID: a1be7992c1f7b0947bc2f9b045098f9e - Path: Packages/com.unity.render-pipelines.universal/Editor/ShaderGraph/GraphTemplates/2D/2DSpriteUnlitTemplateThumbnail.png - Importer: ScriptedImporter/UnityEditor.QuickSearchModule:UnityEditor.Search:ASIAI0B
Importing 'GUID: a1be7992c1f7b0947bc2f9b045098f9e - Path: Packages/com.unity.render-pipelines.universal/Editor/ShaderGraph/GraphTemplates/2D/2DSpriteUnlitTemplateThumbnail.png - Importer: ScriptedImporter/UnityEditor.QuickSearchModule:UnityEditor.Search:ASIAI0B' with importer (ScriptedImporter : UnityEditor.QuickSearchModule:UnityEditor.Search:ASIAI0B)
Imported 'GUID: a1be7992c1f7b0947bc2f9b045098f9e' -> (Import Result ID: '7c380b46d3d28b067dff2cec4ec5a507') in 0.005 seconds [static and dynamic dependencies]. Details - ImportResultOutputID=f660c9932e7b088428eb75d02c8cb8bd DependenciesID=8f3f148338f84d8576c4cc49b9e84dca StaticDependenciesID=6edf7f46e4c6914a0442aef704ab3b27 
Number of updated asset objects reloaded before import = 0
Number of asset objects unloaded after import = 1
========================================================================
Received Import Request.
  Time of request: 2026-10-01T17:13:32.6772651Z
  Time since last request: 0.0003384 seconds.
  importAddress: GUID: 1c9e0e166435ac24eacc5a8f047aff75 - Path: Packages/com.unity.render-pipelines.universal/Editor/VFXGraph/Shaders/Templates/VFXParticleLinesHW.template - Importer: ScriptedImporter/UnityEditor.QuickSearchModule:UnityEditor.Search:ASIAI0B
Importing 'GUID: 1c9e0e166435ac24eacc5a8f047aff75 - Path: Packages/com.unity.render-pipelines.universal/Editor/VFXGraph/Shaders/Templates/VFXParticleLinesHW.template - Importer: ScriptedImporter/UnityEditor.QuickSearchModule:UnityEditor.Search:ASIAI0B' with importer (ScriptedImporter : UnityEditor.QuickSearchModule:UnityEditor.Search:ASIAI0B)
Imported 'GUID: 1c9e0e166435ac24eacc5a8f047aff75' -> (Import Result ID: '2933d7319944138fe9bb75082bcb7b91') in 0.002 seconds [static and dynamic dependencies]. Details - ImportResultOutputID=e2b14217976349b6436a4067360e9f13 DependenciesID=dd2505914405c1b9294892f8b5d23ce9 StaticDependenciesID=5657d2d83524e838529f67f27f8afd54 
Number of updated asset objects reloaded before import = 0
Number of asset objects unloaded after import = 1
========================================================================
Received Import Request.
  Time of request: 2026-10-01T17:13:32.6872499Z
  Time since last request: 0.0003049 seconds.
  importAddress: GUID: 713d6952dfc661f44b856f1bfc9a4880 - Path: Packages/com.unity.render-pipelines.universal/Editor/ShaderGraph/Includes/Terrain/PBRForwardPass.hlsl - Importer: ScriptedImporter/UnityEditor.QuickSearchModule:UnityEditor.Search:ASIAI0B
Importing 'GUID: 713d6952dfc661f44b856f1bfc9a4880 - Path: Packages/com.unity.render-pipelines.universal/Editor/ShaderGraph/Includes/Terrain/PBRForwardPass.hlsl - Importer: ScriptedImporter/UnityEditor.QuickSearchModule:UnityEditor.Search:ASIAI0B' with importer (ScriptedImporter : UnityEditor.QuickSearchModule:UnityEditor.Search:ASIAI0B)
Imported 'GUID: 713d6952dfc661f44b856f1bfc9a4880' -> (Import Result ID: '897ba127a6490e7b03b97ec9b6220d5a') in 0.002 seconds [static and dynamic dependencies]. Details - ImportResultOutputID=5f4e8873e11b75069ffdf3e570cfd4f8 DependenciesID=15ae66dfd60f96ccaa9baeb6d017feab StaticDependenciesID=f7e8019e49a3a026b53e7e892c2774e5 
Number of updated asset objects reloaded before import = 0
Number of asset objects unloaded after import = 1
========================================================================
Received Import Request.
  Time of request: 2026-10-01T17:13:32.6968773Z
  Time since last request: 0.0002218 seconds.
  importAddress: GUID: 4ad8b54817d9f5441910014b5ceb8583 - Path: Packages/com.unity.render-pipelines.universal/Editor/2D/ShaderGraph/Includes/SpriteForwardPass.hlsl - Importer: ScriptedImporter/UnityEditor.QuickSearchModule:UnityEditor.Search:ASIAI0B
Importing 'GUID: 4ad8b54817d9f5441910014b5ceb8583 - Path: Packages/com.unity.render-pipelines.universal/Editor/2D/ShaderGraph/Includes/SpriteForwardPass.hlsl - Importer: ScriptedImporter/UnityEditor.QuickSearchModule:UnityEditor.Search:ASIAI0B' with importer (ScriptedImporter : UnityEditor.QuickSearchModule:UnityEditor.Search:ASIAI0B)
Imported 'GUID: 4ad8b54817d9f5441910014b5ceb8583' -> (Import Result ID: '623d9b611c585388be292aa7668ff445') in 0.002 seconds [static and dynamic dependencies]. Details - ImportResultOutputID=62701530f478f5cb064040731607cbba DependenciesID=8acc205c1122391f47ebfe9cbc870255 StaticDependenciesID=2cf51d72b1bc97de7e4d21aada2ffe9d 
Number of updated asset objects reloaded before import = 0
Number of asset objects unloaded after import = 1
========================================================================
Received Import Request.
  Time of request: 2026-10-01T17:13:32.7087568Z
  Time since last request: 0.0031533 seconds.
  importAddress: GUID: 5c847e0daeb638146931797574071502 - Path: Packages/com.unity.render-pipelines.universal/Runtime/VFXGraph/Utility/PropertyBinders/URPCameraBinder.cs - Importer: ScriptedImporter/UnityEditor.QuickSearchModule:UnityEditor.Search:ASIAI0B
Importing 'GUID: 5c847e0daeb638146931797574071502 - Path: Packages/com.unity.render-pipelines.universal/Runtime/VFXGraph/Utility/PropertyBinders/URPCameraBinder.cs - Importer: ScriptedImporter/UnityEditor.QuickSearchModule:UnityEditor.Search:ASIAI0B' with importer (ScriptedImporter : UnityEditor.QuickSearchModule:UnityEditor.Search:ASIAI0B)
Imported 'GUID: 5c847e0daeb638146931797574071502' -> (Import Result ID: '076123598feed3390dde788a9c690756') in 0.002 seconds [static and dynamic dependencies]. Details - ImportResultOutputID=3ef33d24e3610e208a03fb9c8f16f091 DependenciesID=8fbada341696666c57f73bccf0fd8793 StaticDependenciesID=7919b48b1f8f754cc0cca8f7587c0d72 
Number of updated asset objects reloaded before import = 0
Number of asset objects unloaded after import = 0
========================================================================
Received Import Request.
  Time of request: 2026-10-01T17:13:32.7188587Z
  Time since last request: 0.0002788 seconds.
  importAddress: GUID: 49ad1c60b87587d439cb3bf92a9867d6 - Path: Packages/com.unity.render-pipelines.universal/Runtime/2D/Shadows/Shadow Provider Utility/IEdgeStore.cs - Importer: ScriptedImporter/UnityEditor.QuickSearchModule:UnityEditor.Search:ASIAI0B
Importing 'GUID: 49ad1c60b87587d439cb3bf92a9867d6 - Path: Packages/com.unity.render-pipelines.universal/Runtime/2D/Shadows/Shadow Provider Utility/IEdgeStore.cs - Importer: ScriptedImporter/UnityEditor.QuickSearchModule:UnityEditor.Search:ASIAI0B' with importer (ScriptedImporter : UnityEditor.QuickSearchModule:UnityEditor.Search:ASIAI0B)
Imported 'GUID: 49ad1c60b87587d439cb3bf92a9867d6' -> (Import Result ID: '38dcba65771c675b96e1d72b913e3448') in 0.001 seconds [static and dynamic dependencies]. Details - ImportResultOutputID=2a9c2559b84386620f65fb0405c7a8ad DependenciesID=7a0711b5a11e85618c7fff211a4bf443 StaticDependenciesID=dd5a2fd392f2b0406e68ceed31185381 
Number of updated asset objects reloaded before import = 0
Number of asset objects unloaded after import = 0
========================================================================
Received Import Request.
  Time of request: 2026-10-01T17:13:32.7274286Z
  Time since last request: 0.0001906 seconds.
  importAddress: GUID: e428475e2bdb81f499cdbe3c59953975 - Path: Packages/com.unity.render-pipelines.universal/Runtime/2D/Shadows/Providers/ShadowShapeProvider2D_Utility.cs - Importer: ScriptedImporter/UnityEditor.QuickSearchModule:UnityEditor.Search:ASIAI0B
Importing 'GUID: e428475e2bdb81f499cdbe3c59953975 - Path: Packages/com.unity.render-pipelines.universal/Runtime/2D/Shadows/Providers/ShadowShapeProvider2D_Utility.cs - Importer: ScriptedImporter/UnityEditor.QuickSearchModule:UnityEditor.Search:ASIAI0B' with importer (ScriptedImporter : UnityEditor.QuickSearchModule:UnityEditor.Search:ASIAI0B)
Imported 'GUID: e428475e2bdb81f499cdbe3c59953975' -> (Import Result ID: '29c091c74fe4f2357143c158677b45cd') in 0.001 seconds [static and dynamic dependencies]. Details - ImportResultOutputID=af29e7d1460cc53fdfb67298486182ba DependenciesID=b7647eb564d50fa0113e7448e1f5f676 StaticDependenciesID=ec44fd5c371b3b390a96ee17eb90e5f4 
Number of updated asset objects reloaded before import = 0
Number of asset objects unloaded after import = 0
========================================================================
Received Import Request.
  Time of request: 2026-10-01T17:13:32.7367951Z
  Time since last request: 0.0003494 seconds.
  importAddress: GUID: c7a8c3a8c44540639fe72b8ba1c8d176 - Path: Packages/com.unity.render-pipelines.universal/Editor/VFXGraph/Shaders/Templates/VFXParticleURPDecal.template - Importer: ScriptedImporter/UnityEditor.QuickSearchModule:UnityEditor.Search:ASIAI0B
Importing 'GUID: c7a8c3a8c44540639fe72b8ba1c8d176 - Path: Packages/com.unity.render-pipelines.universal/Editor/VFXGraph/Shaders/Templates/VFXParticleURPDecal.template - Importer: ScriptedImporter/UnityEditor.QuickSearchModule:UnityEditor.Search:ASIAI0B' with importer (ScriptedImporter : UnityEditor.QuickSearchModule:UnityEditor.Search:ASIAI0B)
Imported 'GUID: c7a8c3a8c44540639fe72b8ba1c8d176' -> (Import Result ID: 'e0262ab9c36105290525179013718cb1') in 0.001 seconds [static and dynamic dependencies]. Details - ImportResultOutputID=a520fa73fb37ce40a43882a259e99f25 DependenciesID=b9583eee7dd81cf9fb395ebc408708b6 StaticDependenciesID=1692e378c0c56b271e583158491047b9 
Number of updated asset objects reloaded before import = 0
Number of asset objects unloaded after import = 1
========================================================================
Received Import Request.
  Time of request: 2026-10-01T17:13:32.7613963Z
  Time since last request: 0.0158973 seconds.
  importAddress: GUID: 4b313a234ad620945b078e06349d46f5 - Path: Packages/com.unity.render-pipelines.universal/Editor/VFXGraph/Shaders/Templates/ParticleMeshesLit/PassVelocity.template - Importer: ScriptedImporter/UnityEditor.QuickSearchModule:UnityEditor.Search:ASIAI0B
Importing 'GUID: 4b313a234ad620945b078e06349d46f5 - Path: Packages/com.unity.render-pipelines.universal/Editor/VFXGraph/Shaders/Templates/ParticleMeshesLit/PassVelocity.template - Importer: ScriptedImporter/UnityEditor.QuickSearchModule:UnityEditor.Search:ASIAI0B' with importer (ScriptedImporter : UnityEditor.QuickSearchModule:UnityEditor.Search:ASIAI0B)
Imported 'GUID: 4b313a234ad620945b078e06349d46f5' -> (Import Result ID: '5809690cf4194d10cfea265d241f5f2a') in 0.001 seconds [static and dynamic dependencies]. Details - ImportResultOutputID=008fb870358a82fc302f4817a5cdcb26 DependenciesID=420c99c613cbd753a1aca1e339beeff2 StaticDependenciesID=dd099af09d91243c30558ba430639766 
Number of updated asset objects reloaded before import = 0
Number of asset objects unloaded after import = 1
========================================================================
Received Import Request.
  Time of request: 2026-10-01T17:13:32.7702618Z
  Time since last request: 0.0002947 seconds.
  importAddress: GUID: a55128324929eba40884977cd5c1669e - Path: Packages/com.unity.render-pipelines.universal/Editor/VFXGraph/Shaders/Templates/ParticleMeshesLit/PassDepthOrMV.template - Importer: ScriptedImporter/UnityEditor.QuickSearchModule:UnityEditor.Search:ASIAI0B
Importing 'GUID: a55128324929eba40884977cd5c1669e - Path: Packages/com.unity.render-pipelines.universal/Editor/VFXGraph/Shaders/Templates/ParticleMeshesLit/PassDepthOrMV.template - Importer: ScriptedImporter/UnityEditor.QuickSearchModule:UnityEditor.Search:ASIAI0B' with importer (ScriptedImporter : UnityEditor.QuickSearchModule:UnityEditor.Search:ASIAI0B)
Imported 'GUID: a55128324929eba40884977cd5c1669e' -> (Import Result ID: '515c8ac36aa9971c3455db38de76368f') in 0.002 seconds [static and dynamic dependencies]. Details - ImportResultOutputID=740e4821ba014fbcbc5c8113e91ac096 DependenciesID=f3a7085f209189b362e1a9f83f7bd9fe StaticDependenciesID=52c6899a69f1f4b34f942fbf5db121b2 
Number of updated asset objects reloaded before import = 0
Number of asset objects unloaded after import = 1
========================================================================
Received Import Request.
  Time of request: 2026-10-01T17:13:32.7799795Z
  Time since last request: 0.0002515 seconds.
  importAddress: GUID: f3ec7f3c24cdbba49986aa6478b5867f - Path: Packages/com.unity.render-pipelines.universal/Editor/VFXGraph/Shaders/Templates/ParticleLines/PassForward2D.template - Importer: ScriptedImporter/UnityEditor.QuickSearchModule:UnityEditor.Search:ASIAI0B
Importing 'GUID: f3ec7f3c24cdbba49986aa6478b5867f - Path: Packages/com.unity.render-pipelines.universal/Editor/VFXGraph/Shaders/Templates/ParticleLines/PassForward2D.template - Importer: ScriptedImporter/UnityEditor.QuickSearchModule:UnityEditor.Search:ASIAI0B' with importer (ScriptedImporter : UnityEditor.QuickSearchModule:UnityEditor.Search:ASIAI0B)
Imported 'GUID: f3ec7f3c24cdbba49986aa6478b5867f' -> (Import Result ID: 'e914de80a9018968dcf7816ee46a71b6') in 0.002 seconds [static and dynamic dependencies]. Details - ImportResultOutputID=6ba28fd56746faee7896b37ffd29eb1b DependenciesID=2af35256efa8fdadf0589ea805666bba StaticDependenciesID=3f1bde4289e274c14d5bcb70dfeec30e 
Number of updated asset objects reloaded before import = 0
Number of asset objects unloaded after import = 1
========================================================================
Received Import Request.
  Time of request: 2026-10-01T17:13:32.7904881Z
  Time since last request: 0.0003532 seconds.
  importAddress: GUID: 60e6c40c533c7ed4fbf6a90081f0e415 - Path: Packages/com.unity.render-pipelines.universal/Editor/VFXGraph/Shaders/Templates/ParticlePlanarPrimitives/PassForward2D.template - Importer: ScriptedImporter/UnityEditor.QuickSearchModule:UnityEditor.Search:ASIAI0B
Importing 'GUID: 60e6c40c533c7ed4fbf6a90081f0e415 - Path: Packages/com.unity.render-pipelines.universal/Editor/VFXGraph/Shaders/Templates/ParticlePlanarPrimitives/PassForward2D.template - Importer: ScriptedImporter/UnityEditor.QuickSearchModule:UnityEditor.Search:ASIAI0B' with importer (ScriptedImporter : UnityEditor.QuickSearchModule:UnityEditor.Search:ASIAI0B)
Imported 'GUID: 60e6c40c533c7ed4fbf6a90081f0e415' -> (Import Result ID: 'bf7db8116a923ee690632e351ccb0359') in 0.002 seconds [static and dynamic dependencies]. Details - ImportResultOutputID=98149c7523c7654d06b934aa27260956 DependenciesID=a3beedca22e8c77965e5a3ca9d710a58 StaticDependenciesID=cfd396d2da47ed5424c38384cb288422 
Number of updated asset objects reloaded before import = 0
Number of asset objects unloaded after import = 1
========================================================================
Received Import Request.
  Time of request: 2026-10-01T17:13:32.7998313Z
  Time since last request: 0.0002217 seconds.
  importAddress: GUID: 013f0d4c935a24bc3be2e70185995077 - Path: Packages/com.unity.render-pipelines.universal/Editor/2D/Profiler/UI/U2DGraphicsProfilerView/U2DGraphicsProfilerView.uxml - Importer: ScriptedImporter/UnityEditor.QuickSearchModule:UnityEditor.Search:ASIAI0B
Importing 'GUID: 013f0d4c935a24bc3be2e70185995077 - Path: Packages/com.unity.render-pipelines.universal/Editor/2D/Profiler/UI/U2DGraphicsProfilerView/U2DGraphicsProfilerView.uxml - Importer: ScriptedImporter/UnityEditor.QuickSearchModule:UnityEditor.Search:ASIAI0B' with importer (ScriptedImporter : UnityEditor.QuickSearchModule:UnityEditor.Search:ASIAI0B)
Imported 'GUID: 013f0d4c935a24bc3be2e70185995077' -> (Import Result ID: 'abfb3c7c5432b1ffe6399d5b55d57799') in 0.003 seconds [static and dynamic dependencies]. Details - ImportResultOutputID=035ef9a51fe65b7aa952043bc1a414f6 DependenciesID=7988ecc879db3bfdbc872f4e742837a7 StaticDependenciesID=23d3c85dc854ea0a2ffaccf48c3bebfd 
Number of updated asset objects reloaded before import = 0
Number of asset objects unloaded after import = 3
========================================================================
Received Import Request.
  Time of request: 2026-10-01T17:13:32.8327798Z
  Time since last request: 0.0230865 seconds.
  importAddress: GUID: 40cf578c410cce34895b4a55f12d31d1 - Path: Packages/com.unity.render-pipelines.universal/Editor/VFXGraph/Shaders/Templates/ParticlePlanarPrimitivesLit/PassVelocity.template - Importer: ScriptedImporter/UnityEditor.QuickSearchModule:UnityEditor.Search:ASIAI0B
Importing 'GUID: 40cf578c410cce34895b4a55f12d31d1 - Path: Packages/com.unity.render-pipelines.universal/Editor/VFXGraph/Shaders/Templates/ParticlePlanarPrimitivesLit/PassVelocity.template - Importer: ScriptedImporter/UnityEditor.QuickSearchModule:UnityEditor.Search:ASIAI0B' with importer (ScriptedImporter : UnityEditor.QuickSearchModule:UnityEditor.Search:ASIAI0B)
Imported 'GUID: 40cf578c410cce34895b4a55f12d31d1' -> (Import Result ID: '83910cd380e0ebe787f6d2dc2a14a560') in 0.002 seconds [static and dynamic dependencies]. Details - ImportResultOutputID=ee91af0327e1a0275e3f371f024cb788 DependenciesID=8514e76810fff6d05fe24456ad4ec04e StaticDependenciesID=450ecb23edeb60052a2c23bbd59b22d7 
Number of updated asset objects reloaded before import = 0
Number of asset objects unloaded after import = 1
========================================================================
Received Import Request.
  Time of request: 2026-10-01T17:13:32.8509121Z
  Time since last request: 0.0096742 seconds.
  importAddress: GUID: 4a2199802709cda43937144c1ae1537a - Path: Packages/com.unity.render-pipelines.universal/Tests/Editor/Tools/Converters/AnimationClipConverter/EditorCurveBindingsUtilsTests.cs - Importer: ScriptedImporter/UnityEditor.QuickSearchModule:UnityEditor.Search:ASIAI0B
Importing 'GUID: 4a2199802709cda43937144c1ae1537a - Path: Packages/com.unity.render-pipelines.universal/Tests/Editor/Tools/Converters/AnimationClipConverter/EditorCurveBindingsUtilsTests.cs - Importer: ScriptedImporter/UnityEditor.QuickSearchModule:UnityEditor.Search:ASIAI0B' with importer (ScriptedImporter : UnityEditor.QuickSearchModule:UnityEditor.Search:ASIAI0B)
Imported 'GUID: 4a2199802709cda43937144c1ae1537a' -> (Import Result ID: 'd8f04c84bf53c4ba0e7265142da9d350') in 0.003 seconds [static and dynamic dependencies]. Details - ImportResultOutputID=64369309db5763e65e13b37d2d1a4e33 DependenciesID=9e1a1d078146684e3571bc08e231c67a StaticDependenciesID=8313c3625287beacf76c407ebc81ff49 
Number of updated asset objects reloaded before import = 0
Number of asset objects unloaded after import = 0
========================================================================
Received Import Request.
  Time of request: 2026-10-01T17:13:32.8702141Z
  Time since last request: 0.0099509 seconds.
  importAddress: GUID: 4745d06d5a7ca576dcf9e5e67b417652 - Path: Packages/com.unity.modules.accessibility/package.ModuleCompilationTrigger - Importer: ScriptedImporter/UnityEditor.QuickSearchModule:UnityEditor.Search:ASIAI0B
Importing 'GUID: 4745d06d5a7ca576dcf9e5e67b417652 - Path: Packages/com.unity.modules.accessibility/package.ModuleCompilationTrigger - Importer: ScriptedImporter/UnityEditor.QuickSearchModule:UnityEditor.Search:ASIAI0B' with importer (ScriptedImporter : UnityEditor.QuickSearchModule:UnityEditor.Search:ASIAI0B)
Imported 'GUID: 4745d06d5a7ca576dcf9e5e67b417652' -> (Import Result ID: '905cee7a148b57574c40d4901a75f600') in 0.002 seconds [static and dynamic dependencies]. Details - ImportResultOutputID=65c22932988a736d968cbe31e71c302d DependenciesID=8958501dffc66e3291bd7682b4e37447 StaticDependenciesID=c6e68aae91e50a7e5fb0b3cf7011bcc0 
Number of updated asset objects reloaded before import = 0
Number of asset objects unloaded after import = 1
========================================================================
Received Import Request.
  Time of request: 2026-10-01T17:13:32.8787928Z
  Time since last request: 0.0006346 seconds.
  importAddress: GUID: 1e2111b050c0b4ff993323691eab7ce6 - Path: Packages/com.unity.render-pipelines.universal/Tests/Editor/Tools/Converters/MaterialUpgrader/SpeedTree9MaterialUpgraderTest.cs - Importer: ScriptedImporter/UnityEditor.QuickSearchModule:UnityEditor.Search:ASIAI0B
Importing 'GUID: 1e2111b050c0b4ff993323691eab7ce6 - Path: Packages/com.unity.render-pipelines.universal/Tests/Editor/Tools/Converters/MaterialUpgrader/SpeedTree9MaterialUpgraderTest.cs - Importer: ScriptedImporter/UnityEditor.QuickSearchModule:UnityEditor.Search:ASIAI0B' with importer (ScriptedImporter : UnityEditor.QuickSearchModule:UnityEditor.Search:ASIAI0B)
Imported 'GUID: 1e2111b050c0b4ff993323691eab7ce6' -> (Import Result ID: '0cb5b828169faf6eb96d35d43593948d') in 0.001 seconds [static and dynamic dependencies]. Details - ImportResultOutputID=1430645ef9d37f79c9899e88ec11b2ef DependenciesID=ca1ff8bdf4e29406200b8ecf10c2bf05 StaticDependenciesID=67bfec0f3b031a35fb1f04a03f8dc427 
Number of updated asset objects reloaded before import = 0
Number of asset objects unloaded after import = 0
========================================================================
Received Import Request.
  Time of request: 2026-10-01T17:13:32.8864715Z
  Time since last request: 0.0004513 seconds.
  importAddress: GUID: 366c9e15ecf02a34191e749ec109fd96 - Path: Packages/com.unity.graph-authoring/Tests/Editor/ProviderLibraryTests.cs - Importer: ScriptedImporter/UnityEditor.QuickSearchModule:UnityEditor.Search:ASIAI0B
Importing 'GUID: 366c9e15ecf02a34191e749ec109fd96 - Path: Packages/com.unity.graph-authoring/Tests/Editor/ProviderLibraryTests.cs - Importer: ScriptedImporter/UnityEditor.QuickSearchModule:UnityEditor.Search:ASIAI0B' with importer (ScriptedImporter : UnityEditor.QuickSearchModule:UnityEditor.Search:ASIAI0B)
Imported 'GUID: 366c9e15ecf02a34191e749ec109fd96' -> (Import Result ID: '5e688128d29a6497ad3c5b15c69895ba') in 0.002 seconds [static and dynamic dependencies]. Details - ImportResultOutputID=e8c2461c2fcbd3008a5ecbc97168fc9b DependenciesID=dfdcb86d096d788c576aff2d96201a7f StaticDependenciesID=65b1b12fead5b3162c9a1087fb892b4c 
Number of updated asset objects reloaded before import = 0
Number of asset objects unloaded after import = 0
========================================================================
Received Import Request.
  Time of request: 2026-10-01T17:13:32.8948077Z
  Time since last request: 0.0003973 seconds.
  importAddress: GUID: 62eec8a012ecc7c4a8b5a38b5dc130e4 - Path: Packages/com.unity.test-framework.performance/Editor/PerformanceTestRunSaver.cs - Importer: ScriptedImporter/UnityEditor.QuickSearchModule:UnityEditor.Search:ASIAI0B
Importing 'GUID: 62eec8a012ecc7c4a8b5a38b5dc130e4 - Path: Packages/com.unity.test-framework.performance/Editor/PerformanceTestRunSaver.cs - Importer: ScriptedImporter/UnityEditor.QuickSearchModule:UnityEditor.Search:ASIAI0B' with importer (ScriptedImporter : UnityEditor.QuickSearchModule:UnityEditor.Search:ASIAI0B)
Imported 'GUID: 62eec8a012ecc7c4a8b5a38b5dc130e4' -> (Import Result ID: '814c35ae1aa0480515b02b0b391c4a8e') in 0.001 seconds [static and dynamic dependencies]. Details - ImportResultOutputID=76a1dcecd2c89ced27f1b63b1d814986 DependenciesID=e238a262d3ca615aee3e95455b7efa7b StaticDependenciesID=127ec374b611b68830dae25a4cc6d405 
Number of updated asset objects reloaded before import = 0
Number of asset objects unloaded after import = 0
========================================================================
Received Import Request.
  Time of request: 2026-10-01T17:13:32.9031818Z
  Time since last request: 0.0004238 seconds.
  importAddress: GUID: 3fdd83b151eb8d25c5e2f82fc39dcb04 - Path: Packages/com.unity.modules.unitywebrequest/package.json - Importer: ScriptedImporter/UnityEditor.QuickSearchModule:UnityEditor.Search:ASIAI0B
Importing 'GUID: 3fdd83b151eb8d25c5e2f82fc39dcb04 - Path: Packages/com.unity.modules.unitywebrequest/package.json - Importer: ScriptedImporter/UnityEditor.QuickSearchModule:UnityEditor.Search:ASIAI0B' with importer (ScriptedImporter : UnityEditor.QuickSearchModule:UnityEditor.Search:ASIAI0B)
Imported 'GUID: 3fdd83b151eb8d25c5e2f82fc39dcb04' -> (Import Result ID: 'd239e6f2872d780b841bfe88973a7de3') in 0.001 seconds [static and dynamic dependencies]. Details - ImportResultOutputID=4d16512b260f247f7c83712f30151188 DependenciesID=819a7a1763f2fc2dcaee587654c36f65 StaticDependenciesID=cb272e7f1c545e34547abb8d1db412b5 
Number of updated asset objects reloaded before import = 0
Number of asset objects unloaded after import = 1
========================================================================
Received Import Request.
  Time of request: 2026-10-01T17:13:32.9119465Z
  Time since last request: 0.0003852 seconds.
  importAddress: GUID: 0722f9616ea0a48e280b552e67e783a5 - Path: Packages/com.unity.render-pipelines.universal/Tests/Editor/Tools/Converters/MaterialUpgrader/StandardMaterialUpgraderTest.cs - Importer: ScriptedImporter/UnityEditor.QuickSearchModule:UnityEditor.Search:ASIAI0B
Importing 'GUID: 0722f9616ea0a48e280b552e67e783a5 - Path: Packages/com.unity.render-pipelines.universal/Tests/Editor/Tools/Converters/MaterialUpgrader/StandardMaterialUpgraderTest.cs - Importer: ScriptedImporter/UnityEditor.QuickSearchModule:UnityEditor.Search:ASIAI0B' with importer (ScriptedImporter : UnityEditor.QuickSearchModule:UnityEditor.Search:ASIAI0B)
Imported 'GUID: 0722f9616ea0a48e280b552e67e783a5' -> (Import Result ID: '508da44ad4b7f63af624b9be27e0bd75') in 0.002 seconds [static and dynamic dependencies]. Details - ImportResultOutputID=ca28bd7f2af7d4ff4ff77cc83217dbe9 DependenciesID=cb4234fc383cd1e54326f31e56076dfe StaticDependenciesID=213ab0024d3297f38298f0653a1ea62d 
Number of updated asset objects reloaded before import = 0
Number of asset objects unloaded after import = 0
========================================================================
Received Import Request.
  Time of request: 2026-10-01T17:13:32.9198316Z
  Time since last request: 0.0003584 seconds.
  importAddress: GUID: 60eb5edc9e8f1644ab7af39eff49a691 - Path: Packages/com.unity.graph-authoring/Editor/ShaderImplementation/ShaderObjects/CommonShaderObjects.cs - Importer: ScriptedImporter/UnityEditor.QuickSearchModule:UnityEditor.Search:ASIAI0B
Importing 'GUID: 60eb5edc9e8f1644ab7af39eff49a691 - Path: Packages/com.unity.graph-authoring/Editor/ShaderImplementation/ShaderObjects/CommonShaderObjects.cs - Importer: ScriptedImporter/UnityEditor.QuickSearchModule:UnityEditor.Search:ASIAI0B' with importer (ScriptedImporter : UnityEditor.QuickSearchModule:UnityEditor.Search:ASIAI0B)
Imported 'GUID: 60eb5edc9e8f1644ab7af39eff49a691' -> (Import Result ID: '6cf26eeec962869f9268d5652ce3c440') in 0.002 seconds [static and dynamic dependencies]. Details - ImportResultOutputID=b719adf09660ca4ece5307c5ba7188ed DependenciesID=8f6ac3b572c9c5d378829435ac802bd8 StaticDependenciesID=0b0aaee4d8f29e48585b5a41732e1163 
Number of updated asset objects reloaded before import = 0
Number of asset objects unloaded after import = 0
========================================================================
Received Import Request.
  Time of request: 2026-10-01T17:13:32.9279242Z
  Time since last request: 0.0002148 seconds.
  importAddress: GUID: 65a435b219724f1c9e25b4f8d4564bb3 - Path: Packages/com.unity.test-framework.performance/Editor/CmdLineResultsSavingCallbacks.cs - Importer: ScriptedImporter/UnityEditor.QuickSearchModule:UnityEditor.Search:ASIAI0B
Importing 'GUID: 65a435b219724f1c9e25b4f8d4564bb3 - Path: Packages/com.unity.test-framework.performance/Editor/CmdLineResultsSavingCallbacks.cs - Importer: ScriptedImporter/UnityEditor.QuickSearchModule:UnityEditor.Search:ASIAI0B' with importer (ScriptedImporter : UnityEditor.QuickSearchModule:UnityEditor.Search:ASIAI0B)
Imported 'GUID: 65a435b219724f1c9e25b4f8d4564bb3' -> (Import Result ID: 'cdac97031ce8ca7ee3a0d5905fdafd7b') in 0.001 seconds [static and dynamic dependencies]. Details - ImportResultOutputID=a1933728f39aa2b9cd16f9322fe278cf DependenciesID=d6a8c7bc901d64119ab51a67461b1d73 StaticDependenciesID=713e359a7206e1934eaf57b43e6e3fe5 
Number of updated asset objects reloaded before import = 0
Number of asset objects unloaded after import = 0
========================================================================
Received Import Request.
  Time of request: 2026-10-01T17:13:32.9359102Z
  Time since last request: 0.0002213 seconds.
  importAddress: GUID: d1ed5968494d4f81bd53a7c212ca8d72 - Path: Packages/com.unity.test-framework.performance/Runtime/PerformanceTestHelper.cs - Importer: ScriptedImporter/UnityEditor.QuickSearchModule:UnityEditor.Search:ASIAI0B
Importing 'GUID: d1ed5968494d4f81bd53a7c212ca8d72 - Path: Packages/com.unity.test-framework.performance/Runtime/PerformanceTestHelper.cs - Importer: ScriptedImporter/UnityEditor.QuickSearchModule:UnityEditor.Search:ASIAI0B' with importer (ScriptedImporter : UnityEditor.QuickSearchModule:UnityEditor.Search:ASIAI0B)
Imported 'GUID: d1ed5968494d4f81bd53a7c212ca8d72' -> (Import Result ID: '6f689279f68af8e3e0d2b2eb2a40ce5c') in 0.002 seconds [static and dynamic dependencies]. Details - ImportResultOutputID=40cd3eb4a1480f3cd34907fad20a261c DependenciesID=bc16afc92278fd6aeda713d00e7b81fa StaticDependenciesID=fc38169dc943bbdf794074f70778e94b 
Number of updated asset objects reloaded before import = 0
Number of asset objects unloaded after import = 0
========================================================================
Received Import Request.
  Time of request: 2026-10-01T17:13:32.9556543Z
  Time since last request: 0.0100284 seconds.
  importAddress: GUID: adeb1350b6faa3f49b2e8eeca35edc53 - Path: Packages/com.unity.test-framework.performance/Runtime/PlayerCallbacks.cs - Importer: ScriptedImporter/UnityEditor.QuickSearchModule:UnityEditor.Search:ASIAI0B
Importing 'GUID: adeb1350b6faa3f49b2e8eeca35edc53 - Path: Packages/com.unity.test-framework.performance/Runtime/PlayerCallbacks.cs - Importer: ScriptedImporter/UnityEditor.QuickSearchModule:UnityEditor.Search:ASIAI0B' with importer (ScriptedImporter : UnityEditor.QuickSearchModule:UnityEditor.Search:ASIAI0B)
Imported 'GUID: adeb1350b6faa3f49b2e8eeca35edc53' -> (Import Result ID: '6e3c968e468c0324a380397bbc088062') in 0.001 seconds [static and dynamic dependencies]. Details - ImportResultOutputID=f2467b5b11c9e93bdc691a72f890fc5c DependenciesID=a1af0d9b10cdeeeb6769d361c8f4b92e StaticDependenciesID=c204196622cc7dbae844d27d5be367b3 
Number of updated asset objects reloaded before import = 0
Number of asset objects unloaded after import = 0
========================================================================
Received Import Request.
  Time of request: 2026-10-01T17:13:32.963957Z
  Time since last request: 0.0003072 seconds.
  importAddress: GUID: fe39db111ce84f2b933e63e8cced3493 - Path: Packages/com.unity.test-framework.performance/Runtime/Statistics/NormalDistributionHelper.cs - Importer: ScriptedImporter/UnityEditor.QuickSearchModule:UnityEditor.Search:ASIAI0B
Importing 'GUID: fe39db111ce84f2b933e63e8cced3493 - Path: Packages/com.unity.test-framework.performance/Runtime/Statistics/NormalDistributionHelper.cs - Importer: ScriptedImporter/UnityEditor.QuickSearchModule:UnityEditor.Search:ASIAI0B' with importer (ScriptedImporter : UnityEditor.QuickSearchModule:UnityEditor.Search:ASIAI0B)
Imported 'GUID: fe39db111ce84f2b933e63e8cced3493' -> (Import Result ID: 'c712e87575652f7f9cfb06a9018b2497') in 0.001 seconds [static and dynamic dependencies]. Details - ImportResultOutputID=f5255565d80560be118e23139adf31f5 DependenciesID=af5deac60fccf39ae9b0e09135d8e8cd StaticDependenciesID=c739f4ce4b1d170d5a658d1865f2afd4 
Number of updated asset objects reloaded before import = 0
Number of asset objects unloaded after import = 0
========================================================================
Received Import Request.
  Time of request: 2026-10-01T17:13:32.9722273Z
  Time since last request: 0.0003731 seconds.
  importAddress: GUID: 0f798be1803b48ecaf2670b1cbbc41b1 - Path: Packages/com.unity.test-framework.performance/Runtime/Statistics/StudentDistributionHelper.cs - Importer: ScriptedImporter/UnityEditor.QuickSearchModule:UnityEditor.Search:ASIAI0B
Importing 'GUID: 0f798be1803b48ecaf2670b1cbbc41b1 - Path: Packages/com.unity.test-framework.performance/Runtime/Statistics/StudentDistributionHelper.cs - Importer: ScriptedImporter/UnityEditor.QuickSearchModule:UnityEditor.Search:ASIAI0B' with importer (ScriptedImporter : UnityEditor.QuickSearchModule:UnityEditor.Search:ASIAI0B)
Imported 'GUID: 0f798be1803b48ecaf2670b1cbbc41b1' -> (Import Result ID: '5b8e0a66b2ee7257887e9ea02e5fc376') in 0.002 seconds [static and dynamic dependencies]. Details - ImportResultOutputID=9846ee655200196d02a6bc2af9c1a985 DependenciesID=ca922a507c1de1d0d12403f4d36e16b8 StaticDependenciesID=dd222788ae5fdaff294a14dc882859e5 
Number of updated asset objects reloaded before import = 0
Number of asset objects unloaded after import = 0
========================================================================
Received Import Request.
  Time of request: 2026-10-01T17:13:32.9804712Z
  Time since last request: 0.0002834 seconds.
  importAddress: GUID: ea30bf37a2f167f4aa4086531e8d5b03 - Path: Packages/com.unity.test-framework.performance/Runtime/Data/SampleGroup.cs - Importer: ScriptedImporter/UnityEditor.QuickSearchModule:UnityEditor.Search:ASIAI0B
Importing 'GUID: ea30bf37a2f167f4aa4086531e8d5b03 - Path: Packages/com.unity.test-framework.performance/Runtime/Data/SampleGroup.cs - Importer: ScriptedImporter/UnityEditor.QuickSearchModule:UnityEditor.Search:ASIAI0B' with importer (ScriptedImporter : UnityEditor.QuickSearchModule:UnityEditor.Search:ASIAI0B)
Imported 'GUID: ea30bf37a2f167f4aa4086531e8d5b03' -> (Import Result ID: 'd332d931f8134b56bd36d6608f51846f') in 0.002 seconds [static and dynamic dependencies]. Details - ImportResultOutputID=a51d7cc83d06fb5ddb77b8b34cad9f12 DependenciesID=7304fde41abb132619f034a1a6cb6d58 StaticDependenciesID=07e6982359ba817dd3b8a870a23e7299 
Number of updated asset objects reloaded before import = 0
Number of asset objects unloaded after import = 0
========================================================================
Received Import Request.
  Time of request: 2026-10-01T17:13:32.9890484Z
  Time since last request: 0.0007079 seconds.
  importAddress: GUID: 88e4f63cb3be45a6afbc8f43bc4683d1 - Path: Packages/com.unity.test-framework.performance/Runtime/Statistics/ConfidenceLevelExtensions.cs - Importer: ScriptedImporter/UnityEditor.QuickSearchModule:UnityEditor.Search:ASIAI0B
Importing 'GUID: 88e4f63cb3be45a6afbc8f43bc4683d1 - Path: Packages/com.unity.test-framework.performance/Runtime/Statistics/ConfidenceLevelExtensions.cs - Importer: ScriptedImporter/UnityEditor.QuickSearchModule:UnityEditor.Search:ASIAI0B' with importer (ScriptedImporter : UnityEditor.QuickSearchModule:UnityEditor.Search:ASIAI0B)
Imported 'GUID: 88e4f63cb3be45a6afbc8f43bc4683d1' -> (Import Result ID: 'a9f8824a0bf38b6853520ea56cd84320') in 0.002 seconds [static and dynamic dependencies]. Details - ImportResultOutputID=6386de8ddbfbdbe61185d33da232418e DependenciesID=2f49886dca861009ba148f052a9841b4 StaticDependenciesID=ad6654e7845a4ad91fd361f1f4fca96f 
Number of updated asset objects reloaded before import = 0
Number of asset objects unloaded after import = 0
========================================================================
Received Import Request.
  Time of request: 2026-10-01T17:13:32.9976215Z
  Time since last request: 0.000353 seconds.
  importAddress: GUID: ba96708fc5e040b3b480033a77f69343 - Path: Packages/com.unity.test-framework.performance/Runtime/Statistics/OutlierMode.cs - Importer: ScriptedImporter/UnityEditor.QuickSearchModule:UnityEditor.Search:ASIAI0B
Importing 'GUID: ba96708fc5e040b3b480033a77f69343 - Path: Packages/com.unity.test-framework.performance/Runtime/Statistics/OutlierMode.cs - Importer: ScriptedImporter/UnityEditor.QuickSearchModule:UnityEditor.Search:ASIAI0B' with importer (ScriptedImporter : UnityEditor.QuickSearchModule:UnityEditor.Search:ASIAI0B)
Imported 'GUID: ba96708fc5e040b3b480033a77f69343' -> (Import Result ID: '3b56fd02f1050e98175caa2e6ba17627') in 0.002 seconds [static and dynamic dependencies]. Details - ImportResultOutputID=7dce4a3c61140bb46c7860bc6cfa49db DependenciesID=e2a7bb9cd7ae370f6b8b0b1670093ae6 StaticDependenciesID=0de2a5f930a8e2664b7ea142833819e7 
Number of updated asset objects reloaded before import = 0
Number of asset objects unloaded after import = 0
========================================================================
Received Import Request.
  Time of request: 2026-10-01T17:13:52.571782Z
  Time since last request: 19.5659732 seconds.
  importAddress: GUID: 10fc4df2da32a41aaa32d77bc913491c - Path: Assets/Settings/SampleSceneProfile.asset - Importer: PreviewImporter
Importing 'GUID: 10fc4df2da32a41aaa32d77bc913491c - Path: Assets/Settings/SampleSceneProfile.asset - Importer: PreviewImporter' with importer (PreviewImporter)
Imported 'GUID: 10fc4df2da32a41aaa32d77bc913491c' -> (Import Result ID: '744bebdd00b25807037d56fa58dde655') in 0.009 seconds [static and dynamic dependencies]. Details - ImportResultOutputID=1ad280767d0147e753bc6289476229da DependenciesID=fbd7aa029a082aeddf2b5213a7a5eb35 StaticDependenciesID=1a2746cf1e3319dbbf7a83f9cb5125b0 
Number of updated asset objects reloaded before import = 0
Number of asset objects unloaded after import = 0
========================================================================
Received Import Request.
  Time of request: 2026-10-01T17:14:05.6187067Z
  Time since last request: 13.0321479 seconds.
  importAddress: GUID: 1716ff8c1e51af14280cc97fbcba3b11 - Path: Packages/com.unity.shadergraph/GraphTemplates/Cross Pipeline/1_Decal Material Volume.shadergraph - Importer: PreviewImporter
Importing 'GUID: 1716ff8c1e51af14280cc97fbcba3b11 - Path: Packages/com.unity.shadergraph/GraphTemplates/Cross Pipeline/1_Decal Material Volume.shadergraph - Importer: PreviewImporter' with importer (PreviewImporter)
Imported 'GUID: 1716ff8c1e51af14280cc97fbcba3b11' -> (Import Result ID: 'b02ca78b813df6ac897442cb30d40167') in 0.369 seconds [static and dynamic dependencies]. Details - ImportResultOutputID=b90496dae7f04c9ca76df74a5a230243 DependenciesID=cadc4fe318066428f3b5862994fbd455 StaticDependenciesID=9840a7281e1f1927fb2fb59020a497c0 
Number of updated asset objects reloaded before import = 0
Number of asset objects unloaded after import = 3
========================================================================
Received Import Request.
  Time of request: 2026-10-01T17:14:05.9952391Z
  Time since last request: 0.0000179 seconds.
  importAddress: GUID: 7ef2cf71ad164fe479662ae612dff99e - Path: Packages/com.unity.shadergraph/GraphTemplates/Custom Render Texture.shadergraph - Importer: PreviewImporter
Importing 'GUID: 7ef2cf71ad164fe479662ae612dff99e - Path: Packages/com.unity.shadergraph/GraphTemplates/Custom Render Texture.shadergraph - Importer: PreviewImporter' with importer (PreviewImporter)
Imported 'GUID: 7ef2cf71ad164fe479662ae612dff99e' -> (Import Result ID: '6fc21ee65559eccc530cd8f04e5d62f8') in 0.053 seconds [static and dynamic dependencies]. Details - ImportResultOutputID=b1c33b1b49164258b5e89c3c6d544d7d DependenciesID=d54964d7c4af95f0e4a78a67862ab23a StaticDependenciesID=ad7f3795aa8703199470319c8f59139b 
Number of updated asset objects reloaded before import = 0
Number of asset objects unloaded after import = 2
========================================================================
Received Import Request.
  Time of request: 2026-10-01T17:14:06.055174Z
  Time since last request: 0.0006675 seconds.
  importAddress: GUID: c2e40fa84d53ccd428f640eac126b1fb - Path: Packages/com.unity.render-pipelines.universal/Editor/SceneTemplates/Materials/Gold.mat - Importer: PreviewImporter
Importing 'GUID: c2e40fa84d53ccd428f640eac126b1fb - Path: Packages/com.unity.render-pipelines.universal/Editor/SceneTemplates/Materials/Gold.mat - Importer: PreviewImporter' with importer (PreviewImporter)
Imported 'GUID: c2e40fa84d53ccd428f640eac126b1fb' -> (Import Result ID: '1dd995825d57b10ca3935d7734bb6537') in 2.005 seconds [static and dynamic dependencies]. Details - ImportResultOutputID=11cf2d20a572fb303bd3b75e1c231abf DependenciesID=7747a1d76c6ba545cd0b462ea61d5236 StaticDependenciesID=cb140b0c28ae65d51542901b687db667 
Number of updated asset objects reloaded before import = 0
Number of asset objects unloaded after import = 2
========================================================================
Received Import Request.
  Time of request: 2026-10-01T17:14:08.0690045Z
  Time since last request: 0.0011349 seconds.
  importAddress: GUID: a51a3aebb43ac044989270407476b208 - Path: Packages/com.unity.searcher/Editor/Resources/FlatSkin/Font/Roboto-Medium.ttf - Importer: PreviewImporter
Importing 'GUID: a51a3aebb43ac044989270407476b208 - Path: Packages/com.unity.searcher/Editor/Resources/FlatSkin/Font/Roboto-Medium.ttf - Importer: PreviewImporter' with importer (PreviewImporter)
Imported 'GUID: a51a3aebb43ac044989270407476b208' -> (Import Result ID: 'ce842871554700f2743e56ec52ee226e') in 0.043 seconds [static and dynamic dependencies]. Details - ImportResultOutputID=4245a38ddefb6cb4225d14bc0a24588c DependenciesID=7dd0878cdfce302405d1bfd1f41d5f28 StaticDependenciesID=a297be02d86096055c13c414fe14320c 
Number of updated asset objects reloaded before import = 0
Number of asset objects unloaded after import = 4
========================================================================
Received Import Request.
  Time of request: 2026-10-01T17:14:08.1219696Z
  Time since last request: 0.0000277 seconds.
  importAddress: GUID: 30dc370b164eefc43b95744fc796dad0 - Path: Packages/com.unity.searcher/Editor/Resources/FlatSkin/Font/Roboto-Regular.ttf - Importer: PreviewImporter
Importing 'GUID: 30dc370b164eefc43b95744fc796dad0 - Path: Packages/com.unity.searcher/Editor/Resources/FlatSkin/Font/Roboto-Regular.ttf - Importer: PreviewImporter' with importer (PreviewImporter)
Imported 'GUID: 30dc370b164eefc43b95744fc796dad0' -> (Import Result ID: '66d985d983912dfd11ea12cd244e287d') in 0.010 seconds [static and dynamic dependencies]. Details - ImportResultOutputID=7cf5bc0d56b3b65e4555cce8c5dc5209 DependenciesID=b06a4f3c651da5248ee92ae85e6777cb StaticDependenciesID=11bb946579c0c861c444af2413434542 
Number of updated asset objects reloaded before import = 0
Number of asset objects unloaded after import = 4
========================================================================
Received Import Request.
  Time of request: 2026-10-01T17:14:08.1406877Z
  Time since last request: 0.0008848 seconds.
  importAddress: GUID: 30fa68ce467463643a86b839ca0eb195 - Path: Packages/com.unity.render-pipelines.universal/Runtime/Materials/ArnoldStandardSurface/ArnoldStandardSurfaceTransparent.shadergraph - Importer: PreviewImporter
Importing 'GUID: 30fa68ce467463643a86b839ca0eb195 - Path: Packages/com.unity.render-pipelines.universal/Runtime/Materials/ArnoldStandardSurface/ArnoldStandardSurfaceTransparent.shadergraph - Importer: PreviewImporter' with importer (PreviewImporter)
Imported 'GUID: 30fa68ce467463643a86b839ca0eb195' -> (Import Result ID: '5715a9e026925de687e35cad8788eca1') in 2.130 seconds [static and dynamic dependencies]. Details - ImportResultOutputID=bfefc24596079ea214f7244873bd6ad3 DependenciesID=3c425a4f318a4f4c8297110cc6e688b0 StaticDependenciesID=0654d6241cc22334f9cd179839f0c463 
Number of updated asset objects reloaded before import = 0
Number of asset objects unloaded after import = 6
========================================================================
Received Import Request.
  Time of request: 2026-10-01T17:14:10.2824367Z
  Time since last request: 0.0018724 seconds.
  importAddress: GUID: 594ea882c5a793440b60ff72d896021e - Path: Packages/com.unity.render-pipelines.universal/Runtime/Materials/TerrainLit.mat - Importer: PreviewImporter
Importing 'GUID: 594ea882c5a793440b60ff72d896021e - Path: Packages/com.unity.render-pipelines.universal/Runtime/Materials/TerrainLit.mat - Importer: PreviewImporter' with importer (PreviewImporter)
Imported 'GUID: 594ea882c5a793440b60ff72d896021e' -> (Import Result ID: '48c0b8ffcaa0a54e99a0d8be3adbdbce') in 2.367 seconds [static and dynamic dependencies]. Details - ImportResultOutputID=229a87a0aa60a59a27d43e68535a0ca1 DependenciesID=ca1ef26f3f2717e9f376216be3027c08 StaticDependenciesID=f2f63c287d1672296332c996f19af34d 
Number of updated asset objects reloaded before import = 0
Number of asset objects unloaded after import = 0
========================================================================
Received Prepare
AcceleratorClientConnectionCallback - disconnected - :0
Unloading 24 Unused Serialized files (Serialized files now loaded: 0)
Unloading 583 unused Assets / (3.5 MB). Loaded Objects now: 7652.
Memory consumption went from 367.4 MB to 363.8 MB.
Total: 6.918800 ms (FindLiveObjects: 1.048700 ms CreateObjectMapping: 0.271400 ms MarkObjects: 4.821400 ms  DeleteObjects: 0.547600 ms)

Prepare: number of updated asset objects reloaded= 0
Editor requested this worker to shutdown with reason: Scaling down because of idle timeout
AcceleratorClientConnectionCallback - disconnected - :0
AssetImportWorker is now disconnected from the server
Process exiting
[ExitDontLaunchBugReporter] Exiting without the bug reporter. Application will exit with return code 0
