VBCSCompilerPreWarmer: watching VBCSCompiler (PID 38824)
VBCSCompilerPreWarmer: pre-warm launched (dotnet PID 33064)
VBCSCompiler prewarm took 16.10 ms
[Licensing::Module] Trying to connect to existing licensing client channel...
Built from '6000.6/staging' branch; Version is '6000.6.3f1 (45d8eee7de74) revision 4577518'; Using compiler version '194234433'; Build Type 'Release'
[Licensing::IpcConnector] Successfully connected to: "LicenseClient-Vili" at "2026-10-01T17:25:31.857084Z"
OS: 'Windows 11  (10.0.26200) Core' Language: 'fi' Physical Memory: 32023 MB
BatchMode: 0, IsHumanControllingUs: 1, StartBugReporterOnCrash: 1, Is64bit: 1
System  architecture: x64
Process architecture: x64
Date: 2026-10-01T17:25:31Z

COMMAND LINE ARGUMENTS:
C:\Program Files\Unity\Hub\Editor\6000.6.3f1\Editor\Unity.exe
-projectpath
C:\Users\Vili\Desktop\github\Grass-Cutting-Simulator\Grass Cutting Simulator
-acceptSoftwareTermsForThisRunOnly
-useHub
-hubIPC
-cloudEnvironment
production
-licensingIpc
LicenseClient-Vili
-hubSessionId
69835624-8f0c-4b81-a7d2-00a5d8e704da
-accessToken
0BpFw1xhmXM8o--xTsplS8b5uNsn3Ioe56qDAmjAnoI005f
Successfully changed project path to: C:\Users\Vili\Desktop\github\Grass-Cutting-Simulator\Grass Cutting Simulator
C:/Users/Vili/Desktop/github/Grass-Cutting-Simulator/Grass Cutting Simulator
[UnityMemory] Configuration Parameters - Can be set up in boot.config
    "memorysetup-temp-allocator-size-gi-baking-worker=262144"
    "memorysetup-temp-allocator-size-gi-baking-worker=262144"
    "memorysetup-temp-allocator-size-gi-baking-worker=262144"
    "memorysetup-temp-allocator-size-gi-baking-worker=262144"
    "memorysetup-temp-allocator-size-gi-baking-worker=262144"
    "memorysetup-temp-allocator-size-nav-mesh-worker=65536"
    "memorysetup-temp-allocator-size-audio-worker=65536"
    "memorysetup-temp-allocator-size-cloud-worker=32768"
    "memorysetup-temp-allocator-size-gfx=262144"
    "memorysetup-remapper-allocator-initial-capacity=32768"
    "memorysetup-temp-allocator-size-preload-manager=33554432"
    "memorysetup-allocator-temp-initial-block-size-main=262144"
    "memorysetup-allocator-temp-initial-block-size-worker=262144"
    "memorysetup-temp-allocator-size-job-worker=262144"
    "memorysetup-temp-allocator-size-background-worker=32768"
    "memorysetup-bucket-allocator-granularity=16"
    "memorysetup-bucket-allocator-bucket-count=8"
    "memorysetup-bucket-allocator-block-size=33554432"
    "memorysetup-bucket-allocator-block-count=8"
    "memorysetup-main-allocator-block-size=16777216"
    "memorysetup-thread-allocator-block-size=16777216"
    "memorysetup-main-allocator-mimalloc-enabled=1"
    "memorysetup-gfx-main-allocator-block-size=16777216"
    "memorysetup-gfx-thread-allocator-block-size=16777216"
    "memorysetup-cache-allocator-block-size=4194304"
    "memorysetup-typetree-allocator-block-size=2097152"
    "memorysetup-profiler-bucket-allocator-granularity=16"
    "memorysetup-profiler-bucket-allocator-bucket-count=8"
    "memorysetup-profiler-bucket-allocator-block-size=33554432"
    "memorysetup-profiler-bucket-allocator-block-count=8"
    "memorysetup-profiler-allocator-block-size=16777216"
    "memorysetup-profiler-editor-allocator-block-size=1048576"
    "memorysetup-temp-allocator-size-main=16777216"
    "memorysetup-job-temp-allocator-block-size=2097152"
    "memorysetup-job-temp-allocator-block-size-background=1048576"
    "memorysetup-job-temp-allocator-reduction-small-platforms=262144"
Player connection [38284]  Target information:

Player connection [38284]  * "[IP] 192.168.1.217 [Port] 55504 [Flags] 2 [Guid] 2396921933 [EditorId] 2396921933 [Version] 1048832 [Id] WindowsEditor(7,DESKTOP-9AEMHAV) [Debug] 1 [PackageName] WindowsEditor [ProjectName] Editor" 

Player connection [38284]  * "[IP] 192.168.56.1 [Port] 55504 [Flags] 2 [Guid] 2396921933 [EditorId] 2396921933 [Version] 1048832 [Id] WindowsEditor(7,DESKTOP-9AEMHAV) [Debug] 1 [PackageName] WindowsEditor [ProjectName] Editor" 

Player connection [38284]  * "[IP] 169.254.123.238 [Port] 55504 [Flags] 2 [Guid] 2396921933 [EditorId] 2396921933 [Version] 1048832 [Id] WindowsEditor(7,DESKTOP-9AEMHAV) [Debug] 1 [PackageName] WindowsEditor [ProjectName] Editor" 

Player connection [38284] Host joined multi-casting on [225.0.0.222:54997]...
Player connection [38284] Host joined alternative multi-casting on [225.0.0.222:34997]...
Input System module state changed to: Initialized.
[Physics::Module] Initialized fallback backend.
[Physics::Module] Id: 0xdecafbad
[Package Manager] Connected to IPC stream "Upm-21032" after 0.2 seconds.
[Licensing::Module] Licensing is not yet initialized.
[Licensing::Client] Error: HandshakeResponse reported an error:
	ResponseCode: 505
	ResponseStatus: Unsupported protocol version '1.18.3'.
[Licensing::Module] Error: Failed to handshake to channel: "LicenseClient-Vili"
[Licensing::IpcConnector] LicenseClient-Vili channel disconnected successfully.
[Licensing::IpcConnector] Channel LicenseClient-Vili-6000.6.3 doesn't exist
[Licensing::Module] Successfully launched the LicensingClient (PId: 16672)
Starting IPC server.
Waiting for clients to connect on \\.\pipe\Unity-LicenseClient-Vili-6000.6.3, press Ctrl-C to exit.
[Licensing::IpcConnector] Successfully connected to: "LicenseClient-Vili-6000.6.3" at "2026-10-01T17:25:32.8556371Z"
[Licensing::Client] Code 10 while verifying Licensing Client signature (process Id: 16672, path: "C:/Program Files/Unity/Hub/Editor/6000.6.3f1/Editor/Data/Resources/Licensing/Client/Unity.Licensing.Client.exe")
[Licensing::Module] LicensingClient has failed validation; ignoring
[Licensing::Client] Handshaking with LicensingClient:
  Version:                 1.18.3+d7ffd15
  Session Id:              2fdf3dc862b44cc2822a4a4cdc6d6dbc
  Correlation Id:          947898cfd82374f4dad27c0b7eaf9e4d
  External correlation Id: 2329427799421714315
  Machine Id:              PyBBTEDoBxvTxxwF9jJ6rtLMgCY=
[Licensing::Module] Successfully connected to LicensingClient on channel: "LicenseClient-Vili-6000.6.3" (connect: 0.25s, validation: 0.12s, handshake: 0.01s)
[Licensing::IpcConnector] Successfully connected to: "LicenseClient-Vili-6000.6.3-notifications" at "2026-10-01T17:25:32.9849587Z"
[Licensing::Module] Connected to LicensingClient (PId: 16672, launch time: 0.01, total connection time: 0.37s)
[Licensing::Client] Successfully updated the access token
[Licensing::Module] Successfully updated the access token 0BpFw1xhmX...
[Licensing::Client] Successfully resolved entitlement details
[Licensing::Module] License group:
  Id: 5773977707800-UnityPersXXXX
  Product: Unity Personal
  Type: Assigned
  Expiration: Unlimited
[Licensing::Client] Successfully updated license, isAsync: True, time: 0.01
[Licensing::Client] Successfully resolved entitlement details
[Licensing::Module] Licensing Background thread has ended after 1.16s
[Licensing::Module] Licensing is initialized (took 0.64s).
[Licensing::Client] Successfully resolved entitlement details
Library Redirect Path: Library/
Initialising UDS system complete:
  - System type: Client
  - Resource namespace: dea073b6a550bc21f8c3db02f12f4e48
  - Shared memory size: 1073741824
  - Command buffer id: 1052576
  - Command buffer size: 8192
  - Hashmap size: 4194304
  - Service connected: false
Launching Unity Data Store - C:/Program Files/Unity/Hub/Editor/6000.6.3f1/Editor/Data/Tools/Unity.DataStore.exe 
Unity Data Store artifact dir = Library/DataStore, working dir = C:/Users/Vili/Desktop/github/Grass-Cutting-Simulator/Grass Cutting SimulatorUnity Data Store running and initialised
[Physics::Module] Selected backend (deferred post-plugins).
[Physics::Module] Name: PhysX
[Physics::Module] Id: 0xf2b8ea05
[Physics::Module] SDK Version: 4.1.2
[Physics::Module] Integration Version: 1.0.0
[Physics::Module] Threading Mode: Multi-Threaded
Initialize engine version: 6000.6.3f1 (45d8eee7de74)
[EntityIdStore] init: VM path (explicit commit), pageSize=4096, blockCount=1048576, entitiesPerBlock=256, slots reserved=4294967296 bytes
[Subsystems] Discovering subsystems at path C:/Program Files/Unity/Hub/Editor/6000.6.3f1/Editor/Data/Resources/UnitySubsystems
[Subsystems] Discovering subsystems at path C:/Users/Vili/Desktop/github/Grass-Cutting-Simulator/Grass Cutting Simulator/Assets
GfxDevice: creating device client; kGfxThreadingModeThreaded
Direct3D:
    Version:  Direct3D 11.0 [level 11.1]
    Renderer: NVIDIA GeForce RTX 5070 Ti (ID=0x2c05)
    Vendor:   NVIDIA
    VRAM:     15995 MB
    Driver:   32.0.16.1074
Initialize mono
Mono path[0] = 'C:/Program Files/Unity/Hub/Editor/6000.6.3f1/Editor/Data/Managed'
Mono path[1] = 'C:/Program Files/Unity/Hub/Editor/6000.6.3f1/Editor/Data/BCLExtensions/runtime/netstandard2.1'
Mono path[2] = 'C:/Program Files/Unity/Hub/Editor/6000.6.3f1/Editor/Data/MonoBleedingEdge/lib/mono/unityjit-win32'
Mono config path = 'C:/Program Files/Unity/Hub/Editor/6000.6.3f1/Editor/Data/MonoBleedingEdge/etc'
Using monoOptions --debugger-agent=transport=dt_socket,embedding=1,server=y,suspend=n,address=127.0.0.1:56032
CodeReloadManager initialized
ImportWorker Server TCP listen port: 0
AcceleratorClientConnectionCallback - disconnected - :0
Begin MonoManager ReloadAssembly
Registering precompiled unity dll's ...
Register platform support module: C:/Program Files/Unity/Hub/Editor/6000.6.3f1/Editor/Data/PlaybackEngines/WindowsStandaloneSupport/UnityEditor.WindowsStandalone.Extensions.dll
Registered in 0.001289 seconds.
Native extension for WindowsStandalone target not found
Package Manager log level set to [2]
ScheduleIndexationOnStartup MainProcess:False IndexOnStartup:True
Scripting: successfully reloaded assembly
- Finished resetting the current domain, in  0.622 seconds
Domain Reload Profiling: 1017ms
	BeginReloadAssembly (104ms)
		CreateAndSetChildDomain (4ms)
	RebuildCommonClasses (4ms)
	RebuildNativeTypeToScriptingClass (12ms)
	initialDomainReloadingComplete (48ms)
	LoadAllAssembliesAndSetupDomain (225ms)
		LoadAssemblies (98ms)
		TypeCache.Refresh (146ms)
			TypeCache.ScanAssembly (135ms)
		AnalyzeDomain (1ms)
	FinalizeReload (623ms)
		SetupLoadedEditorAssemblies (0ms)
			BeforeProcessingInitializeOnLoad (79ms)
			ProcessInitializeOnLoadAttributes (125ms)
			ProcessInitializeOnLoadMethodAttributes (218ms)
[Licensing::Client] Successfully resolved entitlement details
Application.AssetDatabase Initial Refresh Start
[Package Manager] Restoring resolved packages state from cache
[Licensing::Client] Successfully resolved entitlement details
[Package Manager] Registered 59 packages:
  Packages from [https://packages.unity.com]:
    com.unity.ai.navigation@2.0.14 (location: C:\Users\Vili\Desktop\github\Grass-Cutting-Simulator\Grass Cutting Simulator\Library\PackageCache\com.unity.ai.navigation@134dd6a3b97b)
    com.unity.collab-proxy@2.13.6 (location: C:\Users\Vili\Desktop\github\Grass-Cutting-Simulator\Grass Cutting Simulator\Library\PackageCache\com.unity.collab-proxy@4628d2ba6ea4)
    com.unity.ide.rider@3.0.38 (location: C:\Users\Vili\Desktop\github\Grass-Cutting-Simulator\Grass Cutting Simulator\Library\PackageCache\com.unity.ide.rider@1f60b3138684)
    com.unity.ide.visualstudio@2.0.26 (location: C:\Users\Vili\Desktop\github\Grass-Cutting-Simulator\Grass Cutting Simulator\Library\PackageCache\com.unity.ide.visualstudio@a99d56dec63f)
    com.unity.inputsystem@1.20.0 (location: C:\Users\Vili\Desktop\github\Grass-Cutting-Simulator\Grass Cutting Simulator\Library\PackageCache\com.unity.inputsystem@7a4e1a2a8194)
    com.unity.visualscripting@1.9.12 (location: C:\Users\Vili\Desktop\github\Grass-Cutting-Simulator\Grass Cutting Simulator\Library\PackageCache\com.unity.visualscripting@4edfcc09512f)
    com.unity.searcher@4.9.5 (location: C:\Users\Vili\Desktop\github\Grass-Cutting-Simulator\Grass Cutting Simulator\Library\PackageCache\com.unity.searcher@a463122f2c00)
    com.unity.profiling.core@1.0.3 (location: C:\Users\Vili\Desktop\github\Grass-Cutting-Simulator\Grass Cutting Simulator\Library\PackageCache\com.unity.profiling.core@8a49f7027d06)
    com.unity.nuget.mono-cecil@1.11.6 (location: C:\Users\Vili\Desktop\github\Grass-Cutting-Simulator\Grass Cutting Simulator\Library\PackageCache\com.unity.nuget.mono-cecil@ecb9724e46ff)
  Built-in packages:
    com.unity.render-pipelines.universal@17.6.0 (location: C:\Users\Vili\Desktop\github\Grass-Cutting-Simulator\Grass Cutting Simulator\Library\PackageCache\com.unity.render-pipelines.universal@327d93d1cbc8)
    com.unity.test-framework@1.8.0 (location: C:\Users\Vili\Desktop\github\Grass-Cutting-Simulator\Grass Cutting Simulator\Library\PackageCache\com.unity.test-framework@80f691d4262b)
    com.unity.timeline@6.6.0 (location: C:\Users\Vili\Desktop\github\Grass-Cutting-Simulator\Grass Cutting Simulator\Library\PackageCache\com.unity.timeline@c56d56b0070b)
    com.unity.ugui@2.6.0 (location: C:\Users\Vili\Desktop\github\Grass-Cutting-Simulator\Grass Cutting Simulator\Library\PackageCache\com.unity.ugui@0727b404f3a0)
    com.unity.modules.accessibility@1.0.0 (location: C:\Users\Vili\Desktop\github\Grass-Cutting-Simulator\Grass Cutting Simulator\Library\PackageCache\com.unity.modules.accessibility)
    com.unity.modules.adaptiveperformance@1.0.0 (location: C:\Users\Vili\Desktop\github\Grass-Cutting-Simulator\Grass Cutting Simulator\Library\PackageCache\com.unity.modules.adaptiveperformance)
    com.unity.modules.ai@1.0.0 (location: C:\Users\Vili\Desktop\github\Grass-Cutting-Simulator\Grass Cutting Simulator\Library\PackageCache\com.unity.modules.ai)
    com.unity.modules.androidjni@1.0.0 (location: C:\Users\Vili\Desktop\github\Grass-Cutting-Simulator\Grass Cutting Simulator\Library\PackageCache\com.unity.modules.androidjni)
    com.unity.modules.animation@1.0.0 (location: C:\Users\Vili\Desktop\github\Grass-Cutting-Simulator\Grass Cutting Simulator\Library\PackageCache\com.unity.modules.animation)
    com.unity.modules.assetbundle@1.0.0 (location: C:\Users\Vili\Desktop\github\Grass-Cutting-Simulator\Grass Cutting Simulator\Library\PackageCache\com.unity.modules.assetbundle)
    com.unity.modules.audio@1.0.0 (location: C:\Users\Vili\Desktop\github\Grass-Cutting-Simulator\Grass Cutting Simulator\Library\PackageCache\com.unity.modules.audio)
    com.unity.modules.cloth@1.0.0 (location: C:\Users\Vili\Desktop\github\Grass-Cutting-Simulator\Grass Cutting Simulator\Library\PackageCache\com.unity.modules.cloth)
    com.unity.modules.director@1.0.0 (location: C:\Users\Vili\Desktop\github\Grass-Cutting-Simulator\Grass Cutting Simulator\Library\PackageCache\com.unity.modules.director)
    com.unity.modules.imageconversion@1.0.0 (location: C:\Users\Vili\Desktop\github\Grass-Cutting-Simulator\Grass Cutting Simulator\Library\PackageCache\com.unity.modules.imageconversion)
    com.unity.modules.imgui@1.0.0 (location: C:\Users\Vili\Desktop\github\Grass-Cutting-Simulator\Grass Cutting Simulator\Library\PackageCache\com.unity.modules.imgui)
    com.unity.modules.jsonserialize@1.0.0 (location: C:\Users\Vili\Desktop\github\Grass-Cutting-Simulator\Grass Cutting Simulator\Library\PackageCache\com.unity.modules.jsonserialize)
    com.unity.modules.particlesystem@1.0.0 (location: C:\Users\Vili\Desktop\github\Grass-Cutting-Simulator\Grass Cutting Simulator\Library\PackageCache\com.unity.modules.particlesystem)
    com.unity.modules.physics@1.0.0 (location: C:\Users\Vili\Desktop\github\Grass-Cutting-Simulator\Grass Cutting Simulator\Library\PackageCache\com.unity.modules.physics)
    com.unity.modules.physics2d@1.0.0 (location: C:\Users\Vili\Desktop\github\Grass-Cutting-Simulator\Grass Cutting Simulator\Library\PackageCache\com.unity.modules.physics2d)
    com.unity.modules.physicscore2d@1.0.0 (location: C:\Users\Vili\Desktop\github\Grass-Cutting-Simulator\Grass Cutting Simulator\Library\PackageCache\com.unity.modules.physicscore2d)
    com.unity.modules.screencapture@1.0.0 (location: C:\Users\Vili\Desktop\github\Grass-Cutting-Simulator\Grass Cutting Simulator\Library\PackageCache\com.unity.modules.screencapture)
    com.unity.modules.terrain@1.0.0 (location: C:\Users\Vili\Desktop\github\Grass-Cutting-Simulator\Grass Cutting Simulator\Library\PackageCache\com.unity.modules.terrain)
    com.unity.modules.terrainphysics@1.0.0 (location: C:\Users\Vili\Desktop\github\Grass-Cutting-Simulator\Grass Cutting Simulator\Library\PackageCache\com.unity.modules.terrainphysics)
    com.unity.modules.tetgen@1.0.0 (location: C:\Users\Vili\Desktop\github\Grass-Cutting-Simulator\Grass Cutting Simulator\Library\PackageCache\com.unity.modules.tetgen)
    com.unity.modules.tilemap@1.0.0 (location: C:\Users\Vili\Desktop\github\Grass-Cutting-Simulator\Grass Cutting Simulator\Library\PackageCache\com.unity.modules.tilemap)
    com.unity.modules.timelinefoundation@1.0.0 (location: C:\Users\Vili\Desktop\github\Grass-Cutting-Simulator\Grass Cutting Simulator\Library\PackageCache\com.unity.modules.timelinefoundation)
    com.unity.modules.ui@1.0.0 (location: C:\Users\Vili\Desktop\github\Grass-Cutting-Simulator\Grass Cutting Simulator\Library\PackageCache\com.unity.modules.ui)
    com.unity.modules.uielements@1.0.0 (location: C:\Users\Vili\Desktop\github\Grass-Cutting-Simulator\Grass Cutting Simulator\Library\PackageCache\com.unity.modules.uielements)
    com.unity.modules.umbra@1.0.0 (location: C:\Users\Vili\Desktop\github\Grass-Cutting-Simulator\Grass Cutting Simulator\Library\PackageCache\com.unity.modules.umbra)
    com.unity.modules.unityanalytics@1.0.0 (location: C:\Users\Vili\Desktop\github\Grass-Cutting-Simulator\Grass Cutting Simulator\Library\PackageCache\com.unity.modules.unityanalytics)
    com.unity.modules.unitywebrequest@1.0.0 (location: C:\Users\Vili\Desktop\github\Grass-Cutting-Simulator\Grass Cutting Simulator\Library\PackageCache\com.unity.modules.unitywebrequest)
    com.unity.modules.unitywebrequestassetbundle@1.0.0 (location: C:\Users\Vili\Desktop\github\Grass-Cutting-Simulator\Grass Cutting Simulator\Library\PackageCache\com.unity.modules.unitywebrequestassetbundle)
    com.unity.modules.unitywebrequestaudio@1.0.0 (location: C:\Users\Vili\Desktop\github\Grass-Cutting-Simulator\Grass Cutting Simulator\Library\PackageCache\com.unity.modules.unitywebrequestaudio)
    com.unity.modules.unitywebrequesttexture@1.0.0 (location: C:\Users\Vili\Desktop\github\Grass-Cutting-Simulator\Grass Cutting Simulator\Library\PackageCache\com.unity.modules.unitywebrequesttexture)
    com.unity.modules.unitywebrequestwww@1.0.0 (location: C:\Users\Vili\Desktop\github\Grass-Cutting-Simulator\Grass Cutting Simulator\Library\PackageCache\com.unity.modules.unitywebrequestwww)
    com.unity.modules.vectorgraphics@1.0.0 (location: C:\Users\Vili\Desktop\github\Grass-Cutting-Simulator\Grass Cutting Simulator\Library\PackageCache\com.unity.modules.vectorgraphics)
    com.unity.modules.vehicles@1.0.0 (location: C:\Users\Vili\Desktop\github\Grass-Cutting-Simulator\Grass Cutting Simulator\Library\PackageCache\com.unity.modules.vehicles)
    com.unity.modules.video@1.0.0 (location: C:\Users\Vili\Desktop\github\Grass-Cutting-Simulator\Grass Cutting Simulator\Library\PackageCache\com.unity.modules.video)
    com.unity.modules.wind@1.0.0 (location: C:\Users\Vili\Desktop\github\Grass-Cutting-Simulator\Grass Cutting Simulator\Library\PackageCache\com.unity.modules.wind)
    com.unity.modules.xr@1.0.0 (location: C:\Users\Vili\Desktop\github\Grass-Cutting-Simulator\Grass Cutting Simulator\Library\PackageCache\com.unity.modules.xr)
    com.unity.modules.subsystems@1.0.0 (location: C:\Users\Vili\Desktop\github\Grass-Cutting-Simulator\Grass Cutting Simulator\Library\PackageCache\com.unity.modules.subsystems)
    com.unity.modules.hierarchycore@1.0.0 (location: C:\Users\Vili\Desktop\github\Grass-Cutting-Simulator\Grass Cutting Simulator\Library\PackageCache\com.unity.modules.hierarchycore)
    com.unity.ext.nunit@2.1.0 (location: C:\Users\Vili\Desktop\github\Grass-Cutting-Simulator\Grass Cutting Simulator\Library\PackageCache\com.unity.ext.nunit@0198eae3b53e)
    com.unity.render-pipelines.core@17.6.0 (location: C:\Users\Vili\Desktop\github\Grass-Cutting-Simulator\Grass Cutting Simulator\Library\PackageCache\com.unity.render-pipelines.core@02d75770e4b3)
    com.unity.shadergraph@17.6.0 (location: C:\Users\Vili\Desktop\github\Grass-Cutting-Simulator\Grass Cutting Simulator\Library\PackageCache\com.unity.shadergraph@1dd0fd24b57e)
    com.unity.render-pipelines.universal-config@17.6.0 (location: C:\Users\Vili\Desktop\github\Grass-Cutting-Simulator\Grass Cutting Simulator\Library\PackageCache\com.unity.render-pipelines.universal-config@561422b74439)
    com.unity.graph-authoring@1.0.0 (location: C:\Users\Vili\Desktop\github\Grass-Cutting-Simulator\Grass Cutting Simulator\Library\PackageCache\com.unity.graph-authoring@cfd2588851ee)
    com.unity.burst@2.0.0 (location: C:\Users\Vili\Desktop\github\Grass-Cutting-Simulator\Grass Cutting Simulator\Library\PackageCache\com.unity.burst@626e66ab421b)
    com.unity.collections@6.6.0 (location: C:\Users\Vili\Desktop\github\Grass-Cutting-Simulator\Grass Cutting Simulator\Library\PackageCache\com.unity.collections@10fff0607388)
    com.unity.test-framework.performance@6.6.0 (location: C:\Users\Vili\Desktop\github\Grass-Cutting-Simulator\Grass Cutting Simulator\Library\PackageCache\com.unity.test-framework.performance@b6023decb532)
[Subsystems] No new subsystems found in resolved package list.
[Package Manager] Done registering packages in 0.01 seconds
[ScriptCompilation] Requested script compilation because: AssetDatabase observed changes in script compilation related files
Starting: C:\Program Files\Unity\Hub\Editor\6000.6.3f1\Editor\Data\Tools\BuildPipeline\bee_backend.exe --ipc --defer-dag-verification --dagfile="Library/Bee/1900b0aE.dag" --continue-on-failure --profile="Library/Bee/backend1.traceevents" ScriptAssemblies
WorkingDir: C:/Users/Vili/Desktop/github/Grass-Cutting-Simulator/Grass Cutting Simulator
warn: Unity.ILPP.Runner.PostProcessingAssemblyLoadContext[0]
      Assembly system.runtime.interopservices.windowsruntime has duplicate hint path. Ignoring "C:\Program Files\Unity\Hub\Editor\6000.6.3f1\Editor\Data\UnityReferenceAssemblies\unity-4.8-api\Facades\System.Runtime.InteropServices.WindowsRuntime.dll" in favor of "C:\Program Files\Unity\Hub\Editor\6000.6.3f1\Editor\Data\NetStandard\Extensions\2.0.0\System.Runtime.InteropServices.WindowsRuntime.dll"
warn: Unity.ILPP.Runner.PostProcessingAssemblyLoadContext[0]
      Assembly system.componentmodel.composition has duplicate hint path. Ignoring "C:\Program Files\Unity\Hub\Editor\6000.6.3f1\Editor\Data\UnityReferenceAssemblies\unity-4.8-api\System.ComponentModel.Composition.dll" in favor of "C:\Program Files\Unity\Hub\Editor\6000.6.3f1\Editor\Data\NetStandard\compat\2.1.0\shims\netfx\System.ComponentModel.Composition.dll"
ExitCode: 4 Duration: 0s199ms
Rebuilding DAG because FileSignature timestamp changed: Library/Bee/1900b0aE-inputdata.json
[755/969    0s] ILPP-Configuration Library/ilpp-configuration.nevergeneratedoutput
*** Tundra requires additional run (0.17 seconds), 1 items updated, 754 evaluated
Starting: C:\Program Files\Unity\Hub\Editor\6000.6.3f1\Editor\Data\DotNetSdk\dotnet.exe "C:\Program Files\Unity\Hub\Editor\6000.6.3f1\Editor\Data\Tools\BuildPipeline\ScriptCompilationBuildProgram.exe" "Library/Bee/1900b0aE.dag.json" "Library/Bee/1900b0aE-inputdata.json" "Library\Bee\buildprogram0.traceevents"
WorkingDir: C:/Users/Vili/Desktop/github/Grass-Cutting-Simulator/Grass Cutting Simulator
ExitCode: 0 Duration: 0s772ms
Starting: C:\Program Files\Unity\Hub\Editor\6000.6.3f1\Editor\Data\Tools\BuildPipeline\bee_backend.exe --ipc --defer-dag-verification --dagfile="Library/Bee/1900b0aE.dag" --continue-on-failure --dagfilejson="Library\Bee\1900b0aE.dag.json" --profile="Library/Bee/backend2.traceevents" ScriptAssemblies
WorkingDir: C:/Users/Vili/Desktop/github/Grass-Cutting-Simulator/Grass Cutting Simulator
ExitCode: 0 Duration: 0s924ms
Finished compiling graph: 973 nodes, 18803 flattened edges (15999 ToBuild, 148 ToUse), maximum node priority 1022
[536/969    0s] WriteText Library/Bee/artifacts/1900b0aE.dag/Assembly-CSharp.rsp
[537/969    0s] WriteText Library/Bee/artifacts/1900b0aE.dag/Assembly-CSharp-Editor.rsp
[753/969    0s] ILPP-Configuration Library/ilpp-configuration.nevergeneratedoutput
[961/969    0s] Csc Library/Bee/artifacts/1900b0aE.dag/Assembly-CSharp.dll (+2 others)
[962/969    0s] ILPostProcess Library/Bee/artifacts/1900b0aE.dag/post-processed/Assembly-CSharp.dll (+pdb)
Processing assembly Library/Bee/artifacts/1900b0aE.dag/Assembly-CSharp.dll, with 149 defines and 351 references

processors: Unity.Jobs.CodeGen.JobsILPostProcessor, zzzUnity.Burst.CodeGen.BurstILPostProcessor

1 processor(s) skipped this assembly

running Unity.Jobs.CodeGen.JobsILPostProcessor
[963/969    0s] CopyFiles Library/ScriptAssemblies/Assembly-CSharp.dll
[964/969    0s] CopyFiles Library/ScriptAssemblies/Assembly-CSharp.pdb
[965/969    0s] Csc Library/Bee/artifacts/1900b0aE.dag/Assembly-CSharp-Editor.dll (+2 others)
[966/969    0s] ILPostProcess Library/Bee/artifacts/1900b0aE.dag/post-processed/Assembly-CSharp-Editor.dll (+pdb)
Processing assembly Library/Bee/artifacts/1900b0aE.dag/Assembly-CSharp-Editor.dll, with 147 defines and 373 references

processors: Unity.Jobs.CodeGen.JobsILPostProcessor, zzzUnity.Burst.CodeGen.BurstILPostProcessor

1 processor(s) skipped this assembly

running Unity.Jobs.CodeGen.JobsILPostProcessor
[967/969    0s] CopyFiles Library/ScriptAssemblies/Assembly-CSharp-Editor.pdb
[968/969    0s] CopyFiles Library/ScriptAssemblies/Assembly-CSharp-Editor.dll
*** Tundra build success (0.90 seconds), 11 items updated, 969 evaluated
AssetDatabase: script compilation time: 2.284288s
Begin MonoManager ReloadAssembly
Total cache size 168704660
Total cache size after purge 168704660, took 00:00:00.1761408
'Packages/com.unity.render-pipelines.core/Editor/Deprecated.cs' contains partial class of Unity.Object, exactly 1 of the partial classes needs to be in a file with the same filename. This is to know the one that can be referenced from ie. GameObjects
'Packages/com.unity.render-pipelines.core/Editor/Deprecated.cs' contains partial class of Unity.Object, exactly 1 of the partial classes needs to be in a file with the same filename. This is to know the one that can be referenced from ie. GameObjects
Importing 'GUID: 115939fafdaab3542ac9de578833169e - Path: Assets/Polytope Studio' with importer (DefaultImporter)
Imported 'GUID: 115939fafdaab3542ac9de578833169e' -> (Import Result ID: 'f8c140842783a3d2a89ed4a574603ad3') in 0.010 seconds [static dependencies only]. Details - ImportResultOutputID=be8a45412e5846cc436a2c6a10b4caa1 DependenciesID=04652cf1792be52b29db4d8ad7f84216 StaticDependenciesID=f1c329f670c7d0b3a51e8f697e9ba7c5 
Importing 'GUID: 96a08e9b3a862214b8c94c891f9b5a83 - Path: Assets/Polytope Studio/Lowpoly_Demos' with importer (DefaultImporter)
Imported 'GUID: 96a08e9b3a862214b8c94c891f9b5a83' -> (Import Result ID: '223526634d85ad7951c01285d434421d') in 0.001 seconds [static dependencies only]. Details - ImportResultOutputID=b763e6be83e347905319ca697db5ccaa DependenciesID=adf0a5a8b37c595c6f941d87fb28958d StaticDependenciesID=597c63cad17c019abed56c7291f7edd9 
Importing 'GUID: 18b253117ba5d2f43955dc773b562525 - Path: Assets/Polytope Studio/Welcome_Screen' with importer (DefaultImporter)
Imported 'GUID: 18b253117ba5d2f43955dc773b562525' -> (Import Result ID: 'f298fba7a1b67ff7efc5e6d338b6b1ae') in 0.000 seconds [static dependencies only]. Details - ImportResultOutputID=d06e69fe9686673d5f45073361f0c19b DependenciesID=ad7cd5fe858a4290cd94258a3f563244 StaticDependenciesID=0f79436a09d5d8e28804ed5ffb4cd231 
Importing 'GUID: 9c4cb87f53ebd5c468c413df16c5ea33 - Path: Assets/Polytope Studio/Lowpoly_Village' with importer (DefaultImporter)
Imported 'GUID: 9c4cb87f53ebd5c468c413df16c5ea33' -> (Import Result ID: '043cd5652bad0c7745d0ef80dc788b29') in 0.001 seconds [static dependencies only]. Details - ImportResultOutputID=51fcc3bd627cb00e6907747847ee0910 DependenciesID=89b5a7141ad493ae49ea4f8c4c8baa10 StaticDependenciesID=6db0e99551c453749253cf30624bf069 
Importing 'GUID: be41ee6ac43e67344981ef736f6e5ca2 - Path: Assets/Polytope Studio/Lowpoly_Environments' with importer (DefaultImporter)
Imported 'GUID: be41ee6ac43e67344981ef736f6e5ca2' -> (Import Result ID: '76e174ad532adfe7a76349bac0c2a006') in 0.000 seconds [static dependencies only]. Details - ImportResultOutputID=616729520e5b65dc6d40861afa7f2844 DependenciesID=85cc3d7cd09a9c70e44b8df0b07e0841 StaticDependenciesID=52148aa4bb381ed9f352004334048b17 
Importing 'GUID: 50084c0ced59c5243b289606ec1aaa1d - Path: Assets/Polytope Studio/Lowpoly_Environments/Sources' with importer (DefaultImporter)
Imported 'GUID: 50084c0ced59c5243b289606ec1aaa1d' -> (Import Result ID: '76bb2e6314103a49c75a1484c92b5065') in 0.000 seconds [static dependencies only]. Details - ImportResultOutputID=0bc81728c9166f97326370c2d5d6ec25 DependenciesID=d1f73eb3837b4bdf24fd8c6355131001 StaticDependenciesID=2e6ad588045ff69560a1de3d5e59b5c0 
Importing 'GUID: 72f7e9b6836e7ee40b8f94a8acf784e6 - Path: Assets/Polytope Studio/Lowpoly_Environments/URP' with importer (DefaultImporter)
Imported 'GUID: 72f7e9b6836e7ee40b8f94a8acf784e6' -> (Import Result ID: 'd94dc0482b49403a7f4e49ebf7b1e03d') in 0.000 seconds [static dependencies only]. Details - ImportResultOutputID=85e358aba7c0d6c6accc6bfdddf8dd3b DependenciesID=fc4fee456c13977df429dc874964ecfc StaticDependenciesID=7784669d0b06ba2850718da03d48c6b0 
Importing 'GUID: 83479e57b987f8244994f67684484983 - Path: Assets/Polytope Studio/Welcome_Screen/Editor' with importer (DefaultImporter)
Imported 'GUID: 83479e57b987f8244994f67684484983' -> (Import Result ID: 'aa2b8216c5d500686b91b967735c3a3b') in 0.000 seconds [static dependencies only]. Details - ImportResultOutputID=7e2c2ce22808f24d3c233735615522c2 DependenciesID=3126cbd2dd3ba47788332dec83856132 StaticDependenciesID=f069418f69343e46f974055879d1ab08 
Importing 'GUID: 46df1f2d8eb22a64fb03812d24ea1ffd - Path: Assets/Polytope Studio/Lowpoly_Village/Prefabs' with importer (DefaultImporter)
Imported 'GUID: 46df1f2d8eb22a64fb03812d24ea1ffd' -> (Import Result ID: '812d04714b1b9caf0ab9264b98d58aea') in 0.000 seconds [static dependencies only]. Details - ImportResultOutputID=2d6d471c0b659f617b791aa7a8bc769f DependenciesID=df846f8cc70d63e3a1da61c0487d1427 StaticDependenciesID=e48d33d7d5d335c923054a781e47db6e 
Importing 'GUID: 3ba94cc50bb068c4bb427a52fdcb0038 - Path: Assets/Polytope Studio/Lowpoly_Environments/Prefabs' with importer (DefaultImporter)
Imported 'GUID: 3ba94cc50bb068c4bb427a52fdcb0038' -> (Import Result ID: 'ba6bc117ef87bb273db155b061b76639') in 0.000 seconds [static dependencies only]. Details - ImportResultOutputID=f1ab5d2d39b5779038d664a79d700766 DependenciesID=49a04f549182f0973d1e7bacbfd4aeb2 StaticDependenciesID=bf2fb48dbda207df8e11c997e0759a88 
Importing 'GUID: db696abb7e2d76c409c7c5cdb95101a0 - Path: Assets/Polytope Studio/Lowpoly_Village/Sources' with importer (DefaultImporter)
Imported 'GUID: db696abb7e2d76c409c7c5cdb95101a0' -> (Import Result ID: 'c5b457c48a7797f83a9c208be0b252bd') in 0.000 seconds [static dependencies only]. Details - ImportResultOutputID=49f4f53a143626396ce776d4463461d1 DependenciesID=42abff4bb9c8f9bfe359fedfdfbc1039 StaticDependenciesID=83ba3a94d63d6ee69d68bbeaaea8235f 
Importing 'GUID: 5c2928345bc8a9f4793d01e4fcd0b64d - Path: Assets/Polytope Studio/Lowpoly_Demos/Environment_Free' with importer (DefaultImporter)
Imported 'GUID: 5c2928345bc8a9f4793d01e4fcd0b64d' -> (Import Result ID: '75363ed25e38e94c929ea356a1b77210') in 0.000 seconds [static dependencies only]. Details - ImportResultOutputID=029a5014b0ee06a04fda1dbd37f6833c DependenciesID=747c311840ce5b58deed5912d294128e StaticDependenciesID=8b62c83a8c645e51f3dde037db70839e 
Importing 'GUID: 1090dcf46ca02864fb89494b948e45c7 - Path: Assets/Polytope Studio/Lowpoly_Environments/Prefabs/Flowers' with importer (DefaultImporter)
Imported 'GUID: 1090dcf46ca02864fb89494b948e45c7' -> (Import Result ID: '94a5f4097bc6c4c404c30326d1194fe7') in 0.000 seconds [static dependencies only]. Details - ImportResultOutputID=23f5817e9dd2656778bc68d62f5c3b89 DependenciesID=d569270d17201036ae9344a2edcab8c3 StaticDependenciesID=6558cf28580bc4cb73b6a4f842beca02 
Importing 'GUID: c074246cbfde8eb4bb1b1203417f3bf2 - Path: Assets/Polytope Studio/Lowpoly_Environments/Prefabs/Rocks' with importer (DefaultImporter)
Imported 'GUID: c074246cbfde8eb4bb1b1203417f3bf2' -> (Import Result ID: '683ad18bc8e2625bef77c6d3a7697318') in 0.000 seconds [static dependencies only]. Details - ImportResultOutputID=110e97f726eb250ce8edd02cf644256c DependenciesID=56053468041d6dcda996e2d92ba2f5de StaticDependenciesID=8168f390b3a6aa3009ec475e8b8160ae 
Importing 'GUID: 6250bab4ccf188c4d97251a33d790370 - Path: Assets/Polytope Studio/Lowpoly_Village/Sources/Meshes' with importer (DefaultImporter)
Imported 'GUID: 6250bab4ccf188c4d97251a33d790370' -> (Import Result ID: 'be3a00090c65efe24d27b13f17c032ca') in 0.000 seconds [static dependencies only]. Details - ImportResultOutputID=c2c6ae8d39308584cf4b605afbf1b069 DependenciesID=ab5148ff8515e1012db6629aa303870c StaticDependenciesID=85687f9db197f024c017d147088cb436 
Importing 'GUID: 23d085a7de850f946becfd79d8937027 - Path: Assets/Polytope Studio/Lowpoly_Village/Sources/Textures' with importer (DefaultImporter)
Imported 'GUID: 23d085a7de850f946becfd79d8937027' -> (Import Result ID: '4c6bce7437a2fee12e77621d2f16764c') in 0.000 seconds [static dependencies only]. Details - ImportResultOutputID=f1b94ce9fddb90d94965528fddd66248 DependenciesID=bdb6c8f8d3e8645d6f791ed1016881c2 StaticDependenciesID=7fd98aefcc2e9c966cda4b56eea75b94 
Importing 'GUID: 233bc25dd4bfa8846b700d547592a78e - Path: Assets/Polytope Studio/Lowpoly_Environments/Sources/Meshes' with importer (DefaultImporter)
Imported 'GUID: 233bc25dd4bfa8846b700d547592a78e' -> (Import Result ID: 'a879f7c44c5f9ead6983df454296fe19') in 0.000 seconds [static dependencies only]. Details - ImportResultOutputID=ad523d16d07e3799dfc484dac4651046 DependenciesID=cc273099a4c62ff9356bcdd5da815486 StaticDependenciesID=fcb3055b11c55c98881175b07ef1dd4f 
Importing 'GUID: 632a57aaa44e49240a71dacd26348c8d - Path: Assets/Polytope Studio/Lowpoly_Environments/Prefabs/Mushrooms' with importer (DefaultImporter)
Imported 'GUID: 632a57aaa44e49240a71dacd26348c8d' -> (Import Result ID: '28c4b05ee782ec65e4649fa33175668d') in 0.000 seconds [static dependencies only]. Details - ImportResultOutputID=55d9bce2fd69c065d50cd5170171666b DependenciesID=dc1e83fd245961bfbaaa5941ef7fffdc StaticDependenciesID=82d799d1b7ff5a29d542e84aeb572dcd 
Importing 'GUID: 14ce2d65946738f43a28d751e95a91c2 - Path: Assets/Polytope Studio/Lowpoly_Environments/Sources/Shaders' with importer (DefaultImporter)
Imported 'GUID: 14ce2d65946738f43a28d751e95a91c2' -> (Import Result ID: '6779d40bc0c57af648c06459fc864780') in 0.001 seconds [static dependencies only]. Details - ImportResultOutputID=aeddb67dfd6dd749294d75c01a381708 DependenciesID=702a1e73b77e99e6648d661c378255e2 StaticDependenciesID=508b5a7ace10ca74f7e39f12ad5698e0 
Importing 'GUID: e4243f8d0fc95cf46b99b24ef7a05c79 - Path: Assets/Polytope Studio/Lowpoly_Environments/Prefabs/Trees' with importer (DefaultImporter)
Imported 'GUID: e4243f8d0fc95cf46b99b24ef7a05c79' -> (Import Result ID: 'afd2bc7fb066465ac2d9477cee503282') in 0.000 seconds [static dependencies only]. Details - ImportResultOutputID=43b09963ea81682c3428f6c707602fa5 DependenciesID=440c061c6aab8a4d8c7edb1902c7209b StaticDependenciesID=96fa188c304d75add486e5090a1ba36a 
Importing 'GUID: 15516ce43a134df489bc4818fe4f56a0 - Path: Assets/Polytope Studio/Lowpoly_Village/Sources/Materials' with importer (DefaultImporter)
Imported 'GUID: 15516ce43a134df489bc4818fe4f56a0' -> (Import Result ID: 'e75aa5ec31b70bb03f0c9e3709834ca8') in 0.000 seconds [static dependencies only]. Details - ImportResultOutputID=99adb261aed18cfc10f4a4b0f55919be DependenciesID=a8bdaba780884dbf100010d761c67154 StaticDependenciesID=6db7a2172b571209caec6d1abfee0337 
Importing 'GUID: c79904a7cd1e74c488b60bd79b66ed54 - Path: Assets/Polytope Studio/Lowpoly_Environments/Sources/Materials' with importer (DefaultImporter)
Imported 'GUID: c79904a7cd1e74c488b60bd79b66ed54' -> (Import Result ID: 'cb3c7df69dbdd75205d3f252722cc99c') in 0.000 seconds [static dependencies only]. Details - ImportResultOutputID=0b56ef291fb3f48e48b3a2c70b36e794 DependenciesID=4eb805e0347ca6acee3edade9a50eb02 StaticDependenciesID=306d46bbecaa513b97e4702bd5a72771 
Importing 'GUID: 38004d1b0c9563f4a9a518dcee0bb83d - Path: Assets/Polytope Studio/Lowpoly_Village/Sources/Shaders' with importer (DefaultImporter)
Imported 'GUID: 38004d1b0c9563f4a9a518dcee0bb83d' -> (Import Result ID: '90d763261ecb65a9c66fe239734e7af4') in 0.000 seconds [static dependencies only]. Details - ImportResultOutputID=399cb8959643f1b9f01af95baeb55446 DependenciesID=8cad0c00a5903f4003a851ee4a60f497 StaticDependenciesID=03179848214ee27e9732d21ed124c9b5 
Importing 'GUID: 290c306efce63f0419ccb2974a325792 - Path: Assets/Polytope Studio/Lowpoly_Demos/Environment_Free/Helpers' with importer (DefaultImporter)
Imported 'GUID: 290c306efce63f0419ccb2974a325792' -> (Import Result ID: '63e863500655193b182ead457b1da59b') in 0.000 seconds [static dependencies only]. Details - ImportResultOutputID=706a505fb057978992ccaabd7c0aa8e0 DependenciesID=15a658c88a502afb304266dfdfdc188d StaticDependenciesID=6174f5f7d5fc7ee6fb13c5680076052d 
Importing 'GUID: 394ffe8a892cb8c47a1f7a9e715075b9 - Path: Assets/Polytope Studio/Lowpoly_Environments/Sources/Textures' with importer (DefaultImporter)
Imported 'GUID: 394ffe8a892cb8c47a1f7a9e715075b9' -> (Import Result ID: 'c7f86e01b0390a6529331f50f7dda81f') in 0.000 seconds [static dependencies only]. Details - ImportResultOutputID=2a3c847ffd8f97b87c2d652166913863 DependenciesID=5cc83cf2cf8a48b98efa37045d45f593 StaticDependenciesID=8ac932113b50f4bf297a28b924180541 
Importing 'GUID: 1a6585c188f2f4c4685a8a43c7f945c2 - Path: Assets/Polytope Studio/Lowpoly_Environments/Prefabs/Shrubs' with importer (DefaultImporter)
Imported 'GUID: 1a6585c188f2f4c4685a8a43c7f945c2' -> (Import Result ID: '5c5f0e4f1c267ad9537302b5c34d4634') in 0.000 seconds [static dependencies only]. Details - ImportResultOutputID=00fb30d62c255a0d520fb188d74df96f DependenciesID=6e130db0ce4d5c1c995190ddb239cdd8 StaticDependenciesID=d98424c627a97a7980ab6a3095992e3b 
Importing 'GUID: 9c17ca59c125f404a92f9cf48eab6dab - Path: Assets/Polytope Studio/Lowpoly_Environments/Prefabs/Plants' with importer (DefaultImporter)
Imported 'GUID: 9c17ca59c125f404a92f9cf48eab6dab' -> (Import Result ID: 'b3299a4cc4db57a924254d9be71e8df3') in 0.000 seconds [static dependencies only]. Details - ImportResultOutputID=a22f3d5ea49f3bd6bdf5f1dc1e44bb60 DependenciesID=a6076d1f2cd7634a7f5d57c119083c3b StaticDependenciesID=7049781a15a86ead57e32c1d3e4f3e1f 
Importing 'GUID: 7e2eff97b59cb8845ae00eafc9d66d45 - Path: Assets/Polytope Studio/Welcome_Screen/Editor/Textures' with importer (DefaultImporter)
Imported 'GUID: 7e2eff97b59cb8845ae00eafc9d66d45' -> (Import Result ID: 'a13d5b48b5e79aaf18bfc8eb29f1a0cb') in 0.000 seconds [static dependencies only]. Details - ImportResultOutputID=4bd88c5684ffbf677358c393ff1564ae DependenciesID=9caffa6ad258e1b670071df64d657ee9 StaticDependenciesID=cda4e7106d7b5bb1bd5cf02914d5b335 
Importing 'GUID: 5f16d7f0deffe2d44a0db2c9b5f0c409 - Path: Assets/Polytope Studio/Lowpoly_Village/Prefabs/Modular' with importer (DefaultImporter)
Imported 'GUID: 5f16d7f0deffe2d44a0db2c9b5f0c409' -> (Import Result ID: '8d883418ec67033ffc11999ab89acb64') in 0.000 seconds [static dependencies only]. Details - ImportResultOutputID=127dd926bd14489fbc40565fff2ece05 DependenciesID=d180e80a7f5b9d9e412fd7210d190d6e StaticDependenciesID=bc63d443fb2147d8cf7018a8ae3702e9 
Importing 'GUID: 710655db3a8505840bbf816762a7887b - Path: Assets/Polytope Studio/Lowpoly_Environments/Sources/Meshes/Rocks' with importer (DefaultImporter)
Imported 'GUID: 710655db3a8505840bbf816762a7887b' -> (Import Result ID: 'eadd35154d436f646730b7dcd4ab16b3') in 0.000 seconds [static dependencies only]. Details - ImportResultOutputID=bad101b48783df8f7362bd3944c0e233 DependenciesID=d501d256a8502c967dd3641b294e2b56 StaticDependenciesID=ec4aed3ad86013d985e846b77bac12eb 
Importing 'GUID: 62117514495abd046b014d1c85ba4c7a - Path: Assets/Polytope Studio/Lowpoly_Environments/Sources/Meshes/Flowers' with importer (DefaultImporter)
Imported 'GUID: 62117514495abd046b014d1c85ba4c7a' -> (Import Result ID: '34aa8eb644d7b84ac585a63c84d5558c') in 0.000 seconds [static dependencies only]. Details - ImportResultOutputID=02d1002ffb429b233b1a7105cc3329b0 DependenciesID=d0be239f50fd4f33583c51526287d69b StaticDependenciesID=952914eb10ca711e837ed06972be9e1e 
Importing 'GUID: 7201153531db4b04e8c60b3351b1d959 - Path: Assets/Polytope Studio/Lowpoly_Environments/Sources/Meshes/Plants' with importer (DefaultImporter)
Imported 'GUID: 7201153531db4b04e8c60b3351b1d959' -> (Import Result ID: '2a242c990453e134c08030dce84d44ea') in 0.000 seconds [static dependencies only]. Details - ImportResultOutputID=9629f38a60d5d95e5b084abae722f45a DependenciesID=5dc29c3a84fe9955b13ae4d504880a8d StaticDependenciesID=5b7e5de9923682aa4628f466cbdc0a32 
Importing 'GUID: 64b75df8359bb5441b4442d30015f8b8 - Path: Assets/Polytope Studio/Lowpoly_Demos/Environment_Free/Helpers/Terrain' with importer (DefaultImporter)
Imported 'GUID: 64b75df8359bb5441b4442d30015f8b8' -> (Import Result ID: '310936bd2ea0baf3e30f46fa78baac2a') in 0.000 seconds [static dependencies only]. Details - ImportResultOutputID=a6386d6f1de7d41263af04bf5060634b DependenciesID=646f33a414146fab952309e9f577a996 StaticDependenciesID=872cf3e70eac6f20753dcbf4ac1871d1 
Importing 'GUID: f479e3fca277d3f43b3b0aaead6d1ed0 - Path: Assets/Polytope Studio/Lowpoly_Village/Prefabs/Modular/Bridge' with importer (DefaultImporter)
Imported 'GUID: f479e3fca277d3f43b3b0aaead6d1ed0' -> (Import Result ID: '65c028131d0eee049d4ce4d149ccf75c') in 0.000 seconds [static dependencies only]. Details - ImportResultOutputID=74bd9f5ddd08b94d32259d184f498113 DependenciesID=1a5a4de5f378063d5a7797147c250552 StaticDependenciesID=b13a19c56a00b9befa5e98ed66837208 
Importing 'GUID: 759f0621eee5d054190312b280f3d0ef - Path: Assets/Polytope Studio/Lowpoly_Environments/Sources/Meshes/Trees' with importer (DefaultImporter)
Imported 'GUID: 759f0621eee5d054190312b280f3d0ef' -> (Import Result ID: '6fab80bbc7b4c46a08d9eb9b812de2f6') in 0.000 seconds [static dependencies only]. Details - ImportResultOutputID=e190be5a498782b13096a1bf6adb6c26 DependenciesID=8ffba3ef81734e8622a776ea47cc02e4 StaticDependenciesID=69869b1ef86e5f3d0d5a0480c624e3fb 
Importing 'GUID: 372b3a07e412e84429b47816bcf7d59b - Path: Assets/Polytope Studio/Lowpoly_Environments/Sources/Meshes/Shrubs' with importer (DefaultImporter)
Imported 'GUID: 372b3a07e412e84429b47816bcf7d59b' -> (Import Result ID: '40182bd1602b74f6632a700ae233b357') in 0.000 seconds [static dependencies only]. Details - ImportResultOutputID=0a35bd30b1880f53df15e083cd014743 DependenciesID=1cd309762557466405a0dbb9a996179c StaticDependenciesID=280303f5f5d2e11ea713abdf6bc638f0 
Importing 'GUID: d8296f87fe19df9428b94eeb6cc479c3 - Path: Assets/Polytope Studio/Lowpoly_Village/Sources/Meshes/Modular' with importer (DefaultImporter)
Imported 'GUID: d8296f87fe19df9428b94eeb6cc479c3' -> (Import Result ID: 'da17c489f6605ab9518ae7731e565724') in 0.000 seconds [static dependencies only]. Details - ImportResultOutputID=d14f36888538e3703f0cd009d5f039b4 DependenciesID=9055e3e8022c9b7071982f5d0884a46f StaticDependenciesID=fe8c2201717a72400ff2c58cf9f8e2db 
Importing 'GUID: 7a3bbc3a2bec9f747b42252d4c80a793 - Path: Assets/Polytope Studio/Lowpoly_Environments/Sources/Meshes/Mushrooms' with importer (DefaultImporter)
Imported 'GUID: 7a3bbc3a2bec9f747b42252d4c80a793' -> (Import Result ID: 'dbd83ae7924dae594a91a418da7a4693') in 0.000 seconds [static dependencies only]. Details - ImportResultOutputID=e66bf6c14319b03a761c66db09561d38 DependenciesID=9bd7a5ba7730f54a340569006196a02f StaticDependenciesID=0bcf7b1a9d43e279152ee70ec93c1b31 
Importing 'GUID: 3d254d49ff5ec1f458f7a2fbae9555d2 - Path: Assets/Polytope Studio/Lowpoly_Village/Prefabs/Modular/Fence' with importer (DefaultImporter)
Imported 'GUID: 3d254d49ff5ec1f458f7a2fbae9555d2' -> (Import Result ID: 'fcb9f7445d326d5ed5b3bd13cf339e2a') in 0.000 seconds [static dependencies only]. Details - ImportResultOutputID=b9a8475abf16f61be99d873ead441b8f DependenciesID=a67209bcac72bac91bed4c5a193a56ab StaticDependenciesID=d80caae843123e2d937defe27c76adad 
Importing 'GUID: 3a80f621645a05340824ecc31bbef546 - Path: Assets/Polytope Studio/Lowpoly_Village/Sources/Meshes/Modular/Fence' with importer (DefaultImporter)
Imported 'GUID: 3a80f621645a05340824ecc31bbef546' -> (Import Result ID: '713d76970e0c0935ecfb1d2438fe572c') in 0.000 seconds [static dependencies only]. Details - ImportResultOutputID=998b4ccb91ca3fc4b25a5a9afa356699 DependenciesID=1f521795e3eed246036c76dca1ddaed8 StaticDependenciesID=90590823083b8b97de8ced78fd585d44 
Importing 'GUID: 7ba86df2516878b40b6bc1c55b0f961e - Path: Assets/Polytope Studio/Lowpoly_Village/Sources/Meshes/Modular/Bridge' with importer (DefaultImporter)
Imported 'GUID: 7ba86df2516878b40b6bc1c55b0f961e' -> (Import Result ID: 'a36fab382fc96cfdd59ea30df455effe') in 0.000 seconds [static dependencies only]. Details - ImportResultOutputID=e1084373f2a896d0c5e8255885a9e6ad DependenciesID=3fce1a1b37323848243e5b653e479a03 StaticDependenciesID=6e136bf467d8055ecc176cdb1500110c 
Native extension for WindowsStandalone target not found
ScheduleIndexationOnStartup MainProcess:True IndexOnStartup:True
Scripting: successfully reloaded assembly
- Finished resetting the current domain, in  0.735 seconds
Domain Reload Profiling: 1536ms
	BeginReloadAssembly (199ms)
		DisableScriptedObjects (21ms)
		CreateAndSetChildDomain (45ms)
	RebuildCommonClasses (7ms)
	RebuildNativeTypeToScriptingClass (11ms)
	initialDomainReloadingComplete (45ms)
	LoadAllAssembliesAndSetupDomain (538ms)
		LoadAssemblies (288ms)
		TypeCache.Refresh (144ms)
			TypeCache.ScanAssembly (132ms)
		AnalyzeDomain (67ms)
			BuildScriptInfoCaches (57ms)
			ResolveRequiredComponents (9ms)
	FinalizeReload (736ms)
		SetupLoadedEditorAssemblies (0ms)
			BeforeProcessingInitializeOnLoad (80ms)
			ProcessInitializeOnLoadAttributes (236ms)
			ProcessInitializeOnLoadMethodAttributes (95ms)
			AfterProcessingInitializeOnLoad (5ms)
		AwakeInstancesAfterBackupRestoration (27ms)
Starting new worker id: 0 with log in C:/Users/Vili/Desktop/github/Grass-Cutting-Simulator/Grass Cutting Simulator/Logs/AssetImportWorkerHW0.log
Importing 'GUID: 99c9720ab356a0642a771bea13969a05 - Path: Assets/Scenes/SampleScene.unity' with importer (DefaultImporter)
Imported 'GUID: 99c9720ab356a0642a771bea13969a05' -> (Import Result ID: 'bf21ff6bb5ba64d5747752923e99ff72') in 0.001 seconds [static dependencies only]. Details - ImportResultOutputID=b4491ddbae88a879b6308480a6079ca7 DependenciesID=f6cb24749062ce8d9c637fc550b29e13 StaticDependenciesID=628dae4fa4444c7a4e57d6a12ca72449 
Importing 'GUID: 713ea1b84c2a9fc4d8c7f695ca916c8b - Path: Assets/Polytope Studio/Lowpoly_Environments/URP/PT_Nature_Free_URP_14.unitypackage' with importer (DefaultImporter)
Imported 'GUID: 713ea1b84c2a9fc4d8c7f695ca916c8b' -> (Import Result ID: '6896761e6f68b6dd3f26160edb2b97cc') in 0.006 seconds [static dependencies only]. Details - ImportResultOutputID=de310ae4178a19a5ac211c0b04cb34de DependenciesID=b2e599ae8b6f0b2bd06fd8f9d7ad5eb0 StaticDependenciesID=3c4f2338c9ff27804a5614b23dc83bca 
Importing 'GUID: c732593fe76e5a84197f9cd13963f706 - Path: Assets/Polytope Studio/Lowpoly_Demos/Environment_Free/Environment_Free.unity' with importer (DefaultImporter)
Imported 'GUID: c732593fe76e5a84197f9cd13963f706' -> (Import Result ID: '07066e6ed1f026c8ac46051a44d0f0ca') in 0.001 seconds [static dependencies only]. Details - ImportResultOutputID=d51d11a5a94fe11a441e9cc9b0dfc43d DependenciesID=a1e294714736c4f115be49279141140f StaticDependenciesID=5fc1de93f18689d32d7395ae43ca46de 
Importing 'GUID: 68d9417a84829c6459075121b8ac78bd - Path: Assets/Polytope Studio/Lowpoly_Environments/URP/PT_Nature_Free_URP_17.unitypackage' with importer (DefaultImporter)
Imported 'GUID: 68d9417a84829c6459075121b8ac78bd' -> (Import Result ID: 'e25b77717e3b43a025633b179861f4ff') in 0.000 seconds [static dependencies only]. Details - ImportResultOutputID=756d1015346a18a1acdf032aada1d87b DependenciesID=5d2487ad6389f51072267c2dbaadc9ae StaticDependenciesID=8c2e0ad5be991c3b86c4bfae5b56d116 
Importing 'GUID: 194ffb9f0c5b86f4aaa6ac1ef3ade1ed - Path: Assets/Polytope Studio/Lowpoly_Environments/URP/PT_Nature_Free_URP_12.unitypackage' with importer (DefaultImporter)
Imported 'GUID: 194ffb9f0c5b86f4aaa6ac1ef3ade1ed' -> (Import Result ID: 'dc97b5461bd6f76711e350910766a50d') in 0.001 seconds [static dependencies only]. Details - ImportResultOutputID=537d8f3ea70c2599a1b55ee4eb421879 DependenciesID=8d8de88eabf87507a371e3e4ff3bc215 StaticDependenciesID=3ce8bd98243a9245503655a686ea9332 
Importing 'GUID: ac56f8aebac30674489c8b5741b0489a - Path: Assets/Polytope Studio/Lowpoly_Environments/URP/PT_Nature_Free_URP_16.unitypackage' with importer (DefaultImporter)
Imported 'GUID: ac56f8aebac30674489c8b5741b0489a' -> (Import Result ID: 'b3f7617ded380bbaf3f5fe8c5b1e20e6') in 0.000 seconds [static dependencies only]. Details - ImportResultOutputID=e0aa405c50ae9197e1c2804d1be7c7fc DependenciesID=b4a2f4cf29d36e2770333c1f5d8da861 StaticDependenciesID=95a6ddaca5b30241c5ad6b950f48ef00 
Importing 'GUID: c01efabcc3dd1d24c8086afb3b996ad4 - Path: Assets/Polytope Studio/Welcome_Screen/Editor/Textures/game1.png' with importer (TextureImporter)
Imported 'GUID: c01efabcc3dd1d24c8086afb3b996ad4' -> (Import Result ID: '160998dd5247260be44cd0cfa1562fe2') in 0.005 seconds [static and dynamic dependencies]. Details - ImportResultOutputID=b48071ae899bcf433a27becede711806 DependenciesID=3ade381d9d320a715a02f735bf14809c StaticDependenciesID=a3fb519d427ee2d530aca98a6c773e86 
Importing 'GUID: e0b09c625cee17a48b22b2cf949cd320 - Path: Assets/Polytope Studio/Lowpoly_Environments/Sources/Textures/PT_Ground_Generic_03.png' with importer (TextureImporter)
Imported 'GUID: e0b09c625cee17a48b22b2cf949cd320' -> (Import Result ID: 'a198a9c2516d190ecdd4a2ef4c6a01d0') in 0.205 seconds [static and dynamic dependencies]. Details - ImportResultOutputID=91931e1807ac9fa317bcc41bea249e07 DependenciesID=ccc9f0e3bdca3a96ff5c584ed4b9f4ff StaticDependenciesID=fef8d997749ecd9c3e780b73c12d43f9 
Importing 'GUID: e0eab39b8993b684dbb9800cf1151d33 - Path: Assets/Polytope Studio/Lowpoly_Environments/Sources/Textures/PT_Poppy_01.png' with importer (TextureImporter)
Imported 'GUID: e0eab39b8993b684dbb9800cf1151d33' -> (Import Result ID: '9ccf63fa6b9c00b28f62017ee95a2eac') in 0.016 seconds [static and dynamic dependencies]. Details - ImportResultOutputID=df3fe7f46c76a323dffc64a0cc6c005f DependenciesID=e936e237ce7d1f347f5366f2737c5317 StaticDependenciesID=03368f50f7e5b8e306d400d74177f7ec 
Importing 'GUID: 2133ab72c9db7a848a24f4062c21aa18 - Path: Assets/Polytope Studio/Welcome_Screen/Editor/Textures/game5.png' with importer (TextureImporter)
Imported 'GUID: 2133ab72c9db7a848a24f4062c21aa18' -> (Import Result ID: '621f542e6bf7cbcd8e9c0f8ebe2b55e3') in 0.003 seconds [static and dynamic dependencies]. Details - ImportResultOutputID=1b4b1fd30683d99113e8b9204a8d0f5b DependenciesID=2aae70146032a7478a7c84d53bc23341 StaticDependenciesID=c2c18430ee17e6d1635e18f93dbe1dcd 
Importing 'GUID: a195a893970f3ab4990bd06e18a0b308 - Path: Assets/Polytope Studio/Lowpoly_Environments/Sources/Textures/PT_Rocks_01.png' with importer (TextureImporter)
Imported 'GUID: a195a893970f3ab4990bd06e18a0b308' -> (Import Result ID: '95cf105ba2ae2e7bf625e808873de96c') in 0.040 seconds [static and dynamic dependencies]. Details - ImportResultOutputID=a57043da7775bd68b6e03b52cdd39264 DependenciesID=6708e68b4843a6c989a1de5c81396bb4 StaticDependenciesID=5ed72b72196b1aa6f81c9ac19e7f1b08 
Importing 'GUID: b1d2d07a2fd7be646ab43c446a26a69e - Path: Assets/Polytope Studio/Welcome_Screen/Editor/Textures/banner_dark.png' with importer (TextureImporter)
Imported 'GUID: b1d2d07a2fd7be646ab43c446a26a69e' -> (Import Result ID: '18863e32932365ec32c4aafab9efd1f9') in 0.008 seconds [static and dynamic dependencies]. Details - ImportResultOutputID=b6246efaee2e9d0610739bc489cbdb17 DependenciesID=fa8d75e98b0af09d69a11658876d40af StaticDependenciesID=47b7691c6519f049fc7fb62dfb0a60eb 
Importing 'GUID: 724a83e90c1cd7b4b9d1b71dd08962b6 - Path: Assets/Polytope Studio/Lowpoly_Environments/Sources/Textures/PT_Fruit_Tree_Flowers_01.png' with importer (TextureImporter)
Imported 'GUID: 724a83e90c1cd7b4b9d1b71dd08962b6' -> (Import Result ID: '42a2a6ad356010d61830f7325f9fae45') in 0.056 seconds [static and dynamic dependencies]. Details - ImportResultOutputID=f14c8517c901a5a7c8140ae8ae3b14a7 DependenciesID=ec6815a3accf79315d5eccae9d6ea54e StaticDependenciesID=8287a6bc82f2362ee88c5cfc4adb4fa2 
Importing 'GUID: d2f321fff7f05aa49ad106541e997dd3 - Path: Assets/Polytope Studio/Lowpoly_Environments/Sources/Textures/PT_Fruit_Tree_Leaves_01.png' with importer (TextureImporter)
Imported 'GUID: d2f321fff7f05aa49ad106541e997dd3' -> (Import Result ID: '25da2c9d90a3a579a40d8773e770b4df') in 0.052 seconds [static and dynamic dependencies]. Details - ImportResultOutputID=176b19aacbe6ae6d6aeb50d35c2b3a5a DependenciesID=eb9869319844c204d75933f3f14bb2e5 StaticDependenciesID=ae0e99fc65f8a9eb215185621f983ace 
Importing 'GUID: f2ee3ef6a109f0f4b8bfd6f7c1e310f4 - Path: Assets/Polytope Studio/Lowpoly_Environments/Sources/Textures/PT_Generic_Tree_Leaves_01.png' with importer (TextureImporter)
Imported 'GUID: f2ee3ef6a109f0f4b8bfd6f7c1e310f4' -> (Import Result ID: '7b2a321695b1d8e922f59dcab5e7608f') in 0.058 seconds [static and dynamic dependencies]. Details - ImportResultOutputID=03f54cca4df520ee2a0904f399ecb0f8 DependenciesID=671c5cd18272ea9f903a1f3087a804d2 StaticDependenciesID=6277b361e583c3e572eaab638721c592 
Importing 'GUID: 63f20a75401bcd4418b3dbe0f81337bf - Path: Assets/Polytope Studio/Welcome_Screen/Editor/Textures/game4.png' with importer (TextureImporter)
Imported 'GUID: 63f20a75401bcd4418b3dbe0f81337bf' -> (Import Result ID: '4047370d4c3ca18efd9dca72dfb08331') in 0.003 seconds [static and dynamic dependencies]. Details - ImportResultOutputID=04508322582196452f504e128b1cac94 DependenciesID=8fa271fd9ce6681de8589b11986f5221 StaticDependenciesID=667ca7842693a7cb1ac909359344a1ae 
Importing 'GUID: d329461fd2714384088c78ea5f4c2765 - Path: Assets/Polytope Studio/Lowpoly_Environments/Sources/Textures/PT_Runes_02.png' with importer (TextureImporter)
Imported 'GUID: d329461fd2714384088c78ea5f4c2765' -> (Import Result ID: 'bdded561c31bf7768cf64815c617ff8d') in 0.005 seconds [static and dynamic dependencies]. Details - ImportResultOutputID=a1e6d40a34ea97f68993640f77b6e4c9 DependenciesID=71807757c290ec269aadab022692de28 StaticDependenciesID=21220756081190644b50ea4084f94800 
Importing 'GUID: 34892be16c52f1948b4b5666052d6bf5 - Path: Assets/Polytope Studio/Lowpoly_Village/Sources/Textures/PT_Medieval_Buildings_Texture_01.png' with importer (TextureImporter)
Imported 'GUID: 34892be16c52f1948b4b5666052d6bf5' -> (Import Result ID: '306ac643d3baa81567938a4ac41b7a6b') in 0.002 seconds [static and dynamic dependencies]. Details - ImportResultOutputID=566c4f696fe66a184cf5ccfab371ccea DependenciesID=f484decad882d8a69c4c1b7bbde65b7e StaticDependenciesID=154996306782f420e1bfc9c5dda656f5 
Importing 'GUID: 443409fd0c41a114ea53fa917605b527 - Path: Assets/Polytope Studio/Welcome_Screen/Editor/Textures/icon_twitter.png' with importer (TextureImporter)
Imported 'GUID: 443409fd0c41a114ea53fa917605b527' -> (Import Result ID: '15376d2adb9e46447fbe60dee9c60b4d') in 0.001 seconds [static and dynamic dependencies]. Details - ImportResultOutputID=4acc1e25dffb5ada065eed59ed5cd714 DependenciesID=fd8d4101f713d72462c85391879e6329 StaticDependenciesID=6a697925219dc1291b97f653149a010f 
Importing 'GUID: a4be55d94a4745c489dca6d060068259 - Path: Assets/Polytope Studio/Welcome_Screen/Editor/Textures/icon_facebook.png' with importer (TextureImporter)
Imported 'GUID: a4be55d94a4745c489dca6d060068259' -> (Import Result ID: 'e8b30c851d8a01e370c28dfad1dc7c9d') in 0.001 seconds [static and dynamic dependencies]. Details - ImportResultOutputID=6fd50304af27378ddec43ca79a7065db DependenciesID=b5a427c93512c120e734d567debec058 StaticDependenciesID=6044469275fdc1d17e942c0d7db7f50e 
Importing 'GUID: b458cb1c79cb9894196830046f2621fa - Path: Assets/Polytope Studio/Lowpoly_Environments/Sources/Textures/PT_Grass_High_01.png' with importer (TextureImporter)
Imported 'GUID: b458cb1c79cb9894196830046f2621fa' -> (Import Result ID: '84adc543e7804ff1067d1180f9e23cd6') in 0.013 seconds [static and dynamic dependencies]. Details - ImportResultOutputID=7da054239672c7f8b5fcd94727e4e8c2 DependenciesID=271d3958a51f2b8616e9af3548330148 StaticDependenciesID=54340310a60f78547f13baef1a1fbcfc 
Importing 'GUID: 55a083d549e055045948e2083099df16 - Path: Assets/Polytope Studio/Lowpoly_Environments/Sources/Textures/PT_Generic_Leaves_01.png' with importer (TextureImporter)
Imported 'GUID: 55a083d549e055045948e2083099df16' -> (Import Result ID: '68f1444e301a3bc7879058e352efe08e') in 0.056 seconds [static and dynamic dependencies]. Details - ImportResultOutputID=b316b9d9ef415fa4fe14713e1f83f907 DependenciesID=aaea820e3d5ad501387b85345d3e371e StaticDependenciesID=7a5fe46d67b4600d6109de66e531c72c 
Serialized file "Assets/Polytope Studio/Lowpoly_Village/Sources/Textures/PT_texture.tga.meta" contains a TextureImporter object at version 9, below the supported minimum (10). Open and re-save the file to upgrade.
Importing 'GUID: 16357eda3fc18dd459a8218b92769643 - Path: Assets/Polytope Studio/Lowpoly_Village/Sources/Textures/PT_texture.tga' with importer (TextureImporter)
Imported 'GUID: 16357eda3fc18dd459a8218b92769643' -> (Import Result ID: 'fe50a09d507354facbcf788591369b62') in 0.002 seconds [static and dynamic dependencies]. Details - ImportResultOutputID=fe8da59213edf43c680a20da14f9e16f DependenciesID=1b8307f0f311a0d132b5dfb6f26e72f2 StaticDependenciesID=27de6da3915e5942ab32184b1968b1b0 
Importing 'GUID: 47c82777887e3fc46bc141849b1b3ccb - Path: Assets/Polytope Studio/Lowpoly_Environments/Sources/Textures/PT_Pine_Tree_01.png' with importer (TextureImporter)
Imported 'GUID: 47c82777887e3fc46bc141849b1b3ccb' -> (Import Result ID: 'ba5501e7e82f8f80286baea78319313b') in 0.046 seconds [static and dynamic dependencies]. Details - ImportResultOutputID=7b1b2b1063b2960e4e85aa404379e114 DependenciesID=55270714ebb947e7214a9bc3ba388349 StaticDependenciesID=0e29c115ac792f97ad6f82603d4f4d4d 
Importing 'GUID: 5733ec0c27e7c9d41a230d27ca7b85d4 - Path: Assets/Polytope Studio/Lowpoly_Environments/Sources/Textures/PT_Tree_Trunk_01.png' with importer (TextureImporter)
Imported 'GUID: 5733ec0c27e7c9d41a230d27ca7b85d4' -> (Import Result ID: '8b8511e8a7f412613cb7f03ab7a809e1') in 0.066 seconds [static and dynamic dependencies]. Details - ImportResultOutputID=ce554ee0808ec004558f0133dc3560da DependenciesID=d7319d13ff1efda2cb9e6cf7e123b317 StaticDependenciesID=40e120acc6f51ec10342aab717af66eb 
Importing 'GUID: a78adb8868cccbe4a92d9d81db916e6e - Path: Assets/Polytope Studio/Lowpoly_Environments/Sources/Textures/PT_Water_NM_01.png' with importer (TextureImporter)
Imported 'GUID: a78adb8868cccbe4a92d9d81db916e6e' -> (Import Result ID: '7941744308146df6fd5d1ab6de0e4bc8') in 0.007 seconds [static and dynamic dependencies]. Details - ImportResultOutputID=89cd2861af127df9225a124e3a44d882 DependenciesID=18f808d58085e623d4a0b5919d892d2b StaticDependenciesID=4304c2419f161b5556b3e132b6830a8e 
Importing 'GUID: a76d56770814df042a1b794d9ecb8972 - Path: Assets/Polytope Studio/Welcome_Screen/Editor/Textures/icon_Instagram.png' with importer (TextureImporter)
Imported 'GUID: a76d56770814df042a1b794d9ecb8972' -> (Import Result ID: '7e6af93154a342d6f2945ed4379534d8') in 0.011 seconds [static and dynamic dependencies]. Details - ImportResultOutputID=d74b272e286513862cb9006dbbb3c1cc DependenciesID=066de0e08b5712fc9df40a578c8bb4de StaticDependenciesID=b8ad2ad37087d3c6d76b2b14e05f6635 
Importing 'GUID: 883dcf0a9b42c1e49bc88ef484e7030a - Path: Assets/Polytope Studio/Welcome_Screen/Editor/Textures/icon_Tiktok.png' with importer (TextureImporter)
Imported 'GUID: 883dcf0a9b42c1e49bc88ef484e7030a' -> (Import Result ID: 'a71254f4a73375b3ccca00cca1410995') in 0.002 seconds [static and dynamic dependencies]. Details - ImportResultOutputID=a1066fdd038b51fa572b785d2169bcc6 DependenciesID=f697a29a7e8d5c0d649b8f5f999494f5 StaticDependenciesID=3fc4a9c6b4645f988cf0768abc57157f 
Importing 'GUID: d8b9a114dc91e7d4e9885d54ca9d957f - Path: Assets/Polytope Studio/Lowpoly_Environments/Sources/Textures/PT_Skybox_Texture_01.png' with importer (TextureImporter)
Worker ready: AssetImportWorkerHW0 0
Imported 'GUID: d8b9a114dc91e7d4e9885d54ca9d957f' -> (Import Result ID: 'a51051c2b072b297494991d93c0dbd64') in 2.222 seconds [static and dynamic dependencies]. Details - ImportResultOutputID=af8156fd020d74953812c61823d77220 DependenciesID=ac4c64c20b21d99ab2e5151310d6a704 StaticDependenciesID=37ad168f967f85154137040c3b36c43c 
Importing 'GUID: e807c876d0b15e1408d27b4ce183f39b - Path: Assets/Polytope Studio/Welcome_Screen/Editor/Textures/demo1.png' with importer (TextureImporter)
Imported 'GUID: e807c876d0b15e1408d27b4ce183f39b' -> (Import Result ID: 'c0a4c6fc9ae582d6b3547ec606795e60') in 0.003 seconds [static and dynamic dependencies]. Details - ImportResultOutputID=daa361c31571defe40c9ce06298e7b1e DependenciesID=f530f737c1da265141122fe96348f550 StaticDependenciesID=8b4a9369f0bb789bbfd7d9488a2fef65 
Importing 'GUID: c91055552562c3941a1c318e8d5bc5c5 - Path: Assets/Polytope Studio/Lowpoly_Village/Sources/Textures/PT_Medieval_Buildings_Texture_Mask_01.png' with importer (TextureImporter)
Imported 'GUID: c91055552562c3941a1c318e8d5bc5c5' -> (Import Result ID: 'abbed632965c6e4576a4875b7b5e7ac9') in 0.002 seconds [static and dynamic dependencies]. Details - ImportResultOutputID=f4f2fb78490ea93bb00a5b0755536714 DependenciesID=4b7a06027aede67fcb1971bfe63ef249 StaticDependenciesID=a473a56047a7a6168ef8536cce115359 
Importing 'GUID: d909ab474b336d64d92b2e7c7418929d - Path: Assets/Polytope Studio/Welcome_Screen/Editor/Textures/game2.png' with importer (TextureImporter)
Imported 'GUID: d909ab474b336d64d92b2e7c7418929d' -> (Import Result ID: 'cbf910185ff14379ff494bf554d61961') in 0.003 seconds [static and dynamic dependencies]. Details - ImportResultOutputID=378342ebb72607fc2a97ae5e1dbd9f85 DependenciesID=d9168edd628780f8563c046bb0aa4599 StaticDependenciesID=fa9ebafe46bee7bedc1a99165314acca 
Importing 'GUID: 9a9ed1d4f54a1ce4a9331c6a1a926976 - Path: Assets/Polytope Studio/Lowpoly_Environments/Sources/Textures/PT_Mushrooms_01.png' with importer (TextureImporter)
Imported 'GUID: 9a9ed1d4f54a1ce4a9331c6a1a926976' -> (Import Result ID: 'd1541ac9737445c4ed7f8f01a2b22538') in 0.169 seconds [static and dynamic dependencies]. Details - ImportResultOutputID=b1d479eb3198abd2b238e25ca5f1ca67 DependenciesID=81a58ec0ff80fe756910922cba28f93f StaticDependenciesID=b0e646bfe0f2c2c1f05a3b7f170fb0ee 
Importing 'GUID: da4b5e2c1255f2e40bad4bd005f99f2c - Path: Assets/Polytope Studio/Lowpoly_Village/Sources/Textures/PT_Medieval_Buildings_Texture_01mask2.png' with importer (TextureImporter)
Imported 'GUID: da4b5e2c1255f2e40bad4bd005f99f2c' -> (Import Result ID: 'a18dff8aea9067ee9bdd4e40268fe95a') in 0.002 seconds [static and dynamic dependencies]. Details - ImportResultOutputID=d3544613fc2aa108170359937a032df7 DependenciesID=7f9a0cfd572726de095411924363e7d4 StaticDependenciesID=0827e6cfe4f1d2e66918a5ebee48cf92 
Importing 'GUID: fa0c858bdcc96034db2d517c25f78cbc - Path: Assets/Polytope Studio/Welcome_Screen/Editor/Textures/demo2.png' with importer (TextureImporter)
Imported 'GUID: fa0c858bdcc96034db2d517c25f78cbc' -> (Import Result ID: '1fd80a71a80628a206ef5b5e415885aa') in 0.003 seconds [static and dynamic dependencies]. Details - ImportResultOutputID=cc2b3354e0deb5ce537795d62d712296 DependenciesID=3222229d878aa697ae9fec7844afc80d StaticDependenciesID=4ca47bd2cca4635aeee9916d8675b7e0 
Importing 'GUID: 1b92b31acbcdce24ba9dc6d01dbc2e84 - Path: Assets/Polytope Studio/Lowpoly_Environments/Sources/Textures/PT_Grass_01.png' with importer (TextureImporter)
Imported 'GUID: 1b92b31acbcdce24ba9dc6d01dbc2e84' -> (Import Result ID: 'd1ae01bee6db9e69c8a5a5fa5b37c8d5') in 0.014 seconds [static and dynamic dependencies]. Details - ImportResultOutputID=b84c04745cbb58bc91ac103e71a7b996 DependenciesID=aa948f189e7c2ff4ec2a023ff3a6b4a4 StaticDependenciesID=b24eee3a8bc401333386c363dce430c1 
Importing 'GUID: 3b363c299ea09004da446d737b8dc988 - Path: Assets/Polytope Studio/Welcome_Screen/Editor/Textures/icon_artstation.png' with importer (TextureImporter)
Imported 'GUID: 3b363c299ea09004da446d737b8dc988' -> (Import Result ID: '6c431dcfb6d0bf3e6e3b86b7673cfa7c') in 0.001 seconds [static and dynamic dependencies]. Details - ImportResultOutputID=8fcbb4ea12b3d18f4d896f92aae8c675 DependenciesID=fd7a70087af2b23a47d97aee4a19112a StaticDependenciesID=b183a19db8324dfdba15d001f96e8f87 
Importing 'GUID: 5bc3cd71938c078458115fcd4b2ab6f1 - Path: Assets/Polytope Studio/Welcome_Screen/Editor/Textures/game3.png' with importer (TextureImporter)
Imported 'GUID: 5bc3cd71938c078458115fcd4b2ab6f1' -> (Import Result ID: 'f7b2fca733fff94e10c0ab519bdfcf40') in 0.003 seconds [static and dynamic dependencies]. Details - ImportResultOutputID=3e7d5d82d5af9dd15e502b9d833bf281 DependenciesID=b9943e08c49f8f47bcbcdd184dfa50b6 StaticDependenciesID=a079e04536b9ff7a1739df4d8d19a628 
Importing 'GUID: fb18d91a172a7f646a87b3d1b31e20e5 - Path: Assets/Polytope Studio/Welcome_Screen/Editor/Textures/icon_Youtube.png' with importer (TextureImporter)
Imported 'GUID: fb18d91a172a7f646a87b3d1b31e20e5' -> (Import Result ID: 'd88e4aff9f6bc835b10b42bedec906c1') in 0.001 seconds [static and dynamic dependencies]. Details - ImportResultOutputID=271722b7cb01ed0dc81738cb25a4c137 DependenciesID=c237006f7bca4dfc53221143f361287d StaticDependenciesID=7defd50af895323bb639b0688be3d6fc 
Importing 'GUID: 8c75ba30e5f76df4fb30725e4c9bf38a - Path: Assets/Polytope Studio/Lowpoly_Environments/Sources/Textures/PT_Ground_Grass_Green_01.png' with importer (TextureImporter)
Imported 'GUID: 8c75ba30e5f76df4fb30725e4c9bf38a' -> (Import Result ID: 'ea03ef757e7bb3259ba2d136b2ca44fb') in 0.316 seconds [static and dynamic dependencies]. Details - ImportResultOutputID=c4c7703999c5d701ae077e70a638de99 DependenciesID=2ea5f6e6e052f2bc71dc3818d8e2cbc3 StaticDependenciesID=d31a6a1509af796d0a765a6a80db546e 
Importing 'GUID: 0ed9a6c5c2e1c8845a27b9272cc81405 - Path: Assets/Polytope Studio/Welcome_Screen/Editor/Textures/game6.png' with importer (TextureImporter)
Imported 'GUID: 0ed9a6c5c2e1c8845a27b9272cc81405' -> (Import Result ID: '0f09fc4ca5a5584ca5db7f81239fca4f') in 0.004 seconds [static and dynamic dependencies]. Details - ImportResultOutputID=f06ab7f03ee74c9ec11bc095104b6ba1 DependenciesID=377bcb20425caf32cf4ccdd33d9566e6 StaticDependenciesID=997cc11c4a7e47b8b56110b99d0fef40 
Importing 'GUID: 233be0623027421449b81f7423abaf79 - Path: Assets/Polytope Studio/Lowpoly_Environments/Sources/Shaders/PT_Vegetation_Plants_Shader.shader' with importer (ShaderImporter)
Launched and connected shader compiler UnityShaderCompiler.exe after 0.01 seconds
Imported 'GUID: 233be0623027421449b81f7423abaf79' -> (Import Result ID: '4e87cc292eb33c9050ae18f7d675dda4') in 0.807 seconds [static and dynamic dependencies]. Details - ImportResultOutputID=2519c6c4afb315845f1f9118d52480fb DependenciesID=f9c2ff3b3c2dbc3b33580db6e00a784d StaticDependenciesID=1cba0acc86e18f656acdc879e1029144 
Importing 'GUID: 255b400e6b8ac644588946664da1ff3f - Path: Assets/Polytope Studio/Lowpoly_Village/Sources/Shaders/PT_Buildings_Shader_PBR.shader' with importer (ShaderImporter)
Imported 'GUID: 255b400e6b8ac644588946664da1ff3f' -> (Import Result ID: 'a5667d0d690a7e917e3c07df3d20020e') in 0.381 seconds [static and dynamic dependencies]. Details - ImportResultOutputID=4b0c4df0828f244269961946f0f8c8a8 DependenciesID=9182704baec3e65518d0b94ae7fbf185 StaticDependenciesID=264411bb84b4ea4a68fc4fe879cc9e47 
Importing 'GUID: 270965b004462ae41bd125bc783c0fa6 - Path: Assets/Polytope Studio/Lowpoly_Environments/Sources/Shaders/PT_Vegetation_Opaque_Shader.shader' with importer (ShaderImporter)
Imported 'GUID: 270965b004462ae41bd125bc783c0fa6' -> (Import Result ID: '5d702200c8d3f4d6b1fed2e15a2329f7') in 0.727 seconds [static and dynamic dependencies]. Details - ImportResultOutputID=bbd2c95dd4be29b7ef3ca769f3c5097d DependenciesID=8ea1fbd32b7cb7efd93010c60dcd8e3d StaticDependenciesID=643cc2f579aac26428e0c13906637c18 
Importing 'GUID: 77e1a76a38ecd5a46a270afb12894dd5 - Path: Assets/Polytope Studio/Lowpoly_Environments/Sources/Shaders/PT_Vegetation_Foliage_Shader.shader' with importer (ShaderImporter)
Imported 'GUID: 77e1a76a38ecd5a46a270afb12894dd5' -> (Import Result ID: '3d83f90bddfaec782df03772e7fc2afa') in 1.284 seconds [static and dynamic dependencies]. Details - ImportResultOutputID=23e6129d3e12d1220304477efba40c50 DependenciesID=45a52bb923b85274e8f6cbd717fef91d StaticDependenciesID=910eaebf2cb95c55e9e8e8a7999af33f 
Importing 'GUID: 39cf68574afc7f248bd78a99c3800e00 - Path: Assets/Polytope Studio/Lowpoly_Environments/Sources/Shaders/PT_Water_Shader.shader' with importer (ShaderImporter)
Imported 'GUID: 39cf68574afc7f248bd78a99c3800e00' -> (Import Result ID: 'f28e8b62dbbfb3b8c3685aa48443c8c5') in 0.351 seconds [static and dynamic dependencies]. Details - ImportResultOutputID=680cc5976de657625127c889e3b2eaaa DependenciesID=d1b17a10c32bea341b306d6e764240df StaticDependenciesID=2593102153b16b78ca6626db19097ba1 
Importing 'GUID: 69e2e8c890f00e04e945ccd10e764372 - Path: Assets/Polytope Studio/Lowpoly_Environments/Sources/Shaders/PT_Vegetation_Flowers_Shader.shader' with importer (ShaderImporter)
Imported 'GUID: 69e2e8c890f00e04e945ccd10e764372' -> (Import Result ID: '58ab0d2a286db964d07d8f0f11829be3') in 0.528 seconds [static and dynamic dependencies]. Details - ImportResultOutputID=27374a45dc0ef5838c4c9629c27812f4 DependenciesID=8270b4c2a6aee363412df86c224fb2d1 StaticDependenciesID=47e13bc9a9beab7ef5882ffd3204bc8b 
Importing 'GUID: cd18bd550ff6630468660d0150eed511 - Path: Assets/Polytope Studio/Lowpoly_Environments/Sources/Shaders/PT_Rock_Shader.shader' with importer (ShaderImporter)
Imported 'GUID: cd18bd550ff6630468660d0150eed511' -> (Import Result ID: '3853e4c4e94daa7c92c06436ba6e56d1') in 2.691 seconds [static and dynamic dependencies]. Details - ImportResultOutputID=e28af3e27a3bea2d913a0199a274c54b DependenciesID=4811e79090aacf1edcbed4acb7e2dafc StaticDependenciesID=5f6901876f3c0ed36db596f70761e0bd 
Importing 'GUID: 52ac57c2c14c60b4d88913beb57dce00 - Path: Assets/Polytope Studio/Lowpoly_Demos/Environment_Free/Helpers/Ground_Layer_01.terrainlayer' with importer (NativeFormatImporter)
Imported 'GUID: 52ac57c2c14c60b4d88913beb57dce00' -> (Import Result ID: '8a27242016b7f92b6671ff66adb5cfd1') in 0.001 seconds [static dependencies only]. Details - ImportResultOutputID=3f3e649ac1434076792d9ca2b737d990 DependenciesID=eefca077c363ea1e2cd43f7e8d031f27 StaticDependenciesID=1075dbce40374d869643b9646fcd2a5b 
Importing 'GUID: 823cb446423dd7747b7454d5cf133e75 - Path: Assets/Polytope Studio/Lowpoly_Environments/Sources/Materials/PT_Pine_Tree_Leaves_Mat.mat' with importer (NativeFormatImporter)
Imported 'GUID: 823cb446423dd7747b7454d5cf133e75' -> (Import Result ID: '9beb9d14c5b634d441fd6fd0c80fc728') in 0.002 seconds [static dependencies only]. Details - ImportResultOutputID=b684e4d7744be6aec2064d8ac3b51cb8 DependenciesID=5e98a6735a3bf2301e15a1597d8147ad StaticDependenciesID=be5ef9565aaf7935f10a735f427d5a1d 
Importing 'GUID: 33e92b212d568b844ae30511d6c23987 - Path: Assets/Polytope Studio/Lowpoly_Demos/Environment_Free/Helpers/PT_High_Grass_Mat.mat' with importer (NativeFormatImporter)
Imported 'GUID: 33e92b212d568b844ae30511d6c23987' -> (Import Result ID: '255bf5051e7a906deb12e6bbeaf5709e') in 0.002 seconds [static dependencies only]. Details - ImportResultOutputID=1ad1c6ecba670f59a9f51b41a3ce6142 DependenciesID=bc3748bcc9e9e17d5f7b03cf2d5763c3 StaticDependenciesID=78a8974d066cd82b09a7a44bca6cedef 
Importing 'GUID: 93415edde47040648869ae6638d33ced - Path: Assets/Polytope Studio/Lowpoly_Environments/Sources/Materials/PT_Rocks_mat.mat' with importer (NativeFormatImporter)
Imported 'GUID: 93415edde47040648869ae6638d33ced' -> (Import Result ID: 'be48a994e6807551fbe880ddb2457a0f') in 0.004 seconds [static dependencies only]. Details - ImportResultOutputID=0cd326d88756fa63ae66b8f7f2525ca2 DependenciesID=d50b59dd91fc45b34a7103d47ed04c07 StaticDependenciesID=4354a70ca22a9b3c02e6326d41b574d5 
Importing 'GUID: f43a7dc4f39c5654a8211b83259e32a9 - Path: Assets/Polytope Studio/Lowpoly_Environments/Sources/Materials/PT_Pine_Tree_Trunk_Mat.mat' with importer (NativeFormatImporter)
Imported 'GUID: f43a7dc4f39c5654a8211b83259e32a9' -> (Import Result ID: '3b035cbae3fca3e728e4fa886264247e') in 0.002 seconds [static dependencies only]. Details - ImportResultOutputID=c24f7bac8fbbc17591ad05a19ec2d32c DependenciesID=708d2ad9a9dfb21f2b0d04fbd3e0a554 StaticDependenciesID=5717bc0196973f6a5c9cb8242e7d422f 
Importing 'GUID: c522ec7c62be0c145bc320ad11705a67 - Path: Assets/Polytope Studio/Lowpoly_Environments/Sources/Materials/PT_Mushrooms_mat.mat' with importer (NativeFormatImporter)
Imported 'GUID: c522ec7c62be0c145bc320ad11705a67' -> (Import Result ID: '22e96d3ea5bc6c660b977094cfad16b5') in 0.001 seconds [static dependencies only]. Details - ImportResultOutputID=e02c6e05b175664a7493adfb46ffa8d3 DependenciesID=f2784dfc9b6c8f99d597b7a2ccc14afc StaticDependenciesID=aba20f5438339d41d5e4603997188155 
Importing 'GUID: d55b08511377b684395dab1b9fba6a16 - Path: Assets/Polytope Studio/Lowpoly_Village/Sources/Materials/PT_Buildings_mat.mat' with importer (NativeFormatImporter)
Imported 'GUID: d55b08511377b684395dab1b9fba6a16' -> (Import Result ID: '7ad4e07cbc9fe505829bae6a69172375') in 0.001 seconds [static dependencies only]. Details - ImportResultOutputID=cff08f767271087a286d3931cc00d37e DependenciesID=2fadd7dd4416ecadf6b3bbec9eb19967 StaticDependenciesID=80bed2fb82f761af9d67a683ed42bbfa 
Importing 'GUID: 066ded06e6a8eb240893ea7b8efb66b4 - Path: Assets/Polytope Studio/Lowpoly_Environments/Sources/Materials/PT_Generic_Tree_Leaves_mat.mat' with importer (NativeFormatImporter)
Imported 'GUID: 066ded06e6a8eb240893ea7b8efb66b4' -> (Import Result ID: '2589a3a4d623b15cbddc15aa25c56413') in 0.001 seconds [static dependencies only]. Details - ImportResultOutputID=416dc133e33666f234dd8be1e75b7865 DependenciesID=c4536560b363789d3cbb0f532e1fb2ae StaticDependenciesID=e39f7c60ff15ab7f542a6d673e112d94 
Importing 'GUID: 56532089e45dbc1479865e115cc8c637 - Path: Assets/Polytope Studio/Lowpoly_Village/Sources/Materials/PT_mat.mat' with importer (NativeFormatImporter)
Imported 'GUID: 56532089e45dbc1479865e115cc8c637' -> (Import Result ID: '6fd934196bebab7b15275879d6b6b4fd') in 0.001 seconds [static dependencies only]. Details - ImportResultOutputID=e0d888615e75cbe7ecf94f283395bf58 DependenciesID=255647512f2348671a0f7dc358a324d6 StaticDependenciesID=cc38b950e53636bec97ef03ea6e474e9 
Importing 'GUID: e6ce4253a748b0849a04b87f33cc539d - Path: Assets/Polytope Studio/Lowpoly_Environments/Sources/Materials/PT_Generic_Tree_Trunk_mat.mat' with importer (NativeFormatImporter)
Imported 'GUID: e6ce4253a748b0849a04b87f33cc539d' -> (Import Result ID: '5a085b59b26be61554720904a221e98c') in 0.001 seconds [static dependencies only]. Details - ImportResultOutputID=cb46bea6bf9070ad53f6593db9943994 DependenciesID=bf92ae89b1d4473f648c0be20f6c0914 StaticDependenciesID=078a6fd8132d5deea4677d112c7a967b 
Importing 'GUID: 67c85a5a0248e2a4a98e653c8e7eeb9e - Path: Assets/Polytope Studio/Lowpoly_Environments/Sources/Materials/PT_Poppy_mat.mat' with importer (NativeFormatImporter)
Imported 'GUID: 67c85a5a0248e2a4a98e653c8e7eeb9e' -> (Import Result ID: 'ecc092a39d362ce129d331e85b4753dc') in 0.001 seconds [static dependencies only]. Details - ImportResultOutputID=bb4aa14ee36644bc8cb1e0e0dcd58cbc DependenciesID=07f93acd4a719828e7531f6b3bf2a9d5 StaticDependenciesID=ec8c9192076d7c40cea60db7e0aedafc 
Importing 'GUID: f7ce30ec9b280b34cacb1a1005349890 - Path: Assets/Polytope Studio/Lowpoly_Demos/Environment_Free/Helpers/Ground_Layer_02.terrainlayer' with importer (NativeFormatImporter)
Imported 'GUID: f7ce30ec9b280b34cacb1a1005349890' -> (Import Result ID: '7e4b5492018f4825f5de7471ffb77df1') in 0.001 seconds [static dependencies only]. Details - ImportResultOutputID=dcee469223fca54bbff21b18c6715aa6 DependenciesID=323ac256914cebc038d982654b2d27b0 StaticDependenciesID=f44686dabdccde0a51657ecc6dd4918c 
Importing 'GUID: 48c26796e9175d14a9b2eccded92bb92 - Path: Assets/Polytope Studio/Lowpoly_Environments/Sources/Materials/PT_Terrain_mat.mat' with importer (NativeFormatImporter)
WARNING: Shader Unsupported: 'Hidden/TerrainEngine/Splatmap/Standard-Base' - All subshaders removed
WARNING: Shader Did you use #pragma only_renderers and omit this platform?
WARNING: Shader If subshaders removal was intentional, you may have forgotten turning Fallback off?
WARNING: Shader Unsupported: 'Nature/Terrain/Standard' - All subshaders removed
WARNING: Shader Did you use #pragma only_renderers and omit this platform?
WARNING: Shader If subshaders removal was intentional, you may have forgotten turning Fallback off?
Imported 'GUID: 48c26796e9175d14a9b2eccded92bb92' -> (Import Result ID: 'a521426ddb87d5d7e3e261ded7c42a93') in 0.004 seconds [static dependencies only]. Details - ImportResultOutputID=00f57ce08bfcf095d416e79e2745f83b DependenciesID=b4bfab2c3af933449b60fef22fec384b StaticDependenciesID=e702ff2b7793a377fa7ef5c5349e3c16 
Importing 'GUID: 09473d06882d1414b84b1fdb7a095516 - Path: Assets/Polytope Studio/Lowpoly_Environments/Sources/Materials/PT_Grass_Mat.mat' with importer (NativeFormatImporter)
Imported 'GUID: 09473d06882d1414b84b1fdb7a095516' -> (Import Result ID: '4ad52cad384b3541457340f72c755bc5') in 0.001 seconds [static dependencies only]. Details - ImportResultOutputID=a6813314e734489d4cb5dccf79ce2795 DependenciesID=714536b252ba12b103e04368235654c4 StaticDependenciesID=9b944b7e448ac3703953b84851b67965 
Importing 'GUID: 3922c043c1c52cb47a7b1bfed562a4b6 - Path: Assets/Polytope Studio/Lowpoly_Environments/Sources/Materials/PT_Fruit_Tree_Opaque_mat.mat' with importer (NativeFormatImporter)
Imported 'GUID: 3922c043c1c52cb47a7b1bfed562a4b6' -> (Import Result ID: 'fd1ccc7b07ab36f553b749abc33e03aa') in 0.001 seconds [static dependencies only]. Details - ImportResultOutputID=3d5d41c3bc7cbc11f58239cd989dc7c9 DependenciesID=d0f7137607c297c4e89e4fc4686f95d7 StaticDependenciesID=19222560a9e8854d093909fe9d424c80 
Importing 'GUID: 59573b088aaea0442bf29e0a0e9d1339 - Path: Assets/Polytope Studio/Lowpoly_Environments/Sources/Materials/PT_Skybox_mat.mat' with importer (NativeFormatImporter)
Imported 'GUID: 59573b088aaea0442bf29e0a0e9d1339' -> (Import Result ID: '31da82ae469e964ba8edfd9800176988') in 0.001 seconds [static dependencies only]. Details - ImportResultOutputID=308bf437760198f84e712ac3a03878f7 DependenciesID=3702ff6488fa62ab2e8ff0e647560094 StaticDependenciesID=7a7a37be91114ac9dacaf66d18e5cb3e 
Importing 'GUID: 0a1f44318dd467a45bfef81ad0e8855a - Path: Assets/Polytope Studio/Lowpoly_Environments/Sources/Materials/PT_Fruit_Tree_Foliage_Mat.mat' with importer (NativeFormatImporter)
Imported 'GUID: 0a1f44318dd467a45bfef81ad0e8855a' -> (Import Result ID: 'b7eda5f33ed5694ebb8f89d914557d12') in 0.001 seconds [static dependencies only]. Details - ImportResultOutputID=a27f505a0123da24c6b2e36a1bb894a3 DependenciesID=b21cc6383cf2a659ff7090d47bf8973f StaticDependenciesID=2412dd0206d09914fc72e44cef47c382 
Importing 'GUID: aac20e0005fef5248bc0774a19a05e87 - Path: Assets/Polytope Studio/Lowpoly_Environments/Sources/Materials/PT_Generic_Leaf_mat.mat' with importer (NativeFormatImporter)
Imported 'GUID: aac20e0005fef5248bc0774a19a05e87' -> (Import Result ID: 'c41e28dd754a2de2974cf7778a6755ce') in 0.001 seconds [static dependencies only]. Details - ImportResultOutputID=5b7bd4ce6feece97f56d1de1009d0552 DependenciesID=daebf2485be0ae3c8639d3f87756d042 StaticDependenciesID=1339a51d56425233e423fd5202b897e6 
Importing 'GUID: 4c216a70af6ef22419431af877580ddb - Path: Assets/Polytope Studio/Lowpoly_Demos/Environment_Free/Helpers/Plane mat.mat' with importer (NativeFormatImporter)
Imported 'GUID: 4c216a70af6ef22419431af877580ddb' -> (Import Result ID: 'b3e07ed8baae442e31f660d9270fc9f0') in 0.001 seconds [static dependencies only]. Details - ImportResultOutputID=4bd711c553fe9790cc40edd3eba6d598 DependenciesID=03fcc5164c1a637bfac177cde6f91c19 StaticDependenciesID=7be0d4a208a6eef7ca21a33cdf399de4 
Importing 'GUID: 8ce8268a24bfebc4ca972ae10f12aece - Path: Assets/Polytope Studio/Lowpoly_Demos/Environment_Free/Helpers/PT_Grass_Mat 1.mat' with importer (NativeFormatImporter)
Imported 'GUID: 8ce8268a24bfebc4ca972ae10f12aece' -> (Import Result ID: 'e8012ffe7fc2a001cfc98ba1f9ed90b3') in 0.001 seconds [static dependencies only]. Details - ImportResultOutputID=4c859c0c84e52312a466c98da76f4eac DependenciesID=5bd1ade1af49dd0425f9c61172280032 StaticDependenciesID=83825eebbc89ab754f83a9a1745499ed 
Importing 'GUID: 3e36df56c6fa5f64085c14d9d4f6f8d9 - Path: Assets/Polytope Studio/Lowpoly_Environments/Sources/Materials/PT_Water_mat.mat' with importer (NativeFormatImporter)
Imported 'GUID: 3e36df56c6fa5f64085c14d9d4f6f8d9' -> (Import Result ID: 'd4fea84b934825ff00d889f25599d9f7') in 0.001 seconds [static dependencies only]. Details - ImportResultOutputID=2af024fe39297056ecd77756fb3b389f DependenciesID=96db0e0c37040468ff56048ca0f4c689 StaticDependenciesID=0f368b1818b98328bbdd021ccdcf96e8 
MaterialLocation.External is obsolete. External Material Location is no longer supported. (Assets/Polytope Studio/Lowpoly_Environments/Sources/Meshes/Rocks/PT_Ore_Rock_01_split.fbx)
Importing 'GUID: e011a827265c38e44baeae9310a2a9e2 - Path: Assets/Polytope Studio/Lowpoly_Environments/Sources/Meshes/Rocks/PT_Ore_Rock_01_split.fbx' with importer (FBXImporter)
MaterialLocation.External is obsolete. External Material Location is no longer supported. (Assets/Polytope Studio/Lowpoly_Environments/Sources/Meshes/Rocks/PT_Ore_Rock_01_split.fbx)
MaterialLocation.External is obsolete. External Material Location is no longer supported. (Assets/Polytope Studio/Lowpoly_Environments/Sources/Meshes/Rocks/PT_Ore_Rock_01_split.fbx)
MaterialLocation.External is obsolete. External Material Location is no longer supported. (Assets/Polytope Studio/Lowpoly_Environments/Sources/Meshes/Rocks/PT_Ore_Rock_01_split.fbx)
MaterialLocation.External is obsolete. External Material Location is no longer supported. (Assets/Polytope Studio/Lowpoly_Environments/Sources/Meshes/Rocks/PT_Ore_Rock_01_split.fbx)
Imported 'GUID: e011a827265c38e44baeae9310a2a9e2' -> (Import Result ID: '55412e1858fe9a213a1fb74a92552c33') in 0.024 seconds [static dependencies only]. Details - ImportResultOutputID=195db7a7461c7102f6cecc69f3693782 DependenciesID=bef65318e553cafb6481883924a71d35 StaticDependenciesID=e37ea73ef79baea37bc0928254cf96f7 
MaterialLocation.External is obsolete. External Material Location is no longer supported. (Assets/Polytope Studio/Lowpoly_Environments/Sources/Meshes/Rocks/PT_Menhir_Rock_02.fbx)
Importing 'GUID: e0fe1b80592a0144babd1bf297ad32ad - Path: Assets/Polytope Studio/Lowpoly_Environments/Sources/Meshes/Rocks/PT_Menhir_Rock_02.fbx' with importer (FBXImporter)
MaterialLocation.External is obsolete. External Material Location is no longer supported. (Assets/Polytope Studio/Lowpoly_Environments/Sources/Meshes/Rocks/PT_Menhir_Rock_02.fbx)
MaterialLocation.External is obsolete. External Material Location is no longer supported. (Assets/Polytope Studio/Lowpoly_Environments/Sources/Meshes/Rocks/PT_Menhir_Rock_02.fbx)
MaterialLocation.External is obsolete. External Material Location is no longer supported. (Assets/Polytope Studio/Lowpoly_Environments/Sources/Meshes/Rocks/PT_Menhir_Rock_02.fbx)
MaterialLocation.External is obsolete. External Material Location is no longer supported. (Assets/Polytope Studio/Lowpoly_Environments/Sources/Meshes/Rocks/PT_Menhir_Rock_02.fbx)
Imported 'GUID: e0fe1b80592a0144babd1bf297ad32ad' -> (Import Result ID: 'd19ee860d6a330b0801407ffac141f8f') in 0.011 seconds [static dependencies only]. Details - ImportResultOutputID=784259ba743d2f5fe909a096611394fc DependenciesID=c385801e9eacad3ca9ef490e8070434b StaticDependenciesID=27f93c10774dc9eb37ada7205ed765f3 
MaterialLocation.External is obsolete. External Material Location is no longer supported. (Assets/Polytope Studio/Lowpoly_Environments/Sources/Meshes/Shrubs/PT_Generic_Shrub_01_dead.fbx)
Importing 'GUID: 0101712be5ca1c7449afe15d548c8817 - Path: Assets/Polytope Studio/Lowpoly_Environments/Sources/Meshes/Shrubs/PT_Generic_Shrub_01_dead.fbx' with importer (FBXImporter)
MaterialLocation.External is obsolete. External Material Location is no longer supported. (Assets/Polytope Studio/Lowpoly_Environments/Sources/Meshes/Shrubs/PT_Generic_Shrub_01_dead.fbx)
MaterialLocation.External is obsolete. External Material Location is no longer supported. (Assets/Polytope Studio/Lowpoly_Environments/Sources/Meshes/Shrubs/PT_Generic_Shrub_01_dead.fbx)
MaterialLocation.External is obsolete. External Material Location is no longer supported. (Assets/Polytope Studio/Lowpoly_Environments/Sources/Meshes/Shrubs/PT_Generic_Shrub_01_dead.fbx)
MaterialLocation.External is obsolete. External Material Location is no longer supported. (Assets/Polytope Studio/Lowpoly_Environments/Sources/Meshes/Shrubs/PT_Generic_Shrub_01_dead.fbx)
Imported 'GUID: 0101712be5ca1c7449afe15d548c8817' -> (Import Result ID: 'ff6f569b91734b8b8aa8ce1d5ea84796') in 0.011 seconds [static dependencies only]. Details - ImportResultOutputID=53c6e5756d1ea6e55513a4bb2e88ea72 DependenciesID=757602517a3a22e767bd5c6e2d93c100 StaticDependenciesID=c3ebe3938d2ba6ce671805a174a9122e 
MaterialLocation.External is obsolete. External Material Location is no longer supported. (Assets/Polytope Studio/Lowpoly_Environments/Sources/Meshes/Trees/PT_Pine_Tree_03_dead.fbx)
Importing 'GUID: 021e9eaa88033da4c94bcdeddffe6562 - Path: Assets/Polytope Studio/Lowpoly_Environments/Sources/Meshes/Trees/PT_Pine_Tree_03_dead.fbx' with importer (FBXImporter)
MaterialLocation.External is obsolete. External Material Location is no longer supported. (Assets/Polytope Studio/Lowpoly_Environments/Sources/Meshes/Trees/PT_Pine_Tree_03_dead.fbx)
MaterialLocation.External is obsolete. External Material Location is no longer supported. (Assets/Polytope Studio/Lowpoly_Environments/Sources/Meshes/Trees/PT_Pine_Tree_03_dead.fbx)
MaterialLocation.External is obsolete. External Material Location is no longer supported. (Assets/Polytope Studio/Lowpoly_Environments/Sources/Meshes/Trees/PT_Pine_Tree_03_dead.fbx)
MaterialLocation.External is obsolete. External Material Location is no longer supported. (Assets/Polytope Studio/Lowpoly_Environments/Sources/Meshes/Trees/PT_Pine_Tree_03_dead.fbx)
Imported 'GUID: 021e9eaa88033da4c94bcdeddffe6562' -> (Import Result ID: '2f52de4ee781fe602ef5fd7b07085f33') in 0.015 seconds [static dependencies only]. Details - ImportResultOutputID=32bb8cf4acd1ba667814158e574ed4bd DependenciesID=e06e523db6e85fe6578fe944a480c577 StaticDependenciesID=8954c4c9801ff75b881c5348a234e0d6 
MaterialLocation.External is obsolete. External Material Location is no longer supported. (Assets/Polytope Studio/Lowpoly_Environments/Sources/Meshes/Trees/PT_Pine_Tree_03_green.fbx)
Importing 'GUID: c2dcabc4d03cc9b4098225e59529d20d - Path: Assets/Polytope Studio/Lowpoly_Environments/Sources/Meshes/Trees/PT_Pine_Tree_03_green.fbx' with importer (FBXImporter)
MaterialLocation.External is obsolete. External Material Location is no longer supported. (Assets/Polytope Studio/Lowpoly_Environments/Sources/Meshes/Trees/PT_Pine_Tree_03_green.fbx)
MaterialLocation.External is obsolete. External Material Location is no longer supported. (Assets/Polytope Studio/Lowpoly_Environments/Sources/Meshes/Trees/PT_Pine_Tree_03_green.fbx)
MaterialLocation.External is obsolete. External Material Location is no longer supported. (Assets/Polytope Studio/Lowpoly_Environments/Sources/Meshes/Trees/PT_Pine_Tree_03_green.fbx)
MaterialLocation.External is obsolete. External Material Location is no longer supported. (Assets/Polytope Studio/Lowpoly_Environments/Sources/Meshes/Trees/PT_Pine_Tree_03_green.fbx)
MaterialLocation.External is obsolete. External Material Location is no longer supported. (Assets/Polytope Studio/Lowpoly_Environments/Sources/Meshes/Trees/PT_Pine_Tree_03_green.fbx)
MaterialLocation.External is obsolete. External Material Location is no longer supported. (Assets/Polytope Studio/Lowpoly_Environments/Sources/Meshes/Trees/PT_Pine_Tree_03_green.fbx)
MaterialLocation.External is obsolete. External Material Location is no longer supported. (Assets/Polytope Studio/Lowpoly_Environments/Sources/Meshes/Trees/PT_Pine_Tree_03_green.fbx)
Imported 'GUID: c2dcabc4d03cc9b4098225e59529d20d' -> (Import Result ID: '0b66aad0be0c250ea32efb611eeb91db') in 0.013 seconds [static dependencies only]. Details - ImportResultOutputID=66be3199d0dceaa43785bac3dd457f98 DependenciesID=3be0f939b03450e940b138a1d8deeafd StaticDependenciesID=bc00ad28b1cd53f20d0cd5bd11d70207 
MaterialLocation.External is obsolete. External Material Location is no longer supported. (Assets/Polytope Studio/Lowpoly_Environments/Sources/Meshes/Trees/PT_Fruit_Tree_01_green.fbx)
Importing 'GUID: f222748f1796b2e49a56a2fbf7563247 - Path: Assets/Polytope Studio/Lowpoly_Environments/Sources/Meshes/Trees/PT_Fruit_Tree_01_green.fbx' with importer (FBXImporter)
MaterialLocation.External is obsolete. External Material Location is no longer supported. (Assets/Polytope Studio/Lowpoly_Environments/Sources/Meshes/Trees/PT_Fruit_Tree_01_green.fbx)
MaterialLocation.External is obsolete. External Material Location is no longer supported. (Assets/Polytope Studio/Lowpoly_Environments/Sources/Meshes/Trees/PT_Fruit_Tree_01_green.fbx)
MaterialLocation.External is obsolete. External Material Location is no longer supported. (Assets/Polytope Studio/Lowpoly_Environments/Sources/Meshes/Trees/PT_Fruit_Tree_01_green.fbx)
MaterialLocation.External is obsolete. External Material Location is no longer supported. (Assets/Polytope Studio/Lowpoly_Environments/Sources/Meshes/Trees/PT_Fruit_Tree_01_green.fbx)
MaterialLocation.External is obsolete. External Material Location is no longer supported. (Assets/Polytope Studio/Lowpoly_Environments/Sources/Meshes/Trees/PT_Fruit_Tree_01_green.fbx)
MaterialLocation.External is obsolete. External Material Location is no longer supported. (Assets/Polytope Studio/Lowpoly_Environments/Sources/Meshes/Trees/PT_Fruit_Tree_01_green.fbx)
MaterialLocation.External is obsolete. External Material Location is no longer supported. (Assets/Polytope Studio/Lowpoly_Environments/Sources/Meshes/Trees/PT_Fruit_Tree_01_green.fbx)
Imported 'GUID: f222748f1796b2e49a56a2fbf7563247' -> (Import Result ID: '7e7fb11fef7e7b03fb40c799c9cc1259') in 0.016 seconds [static dependencies only]. Details - ImportResultOutputID=db96ee3e0a2c1df59e99f842e60df8ba DependenciesID=3dc88a08b2c88f2c44247d91b04c094d StaticDependenciesID=92ef4bfc7cd81430e166f15395a809f7 
MaterialLocation.External is obsolete. External Material Location is no longer supported. (Assets/Polytope Studio/Lowpoly_Environments/Sources/Meshes/Rocks/PT_Generic_Rock_01.fbx)
Importing 'GUID: f226223b3a11d2d4b980aaa520301583 - Path: Assets/Polytope Studio/Lowpoly_Environments/Sources/Meshes/Rocks/PT_Generic_Rock_01.fbx' with importer (FBXImporter)
MaterialLocation.External is obsolete. External Material Location is no longer supported. (Assets/Polytope Studio/Lowpoly_Environments/Sources/Meshes/Rocks/PT_Generic_Rock_01.fbx)
MaterialLocation.External is obsolete. External Material Location is no longer supported. (Assets/Polytope Studio/Lowpoly_Environments/Sources/Meshes/Rocks/PT_Generic_Rock_01.fbx)
MaterialLocation.External is obsolete. External Material Location is no longer supported. (Assets/Polytope Studio/Lowpoly_Environments/Sources/Meshes/Rocks/PT_Generic_Rock_01.fbx)
MaterialLocation.External is obsolete. External Material Location is no longer supported. (Assets/Polytope Studio/Lowpoly_Environments/Sources/Meshes/Rocks/PT_Generic_Rock_01.fbx)
Imported 'GUID: f226223b3a11d2d4b980aaa520301583' -> (Import Result ID: '9161e21cb9370f12ede53abd2c0104e5') in 0.010 seconds [static dependencies only]. Details - ImportResultOutputID=0d359470b16b7bd7ed89ec1c751563e8 DependenciesID=bc3bac8fd8c8d8bc10e7a55264fd9eaf StaticDependenciesID=24685033aeda397e4d31cd504bc17320 
MaterialLocation.External is obsolete. External Material Location is no longer supported. (Assets/Polytope Studio/Lowpoly_Environments/Sources/Meshes/Trees/PT_Pine_Tree_03_stump.fbx)
Importing 'GUID: 13bd9962aed9bef41bc2dd73a559c317 - Path: Assets/Polytope Studio/Lowpoly_Environments/Sources/Meshes/Trees/PT_Pine_Tree_03_stump.fbx' with importer (FBXImporter)
MaterialLocation.External is obsolete. External Material Location is no longer supported. (Assets/Polytope Studio/Lowpoly_Environments/Sources/Meshes/Trees/PT_Pine_Tree_03_stump.fbx)
MaterialLocation.External is obsolete. External Material Location is no longer supported. (Assets/Polytope Studio/Lowpoly_Environments/Sources/Meshes/Trees/PT_Pine_Tree_03_stump.fbx)
Imported 'GUID: 13bd9962aed9bef41bc2dd73a559c317' -> (Import Result ID: '037155468601fa80079706d4589da9dc') in 0.009 seconds [static dependencies only]. Details - ImportResultOutputID=f5c5d5904ad0331fc18675d716d16a88 DependenciesID=9daa159092b81717f5f8bcaec44e2ee5 StaticDependenciesID=0cff56549cb4d9879c1f22f230f58fe9 
MaterialLocation.External is obsolete. External Material Location is no longer supported. (Assets/Polytope Studio/Lowpoly_Environments/Sources/Meshes/Trees/PT_Fruit_Tree_01_stump.fbx)
Importing 'GUID: f42a2ed0c78e45643bba339ed33235d4 - Path: Assets/Polytope Studio/Lowpoly_Environments/Sources/Meshes/Trees/PT_Fruit_Tree_01_stump.fbx' with importer (FBXImporter)
MaterialLocation.External is obsolete. External Material Location is no longer supported. (Assets/Polytope Studio/Lowpoly_Environments/Sources/Meshes/Trees/PT_Fruit_Tree_01_stump.fbx)
MaterialLocation.External is obsolete. External Material Location is no longer supported. (Assets/Polytope Studio/Lowpoly_Environments/Sources/Meshes/Trees/PT_Fruit_Tree_01_stump.fbx)
Imported 'GUID: f42a2ed0c78e45643bba339ed33235d4' -> (Import Result ID: '953ddd1dce78e136b1271d7483c1ef37') in 0.010 seconds [static dependencies only]. Details - ImportResultOutputID=ab46e590ad264f71e1f9137a291b64f5 DependenciesID=3cf92e55e88f6d722ce235084db7105e StaticDependenciesID=37e5302e27898e5e70f3c95d43e2f607 
MaterialLocation.External is obsolete. External Material Location is no longer supported. (Assets/Polytope Studio/Lowpoly_Environments/Sources/Meshes/Trees/PT_Fruit_Tree_01_green_cut.fbx)
Importing 'GUID: 1500a5535a073af4797d5ba960824cb3 - Path: Assets/Polytope Studio/Lowpoly_Environments/Sources/Meshes/Trees/PT_Fruit_Tree_01_green_cut.fbx' with importer (FBXImporter)
MaterialLocation.External is obsolete. External Material Location is no longer supported. (Assets/Polytope Studio/Lowpoly_Environments/Sources/Meshes/Trees/PT_Fruit_Tree_01_green_cut.fbx)
MaterialLocation.External is obsolete. External Material Location is no longer supported. (Assets/Polytope Studio/Lowpoly_Environments/Sources/Meshes/Trees/PT_Fruit_Tree_01_green_cut.fbx)
MaterialLocation.External is obsolete. External Material Location is no longer supported. (Assets/Polytope Studio/Lowpoly_Environments/Sources/Meshes/Trees/PT_Fruit_Tree_01_green_cut.fbx)
Imported 'GUID: 1500a5535a073af4797d5ba960824cb3' -> (Import Result ID: '6628302d9573813d300e37b4c489517b') in 0.013 seconds [static dependencies only]. Details - ImportResultOutputID=7a3879a36395c1c1b74e6d23a78cf589 DependenciesID=f6205f37a8d924e312d5e9a19eae9ea1 StaticDependenciesID=94ff08762c1526b2e47c3f1b534c6769 
MaterialLocation.External is obsolete. External Material Location is no longer supported. (Assets/Polytope Studio/Lowpoly_Village/Sources/Meshes/Modular/Fence/PT_Modular_Fence_Wood_03.fbx)
Importing 'GUID: 955f7ab7f12013b42b2aa2e494846f3a - Path: Assets/Polytope Studio/Lowpoly_Village/Sources/Meshes/Modular/Fence/PT_Modular_Fence_Wood_03.fbx' with importer (FBXImporter)
MaterialLocation.External is obsolete. External Material Location is no longer supported. (Assets/Polytope Studio/Lowpoly_Village/Sources/Meshes/Modular/Fence/PT_Modular_Fence_Wood_03.fbx)
MaterialLocation.External is obsolete. External Material Location is no longer supported. (Assets/Polytope Studio/Lowpoly_Village/Sources/Meshes/Modular/Fence/PT_Modular_Fence_Wood_03.fbx)
Imported 'GUID: 955f7ab7f12013b42b2aa2e494846f3a' -> (Import Result ID: '1721ec3b86d83b3a97454f0c2839c693') in 0.014 seconds [static dependencies only]. Details - ImportResultOutputID=3064f32e04f6b1fce5d2c8ff4415a8db DependenciesID=2160c3cac9c03f596fabbc57ba4e32ab StaticDependenciesID=dc926a8dd102e0c0e7197edd0f0fe8d0 
MaterialLocation.External is obsolete. External Material Location is no longer supported. (Assets/Polytope Studio/Lowpoly_Environments/Sources/Meshes/Rocks/PT_River_Rock_Pile_02.fbx)
Importing 'GUID: e5e1b3c0d2be60b47981235187af0936 - Path: Assets/Polytope Studio/Lowpoly_Environments/Sources/Meshes/Rocks/PT_River_Rock_Pile_02.fbx' with importer (FBXImporter)
MaterialLocation.External is obsolete. External Material Location is no longer supported. (Assets/Polytope Studio/Lowpoly_Environments/Sources/Meshes/Rocks/PT_River_Rock_Pile_02.fbx)
MaterialLocation.External is obsolete. External Material Location is no longer supported. (Assets/Polytope Studio/Lowpoly_Environments/Sources/Meshes/Rocks/PT_River_Rock_Pile_02.fbx)
MaterialLocation.External is obsolete. External Material Location is no longer supported. (Assets/Polytope Studio/Lowpoly_Environments/Sources/Meshes/Rocks/PT_River_Rock_Pile_02.fbx)
MaterialLocation.External is obsolete. External Material Location is no longer supported. (Assets/Polytope Studio/Lowpoly_Environments/Sources/Meshes/Rocks/PT_River_Rock_Pile_02.fbx)
Imported 'GUID: e5e1b3c0d2be60b47981235187af0936' -> (Import Result ID: 'cbaed8286c7dc3fd194c51c0523dc059') in 0.010 seconds [static dependencies only]. Details - ImportResultOutputID=e63efa9cc1ef3322b9125d8d8fd48b6e DependenciesID=3f28228b2b7de6e584418cd66505d304 StaticDependenciesID=3f158f5471aff81bd41484b07bf6a14e 
MaterialLocation.External is obsolete. External Material Location is no longer supported. (Assets/Polytope Studio/Lowpoly_Village/Sources/Meshes/Modular/Bridge/PT_Wooden_Bridge_02.fbx)
Importing 'GUID: 06585c4a497d08f4591a54ccfdb05bcf - Path: Assets/Polytope Studio/Lowpoly_Village/Sources/Meshes/Modular/Bridge/PT_Wooden_Bridge_02.fbx' with importer (FBXImporter)
MaterialLocation.External is obsolete. External Material Location is no longer supported. (Assets/Polytope Studio/Lowpoly_Village/Sources/Meshes/Modular/Bridge/PT_Wooden_Bridge_02.fbx)
MaterialLocation.External is obsolete. External Material Location is no longer supported. (Assets/Polytope Studio/Lowpoly_Village/Sources/Meshes/Modular/Bridge/PT_Wooden_Bridge_02.fbx)
MaterialLocation.External is obsolete. External Material Location is no longer supported. (Assets/Polytope Studio/Lowpoly_Village/Sources/Meshes/Modular/Bridge/PT_Wooden_Bridge_02.fbx)
Imported 'GUID: 06585c4a497d08f4591a54ccfdb05bcf' -> (Import Result ID: '4b1122d3b41f699cac0ca1bc4f4a2031') in 0.011 seconds [static dependencies only]. Details - ImportResultOutputID=70486f36be6eb6a163cd8889facea9c6 DependenciesID=df52bb95412969619884b0265a055966 StaticDependenciesID=f1abf404c363e540fb47b6fec8b22a10 
MaterialLocation.External is obsolete. External Material Location is no longer supported. (Assets/Polytope Studio/Lowpoly_Environments/Sources/Meshes/Trees/PT_Fruit_Tree_01_logs.fbx)
Importing 'GUID: 268a14e7ef45f1542a7d335b0a20d200 - Path: Assets/Polytope Studio/Lowpoly_Environments/Sources/Meshes/Trees/PT_Fruit_Tree_01_logs.fbx' with importer (FBXImporter)
MaterialLocation.External is obsolete. External Material Location is no longer supported. (Assets/Polytope Studio/Lowpoly_Environments/Sources/Meshes/Trees/PT_Fruit_Tree_01_logs.fbx)
MaterialLocation.External is obsolete. External Material Location is no longer supported. (Assets/Polytope Studio/Lowpoly_Environments/Sources/Meshes/Trees/PT_Fruit_Tree_01_logs.fbx)
Imported 'GUID: 268a14e7ef45f1542a7d335b0a20d200' -> (Import Result ID: '4984c2381bc9960f97bc5e78404ba429') in 0.010 seconds [static dependencies only]. Details - ImportResultOutputID=148fecf33e2e065e4ee9119899463291 DependenciesID=7c6bf6fbf4860a8ad79669b946cfb033 StaticDependenciesID=b17ee2d3eafc33cb656bd92016c4c64d 
Importing 'GUID: 36986a7ae10be8447a485caceba8c0ab - Path: Assets/a_low_poly_3D_model_o_0928225801_refine.fbx' with importer (FBXImporter)
Imported 'GUID: 36986a7ae10be8447a485caceba8c0ab' -> (Import Result ID: '06c7eda831526193fae40c77918a9950') in 0.241 seconds [static and dynamic dependencies]. Details - ImportResultOutputID=53f5bca1c01ae0152080acd2673e3483 DependenciesID=1b6cc643895e9315685c78e26aef000e StaticDependenciesID=422595b23019095ac1bcca3e5d70b1b0 
MaterialLocation.External is obsolete. External Material Location is no longer supported. (Assets/Polytope Studio/Lowpoly_Village/Sources/Meshes/Modular/Fence/PT_Modular_Fence_Wood_02.fbx)
Importing 'GUID: b67d2b761d3397348831d776dbb33e03 - Path: Assets/Polytope Studio/Lowpoly_Village/Sources/Meshes/Modular/Fence/PT_Modular_Fence_Wood_02.fbx' with importer (FBXImporter)
MaterialLocation.External is obsolete. External Material Location is no longer supported. (Assets/Polytope Studio/Lowpoly_Village/Sources/Meshes/Modular/Fence/PT_Modular_Fence_Wood_02.fbx)
MaterialLocation.External is obsolete. External Material Location is no longer supported. (Assets/Polytope Studio/Lowpoly_Village/Sources/Meshes/Modular/Fence/PT_Modular_Fence_Wood_02.fbx)
Imported 'GUID: b67d2b761d3397348831d776dbb33e03' -> (Import Result ID: '7d84995127a1e8a59224b97285b441bf') in 0.010 seconds [static dependencies only]. Details - ImportResultOutputID=2afc30e654368cc7c34ce4da2e8d536b DependenciesID=403ddab10c90184ffa968292ed3b0c13 StaticDependenciesID=0564ac79d0436e590b68d61fe79e3d14 
MaterialLocation.External is obsolete. External Material Location is no longer supported. (Assets/Polytope Studio/Lowpoly_Environments/Sources/Meshes/Rocks/PT_Ore_Rock_01.fbx)
Importing 'GUID: a9129ae83f8faf646961b70c4b103833 - Path: Assets/Polytope Studio/Lowpoly_Environments/Sources/Meshes/Rocks/PT_Ore_Rock_01.fbx' with importer (FBXImporter)
MaterialLocation.External is obsolete. External Material Location is no longer supported. (Assets/Polytope Studio/Lowpoly_Environments/Sources/Meshes/Rocks/PT_Ore_Rock_01.fbx)
MaterialLocation.External is obsolete. External Material Location is no longer supported. (Assets/Polytope Studio/Lowpoly_Environments/Sources/Meshes/Rocks/PT_Ore_Rock_01.fbx)
MaterialLocation.External is obsolete. External Material Location is no longer supported. (Assets/Polytope Studio/Lowpoly_Environments/Sources/Meshes/Rocks/PT_Ore_Rock_01.fbx)
MaterialLocation.External is obsolete. External Material Location is no longer supported. (Assets/Polytope Studio/Lowpoly_Environments/Sources/Meshes/Rocks/PT_Ore_Rock_01.fbx)
Imported 'GUID: a9129ae83f8faf646961b70c4b103833' -> (Import Result ID: '6eb1102d0b4e504de95c8d894be1df4f') in 0.012 seconds [static dependencies only]. Details - ImportResultOutputID=fc04de09558968739705661dbbee748a DependenciesID=a5106ae1f9a09a3e37d79ce48f8c759e StaticDependenciesID=6213af1fdbcbeb7fc7315b615c7b86da 
MaterialLocation.External is obsolete. External Material Location is no longer supported. (Assets/Polytope Studio/Lowpoly_Environments/Sources/Meshes/Trees/PT_Pine_Tree_03_logs.fbx)
Importing 'GUID: e9a01d2a3de15954eb2cccf4df7f3d5b - Path: Assets/Polytope Studio/Lowpoly_Environments/Sources/Meshes/Trees/PT_Pine_Tree_03_logs.fbx' with importer (FBXImporter)
MaterialLocation.External is obsolete. External Material Location is no longer supported. (Assets/Polytope Studio/Lowpoly_Environments/Sources/Meshes/Trees/PT_Pine_Tree_03_logs.fbx)
MaterialLocation.External is obsolete. External Material Location is no longer supported. (Assets/Polytope Studio/Lowpoly_Environments/Sources/Meshes/Trees/PT_Pine_Tree_03_logs.fbx)
Imported 'GUID: e9a01d2a3de15954eb2cccf4df7f3d5b' -> (Import Result ID: '8f365fdfc7d44812b9d895d4ed537537') in 0.011 seconds [static dependencies only]. Details - ImportResultOutputID=aac07f262240968ea58189f77174b518 DependenciesID=615f47b27dbe4072f8cfb768ff930817 StaticDependenciesID=9d28b84c6bad0033facc176e2c114e2a 
MaterialLocation.External is obsolete. External Material Location is no longer supported. (Assets/Polytope Studio/Lowpoly_Environments/Sources/Meshes/Trees/PT_Pine_Tree_03_green_cut.fbx)
Importing 'GUID: 2a5e649cde00dd847885c694eb77f1fb - Path: Assets/Polytope Studio/Lowpoly_Environments/Sources/Meshes/Trees/PT_Pine_Tree_03_green_cut.fbx' with importer (FBXImporter)
MaterialLocation.External is obsolete. External Material Location is no longer supported. (Assets/Polytope Studio/Lowpoly_Environments/Sources/Meshes/Trees/PT_Pine_Tree_03_green_cut.fbx)
MaterialLocation.External is obsolete. External Material Location is no longer supported. (Assets/Polytope Studio/Lowpoly_Environments/Sources/Meshes/Trees/PT_Pine_Tree_03_green_cut.fbx)
MaterialLocation.External is obsolete. External Material Location is no longer supported. (Assets/Polytope Studio/Lowpoly_Environments/Sources/Meshes/Trees/PT_Pine_Tree_03_green_cut.fbx)
Imported 'GUID: 2a5e649cde00dd847885c694eb77f1fb' -> (Import Result ID: 'b1004eb26b91d8846fd1d48488e2258e') in 0.011 seconds [static dependencies only]. Details - ImportResultOutputID=b36e0234d3d08c0a45052dc1450402a2 DependenciesID=0ebb4dd361e222753be33c365f8655c8 StaticDependenciesID=8823d27a2f1b580c150e86b144d9fddd 
MaterialLocation.External is obsolete. External Material Location is no longer supported. (Assets/Polytope Studio/Lowpoly_Environments/Sources/Meshes/Trees/PT_Pine_Tree_03_dead_cut.fbx)
Importing 'GUID: 3b8d3c0077d69eb4db5ee5754518f067 - Path: Assets/Polytope Studio/Lowpoly_Environments/Sources/Meshes/Trees/PT_Pine_Tree_03_dead_cut.fbx' with importer (FBXImporter)
MaterialLocation.External is obsolete. External Material Location is no longer supported. (Assets/Polytope Studio/Lowpoly_Environments/Sources/Meshes/Trees/PT_Pine_Tree_03_dead_cut.fbx)
MaterialLocation.External is obsolete. External Material Location is no longer supported. (Assets/Polytope Studio/Lowpoly_Environments/Sources/Meshes/Trees/PT_Pine_Tree_03_dead_cut.fbx)
Imported 'GUID: 3b8d3c0077d69eb4db5ee5754518f067' -> (Import Result ID: '05d0e15c779c2af5f99e3c314d62aef9') in 0.011 seconds [static dependencies only]. Details - ImportResultOutputID=28fcc29088367c2950d734b18a007ae7 DependenciesID=2a8a62d0b2724e5ac712c268fc0c18b6 StaticDependenciesID=53c6076046d720b8f1e706965c62e610 
MaterialLocation.External is obsolete. External Material Location is no longer supported. (Assets/Polytope Studio/Lowpoly_Environments/Sources/Meshes/Trees/PT_Fruit_Tree_01_pears.fbx)
Importing 'GUID: ab5654911e4a8494190af9551d81ea81 - Path: Assets/Polytope Studio/Lowpoly_Environments/Sources/Meshes/Trees/PT_Fruit_Tree_01_pears.fbx' with importer (FBXImporter)
MaterialLocation.External is obsolete. External Material Location is no longer supported. (Assets/Polytope Studio/Lowpoly_Environments/Sources/Meshes/Trees/PT_Fruit_Tree_01_pears.fbx)
MaterialLocation.External is obsolete. External Material Location is no longer supported. (Assets/Polytope Studio/Lowpoly_Environments/Sources/Meshes/Trees/PT_Fruit_Tree_01_pears.fbx)
MaterialLocation.External is obsolete. External Material Location is no longer supported. (Assets/Polytope Studio/Lowpoly_Environments/Sources/Meshes/Trees/PT_Fruit_Tree_01_pears.fbx)
MaterialLocation.External is obsolete. External Material Location is no longer supported. (Assets/Polytope Studio/Lowpoly_Environments/Sources/Meshes/Trees/PT_Fruit_Tree_01_pears.fbx)
MaterialLocation.External is obsolete. External Material Location is no longer supported. (Assets/Polytope Studio/Lowpoly_Environments/Sources/Meshes/Trees/PT_Fruit_Tree_01_pears.fbx)
MaterialLocation.External is obsolete. External Material Location is no longer supported. (Assets/Polytope Studio/Lowpoly_Environments/Sources/Meshes/Trees/PT_Fruit_Tree_01_pears.fbx)
MaterialLocation.External is obsolete. External Material Location is no longer supported. (Assets/Polytope Studio/Lowpoly_Environments/Sources/Meshes/Trees/PT_Fruit_Tree_01_pears.fbx)
Imported 'GUID: ab5654911e4a8494190af9551d81ea81' -> (Import Result ID: 'b4a6107d1a122a23ad5a360cf873cdc3') in 0.019 seconds [static dependencies only]. Details - ImportResultOutputID=9ef70146af315b9082baee0aab0ec24e DependenciesID=854f149a0e21b4f52fb0ae8664e21b02 StaticDependenciesID=ade656663f42872a4540146abb16e8e6 
MaterialLocation.External is obsolete. External Material Location is no longer supported. (Assets/Polytope Studio/Lowpoly_Environments/Sources/Meshes/Trees/PT_Fruit_Tree_01_apples.fbx)
Importing 'GUID: fb0559a36ae9650449b6e3c26d5076a5 - Path: Assets/Polytope Studio/Lowpoly_Environments/Sources/Meshes/Trees/PT_Fruit_Tree_01_apples.fbx' with importer (FBXImporter)
MaterialLocation.External is obsolete. External Material Location is no longer supported. (Assets/Polytope Studio/Lowpoly_Environments/Sources/Meshes/Trees/PT_Fruit_Tree_01_apples.fbx)
MaterialLocation.External is obsolete. External Material Location is no longer supported. (Assets/Polytope Studio/Lowpoly_Environments/Sources/Meshes/Trees/PT_Fruit_Tree_01_apples.fbx)
MaterialLocation.External is obsolete. External Material Location is no longer supported. (Assets/Polytope Studio/Lowpoly_Environments/Sources/Meshes/Trees/PT_Fruit_Tree_01_apples.fbx)
MaterialLocation.External is obsolete. External Material Location is no longer supported. (Assets/Polytope Studio/Lowpoly_Environments/Sources/Meshes/Trees/PT_Fruit_Tree_01_apples.fbx)
MaterialLocation.External is obsolete. External Material Location is no longer supported. (Assets/Polytope Studio/Lowpoly_Environments/Sources/Meshes/Trees/PT_Fruit_Tree_01_apples.fbx)
MaterialLocation.External is obsolete. External Material Location is no longer supported. (Assets/Polytope Studio/Lowpoly_Environments/Sources/Meshes/Trees/PT_Fruit_Tree_01_apples.fbx)
MaterialLocation.External is obsolete. External Material Location is no longer supported. (Assets/Polytope Studio/Lowpoly_Environments/Sources/Meshes/Trees/PT_Fruit_Tree_01_apples.fbx)
Imported 'GUID: fb0559a36ae9650449b6e3c26d5076a5' -> (Import Result ID: '8a250f59e60208a60ca222e27b1ba185') in 0.017 seconds [static dependencies only]. Details - ImportResultOutputID=cb292e2c24eec7d2a2168435fc015545 DependenciesID=bace25d1b9579429a273820f3c962a12 StaticDependenciesID=236747c5c68100dff040a688c9a91f44 
MaterialLocation.External is obsolete. External Material Location is no longer supported. (Assets/Polytope Studio/Lowpoly_Environments/Sources/Meshes/Flowers/PT_Poppy_02.fbx)
Importing 'GUID: 5c7de3ea78afce6468d2ebe76dd0bf6d - Path: Assets/Polytope Studio/Lowpoly_Environments/Sources/Meshes/Flowers/PT_Poppy_02.fbx' with importer (FBXImporter)
MaterialLocation.External is obsolete. External Material Location is no longer supported. (Assets/Polytope Studio/Lowpoly_Environments/Sources/Meshes/Flowers/PT_Poppy_02.fbx)
MaterialLocation.External is obsolete. External Material Location is no longer supported. (Assets/Polytope Studio/Lowpoly_Environments/Sources/Meshes/Flowers/PT_Poppy_02.fbx)
MaterialLocation.External is obsolete. External Material Location is no longer supported. (Assets/Polytope Studio/Lowpoly_Environments/Sources/Meshes/Flowers/PT_Poppy_02.fbx)
MaterialLocation.External is obsolete. External Material Location is no longer supported. (Assets/Polytope Studio/Lowpoly_Environments/Sources/Meshes/Flowers/PT_Poppy_02.fbx)
Imported 'GUID: 5c7de3ea78afce6468d2ebe76dd0bf6d' -> (Import Result ID: '93c9a2a32105fd0c944a6b619d1c069b') in 0.010 seconds [static dependencies only]. Details - ImportResultOutputID=bd8366e9fd04ffca6d1bae28e68d7397 DependenciesID=f4bc3be82337effe296b605def9d77b0 StaticDependenciesID=5c40a8e1ed383e6bbd7e9ca445436db9 
MaterialLocation.External is obsolete. External Material Location is no longer supported. (Assets/Polytope Studio/Lowpoly_Environments/Sources/Meshes/Plants/PT_Grass_02.fbx)
Importing 'GUID: 8c71f03fcb0c13644a30696cafc5cda8 - Path: Assets/Polytope Studio/Lowpoly_Environments/Sources/Meshes/Plants/PT_Grass_02.fbx' with importer (FBXImporter)
MaterialLocation.External is obsolete. External Material Location is no longer supported. (Assets/Polytope Studio/Lowpoly_Environments/Sources/Meshes/Plants/PT_Grass_02.fbx)
MaterialLocation.External is obsolete. External Material Location is no longer supported. (Assets/Polytope Studio/Lowpoly_Environments/Sources/Meshes/Plants/PT_Grass_02.fbx)
MaterialLocation.External is obsolete. External Material Location is no longer supported. (Assets/Polytope Studio/Lowpoly_Environments/Sources/Meshes/Plants/PT_Grass_02.fbx)
MaterialLocation.External is obsolete. External Material Location is no longer supported. (Assets/Polytope Studio/Lowpoly_Environments/Sources/Meshes/Plants/PT_Grass_02.fbx)
Imported 'GUID: 8c71f03fcb0c13644a30696cafc5cda8' -> (Import Result ID: '1597d9b5c41f6c22a73b6398de132cff') in 0.009 seconds [static dependencies only]. Details - ImportResultOutputID=f0c72e2bc56f3181c4dd94350d0dbcd3 DependenciesID=701c246894fbde2b5d140bb67d2d8198 StaticDependenciesID=e0d7f6ae7b4c0e155cdbf57798c61cee 
MaterialLocation.External is obsolete. External Material Location is no longer supported. (Assets/Polytope Studio/Lowpoly_Environments/Sources/Meshes/Shrubs/PT_Generic_Shrub_01_green.fbx)
Importing 'GUID: cc43ed905f6a9d24a86d3eb531265e85 - Path: Assets/Polytope Studio/Lowpoly_Environments/Sources/Meshes/Shrubs/PT_Generic_Shrub_01_green.fbx' with importer (FBXImporter)
MaterialLocation.External is obsolete. External Material Location is no longer supported. (Assets/Polytope Studio/Lowpoly_Environments/Sources/Meshes/Shrubs/PT_Generic_Shrub_01_green.fbx)
MaterialLocation.External is obsolete. External Material Location is no longer supported. (Assets/Polytope Studio/Lowpoly_Environments/Sources/Meshes/Shrubs/PT_Generic_Shrub_01_green.fbx)
MaterialLocation.External is obsolete. External Material Location is no longer supported. (Assets/Polytope Studio/Lowpoly_Environments/Sources/Meshes/Shrubs/PT_Generic_Shrub_01_green.fbx)
MaterialLocation.External is obsolete. External Material Location is no longer supported. (Assets/Polytope Studio/Lowpoly_Environments/Sources/Meshes/Shrubs/PT_Generic_Shrub_01_green.fbx)
MaterialLocation.External is obsolete. External Material Location is no longer supported. (Assets/Polytope Studio/Lowpoly_Environments/Sources/Meshes/Shrubs/PT_Generic_Shrub_01_green.fbx)
MaterialLocation.External is obsolete. External Material Location is no longer supported. (Assets/Polytope Studio/Lowpoly_Environments/Sources/Meshes/Shrubs/PT_Generic_Shrub_01_green.fbx)
MaterialLocation.External is obsolete. External Material Location is no longer supported. (Assets/Polytope Studio/Lowpoly_Environments/Sources/Meshes/Shrubs/PT_Generic_Shrub_01_green.fbx)
Imported 'GUID: cc43ed905f6a9d24a86d3eb531265e85' -> (Import Result ID: 'da92d77cd046025b0f70e82c03a5361e') in 0.011 seconds [static dependencies only]. Details - ImportResultOutputID=f22ffcd8bdad0616adbcda5a90282ef8 DependenciesID=c7ef5cc29c77ab65b36a674021a2424c StaticDependenciesID=31768273ef054bc7e9e975c1fb91a18a 
MaterialLocation.External is obsolete. External Material Location is no longer supported. (Assets/Polytope Studio/Lowpoly_Environments/Sources/Meshes/Trees/PT_Fruit_Tree_01_dead_cut.fbx)
Importing 'GUID: ddcbcdd7a43212c4d86fe33f77dac074 - Path: Assets/Polytope Studio/Lowpoly_Environments/Sources/Meshes/Trees/PT_Fruit_Tree_01_dead_cut.fbx' with importer (FBXImporter)
MaterialLocation.External is obsolete. External Material Location is no longer supported. (Assets/Polytope Studio/Lowpoly_Environments/Sources/Meshes/Trees/PT_Fruit_Tree_01_dead_cut.fbx)
MaterialLocation.External is obsolete. External Material Location is no longer supported. (Assets/Polytope Studio/Lowpoly_Environments/Sources/Meshes/Trees/PT_Fruit_Tree_01_dead_cut.fbx)
Imported 'GUID: ddcbcdd7a43212c4d86fe33f77dac074' -> (Import Result ID: '1f2510ba18d9db382ee8d5fbb8a257ce') in 0.010 seconds [static dependencies only]. Details - ImportResultOutputID=6b9d75d601295af7af236c25bc94d4d5 DependenciesID=171e0a2f9b5d00c0310133081c9b6b7d StaticDependenciesID=929c79818069651d31ec967857677b98 
MaterialLocation.External is obsolete. External Material Location is no longer supported. (Assets/Polytope Studio/Lowpoly_Village/Sources/Meshes/Modular/Fence/PT_Modular_Fence_Wood_01.fbx)
Importing 'GUID: ed920bad5318ee347ad3e34dd82e273f - Path: Assets/Polytope Studio/Lowpoly_Village/Sources/Meshes/Modular/Fence/PT_Modular_Fence_Wood_01.fbx' with importer (FBXImporter)
MaterialLocation.External is obsolete. External Material Location is no longer supported. (Assets/Polytope Studio/Lowpoly_Village/Sources/Meshes/Modular/Fence/PT_Modular_Fence_Wood_01.fbx)
MaterialLocation.External is obsolete. External Material Location is no longer supported. (Assets/Polytope Studio/Lowpoly_Village/Sources/Meshes/Modular/Fence/PT_Modular_Fence_Wood_01.fbx)
Imported 'GUID: ed920bad5318ee347ad3e34dd82e273f' -> (Import Result ID: 'ff2fde739053ae5079d1398cdd3ea9a7') in 0.010 seconds [static dependencies only]. Details - ImportResultOutputID=70b3dfa7c98c2ea2e9ed0d97b40b3f6e DependenciesID=9acac27be25f1e9540bbaffc6290a8a4 StaticDependenciesID=a0345a900d0424d19d99fe0ce6146af9 
MaterialLocation.External is obsolete. External Material Location is no longer supported. (Assets/Polytope Studio/Lowpoly_Environments/Sources/Meshes/Trees/PT_Fruit_Tree_01_plums.fbx)
Importing 'GUID: 0ef9f3b550a8ffd40ab0be1ae6034fe1 - Path: Assets/Polytope Studio/Lowpoly_Environments/Sources/Meshes/Trees/PT_Fruit_Tree_01_plums.fbx' with importer (FBXImporter)
MaterialLocation.External is obsolete. External Material Location is no longer supported. (Assets/Polytope Studio/Lowpoly_Environments/Sources/Meshes/Trees/PT_Fruit_Tree_01_plums.fbx)
MaterialLocation.External is obsolete. External Material Location is no longer supported. (Assets/Polytope Studio/Lowpoly_Environments/Sources/Meshes/Trees/PT_Fruit_Tree_01_plums.fbx)
MaterialLocation.External is obsolete. External Material Location is no longer supported. (Assets/Polytope Studio/Lowpoly_Environments/Sources/Meshes/Trees/PT_Fruit_Tree_01_plums.fbx)
MaterialLocation.External is obsolete. External Material Location is no longer supported. (Assets/Polytope Studio/Lowpoly_Environments/Sources/Meshes/Trees/PT_Fruit_Tree_01_plums.fbx)
MaterialLocation.External is obsolete. External Material Location is no longer supported. (Assets/Polytope Studio/Lowpoly_Environments/Sources/Meshes/Trees/PT_Fruit_Tree_01_plums.fbx)
MaterialLocation.External is obsolete. External Material Location is no longer supported. (Assets/Polytope Studio/Lowpoly_Environments/Sources/Meshes/Trees/PT_Fruit_Tree_01_plums.fbx)
MaterialLocation.External is obsolete. External Material Location is no longer supported. (Assets/Polytope Studio/Lowpoly_Environments/Sources/Meshes/Trees/PT_Fruit_Tree_01_plums.fbx)
Imported 'GUID: 0ef9f3b550a8ffd40ab0be1ae6034fe1' -> (Import Result ID: '28a68c748be16e4cfd68da99abb8ab63') in 0.016 seconds [static dependencies only]. Details - ImportResultOutputID=4db5b824a3986a8053b1237a93cd89fb DependenciesID=e7f724ead6b4e2e0ffa58ea46cf8fdb8 StaticDependenciesID=f94e06d9c323d319ce5b957da4fafc82 
MaterialLocation.External is obsolete. External Material Location is no longer supported. (Assets/Polytope Studio/Lowpoly_Environments/Sources/Meshes/Mushrooms/PT_Caesars_Mushroom_01.fbx)
Importing 'GUID: 2ec966d90911a454c9760fa28789a4f8 - Path: Assets/Polytope Studio/Lowpoly_Environments/Sources/Meshes/Mushrooms/PT_Caesars_Mushroom_01.fbx' with importer (FBXImporter)
MaterialLocation.External is obsolete. External Material Location is no longer supported. (Assets/Polytope Studio/Lowpoly_Environments/Sources/Meshes/Mushrooms/PT_Caesars_Mushroom_01.fbx)
MaterialLocation.External is obsolete. External Material Location is no longer supported. (Assets/Polytope Studio/Lowpoly_Environments/Sources/Meshes/Mushrooms/PT_Caesars_Mushroom_01.fbx)
Imported 'GUID: 2ec966d90911a454c9760fa28789a4f8' -> (Import Result ID: '176245d98ae98a12ab9d3ccff32ac5e1') in 0.010 seconds [static dependencies only]. Details - ImportResultOutputID=07d00101a5c60f2ea371c4d538899433 DependenciesID=cc9e8d91eb059071bb569c292e1fa096 StaticDependenciesID=2b45277f179cd26915d463703d23cb1d 
MaterialLocation.External is obsolete. External Material Location is no longer supported. (Assets/Polytope Studio/Lowpoly_Environments/Sources/Meshes/Trees/PT_Fruit_Tree_01_dead.fbx)
Importing 'GUID: 3ebf65d3a6489594ca09a35d85d43b0a - Path: Assets/Polytope Studio/Lowpoly_Environments/Sources/Meshes/Trees/PT_Fruit_Tree_01_dead.fbx' with importer (FBXImporter)
MaterialLocation.External is obsolete. External Material Location is no longer supported. (Assets/Polytope Studio/Lowpoly_Environments/Sources/Meshes/Trees/PT_Fruit_Tree_01_dead.fbx)
MaterialLocation.External is obsolete. External Material Location is no longer supported. (Assets/Polytope Studio/Lowpoly_Environments/Sources/Meshes/Trees/PT_Fruit_Tree_01_dead.fbx)
MaterialLocation.External is obsolete. External Material Location is no longer supported. (Assets/Polytope Studio/Lowpoly_Environments/Sources/Meshes/Trees/PT_Fruit_Tree_01_dead.fbx)
MaterialLocation.External is obsolete. External Material Location is no longer supported. (Assets/Polytope Studio/Lowpoly_Environments/Sources/Meshes/Trees/PT_Fruit_Tree_01_dead.fbx)
Imported 'GUID: 3ebf65d3a6489594ca09a35d85d43b0a' -> (Import Result ID: '837e5c4ff0dc309b99dd15b3430960f6') in 0.013 seconds [static dependencies only]. Details - ImportResultOutputID=6485c91116f45ddfd3f00175afee9ada DependenciesID=e885d0870907a29a655e219b710b6baa StaticDependenciesID=8d71aad3cc7ce20ca3b74cf06ce7ff2c 
MaterialLocation.External is obsolete. External Material Location is no longer supported. (Assets/Polytope Studio/Lowpoly_Village/Sources/Meshes/Modular/Fence/PT_Modular_Gate_Wood_01.fbx)
Importing 'GUID: be10e17a73c475f41849cedee3245fd3 - Path: Assets/Polytope Studio/Lowpoly_Village/Sources/Meshes/Modular/Fence/PT_Modular_Gate_Wood_01.fbx' with importer (FBXImporter)
MaterialLocation.External is obsolete. External Material Location is no longer supported. (Assets/Polytope Studio/Lowpoly_Village/Sources/Meshes/Modular/Fence/PT_Modular_Gate_Wood_01.fbx)
MaterialLocation.External is obsolete. External Material Location is no longer supported. (Assets/Polytope Studio/Lowpoly_Village/Sources/Meshes/Modular/Fence/PT_Modular_Gate_Wood_01.fbx)
MaterialLocation.External is obsolete. External Material Location is no longer supported. (Assets/Polytope Studio/Lowpoly_Village/Sources/Meshes/Modular/Fence/PT_Modular_Gate_Wood_01.fbx)
MaterialLocation.External is obsolete. External Material Location is no longer supported. (Assets/Polytope Studio/Lowpoly_Village/Sources/Meshes/Modular/Fence/PT_Modular_Gate_Wood_01.fbx)
Imported 'GUID: be10e17a73c475f41849cedee3245fd3' -> (Import Result ID: '31b4605b16ab3ef4ab940c2c85846c2c') in 0.011 seconds [static dependencies only]. Details - ImportResultOutputID=bcde88af86332de6d9aeb40275ec6d1c DependenciesID=7c3ef176f4686104bbf4881dd787093c StaticDependenciesID=de91b3d71a437d2db5526788922a12a2 
Importing 'GUID: e0829138c40f356458f259edb063d67a - Path: Assets/Polytope Studio/Lowpoly_Demos/Environment_Free/Helpers/Terrain/New Terrain.asset' with importer (NativeFormatImporter)
The tree PT_Pine_Tree_03_stump must use the Nature/Soft Occlusion shader. Otherwise billboarding/lighting will not work correctly.
Imported 'GUID: e0829138c40f356458f259edb063d67a' -> (Import Result ID: 'f754384f9f619dc93b5cdf21fe9b76c1') in 0.087 seconds [static dependencies only]. Details - ImportResultOutputID=d8024c55fe9c29500e3b4059f1a74d10 DependenciesID=c7954dba85c12f376d7c339c3b47d6e7 StaticDependenciesID=b70164a2bbc61cb4a3e2cf49e95f38c6 
Importing 'GUID: b273ce15435a60644bcd2c174476a708 - Path: Assets/Polytope Studio/Lowpoly_Demos/Environment_Free/Helpers/Terrain/TerrainData_832163fb-b19c-4118-97c2-cf0a3b224fca.asset' with importer (NativeFormatImporter)
Imported 'GUID: b273ce15435a60644bcd2c174476a708' -> (Import Result ID: 'd023b489064eebcd2419c9de7b7f7b27') in 0.013 seconds [static dependencies only]. Details - ImportResultOutputID=b6a8a0c270d1914cd1e8d2bb60d41cee DependenciesID=5d2d57b0dd6fee48264c0fde12756dc5 StaticDependenciesID=443757e8753f387c7627c3172d6d6ea0 
Importing 'GUID: f2e008cefb3ff674e8c681a3f961fb80 - Path: Assets/Polytope Studio/Lowpoly_Demos/Environment_Free/Helpers/Terrain/TerrainData_88efe361-6f68-4188-bcd0-e9554ca440b9.asset' with importer (NativeFormatImporter)
Imported 'GUID: f2e008cefb3ff674e8c681a3f961fb80' -> (Import Result ID: '3b989ba47a509081d76b968654e3f110') in 0.012 seconds [static dependencies only]. Details - ImportResultOutputID=f27e7c33e9e7facb6c49a0b371c9770b DependenciesID=e2967de2543675cc01c418cdd71dafaa StaticDependenciesID=408faa8dc29e1c09a7abc6082cae1f3c 
Importing 'GUID: 3349f3f4495a62f40895e095545b535e - Path: Assets/Polytope Studio/Lowpoly_Demos/Environment_Free/Helpers/Terrain/TerrainData_ff4b5190-b520-4d46-b960-ee1d0967df26.asset' with importer (NativeFormatImporter)
Imported 'GUID: 3349f3f4495a62f40895e095545b535e' -> (Import Result ID: '886b537fe256b76e10c4ecbff4c8999d') in 0.011 seconds [static dependencies only]. Details - ImportResultOutputID=7cd123b0cfc47d2f5d2bec7c83bcd108 DependenciesID=968e82e0bb1e4db04c090be8fa8f803d StaticDependenciesID=50115f37b0edfef93ca1453198b95afd 
Importing 'GUID: a3da565160a7367429bc2fd058201787 - Path: Assets/New Terrain.asset' with importer (NativeFormatImporter)
Imported 'GUID: a3da565160a7367429bc2fd058201787' -> (Import Result ID: '5be48dfcb868cfe56e0ff707a3530e15') in 0.003 seconds [static dependencies only]. Details - ImportResultOutputID=9167deb9f2db7403b81a30efa77e0b45 DependenciesID=1aa9404fe9195966050a5eae6ef4f9f6 StaticDependenciesID=16c1d8f4b0253a8eed7eaf77028b6a76 
Importing 'GUID: c40d5572f8d7d6843bd8d20c21f1c0be - Path: Assets/Polytope Studio/Lowpoly_Demos/Environment_Free/Helpers/Terrain/TerrainData_6dc76592-a48a-4163-91df-c29ec1a99c66.asset' with importer (NativeFormatImporter)
Imported 'GUID: c40d5572f8d7d6843bd8d20c21f1c0be' -> (Import Result ID: '4f724e09125a226228c1f44633e75847') in 0.010 seconds [static dependencies only]. Details - ImportResultOutputID=dacc31f7c40ef66edf316ccec0203a57 DependenciesID=b95d069acfd61a61b858b012f77927a3 StaticDependenciesID=6b0a0551f4ed93e2f4aa5c2f3fd34363 
Importing 'GUID: 1587ce82db2499e4185b7701bf0d532b - Path: Assets/Polytope Studio/Lowpoly_Demos/Environment_Free/Helpers/Terrain/TerrainData_445999c2-5240-4b5c-9394-4cacb62d7eec.asset' with importer (NativeFormatImporter)
Imported 'GUID: 1587ce82db2499e4185b7701bf0d532b' -> (Import Result ID: '094c5f1deec4d0dee34b50b89cf92618') in 0.010 seconds [static dependencies only]. Details - ImportResultOutputID=475bfe0dfa93064ce7d353921b21cc3b DependenciesID=247b21726cfdf684d13a5ee099a866bd StaticDependenciesID=5faf58903c90cb6bab703f317d204bd8 
Importing 'GUID: d9f3564d21751d046890366f3fc55400 - Path: Assets/Polytope Studio/Lowpoly_Demos/Environment_Free/Helpers/Terrain/TerrainData_c82c1fc5-a7ad-4f88-a7ff-c071a4dae8e5.asset' with importer (NativeFormatImporter)
Imported 'GUID: d9f3564d21751d046890366f3fc55400' -> (Import Result ID: '444979184336c6245f484309f964f1ff') in 0.007 seconds [static dependencies only]. Details - ImportResultOutputID=c22dc475f8cae1964b03abe7f9a26922 DependenciesID=757d4171d4aec2458e298d2a1dca968c StaticDependenciesID=1a1b0c9b7493b781653962edaef4e47c 
Importing 'GUID: abd9fc8a29ea3f549bf82c3d3b8c843f - Path: Assets/Polytope Studio/Lowpoly_Demos/Environment_Free/Helpers/Terrain/TerrainData_984456c3-d32f-475f-a118-27bb19f92a65.asset' with importer (NativeFormatImporter)
Imported 'GUID: abd9fc8a29ea3f549bf82c3d3b8c843f' -> (Import Result ID: '1c1a900b398a34d59ffc094a3e5b0016') in 0.003 seconds [static dependencies only]. Details - ImportResultOutputID=1fd6cc3329169c1d9180a79306436525 DependenciesID=7598a429489e35a20fc14fdec76856a5 StaticDependenciesID=0f933ee06c0fa752b00d15b3a21174a4 
Importing 'GUID: dbe8ee5abb1344a4e8a8b80348f13db8 - Path: Assets/Polytope Studio/Lowpoly_Demos/Environment_Free/Helpers/Terrain/TerrainData_d3c37e8d-6092-48f4-b81e-93b97326e4d2.asset' with importer (NativeFormatImporter)
Imported 'GUID: dbe8ee5abb1344a4e8a8b80348f13db8' -> (Import Result ID: 'c6a68c08cad3dcdffc22cddcee957b2a') in 0.010 seconds [static dependencies only]. Details - ImportResultOutputID=8447e33512165971330863cf70f4b14d DependenciesID=73aeabaaee0d0e1f70a5ad6c137a4183 StaticDependenciesID=8a9b8369bdf2f40574c043374736c40f 
Importing 'GUID: c0c32672766a81647b04690fc9ed3595 - Path: Assets/Polytope Studio/Lowpoly_Environments/Prefabs/Trees/PT_Fruit_Tree_01_logs.prefab' with importer (PrefabImporter)
Imported 'GUID: c0c32672766a81647b04690fc9ed3595' -> (Import Result ID: '1cb1e4a6445e629b2379a26cda2ff56a') in 0.002 seconds [static dependencies only]. Details - ImportResultOutputID=6e2552b75d31052c1fd15ab5b9f8e2e9 DependenciesID=5d377ef6ecb60b0579f350ce95d43776 StaticDependenciesID=e9322a0080701b178ab0463e541981cc 
Importing 'GUID: c0fdfdeafe3a1404a8766f946dd531d0 - Path: Assets/Polytope Studio/Lowpoly_Environments/Prefabs/Trees/PT_Fruit_Tree_01_green_cut.prefab' with importer (PrefabImporter)
Imported 'GUID: c0fdfdeafe3a1404a8766f946dd531d0' -> (Import Result ID: '0d5e96e80589b44369e1af3385cde4b7') in 0.001 seconds [static dependencies only]. Details - ImportResultOutputID=9aaf63a2b5ee003b71b1c2446b55e378 DependenciesID=c47e3fb5f9d2b2519fb0872b13923557 StaticDependenciesID=147960fc8390ec9701eccea5cb6509e2 
Importing 'GUID: e05ae677c7b3bc546bd36b488586fb0c - Path: Assets/Polytope Studio/Lowpoly_Environments/Prefabs/Trees/PT_Fruit_Tree_01_apples.prefab' with importer (PrefabImporter)
Imported 'GUID: e05ae677c7b3bc546bd36b488586fb0c' -> (Import Result ID: '9773ffd748319e9783488777e731c5e2') in 0.001 seconds [static dependencies only]. Details - ImportResultOutputID=982a460271848fac1965e8501be995e3 DependenciesID=a11c4efc898acbc708235c2362c02988 StaticDependenciesID=82a8e3a05509b4185913cec3298a7693 
Importing 'GUID: 21a364ddeffc797439f2a5721660b0e6 - Path: Assets/Polytope Studio/Lowpoly_Village/Prefabs/Modular/Fence/PT_Modular_Fence_Wood_01.prefab' with importer (PrefabImporter)
Imported 'GUID: 21a364ddeffc797439f2a5721660b0e6' -> (Import Result ID: '622ee5fed5e74eda06472aa6efa5a8a1') in 0.001 seconds [static dependencies only]. Details - ImportResultOutputID=b6184cecb4c5901ccbecb3faa1758af7 DependenciesID=2cbfb43f9ccd8da8b7383d4fbe89ae31 StaticDependenciesID=3a69009c0c2997393ebd16d955f3bf34 
Importing 'GUID: 516f5b8c780f050499e83e3e45588ae9 - Path: Assets/Polytope Studio/Lowpoly_Demos/Environment_Free/Helpers/Fence.prefab' with importer (PrefabImporter)
Imported 'GUID: 516f5b8c780f050499e83e3e45588ae9' -> (Import Result ID: '6c918f5b6554235a3cfd0f71de8fdd38') in 0.005 seconds [static and dynamic dependencies]. Details - ImportResultOutputID=b2e1a9aa4bc8b944c8acdb02fbc6e7f7 DependenciesID=09c2799d2a55ffebc569cafefe785d7a StaticDependenciesID=7657b3001a8f93ae7ddaa22472596a4e 
Importing 'GUID: 4202bcf0261b7184381139880446dfd6 - Path: Assets/Polytope Studio/Lowpoly_Environments/Prefabs/Rocks/PT_Ore_Rock_01_split.prefab' with importer (PrefabImporter)
Imported 'GUID: 4202bcf0261b7184381139880446dfd6' -> (Import Result ID: '0ef46e330687e4cada9b3558f691956d') in 0.001 seconds [static dependencies only]. Details - ImportResultOutputID=5bb9364b776210322cc62c891bbe9677 DependenciesID=44c6f52a3f856e2cda5be73142b51240 StaticDependenciesID=47bfe0fd6a4f351fa97ee9805b17e93f 
Importing 'GUID: 5228c984e5be7284d8d83c18096254dd - Path: Assets/Polytope Studio/Lowpoly_Environments/Prefabs/Mushrooms/PT_Caesars_Mushroom_01.prefab' with importer (PrefabImporter)
Imported 'GUID: 5228c984e5be7284d8d83c18096254dd' -> (Import Result ID: '9ce3e8cb6765b34eca0eb6dddb1099ee') in 0.001 seconds [static dependencies only]. Details - ImportResultOutputID=f28433d806e667ce44f190005a6a7677 DependenciesID=c8bbbeb84f482618d89f2909edccdcb1 StaticDependenciesID=0a14895a2014948b239d7d9a8d6977fe 
Importing 'GUID: d250af4848f51154f9a2bf6a85b60ac2 - Path: Assets/Polytope Studio/Lowpoly_Environments/Prefabs/Trees/PT_Pine_Tree_03_green.prefab' with importer (PrefabImporter)
Imported 'GUID: d250af4848f51154f9a2bf6a85b60ac2' -> (Import Result ID: 'b9795fbc8acd9523bed220c8d25b8b1e') in 0.001 seconds [static dependencies only]. Details - ImportResultOutputID=00dc4a255fa671f2a795a6dd9261e0ce DependenciesID=f5544570f49e7e6fbeaf18468cc03181 StaticDependenciesID=088b5394bc9c065e62e2e86feaa6b9c7 
Importing 'GUID: 53e1939cdeda3f04caaa240bfd830e5e - Path: Assets/Polytope Studio/Lowpoly_Environments/Prefabs/Trees/PT_Pine_Tree_03_dead_cut.prefab' with importer (PrefabImporter)
Imported 'GUID: 53e1939cdeda3f04caaa240bfd830e5e' -> (Import Result ID: '879a214da60064d0f4401f8be1f1cac9') in 0.001 seconds [static dependencies only]. Details - ImportResultOutputID=6a51baf8d397327537f7e083e1963091 DependenciesID=455050851669280c6cf6b4070450524d StaticDependenciesID=cd85a1bca8fcdad04eef62f7f00cc383 
Importing 'GUID: 53083e9d6ba91ba4cad309a95b8c8f20 - Path: Assets/Polytope Studio/Lowpoly_Demos/Environment_Free/Helpers/PT_Grass_02_v1.prefab' with importer (PrefabImporter)
Imported 'GUID: 53083e9d6ba91ba4cad309a95b8c8f20' -> (Import Result ID: 'cf1bd720941e4639f8211e65e4a0953e') in 0.001 seconds [static dependencies only]. Details - ImportResultOutputID=6bb6ffc90d297f268d7b46e102d349af DependenciesID=5f5551f24ce3a2b12c73b1b51d90e714 StaticDependenciesID=9bd89f48d042bdfff642fc3bff0f7ba9 
Importing 'GUID: c31bf8ec8e29cd74f9fb9a970fde7a53 - Path: Assets/Polytope Studio/Lowpoly_Environments/Prefabs/Trees/PT_Fruit_Tree_01_green.prefab' with importer (PrefabImporter)
Imported 'GUID: c31bf8ec8e29cd74f9fb9a970fde7a53' -> (Import Result ID: '9f66a77112f0fbe80f73a9ab18e06a60') in 0.001 seconds [static dependencies only]. Details - ImportResultOutputID=c9617c07af578730478bfbacddf03069 DependenciesID=7dcf80e35cd1bd61f4f7b55db190ca87 StaticDependenciesID=335f03de6529c654e06ea17d31f0d810 
Importing 'GUID: 244ce2af788c0c346b86cbc0473811b0 - Path: Assets/Polytope Studio/Lowpoly_Environments/Prefabs/Trees/PT_Pine_Tree_03_logs.prefab' with importer (PrefabImporter)
Imported 'GUID: 244ce2af788c0c346b86cbc0473811b0' -> (Import Result ID: '87cc212e0a2c0b397e0be16bcd3295f3') in 0.001 seconds [static dependencies only]. Details - ImportResultOutputID=22a2e96e477b047b7c2e85288b3ffc9f DependenciesID=c47b45aa1c2c116a6b6083e6a1f1eb34 StaticDependenciesID=b7c6ff5a31af5c5d0732e0f8ce39d69f 
Importing 'GUID: e4f62d5abc5742c4eabbbf96fe54193c - Path: Assets/Polytope Studio/Lowpoly_Demos/Environment_Free/Helpers/PT_River_Rock_Pile_02_v1.prefab' with importer (PrefabImporter)
Imported 'GUID: e4f62d5abc5742c4eabbbf96fe54193c' -> (Import Result ID: '941ac7c23961f7d9e9ce739b57205827') in 0.001 seconds [static dependencies only]. Details - ImportResultOutputID=044c11f541d132b6d650b5752880cec7 DependenciesID=20a5ad0cb0f075414b65f6ae37727686 StaticDependenciesID=43b90669ba3d9f0f6f4f8043156dfb56 
Importing 'GUID: f593bc20677ebf14abd27a4853408c68 - Path: Assets/Polytope Studio/Lowpoly_Environments/Prefabs/Flowers/PT_Poppy_02.prefab' with importer (PrefabImporter)
Imported 'GUID: f593bc20677ebf14abd27a4853408c68' -> (Import Result ID: 'db402dd52a33c39a7a7766f5069e0c7f') in 0.001 seconds [static dependencies only]. Details - ImportResultOutputID=ba42a6b65d0e982a49ad838ab5d3b383 DependenciesID=548f3e0cac255705f131f1cdf21c6fbb StaticDependenciesID=b131626f40d4a807f56f920c0b2496c9 
Importing 'GUID: 367ab66e2689a8345a8fb8fd14a4f90c - Path: Assets/Polytope Studio/Lowpoly_Environments/Prefabs/Trees/PT_Fruit_Tree_01_plums.prefab' with importer (PrefabImporter)
Imported 'GUID: 367ab66e2689a8345a8fb8fd14a4f90c' -> (Import Result ID: 'eef7453be69730bcd00f2969c6dca7fc') in 0.001 seconds [static dependencies only]. Details - ImportResultOutputID=1c2a9b39ca26c1ab8117f2a28f3ea769 DependenciesID=ba2d927f2d30c00745b2577d2b9fc407 StaticDependenciesID=9d3dbfd90b476fb72dad0e4e42134b28 
Importing 'GUID: 46f8d17b9eeef754ebc1008196f84bdd - Path: Assets/Polytope Studio/Lowpoly_Village/Prefabs/Modular/Bridge/PT_Wooden_Bridge_02.prefab' with importer (PrefabImporter)
Imported 'GUID: 46f8d17b9eeef754ebc1008196f84bdd' -> (Import Result ID: '4bca1d0c15d851bf2d62054d0d8bff48') in 0.001 seconds [static dependencies only]. Details - ImportResultOutputID=ec651b8c07eb4e2980dc36b92e9bdf5c DependenciesID=9eae12111a2b36829da0b3c6c4353343 StaticDependenciesID=2a8aaab959a9d8a734c258a553c8464e 
Importing 'GUID: 66d0615cc71cd48408b75ff3f99c97af - Path: Assets/Polytope Studio/Lowpoly_Environments/Prefabs/Trees/PT_Fruit_Tree_01_dead_cut.prefab' with importer (PrefabImporter)
Imported 'GUID: 66d0615cc71cd48408b75ff3f99c97af' -> (Import Result ID: 'c750a9c7c9bef56828790ca9b20d9bee') in 0.001 seconds [static dependencies only]. Details - ImportResultOutputID=1729376ce7f3186cdc2a5a89590d213f DependenciesID=e2337e9efbd8ce850be7bd6dcd5fc2cd StaticDependenciesID=704a7b54cd41c070471af6be30e935a4 
Importing 'GUID: b62637568d07eb141b948ab45ea8c3d4 - Path: Assets/Polytope Studio/Lowpoly_Environments/Prefabs/Trees/PT_Fruit_Tree_01_pears.prefab' with importer (PrefabImporter)
Imported 'GUID: b62637568d07eb141b948ab45ea8c3d4' -> (Import Result ID: '0fc77c9b659f3770f45338ee5ff966ec') in 0.001 seconds [static dependencies only]. Details - ImportResultOutputID=b8d50b4c4e562c5d029736aa39eb384e DependenciesID=d5f511a2052a13799e3df8d9563f49f2 StaticDependenciesID=996c13fa79929f21b7b8894c71fe94c4 
Importing 'GUID: c6a512d95615f534cbe31aba1aaa354c - Path: Assets/Polytope Studio/Lowpoly_Environments/Prefabs/Trees/PT_Fruit_Tree_01_dead.prefab' with importer (PrefabImporter)
Imported 'GUID: c6a512d95615f534cbe31aba1aaa354c' -> (Import Result ID: '75034ae5eb94d8692b3106da4f208dd2') in 0.001 seconds [static dependencies only]. Details - ImportResultOutputID=a356f5494ef77e0cd3d754707dbfb509 DependenciesID=4218c4b66d55625a399c97626d07d31d StaticDependenciesID=17e3353241a2a2de8049737ec9095131 
Importing 'GUID: c7827efbbf7212f42803476ce3f9d082 - Path: Assets/Polytope Studio/Lowpoly_Environments/Prefabs/Trees/PT_Pine_Tree_03_dead.prefab' with importer (PrefabImporter)
Imported 'GUID: c7827efbbf7212f42803476ce3f9d082' -> (Import Result ID: '173861604fa05126c7b959d7bd779394') in 0.001 seconds [static dependencies only]. Details - ImportResultOutputID=46c11bfbb4a6aa64391bac0e70a2edd1 DependenciesID=91e6d81260699781aa59e70c56229d13 StaticDependenciesID=e7872ce01ae9c75b4eea1e3009888ead 
Importing 'GUID: 58cd8dc8c2359174baa15aa31e302c8b - Path: Assets/Polytope Studio/Lowpoly_Environments/Prefabs/Rocks/PT_Generic_Rock_01.prefab' with importer (PrefabImporter)
Imported 'GUID: 58cd8dc8c2359174baa15aa31e302c8b' -> (Import Result ID: 'ba95f0977a8d9790b1e10d790e627653') in 0.001 seconds [static dependencies only]. Details - ImportResultOutputID=aa3d25d9e575e8b814f0e0c25243ba2b DependenciesID=8f2245e68ead410ebc71ea3ad4aba0d2 StaticDependenciesID=e7eb7901b59d2ca030833ae86d64a0aa 
Importing 'GUID: c8b350551fbedc84c8025d7d29f3a018 - Path: Assets/Polytope Studio/Lowpoly_Environments/Prefabs/Trees/PT_Pine_Tree_03_stump.prefab' with importer (PrefabImporter)
Imported 'GUID: c8b350551fbedc84c8025d7d29f3a018' -> (Import Result ID: '894b55f63f323df58d5c27f1297449ca') in 0.001 seconds [static dependencies only]. Details - ImportResultOutputID=a0f311b87e42e701fd1e0128d801e7a5 DependenciesID=65f109d2fcdfd4727e787594dd85651a StaticDependenciesID=33887f505f362b80184014f2f439240d 
Importing 'GUID: 7917e70f5baa68944aad80732cb08b3d - Path: Assets/Polytope Studio/Lowpoly_Demos/Environment_Free/Helpers/PT_Poppy_02_v1.prefab' with importer (PrefabImporter)
Imported 'GUID: 7917e70f5baa68944aad80732cb08b3d' -> (Import Result ID: '26d9e13b744f9bab71d7c1c6beb32729') in 0.001 seconds [static dependencies only]. Details - ImportResultOutputID=f3de9d7d115b83a7f3f020cc594b9d4b DependenciesID=fd0a3ecb3301da02b3216f94816659a9 StaticDependenciesID=ffde822e30fc6e4240219e6752ac3419 
Importing 'GUID: 3ade7fcf53c8246418eb3c493d6d2178 - Path: Assets/Polytope Studio/Lowpoly_Demos/Environment_Free/Helpers/PT_Grass_02_v2.prefab' with importer (PrefabImporter)
Imported 'GUID: 3ade7fcf53c8246418eb3c493d6d2178' -> (Import Result ID: '503c710f72767ee82b137b5bc9220c9d') in 0.001 seconds [static dependencies only]. Details - ImportResultOutputID=03b9c3d58c16f5824768731b2d52a483 DependenciesID=00b02080e87b153000a5e48902a4b4f1 StaticDependenciesID=35f6f2c000b1f7a2b58615865595fff6 
Importing 'GUID: aa8ea3d66a87ed449832e8709ec90517 - Path: Assets/Polytope Studio/Lowpoly_Demos/Environment_Free/Helpers/PT_High_Grass_02_v1.prefab' with importer (PrefabImporter)
Imported 'GUID: aa8ea3d66a87ed449832e8709ec90517' -> (Import Result ID: 'a16867e5b4340e074b5469c57671e5f1') in 0.001 seconds [static dependencies only]. Details - ImportResultOutputID=7ed377a94298fe16ecda3ddc3a1147b4 DependenciesID=d23c699fc0a04cc2ee15a85204c9be8d StaticDependenciesID=b33e90692518b64fadc929fd8c125eee 
Importing 'GUID: fb070a2d31206d9499ecc8a77be0ebf0 - Path: Assets/Polytope Studio/Lowpoly_Environments/Prefabs/Trees/PT_Fruit_Tree_01_stump.prefab' with importer (PrefabImporter)
Imported 'GUID: fb070a2d31206d9499ecc8a77be0ebf0' -> (Import Result ID: 'be6d45d15391679b446e09641e5abd42') in 0.001 seconds [static dependencies only]. Details - ImportResultOutputID=2829b7f5de27ce2f33cec1f65df9fe0e DependenciesID=183e7b804f825158dd7ac370a7254562 StaticDependenciesID=854cb77fa51aec752ec37f5ce17f0431 
Importing 'GUID: 1caa73a6296593c46bb83d678ff6609b - Path: Assets/Polytope Studio/Lowpoly_Environments/Prefabs/Trees/PT_Pine_Tree_03_green_cut.prefab' with importer (PrefabImporter)
Imported 'GUID: 1caa73a6296593c46bb83d678ff6609b' -> (Import Result ID: '0c248f0f568aa9fa9945bb09613d7d32') in 0.001 seconds [static dependencies only]. Details - ImportResultOutputID=8f0905003ad80541bea79b2156db9905 DependenciesID=d58eb92270884d447320ad977842b094 StaticDependenciesID=85432fb2a0add26bd268d5a23cea1712 
Importing 'GUID: 2c59246f075efff4eacdd481ad75421a - Path: Assets/Polytope Studio/Lowpoly_Village/Prefabs/Modular/Fence/PT_Modular_Fence_Wood_03.prefab' with importer (PrefabImporter)
Imported 'GUID: 2c59246f075efff4eacdd481ad75421a' -> (Import Result ID: '8cca05a1aaa2b93149c55020aa7b3b02') in 0.001 seconds [static dependencies only]. Details - ImportResultOutputID=47b4de604981e51d40c1a317544397ee DependenciesID=fbaae452387561053ac8b1133c47e3a5 StaticDependenciesID=4250b90a553eebcbc8ad95b59d146567 
Importing 'GUID: 6cdd667aa0034cd4dadc8d58a65fb098 - Path: Assets/Polytope Studio/Lowpoly_Environments/Prefabs/Plants/PT_Grass_02.prefab' with importer (PrefabImporter)
Imported 'GUID: 6cdd667aa0034cd4dadc8d58a65fb098' -> (Import Result ID: '6ff288c5f9f156d7544ae86d29fa854f') in 0.001 seconds [static dependencies only]. Details - ImportResultOutputID=555178987bfe59770877fe684dd31315 DependenciesID=952919943760b0e70aa983952788ab32 StaticDependenciesID=0824bd190d341301d33054f3212e42d6 
Importing 'GUID: 8cf2966042f7c2f44ac97cda7cc59eff - Path: Assets/Polytope Studio/Lowpoly_Environments/Prefabs/Shrubs/PT_Generic_Shrub_01_dead.prefab' with importer (PrefabImporter)
Imported 'GUID: 8cf2966042f7c2f44ac97cda7cc59eff' -> (Import Result ID: 'abd5fcea05f94ec72a070a4d00166ade') in 0.001 seconds [static dependencies only]. Details - ImportResultOutputID=5689a7b2124a511ef260d3f37fe0882b DependenciesID=90216009e6b1694151ef45396bbd93d3 StaticDependenciesID=1fdc5d00e599783cf94bc67a29ffd7c8 
Importing 'GUID: 3dd97330b2ebd884e9f796894e026064 - Path: Assets/Polytope Studio/Lowpoly_Environments/Prefabs/Rocks/PT_Ore_Rock_01.prefab' with importer (PrefabImporter)
Imported 'GUID: 3dd97330b2ebd884e9f796894e026064' -> (Import Result ID: '16be9b03b3fb0af838c510eea0688ae4') in 0.001 seconds [static dependencies only]. Details - ImportResultOutputID=6c68d9d7572ce2fa2d226d112e81b539 DependenciesID=b4072a8f85c15c5df1ef62464191a8c2 StaticDependenciesID=efa35b3d024d46ada562dc39362592a6 
Importing 'GUID: 5db93e6325024c749aa2663b9998053d - Path: Assets/Polytope Studio/Lowpoly_Village/Prefabs/Modular/Fence/PT_Modular_Gate_Wood_01.prefab' with importer (PrefabImporter)
Imported 'GUID: 5db93e6325024c749aa2663b9998053d' -> (Import Result ID: 'bb8d2e57f9f667898198624e4f01fc53') in 0.001 seconds [static dependencies only]. Details - ImportResultOutputID=a4d92f5db9ebd45adb45b3e703ffc02a DependenciesID=ca4646d4177c8dac62b7546935473de1 StaticDependenciesID=79a6b2bde150910ee944cdcf54394cfc 
Importing 'GUID: ae358aa425fe140409d8a560f4492730 - Path: Assets/Polytope Studio/Lowpoly_Village/Prefabs/Modular/Fence/PT_Modular_Fence_Wood_02.prefab' with importer (PrefabImporter)
Imported 'GUID: ae358aa425fe140409d8a560f4492730' -> (Import Result ID: '31604b6e9ac4fd61dbddff79313ec844') in 0.001 seconds [static dependencies only]. Details - ImportResultOutputID=b22d6b979efb5e4f997ef0cdf7ca76ba DependenciesID=54177e2579857f437d2a85122475a792 StaticDependenciesID=07ad64c00c792a2f174199c6824daf93 
Importing 'GUID: bee651b89d6b3ef48b19cfe8a4c9fa42 - Path: Assets/Polytope Studio/Lowpoly_Environments/Prefabs/Rocks/PT_River_Rock_Pile_02.prefab' with importer (PrefabImporter)
Imported 'GUID: bee651b89d6b3ef48b19cfe8a4c9fa42' -> (Import Result ID: '146929acf7d249d96e2ecdafd5ee5d83') in 0.001 seconds [static dependencies only]. Details - ImportResultOutputID=cb5f07cdcd053988c1af5cf785568c36 DependenciesID=e1bc47a2a26852d3075ce726bc61fd8b StaticDependenciesID=11e775d51ad16616c8684c38b1f3be3c 
Importing 'GUID: 0f3d14a9a6b2ceb469c15d151552a614 - Path: Assets/Polytope Studio/Lowpoly_Environments/Prefabs/Rocks/PT_Menhir_Rock_02.prefab' with importer (PrefabImporter)
Imported 'GUID: 0f3d14a9a6b2ceb469c15d151552a614' -> (Import Result ID: 'ad706652ced0f442bc923d6392344a48') in 0.001 seconds [static dependencies only]. Details - ImportResultOutputID=abdf0864af71fd3c5f309f5d0f124dc0 DependenciesID=d5cb3b8cbdcb3f6c8f7c18d1de604e61 StaticDependenciesID=37ae8296df45aaed45f56d21ab406fe4 
Importing 'GUID: ef8374d642969b14baa54045236c5fb0 - Path: Assets/Polytope Studio/Lowpoly_Environments/Prefabs/Shrubs/PT_Generic_Shrub_01_green.prefab' with importer (PrefabImporter)
Imported 'GUID: ef8374d642969b14baa54045236c5fb0' -> (Import Result ID: 'b9d2e6cca9a187055663c936367d409a') in 0.001 seconds [static dependencies only]. Details - ImportResultOutputID=165f85f718f0e6037cdd73c413eba4d7 DependenciesID=4ba43ec05a7f8a6b4f12c3781e7f5b89 StaticDependenciesID=1a10743481235c9986c2ea948742e6b9 
MaterialLocation.External is obsolete. External Material Location is no longer supported. (Assets/Polytope Studio/Lowpoly_Environments/Sources/Meshes/Trees/PT_Fruit_Tree_01_logs.fbx)
MaterialLocation.External is obsolete. External Material Location is no longer supported. (Assets/Polytope Studio/Lowpoly_Village/Sources/Meshes/Modular/Fence/PT_Modular_Fence_Wood_02.fbx)
MaterialLocation.External is obsolete. External Material Location is no longer supported. (Assets/Polytope Studio/Lowpoly_Environments/Sources/Meshes/Rocks/PT_River_Rock_Pile_02.fbx)
MaterialLocation.External is obsolete. External Material Location is no longer supported. (Assets/Polytope Studio/Lowpoly_Environments/Sources/Meshes/Rocks/PT_Ore_Rock_01_split.fbx)
MaterialLocation.External is obsolete. External Material Location is no longer supported. (Assets/Polytope Studio/Lowpoly_Village/Sources/Meshes/Modular/Bridge/PT_Wooden_Bridge_02.fbx)
MaterialLocation.External is obsolete. External Material Location is no longer supported. (Assets/Polytope Studio/Lowpoly_Environments/Sources/Meshes/Mushrooms/PT_Caesars_Mushroom_01.fbx)
MaterialLocation.External is obsolete. External Material Location is no longer supported. (Assets/Polytope Studio/Lowpoly_Environments/Sources/Meshes/Trees/PT_Fruit_Tree_01_green_cut.fbx)
MaterialLocation.External is obsolete. External Material Location is no longer supported. (Assets/Polytope Studio/Lowpoly_Environments/Sources/Meshes/Trees/PT_Pine_Tree_03_green_cut.fbx)
MaterialLocation.External is obsolete. External Material Location is no longer supported. (Assets/Polytope Studio/Lowpoly_Environments/Sources/Meshes/Trees/PT_Fruit_Tree_01_plums.fbx)
MaterialLocation.External is obsolete. External Material Location is no longer supported. (Assets/Polytope Studio/Lowpoly_Environments/Sources/Meshes/Trees/PT_Fruit_Tree_01_dead.fbx)
MaterialLocation.External is obsolete. External Material Location is no longer supported. (Assets/Polytope Studio/Lowpoly_Environments/Sources/Meshes/Trees/PT_Pine_Tree_03_green.fbx)
MaterialLocation.External is obsolete. External Material Location is no longer supported. (Assets/Polytope Studio/Lowpoly_Environments/Sources/Meshes/Rocks/PT_Generic_Rock_01.fbx)
MaterialLocation.External is obsolete. External Material Location is no longer supported. (Assets/Polytope Studio/Lowpoly_Environments/Sources/Meshes/Trees/PT_Fruit_Tree_01_dead_cut.fbx)
MaterialLocation.External is obsolete. External Material Location is no longer supported. (Assets/Polytope Studio/Lowpoly_Environments/Sources/Meshes/Trees/PT_Fruit_Tree_01_apples.fbx)
MaterialLocation.External is obsolete. External Material Location is no longer supported. (Assets/Polytope Studio/Lowpoly_Environments/Sources/Meshes/Shrubs/PT_Generic_Shrub_01_green.fbx)
MaterialLocation.External is obsolete. External Material Location is no longer supported. (Assets/Polytope Studio/Lowpoly_Environments/Sources/Meshes/Rocks/PT_Ore_Rock_01.fbx)
MaterialLocation.External is obsolete. External Material Location is no longer supported. (Assets/Polytope Studio/Lowpoly_Environments/Sources/Meshes/Trees/PT_Pine_Tree_03_stump.fbx)
MaterialLocation.External is obsolete. External Material Location is no longer supported. (Assets/Polytope Studio/Lowpoly_Village/Sources/Meshes/Modular/Fence/PT_Modular_Fence_Wood_03.fbx)
MaterialLocation.External is obsolete. External Material Location is no longer supported. (Assets/Polytope Studio/Lowpoly_Village/Sources/Meshes/Modular/Fence/PT_Modular_Fence_Wood_01.fbx)
MaterialLocation.External is obsolete. External Material Location is no longer supported. (Assets/Polytope Studio/Lowpoly_Environments/Sources/Meshes/Trees/PT_Pine_Tree_03_logs.fbx)
MaterialLocation.External is obsolete. External Material Location is no longer supported. (Assets/Polytope Studio/Lowpoly_Environments/Sources/Meshes/Shrubs/PT_Generic_Shrub_01_dead.fbx)
MaterialLocation.External is obsolete. External Material Location is no longer supported. (Assets/Polytope Studio/Lowpoly_Environments/Sources/Meshes/Trees/PT_Pine_Tree_03_dead.fbx)
MaterialLocation.External is obsolete. External Material Location is no longer supported. (Assets/Polytope Studio/Lowpoly_Environments/Sources/Meshes/Rocks/PT_Menhir_Rock_02.fbx)
MaterialLocation.External is obsolete. External Material Location is no longer supported. (Assets/Polytope Studio/Lowpoly_Environments/Sources/Meshes/Flowers/PT_Poppy_02.fbx)
MaterialLocation.External is obsolete. External Material Location is no longer supported. (Assets/Polytope Studio/Lowpoly_Environments/Sources/Meshes/Trees/PT_Fruit_Tree_01_stump.fbx)
MaterialLocation.External is obsolete. External Material Location is no longer supported. (Assets/Polytope Studio/Lowpoly_Environments/Sources/Meshes/Trees/PT_Pine_Tree_03_dead_cut.fbx)
MaterialLocation.External is obsolete. External Material Location is no longer supported. (Assets/Polytope Studio/Lowpoly_Village/Sources/Meshes/Modular/Fence/PT_Modular_Gate_Wood_01.fbx)
MaterialLocation.External is obsolete. External Material Location is no longer supported. (Assets/Polytope Studio/Lowpoly_Environments/Sources/Meshes/Trees/PT_Fruit_Tree_01_green.fbx)
MaterialLocation.External is obsolete. External Material Location is no longer supported. (Assets/Polytope Studio/Lowpoly_Environments/Sources/Meshes/Plants/PT_Grass_02.fbx)
MaterialLocation.External is obsolete. External Material Location is no longer supported. (Assets/Polytope Studio/Lowpoly_Environments/Sources/Meshes/Trees/PT_Fruit_Tree_01_pears.fbx)
Launched and connected shader compiler UnityShaderCompiler.exe after 0.01 seconds
Launched and connected shader compiler UnityShaderCompiler.exe after 0.01 seconds
Launched and connected shader compiler UnityShaderCompiler.exe after 0.01 seconds
Launched and connected shader compiler UnityShaderCompiler.exe after 0.01 seconds
Launched and connected shader compiler UnityShaderCompiler.exe after 0.01 seconds
Launched and connected shader compiler UnityShaderCompiler.exe after 0.01 seconds
Launched and connected shader compiler UnityShaderCompiler.exe after 0.01 seconds
Launched and connected shader compiler UnityShaderCompiler.exe after 0.01 seconds
Launched and connected shader compiler UnityShaderCompiler.exe after 0.01 seconds
Launched and connected shader compiler UnityShaderCompiler.exe after 0.01 seconds
Launched and connected shader compiler UnityShaderCompiler.exe after 0.01 seconds
Launched and connected shader compiler UnityShaderCompiler.exe after 0.01 seconds
Launched and connected shader compiler UnityShaderCompiler.exe after 0.01 seconds
Launched and connected shader compiler UnityShaderCompiler.exe after 0.01 seconds
Launched and connected shader compiler UnityShaderCompiler.exe after 0.01 seconds
Launched and connected shader compiler UnityShaderCompiler.exe after 0.01 seconds
Launched and connected shader compiler UnityShaderCompiler.exe after 0.01 seconds
Launched and connected shader compiler UnityShaderCompiler.exe after 0.01 seconds
Launched and connected shader compiler UnityShaderCompiler.exe after 0.01 seconds
Refreshing native plugins compatible for Editor in 2.08 ms, found 4 plugins.

Asset Pipeline Refresh (id=bc2153eb0a8cfc64c8617745f4c017b3): Total: 15.918 seconds - Initiated by InitialRefreshV2(ForceSynchronousImport)
	(Values over 0.05ms)
	Summary:
		Imports: total=187 (actual=187, local cache=0, cache server=0)
		Asset DB Process Time: managed=34 ms, native=12188 ms
		Asset DB Callback time: managed=389 ms, native=122 ms
		Scripting: domain reloads=1, domain reload time=849 ms, compile time=2286 ms, other=47 ms
		Project Asset Count: scripts=1409, non-scripts=2462
		Asset File Changes: new=189, changed=190, moved=0, deleted=0
		Scan Filter Count: 0
	InvokePackagesCallback: 17.179ms
	ApplyChangesToAssetFolders: 0.759ms
	Scan: 93.965ms
	Collect global state as custom dependencies: 15.419ms
	OnSourceAssetsModified: 5.908ms
	CategorizeScriptCompilationAssets: 32.739ms
	ProcessAssetsWithTransientArtifactChanges: 59.456ms
	CategorizeAssets: 40.292ms
	CompileScripts: 2286.052ms
	ImportOutOfDateAssets: 11855.643ms (744.678ms without children)
		ImportManagerImport: 11099.789ms (12.776ms without children)
			UpdateCategorizedAssets: 0.736ms
		UnloadImportedAssets: 0.578ms
		EnsureUptoDateAssetsAreRegisteredWithGuidPM: 0.385ms
		ImportSchedulerStart: 10.178ms
	PostProcessAllAssets: 487.169ms
		ShaderAssetModifiedCallback 70.846ms
		VersionControlSettings.HiddenFilePostprocess 6.963ms
		VCAutoAddAssetPostprocess 0.754ms
		XRBuildSystem.XRAssetImported 0.367ms
		ComputeShaderImportPostprocess 0.334ms
		PostProcessCallbackCreateDeferredMaterials 0.263ms
		RaytracingShaderImportPostprocess 0.239ms
		SpeedTreeImporter.PostprocessAllAssets 0.214ms
		BlockShaderImporter.PostprocessAllAssets 0.119ms
		LocalizationDatabase.AssetDatabasePostprocessCallback 0.114ms
		AssemblyValidation.PostprocessAllAssets 0.102ms
		MonoPostProcessAllAssets: 388.448ms
			SyncVS.PostprocessSyncProject 197.533ms
			AssetPostprocessor.OnPostprocessAllAssets 112.401ms
			UniversalRenderPipelineGlobalSettingsPostprocessor.OnPostprocessAllAssets 16.677ms
			StyleCatalogPostProcessor.OnPostprocessAllAssets 11.373ms
			ShaderGraphAssetPostProcessor.OnPostprocessAllAssets 7.846ms
			AssetChangedListener.OnPostprocessAllAssets 6.589ms
			BuilderAssetPostprocessor.OnPostprocessAllAssets 4.566ms
			TextAssetPostProcessor.OnPostprocessAllAssets 2.150ms
			SpeedTree9Postprocessor.OnPostprocessAllAssets 1.900ms
			MaterialPostprocessor.OnPostprocessAllAssets 1.711ms
			PostProcessor.OnPostprocessAllAssets 1.415ms
			WindowAssetPostprocessingWatcher.OnPostprocessAllAssets 1.306ms
			RenderPipelineGlobalSettingsPostprocessor.OnPostprocessAllAssets 1.210ms
			RetainedModeAssetPostprocessor.OnPostprocessAllAssets 1.149ms
			InputActionAssetPostprocessor.OnPostprocessAllAssets 0.939ms
			InputActionJsonNameModifierAssetProcessor.OnPostprocessAllAssets 0.921ms
			EditModeScopePostprocessor.OnPostprocessAllAssets 0.634ms
			ShaderReflectionAssetPostProcessor.OnPostprocessAllAssets 0.459ms
			ArtifactBrowserPostProcessor.OnPostprocessAllAssets 0.417ms
			UVCSAssetPostprocessor.OnPostprocessAllAssets 0.340ms
			ProjectSettingsPostprocessor.OnPostprocessAllAssets 0.255ms
			ReferencedClipsPostProcessor.OnPostprocessAllAssets 0.228ms
			AudioMixerPostprocessor.OnPostprocessAllAssets 0.224ms
			AssetEvents.OnPostprocessAllAssets 0.199ms
			TerrainToolbarOverlayPostProcessor.OnPostprocessAllAssets 0.195ms
			TMPro_TexturePostProcessor.OnPostprocessAllAssets 0.193ms
			SpeedTreePostProcessor.OnPostprocessAllAssets 0.192ms
			PT_ImportDetector.OnPostprocessAllAssets 0.183ms
			SamplePostprocessor.OnPostprocessAllAssets 0.156ms
			ThemePostprocessor.OnPostprocessAllAssets 0.147ms
			AssetDatabaseCallbacks.OnPostprocessAllAssets 0.116ms
			ConfigAssetsTracker.OnPostprocessAllAssets 0.102ms
			ScenarioDriftAssetsTracker.OnPostprocessAllAssets 0.087ms
			AssetReloadNotifier.OnPostprocessAllAssets 0.077ms
			AudioContainerPostProcessor.OnPostprocessAllAssets 0.055ms
	PostAssetChangesProfiler: 3.981ms
	UnloadStreamsBegin: 1.797ms
	PersistCurrentRevisions: 0.534ms
	GenerateScriptTypeHashes: 1.067ms
	GenerateScriptTypeSerializationHashes: 1.960ms
	Untracked: 998.970ms

Application.AssetDatabase Initial Refresh End
Scanning for USB devices : 2.769ms
Initializing Unity extensions:
[MODES] ModeService[none].Initialize
[MODES] ModeService[none].LoadModes
[MODES] Loading mode Default (0) for mode-current-id-Grass Cutting Simulator
Unloading 83 Unused Serialized files (Serialized files now loaded: 0)
Loaded scene 'Assets/Scenes/SampleScene.unity'
	Deserialize:            3.708 ms
	Integration:            20.635 ms
	Integration of assets:  0.002 ms
	Thread Wait Time:       0.012 ms
	Total Operation Time:   24.358 ms
Unloading 7066 unused Assets / (9.4 MB). Loaded Objects now: 7671.
Memory consumption went from 482.6 MB to 473.2 MB.
Total: 9.061600 ms (FindLiveObjects: 0.676300 ms CreateObjectMapping: 0.346600 ms MarkObjects: 4.842300 ms  DeleteObjects: 2.923900 ms)

[LAYOUT] About to load UserSettings\Layouts\default-6000.dwlt, keepMainWindow=False
[LAYOUT] About to save layout C:\Users\Vili\Desktop\github\Grass-Cutting-Simulator\Grass Cutting Simulator\UserSettings\Layouts\default-6000.dwlt
[LAYOUT] About to save layout C:/Users/Vili/AppData/Roaming/Unity/Editor-5.x/Preferences\Layouts\current\default-6000.dwlt
[MODES] ModeService[default].InitializeCurrentMode
[MODES] ModeService[default].RaiseModeChanged(default, default)
<RI> Initializing input.
Using Windows.Gaming.Input
[Project] Loading completed in 19.675 seconds
	Project init time: 				18.732 seconds
		Template init time: 		0.000 seconds
		Package Manager init time: 		0.852 seconds
		Asset Database init time: 		0.216 seconds
		Global illumination init time: 	0.003 seconds
		Assemblies load time: 			1.052 seconds
		Unity extensions init time: 	0.013 seconds
		Asset Database refresh time: 	15.918 seconds
	Scene opening time: 			0.743 seconds
##utp:{"type":"ProjectInfo","version":2,"phase":"Immediate","time":1790875551508,"processId":21032,"projectLoad":19.6751878,"projectInit":18.7323603,"templateInit":0.0,"packageManagerInit":0.8523134,"assetDatabaseInit":0.2159157,"globalIlluminationInit":0.0031634,"assembliesLoad":1.0519993,"unityExtensionsInit":0.01339,"assetDatabaseRefresh":15.9177312,"sceneOpening":0.7427889}
##utp:{"type":"EditorInfo","version":2,"phase":"Immediate","time":1790875551508,"processId":21032,"editorVersion":"6000.6.3f1 (45d8eee7de74)","branch":"6000.6/staging","buildType":"Release","platform":"Windows"}
GPU Resident Drawer created.
Starting new worker id: 1 with log in C:/Users/Vili/Desktop/github/Grass-Cutting-Simulator/Grass Cutting Simulator/Logs/AssetImportWorkerHW1.log
Created GICache directory at C:/Users/Vili/AppData/LocalLow/Unity/Caches/GiCache. Took: 0.014s, timestamps: [20.582 - 20.596]
[Licensing::Client] Successfully resolved entitlement details
[Licensing::Client] Successfully resolved entitlement details
[Licensing::Client] Successfully resolved entitlement details
[Worker0] Imported GUID: 36986a7ae10be8447a485caceba8c0ab - Path: Assets/a_low_poly_3D_model_o_0928225801_refine.fbx - Importer: PreviewImporter -> (ImportResultId: '8ad278048f55d0fea71c8143440f44e5') in 0.408816 seconds
[Worker0] Imported GUID: a3da565160a7367429bc2fd058201787 - Path: Assets/New Terrain.asset - Importer: PreviewImporter -> (ImportResultId: 'f5852a2daa92a8c51506a87a08c61281') in 0.0345352 seconds
[Licensing::Client] Successfully updated the access token
[Licensing::Module] Successfully updated access token: "0BpFw1xh"... (expires: 2026-10-01T19:05:00Z)
Project ID request failed, Reason: The requested URL returned error: 403 (403).
Unknown Unity Connect error (400). Please contact support at support@unity.com while processing request "https://services.unity.com/api/unity/legacy/v1/projects/7d824529-088f-4f09-9f4c-c0d29d82a747", HTTP error code 403
.Worker ready: AssetImportWorkerHW1 1
Asset Pipeline Refresh (id=705deea4b81a0d346a8049dfe257f124): Total: 0.061 seconds - Initiated by RefreshV2(AllowForceSynchronousImport)
Start Indexing on Editor startup
[Indexing] Starting Initial Indexing for Assets
[Licensing::Client] Successfully resolved entitlement details
Starting new worker id: 2 with log in C:/Users/Vili/Desktop/github/Grass-Cutting-Simulator/Grass Cutting Simulator/Logs/AssetImportWorkerHW2.log
[Worker0] MaterialLocation.External is obsolete. External Material Location is no longer supported. (Assets/Polytope Studio/Lowpoly_Environments/Sources/Meshes/Trees/PT_Fruit_Tree_01_logs.fbx)
[Worker0] Imported GUID: 268a14e7ef45f1542a7d335b0a20d200 - Path: Assets/Polytope Studio/Lowpoly_Environments/Sources/Meshes/Trees/PT_Fruit_Tree_01_logs.fbx - Importer: ScriptedImporter/UnityEditor.QuickSearchModule:UnityEditor.Search:ASIAI0B -> (ImportResultId: '55929b5533fc0b25814bc15e61b46095') in 0.0913282 seconds
[Worker0] Imported GUID: 194ffb9f0c5b86f4aaa6ac1ef3ade1ed - Path: Assets/Polytope Studio/Lowpoly_Environments/URP/PT_Nature_Free_URP_12.unitypackage - Importer: ScriptedImporter/UnityEditor.QuickSearchModule:UnityEditor.Search:ASIAI0B -> (ImportResultId: 'ad7b648f997bd7aeefeeaaa70d0fb348') in 0.0107162 seconds
[Worker0] Imported GUID: d55b08511377b684395dab1b9fba6a16 - Path: Assets/Polytope Studio/Lowpoly_Village/Sources/Materials/PT_Buildings_mat.mat - Importer: ScriptedImporter/UnityEditor.QuickSearchModule:UnityEditor.Search:ASIAI0B -> (ImportResultId: 'd4f937ca3989ff3f1828e822dd8c8082') in 0.0450772 seconds
[Worker0] Imported GUID: 68d9417a84829c6459075121b8ac78bd - Path: Assets/Polytope Studio/Lowpoly_Environments/URP/PT_Nature_Free_URP_17.unitypackage - Importer: ScriptedImporter/UnityEditor.QuickSearchModule:UnityEditor.Search:ASIAI0B -> (ImportResultId: '442d9e5d1a86682dbf81168074943303') in 0.007947 seconds
[Worker0] Imported GUID: 443409fd0c41a114ea53fa917605b527 - Path: Assets/Polytope Studio/Welcome_Screen/Editor/Textures/icon_twitter.png - Importer: ScriptedImporter/UnityEditor.QuickSearchModule:UnityEditor.Search:ASIAI0B -> (ImportResultId: '14db23f4675e49ceb5ed552ee3119d8a') in 0.0263112 seconds
[Worker0] Imported GUID: aac20e0005fef5248bc0774a19a05e87 - Path: Assets/Polytope Studio/Lowpoly_Environments/Sources/Materials/PT_Generic_Leaf_mat.mat - Importer: ScriptedImporter/UnityEditor.QuickSearchModule:UnityEditor.Search:ASIAI0B -> (ImportResultId: '9870059a5aa9d3a0946a13bf10b28de5') in 0.0487306 seconds
[Worker0] Imported GUID: d9f3564d21751d046890366f3fc55400 - Path: Assets/Polytope Studio/Lowpoly_Demos/Environment_Free/Helpers/Terrain/TerrainData_c82c1fc5-a7ad-4f88-a7ff-c071a4dae8e5.asset - Importer: ScriptedImporter/UnityEditor.QuickSearchModule:UnityEditor.Search:ASIAI0B -> (ImportResultId: '971d942e1a1ba2c189dea83145ad829f') in 0.0301252 seconds
[Worker0] Imported GUID: e6ce4253a748b0849a04b87f33cc539d - Path: Assets/Polytope Studio/Lowpoly_Environments/Sources/Materials/PT_Generic_Tree_Trunk_mat.mat - Importer: ScriptedImporter/UnityEditor.QuickSearchModule:UnityEditor.Search:ASIAI0B -> (ImportResultId: 'f83cab31b974f0ce4517a369e31febdb') in 0.0562304 seconds
[Worker0] Imported GUID: 3ade7fcf53c8246418eb3c493d6d2178 - Path: Assets/Polytope Studio/Lowpoly_Demos/Environment_Free/Helpers/PT_Grass_02_v2.prefab - Importer: ScriptedImporter/UnityEditor.QuickSearchModule:UnityEditor.Search:ASIAI0B -> (ImportResultId: '395f84ba4ffbc66b5bf4779f62a0e684') in 0.0118304 seconds
[Worker0] Imported GUID: c79904a7cd1e74c488b60bd79b66ed54 - Path: Assets/Polytope Studio/Lowpoly_Environments/Sources/Materials - Importer: ScriptedImporter/UnityEditor.QuickSearchModule:UnityEditor.Search:ASIAI0B -> (ImportResultId: 'bf55a74bc53b7c87a9925f1c4803b9cc') in 0.0082215 seconds
[Worker0] MaterialLocation.External is obsolete. External Material Location is no longer supported. (Assets/Polytope Studio/Lowpoly_Environments/Sources/Meshes/Rocks/PT_Ore_Rock_01_split.fbx)
[Worker0] Imported GUID: e011a827265c38e44baeae9310a2a9e2 - Path: Assets/Polytope Studio/Lowpoly_Environments/Sources/Meshes/Rocks/PT_Ore_Rock_01_split.fbx - Importer: ScriptedImporter/UnityEditor.QuickSearchModule:UnityEditor.Search:ASIAI0B -> (ImportResultId: '440c093591e44d448bacd4e352c626e1') in 0.0139539 seconds
[Worker0] Imported GUID: f7ce30ec9b280b34cacb1a1005349890 - Path: Assets/Polytope Studio/Lowpoly_Demos/Environment_Free/Helpers/Ground_Layer_02.terrainlayer - Importer: ScriptedImporter/UnityEditor.QuickSearchModule:UnityEditor.Search:ASIAI0B -> (ImportResultId: '3e0f0b20d5d2d2ade665dfc69cc8cfdf') in 0.0124616 seconds
[Worker0] MaterialLocation.External is obsolete. External Material Location is no longer supported. (Assets/Polytope Studio/Lowpoly_Village/Sources/Meshes/Modular/Fence/PT_Modular_Fence_Wood_03.fbx)
[Worker0] Imported GUID: 955f7ab7f12013b42b2aa2e494846f3a - Path: Assets/Polytope Studio/Lowpoly_Village/Sources/Meshes/Modular/Fence/PT_Modular_Fence_Wood_03.fbx - Importer: ScriptedImporter/UnityEditor.QuickSearchModule:UnityEditor.Search:ASIAI0B -> (ImportResultId: 'e45aba2053887a305db52888163d4555') in 0.0152041 seconds
[Worker0] Imported GUID: 233bc25dd4bfa8846b700d547592a78e - Path: Assets/Polytope Studio/Lowpoly_Environments/Sources/Meshes - Importer: ScriptedImporter/UnityEditor.QuickSearchModule:UnityEditor.Search:ASIAI0B -> (ImportResultId: 'db2780f8fd76eb8c926dcfb91abef28e') in 0.0082015 seconds
[Worker0] Imported GUID: c31bf8ec8e29cd74f9fb9a970fde7a53 - Path: Assets/Polytope Studio/Lowpoly_Environments/Prefabs/Trees/PT_Fruit_Tree_01_green.prefab - Importer: ScriptedImporter/UnityEditor.QuickSearchModule:UnityEditor.Search:ASIAI0B -> (ImportResultId: 'f5da0f798cef8dfa9e694c9bca45541e') in 0.0104184 seconds
[Worker0] Imported GUID: 759f0621eee5d054190312b280f3d0ef - Path: Assets/Polytope Studio/Lowpoly_Environments/Sources/Meshes/Trees - Importer: ScriptedImporter/UnityEditor.QuickSearchModule:UnityEditor.Search:ASIAI0B -> (ImportResultId: '17cbb842a9b3eda2d9d3eea9d83de7fd') in 0.0081644 seconds
[Worker0] The tree PT_Caesars_Mushroom_01 must use the Nature/Soft Occlusion shader. Otherwise billboarding/lighting will not work correctly.
UnityEngine.Debug:ExtractStackTraceNoAlloc (byte*,int,string)
UnityEngine.StackTraceUtility:ExtractStackTrace ()
UnityEditor.AssetDatabase:LoadMainAssetAtPath (string)
UnityEditor.Search.AssetIndexer:IndexProperties (int&,string&,bool&)
UnityEditor.Search.AssetIndexer:IndexDocument (string,bool)
UnityEditor.Search.SearchIndexArtifactImporter:OnImportAsset (UnityEditor.AssetImporters.AssetImportContext)
UnityEditor.AssetImporters.ScriptedImporter:GenerateAssetData (UnityEditor.AssetImporters.AssetImportContext)

[C:\build\output\unity\unity\Modules\Terrain\Public\TreeDatabase.cpp line 355]

[Worker0] Imported GUID: f2e008cefb3ff674e8c681a3f961fb80 - Path: Assets/Polytope Studio/Lowpoly_Demos/Environment_Free/Helpers/Terrain/TerrainData_88efe361-6f68-4188-bcd0-e9554ca440b9.asset - Importer: ScriptedImporter/UnityEditor.QuickSearchModule:UnityEditor.Search:ASIAI0B -> (ImportResultId: 'b20663ad24d3c14ae7b29c8eadbea942') in 0.0571191 seconds
[Worker0] Imported GUID: be41ee6ac43e67344981ef736f6e5ca2 - Path: Assets/Polytope Studio/Lowpoly_Environments - Importer: ScriptedImporter/UnityEditor.QuickSearchModule:UnityEditor.Search:ASIAI0B -> (ImportResultId: '29b3e07aff1987eec2496ae025455ffc') in 0.0101679 seconds
[Worker0] Imported GUID: fa0c858bdcc96034db2d517c25f78cbc - Path: Assets/Polytope Studio/Welcome_Screen/Editor/Textures/demo2.png - Importer: ScriptedImporter/UnityEditor.QuickSearchModule:UnityEditor.Search:ASIAI0B -> (ImportResultId: '6a2eb9fdb7470876acddac27062a15bc') in 0.0101155 seconds
[Worker0] Imported GUID: c074246cbfde8eb4bb1b1203417f3bf2 - Path: Assets/Polytope Studio/Lowpoly_Environments/Prefabs/Rocks - Importer: ScriptedImporter/UnityEditor.QuickSearchModule:UnityEditor.Search:ASIAI0B -> (ImportResultId: '4d8438cc5d5c861bae9a68266933bbcd') in 0.0082812 seconds
[Worker0] Imported GUID: 2133ab72c9db7a848a24f4062c21aa18 - Path: Assets/Polytope Studio/Welcome_Screen/Editor/Textures/game5.png - Importer: ScriptedImporter/UnityEditor.QuickSearchModule:UnityEditor.Search:ASIAI0B -> (ImportResultId: '04e252d7ce969de31e0c65072775427a') in 0.0105456 seconds
[Worker0] Imported GUID: 021e9eaa88033da4c94bcdeddffe6562 - Path: Assets/Polytope Studio/Lowpoly_Environments/Sources/Meshes/Trees/PT_Pine_Tree_03_dead.fbx - Importer: ScriptedImporter/UnityEditor.QuickSearchModule:UnityEditor.Search:ASIAI0B -> (ImportResultId: '728b03b22b75a4b0b176da5df429758a') in 0.0126695 seconds
[Worker0] MaterialLocation.External is obsolete. External Material Location is no longer supported. (Assets/Polytope Studio/Lowpoly_Environments/Sources/Meshes/Trees/PT_Pine_Tree_03_dead.fbx)
[Worker0] Imported GUID: d2f321fff7f05aa49ad106541e997dd3 - Path: Assets/Polytope Studio/Lowpoly_Environments/Sources/Textures/PT_Fruit_Tree_Leaves_01.png - Importer: ScriptedImporter/UnityEditor.QuickSearchModule:UnityEditor.Search:ASIAI0B -> (ImportResultId: 'c32cb5b70c48ffbe94d24f21d8813eb9') in 0.0160341 seconds
[Worker0] MaterialLocation.External is obsolete. External Material Location is no longer supported. (Assets/Polytope Studio/Lowpoly_Environments/Sources/Meshes/Rocks/PT_River_Rock_Pile_02.fbx)
[Worker0] Imported GUID: e5e1b3c0d2be60b47981235187af0936 - Path: Assets/Polytope Studio/Lowpoly_Environments/Sources/Meshes/Rocks/PT_River_Rock_Pile_02.fbx - Importer: ScriptedImporter/UnityEditor.QuickSearchModule:UnityEditor.Search:ASIAI0B -> (ImportResultId: 'ef07743582ba93fbea4fc9d42be38c8d') in 0.0123441 seconds
[Worker0] Imported GUID: a195a893970f3ab4990bd06e18a0b308 - Path: Assets/Polytope Studio/Lowpoly_Environments/Sources/Textures/PT_Rocks_01.png - Importer: ScriptedImporter/UnityEditor.QuickSearchModule:UnityEditor.Search:ASIAI0B -> (ImportResultId: '6194f81360c62bf777d9d9cea6894469') in 0.0175272 seconds
[Worker0] Imported GUID: 14ce2d65946738f43a28d751e95a91c2 - Path: Assets/Polytope Studio/Lowpoly_Environments/Sources/Shaders - Importer: ScriptedImporter/UnityEditor.QuickSearchModule:UnityEditor.Search:ASIAI0B -> (ImportResultId: '59241643464cd9fa732d90106d522a2d') in 0.0097642 seconds
[Worker0] MaterialLocation.External is obsolete. External Material Location is no longer supported. (Assets/Polytope Studio/Lowpoly_Environments/Sources/Meshes/Trees/PT_Fruit_Tree_01_dead.fbx)
[Worker0] Imported GUID: 3ebf65d3a6489594ca09a35d85d43b0a - Path: Assets/Polytope Studio/Lowpoly_Environments/Sources/Meshes/Trees/PT_Fruit_Tree_01_dead.fbx - Importer: ScriptedImporter/UnityEditor.QuickSearchModule:UnityEditor.Search:ASIAI0B -> (ImportResultId: '277522824e70419d330516ce5327ad53') in 0.0129104 seconds
[Worker0] Imported GUID: 52ac57c2c14c60b4d88913beb57dce00 - Path: Assets/Polytope Studio/Lowpoly_Demos/Environment_Free/Helpers/Ground_Layer_01.terrainlayer - Importer: ScriptedImporter/UnityEditor.QuickSearchModule:UnityEditor.Search:ASIAI0B -> (ImportResultId: '7832f1e62d08569283df3e37441d617c') in 0.0117111 seconds
[Worker0] MaterialLocation.External is obsolete. External Material Location is no longer supported. (Assets/Polytope Studio/Lowpoly_Environments/Sources/Meshes/Trees/PT_Fruit_Tree_01_plums.fbx)
[Worker0] Imported GUID: 0ef9f3b550a8ffd40ab0be1ae6034fe1 - Path: Assets/Polytope Studio/Lowpoly_Environments/Sources/Meshes/Trees/PT_Fruit_Tree_01_plums.fbx - Importer: ScriptedImporter/UnityEditor.QuickSearchModule:UnityEditor.Search:ASIAI0B -> (ImportResultId: '3b49f0fcf318e9fe0d2d5a681a256b67') in 0.012981 seconds
[Worker0] Imported GUID: 53e1939cdeda3f04caaa240bfd830e5e - Path: Assets/Polytope Studio/Lowpoly_Environments/Prefabs/Trees/PT_Pine_Tree_03_dead_cut.prefab - Importer: ScriptedImporter/UnityEditor.QuickSearchModule:UnityEditor.Search:ASIAI0B -> (ImportResultId: '04eb90d4954b4f18bc62cbf541fc1d9f') in 0.013424 seconds
[Worker0] Imported GUID: 21a364ddeffc797439f2a5721660b0e6 - Path: Assets/Polytope Studio/Lowpoly_Village/Prefabs/Modular/Fence/PT_Modular_Fence_Wood_01.prefab - Importer: ScriptedImporter/UnityEditor.QuickSearchModule:UnityEditor.Search:ASIAI0B -> (ImportResultId: 'd8e0db060a76526f05974b819229c544') in 0.0122315 seconds
[Worker0] Imported GUID: fb18d91a172a7f646a87b3d1b31e20e5 - Path: Assets/Polytope Studio/Welcome_Screen/Editor/Textures/icon_Youtube.png - Importer: ScriptedImporter/UnityEditor.QuickSearchModule:UnityEditor.Search:ASIAI0B -> (ImportResultId: 'f3dcb5f6311491a6abc9beb8d081da15') in 0.010776 seconds
Starting new worker id: 3 with log in C:/Users/Vili/Desktop/github/Grass-Cutting-Simulator/Grass Cutting Simulator/Logs/AssetImportWorkerHW3.log
[Worker0] Imported GUID: 8c71f03fcb0c13644a30696cafc5cda8 - Path: Assets/Polytope Studio/Lowpoly_Environments/Sources/Meshes/Plants/PT_Grass_02.fbx - Importer: ScriptedImporter/UnityEditor.QuickSearchModule:UnityEditor.Search:ASIAI0B -> (ImportResultId: 'e5ac052828ba4fbdc03f4e0521486579') in 0.0132631 seconds
[Worker0] MaterialLocation.External is obsolete. External Material Location is no longer supported. (Assets/Polytope Studio/Lowpoly_Environments/Sources/Meshes/Plants/PT_Grass_02.fbx)
[Worker0] Imported GUID: 3b363c299ea09004da446d737b8dc988 - Path: Assets/Polytope Studio/Welcome_Screen/Editor/Textures/icon_artstation.png - Importer: ScriptedImporter/UnityEditor.QuickSearchModule:UnityEditor.Search:ASIAI0B -> (ImportResultId: 'e7b66d7a923d43f90f9a3e6ce0e99a26') in 0.0129139 seconds
[Worker0] Imported GUID: d909ab474b336d64d92b2e7c7418929d - Path: Assets/Polytope Studio/Welcome_Screen/Editor/Textures/game2.png - Importer: ScriptedImporter/UnityEditor.QuickSearchModule:UnityEditor.Search:ASIAI0B -> (ImportResultId: 'd9758a6ccf7da3132c6909ebd5b2ee3d') in 0.0142006 seconds
[Worker0] Imported GUID: d250af4848f51154f9a2bf6a85b60ac2 - Path: Assets/Polytope Studio/Lowpoly_Environments/Prefabs/Trees/PT_Pine_Tree_03_green.prefab - Importer: ScriptedImporter/UnityEditor.QuickSearchModule:UnityEditor.Search:ASIAI0B -> (ImportResultId: '8c34e2a37cfc4fc7f0198646b9af11ad') in 0.0102299 seconds
[Worker0] Imported GUID: 7201153531db4b04e8c60b3351b1d959 - Path: Assets/Polytope Studio/Lowpoly_Environments/Sources/Meshes/Plants - Importer: ScriptedImporter/UnityEditor.QuickSearchModule:UnityEditor.Search:ASIAI0B -> (ImportResultId: '09f1830947f6f326db7a5e9634e88f48') in 0.0082849 seconds
[Worker0] Imported GUID: bee651b89d6b3ef48b19cfe8a4c9fa42 - Path: Assets/Polytope Studio/Lowpoly_Environments/Prefabs/Rocks/PT_River_Rock_Pile_02.prefab - Importer: ScriptedImporter/UnityEditor.QuickSearchModule:UnityEditor.Search:ASIAI0B -> (ImportResultId: '1aab3107723de8711cdd3c2b80ac7773') in 0.0092609 seconds
[Worker0] MaterialLocation.External is obsolete. External Material Location is no longer supported. (Assets/Polytope Studio/Lowpoly_Village/Sources/Meshes/Modular/Fence/PT_Modular_Gate_Wood_01.fbx)
[Worker0] Imported GUID: be10e17a73c475f41849cedee3245fd3 - Path: Assets/Polytope Studio/Lowpoly_Village/Sources/Meshes/Modular/Fence/PT_Modular_Gate_Wood_01.fbx - Importer: ScriptedImporter/UnityEditor.QuickSearchModule:UnityEditor.Search:ASIAI0B -> (ImportResultId: 'ef7b05c4b38f087ee6c99c4a74ef4500') in 0.0128474 seconds
[Worker0] Imported GUID: db696abb7e2d76c409c7c5cdb95101a0 - Path: Assets/Polytope Studio/Lowpoly_Village/Sources - Importer: ScriptedImporter/UnityEditor.QuickSearchModule:UnityEditor.Search:ASIAI0B -> (ImportResultId: '5235880d13a3f961273e9575d1cde303') in 0.0098739 seconds
[Worker0] Imported GUID: 0ed9a6c5c2e1c8845a27b9272cc81405 - Path: Assets/Polytope Studio/Welcome_Screen/Editor/Textures/game6.png - Importer: ScriptedImporter/UnityEditor.QuickSearchModule:UnityEditor.Search:ASIAI0B -> (ImportResultId: 'b28e8cc75f50630eb3825f959062d4d8') in 0.013446 seconds
[Worker0] Imported GUID: 58cd8dc8c2359174baa15aa31e302c8b - Path: Assets/Polytope Studio/Lowpoly_Environments/Prefabs/Rocks/PT_Generic_Rock_01.prefab - Importer: ScriptedImporter/UnityEditor.QuickSearchModule:UnityEditor.Search:ASIAI0B -> (ImportResultId: 'edfcfa6baea544516c336ee8b92d8216') in 0.0105994 seconds
[Worker0] Imported GUID: 3dd97330b2ebd884e9f796894e026064 - Path: Assets/Polytope Studio/Lowpoly_Environments/Prefabs/Rocks/PT_Ore_Rock_01.prefab - Importer: ScriptedImporter/UnityEditor.QuickSearchModule:UnityEditor.Search:ASIAI0B -> (ImportResultId: '9489ba1a566c8bf32f58948f63af2427') in 0.0102899 seconds
[Worker0] Imported GUID: 255b400e6b8ac644588946664da1ff3f - Path: Assets/Polytope Studio/Lowpoly_Village/Sources/Shaders/PT_Buildings_Shader_PBR.shader - Importer: ScriptedImporter/UnityEditor.QuickSearchModule:UnityEditor.Search:ASIAI0B -> (ImportResultId: '20b72b3d9b215ba222ed3a86fb7c0185') in 0.0149966 seconds
[Worker0] Imported GUID: 8f5721f45a4372242a249d3bb70958a8 - Path: Assets/Polytope Studio/Lowpoly_Demos/Environment_Free/Helpers/PT_PlayerMovement.cs - Importer: ScriptedImporter/UnityEditor.QuickSearchModule:UnityEditor.Search:ASIAI0B -> (ImportResultId: '5f4979712fc9d48145ee17851e47d663') in 0.010412 seconds
[Worker0] Imported GUID: 6cdd667aa0034cd4dadc8d58a65fb098 - Path: Assets/Polytope Studio/Lowpoly_Environments/Prefabs/Plants/PT_Grass_02.prefab - Importer: ScriptedImporter/UnityEditor.QuickSearchModule:UnityEditor.Search:ASIAI0B -> (ImportResultId: '8b3eaca805585a48d9075998ea1494a2') in 0.009581 seconds
[Worker0] Imported GUID: a78adb8868cccbe4a92d9d81db916e6e - Path: Assets/Polytope Studio/Lowpoly_Environments/Sources/Textures/PT_Water_NM_01.png - Importer: ScriptedImporter/UnityEditor.QuickSearchModule:UnityEditor.Search:ASIAI0B -> (ImportResultId: '51ef6f11c13ef46df7350e208e883e32') in 0.0109677 seconds
[Worker0] Imported GUID: 7917e70f5baa68944aad80732cb08b3d - Path: Assets/Polytope Studio/Lowpoly_Demos/Environment_Free/Helpers/PT_Poppy_02_v1.prefab - Importer: ScriptedImporter/UnityEditor.QuickSearchModule:UnityEditor.Search:ASIAI0B -> (ImportResultId: '05519a7e1d55f0cb80eb2db689d5f937') in 0.0126205 seconds
[Worker0] Imported GUID: 3922c043c1c52cb47a7b1bfed562a4b6 - Path: Assets/Polytope Studio/Lowpoly_Environments/Sources/Materials/PT_Fruit_Tree_Opaque_mat.mat - Importer: ScriptedImporter/UnityEditor.QuickSearchModule:UnityEditor.Search:ASIAI0B -> (ImportResultId: '216cd500d0ef347ba2b921d3da1a47c7') in 0.0131701 seconds
[Worker0] Imported GUID: 1b92b31acbcdce24ba9dc6d01dbc2e84 - Path: Assets/Polytope Studio/Lowpoly_Environments/Sources/Textures/PT_Grass_01.png - Importer: ScriptedImporter/UnityEditor.QuickSearchModule:UnityEditor.Search:ASIAI0B -> (ImportResultId: '094405bf844a9c1c0c0d7aae075feec0') in 0.0117143 seconds
[Worker0] Imported GUID: 62117514495abd046b014d1c85ba4c7a - Path: Assets/Polytope Studio/Lowpoly_Environments/Sources/Meshes/Flowers - Importer: ScriptedImporter/UnityEditor.QuickSearchModule:UnityEditor.Search:ASIAI0B -> (ImportResultId: '1ca9d3345515898eb838179bc11de803') in 0.0084266 seconds
[Worker1] Imported GUID: 7ba86df2516878b40b6bc1c55b0f961e - Path: Assets/Polytope Studio/Lowpoly_Village/Sources/Meshes/Modular/Bridge - Importer: ScriptedImporter/UnityEditor.QuickSearchModule:UnityEditor.Search:ASIAI0B -> (ImportResultId: '72e356b99f6237e48895956c6676bf3a') in 0.049174 seconds
[Worker0] MaterialLocation.External is obsolete. External Material Location is no longer supported. (Assets/Polytope Studio/Lowpoly_Environments/Sources/Meshes/Trees/PT_Fruit_Tree_01_stump.fbx)
[Worker0] Imported GUID: f42a2ed0c78e45643bba339ed33235d4 - Path: Assets/Polytope Studio/Lowpoly_Environments/Sources/Meshes/Trees/PT_Fruit_Tree_01_stump.fbx - Importer: ScriptedImporter/UnityEditor.QuickSearchModule:UnityEditor.Search:ASIAI0B -> (ImportResultId: '92d4eee1ff06d6dbe92c50448636ce5b') in 0.0141931 seconds
[Worker0] Imported GUID: ac56f8aebac30674489c8b5741b0489a - Path: Assets/Polytope Studio/Lowpoly_Environments/URP/PT_Nature_Free_URP_16.unitypackage - Importer: ScriptedImporter/UnityEditor.QuickSearchModule:UnityEditor.Search:ASIAI0B -> (ImportResultId: 'c82c55d6ae988dba366e1b94135e5798') in 0.0099836 seconds
[Worker0] Imported GUID: e807c876d0b15e1408d27b4ce183f39b - Path: Assets/Polytope Studio/Welcome_Screen/Editor/Textures/demo1.png - Importer: ScriptedImporter/UnityEditor.QuickSearchModule:UnityEditor.Search:ASIAI0B -> (ImportResultId: 'b9206be69d3eb9762ed317ad1c20e468') in 0.0106305 seconds
[Worker0] Imported GUID: 1caa73a6296593c46bb83d678ff6609b - Path: Assets/Polytope Studio/Lowpoly_Environments/Prefabs/Trees/PT_Pine_Tree_03_green_cut.prefab - Importer: ScriptedImporter/UnityEditor.QuickSearchModule:UnityEditor.Search:ASIAI0B -> (ImportResultId: '7e45961bfa16be869da902c48146ef3e') in 0.014477 seconds
[Worker1] Imported GUID: f43a7dc4f39c5654a8211b83259e32a9 - Path: Assets/Polytope Studio/Lowpoly_Environments/Sources/Materials/PT_Pine_Tree_Trunk_Mat.mat - Importer: ScriptedImporter/UnityEditor.QuickSearchModule:UnityEditor.Search:ASIAI0B -> (ImportResultId: 'a181e6e682aa362f6b9ae4fa361dbe1c') in 0.0438979 seconds
[Worker0] Imported GUID: 372b3a07e412e84429b47816bcf7d59b - Path: Assets/Polytope Studio/Lowpoly_Environments/Sources/Meshes/Shrubs - Importer: ScriptedImporter/UnityEditor.QuickSearchModule:UnityEditor.Search:ASIAI0B -> (ImportResultId: '61aa88f9f0064644c88d72e15da12558') in 0.0087256 seconds
[Worker0] Imported GUID: 69e2e8c890f00e04e945ccd10e764372 - Path: Assets/Polytope Studio/Lowpoly_Environments/Sources/Shaders/PT_Vegetation_Flowers_Shader.shader - Importer: ScriptedImporter/UnityEditor.QuickSearchModule:UnityEditor.Search:ASIAI0B -> (ImportResultId: 'aa599f482e791046eed57bda61c68f27') in 0.0108712 seconds
[Worker1] Imported GUID: 0f3d14a9a6b2ceb469c15d151552a614 - Path: Assets/Polytope Studio/Lowpoly_Environments/Prefabs/Rocks/PT_Menhir_Rock_02.prefab - Importer: ScriptedImporter/UnityEditor.QuickSearchModule:UnityEditor.Search:ASIAI0B -> (ImportResultId: '84c551672e85b4adb5d43961e98cb089') in 0.0247079 seconds
[Worker1] MaterialLocation.External is obsolete. External Material Location is no longer supported. (Assets/Polytope Studio/Lowpoly_Environments/Sources/Meshes/Trees/PT_Pine_Tree_03_stump.fbx)
[Worker1] Imported GUID: 13bd9962aed9bef41bc2dd73a559c317 - Path: Assets/Polytope Studio/Lowpoly_Environments/Sources/Meshes/Trees/PT_Pine_Tree_03_stump.fbx - Importer: ScriptedImporter/UnityEditor.QuickSearchModule:UnityEditor.Search:ASIAI0B -> (ImportResultId: 'bb03d8ed47ab8a4b1733f9eb835cee8b') in 0.0339459 seconds
[Worker1] Imported GUID: c732593fe76e5a84197f9cd13963f706 - Path: Assets/Polytope Studio/Lowpoly_Demos/Environment_Free/Environment_Free.unity - Importer: ScriptedImporter/UnityEditor.QuickSearchModule:UnityEditor.Search:ASIAI0B -> (ImportResultId: 'a3c7487cc53d50e662c20e7de4656701') in 0.0090686 seconds
[Worker1] MaterialLocation.External is obsolete. External Material Location is no longer supported. (Assets/Polytope Studio/Lowpoly_Environments/Sources/Meshes/Trees/PT_Pine_Tree_03_dead_cut.fbx)
[Worker0] Imported GUID: 33e92b212d568b844ae30511d6c23987 - Path: Assets/Polytope Studio/Lowpoly_Demos/Environment_Free/Helpers/PT_High_Grass_Mat.mat - Importer: ScriptedImporter/UnityEditor.QuickSearchModule:UnityEditor.Search:ASIAI0B -> (ImportResultId: 'b4af6090cf041174333d6193c1ac0ba0') in 0.060687 seconds
[Worker1] Imported GUID: 3b8d3c0077d69eb4db5ee5754518f067 - Path: Assets/Polytope Studio/Lowpoly_Environments/Sources/Meshes/Trees/PT_Pine_Tree_03_dead_cut.fbx - Importer: ScriptedImporter/UnityEditor.QuickSearchModule:UnityEditor.Search:ASIAI0B -> (ImportResultId: '69e14b49bd8db14ae789c8525619c258') in 0.0128593 seconds
[Worker1] Imported GUID: 394ffe8a892cb8c47a1f7a9e715075b9 - Path: Assets/Polytope Studio/Lowpoly_Environments/Sources/Textures - Importer: ScriptedImporter/UnityEditor.QuickSearchModule:UnityEditor.Search:ASIAI0B -> (ImportResultId: '3aaae4f768becbb8e8d15f67e6d2be5b') in 0.0082851 seconds
[Worker0] Imported GUID: 2c59246f075efff4eacdd481ad75421a - Path: Assets/Polytope Studio/Lowpoly_Village/Prefabs/Modular/Fence/PT_Modular_Fence_Wood_03.prefab - Importer: ScriptedImporter/UnityEditor.QuickSearchModule:UnityEditor.Search:ASIAI0B -> (ImportResultId: 'f8c4e70a40f6c98a619e96f7adecabd7') in 0.0112589 seconds
[Worker1] Imported GUID: 53083e9d6ba91ba4cad309a95b8c8f20 - Path: Assets/Polytope Studio/Lowpoly_Demos/Environment_Free/Helpers/PT_Grass_02_v1.prefab - Importer: ScriptedImporter/UnityEditor.QuickSearchModule:UnityEditor.Search:ASIAI0B -> (ImportResultId: 'd2eb8e00d267ae4953a67d8033d48e02') in 0.010303 seconds
[Worker0] Imported GUID: c7827efbbf7212f42803476ce3f9d082 - Path: Assets/Polytope Studio/Lowpoly_Environments/Prefabs/Trees/PT_Pine_Tree_03_dead.prefab - Importer: ScriptedImporter/UnityEditor.QuickSearchModule:UnityEditor.Search:ASIAI0B -> (ImportResultId: '4aba54db0545422796352a0d2d4536a7') in 0.0087996 seconds
[Worker0] Imported GUID: 47c82777887e3fc46bc141849b1b3ccb - Path: Assets/Polytope Studio/Lowpoly_Environments/Sources/Textures/PT_Pine_Tree_01.png - Importer: ScriptedImporter/UnityEditor.QuickSearchModule:UnityEditor.Search:ASIAI0B -> (ImportResultId: '39dbc5989b57070edcb7e39c7adcfd2c') in 0.0142613 seconds
[Worker0] MaterialLocation.External is obsolete. External Material Location is no longer supported. (Assets/Polytope Studio/Lowpoly_Village/Sources/Meshes/Modular/Bridge/PT_Wooden_Bridge_02.fbx)
[Worker0] Imported GUID: 06585c4a497d08f4591a54ccfdb05bcf - Path: Assets/Polytope Studio/Lowpoly_Village/Sources/Meshes/Modular/Bridge/PT_Wooden_Bridge_02.fbx - Importer: ScriptedImporter/UnityEditor.QuickSearchModule:UnityEditor.Search:ASIAI0B -> (ImportResultId: 'ee5ad14becc28f159363e8a454180ca3') in 0.0121822 seconds
[Worker1] Imported GUID: c01efabcc3dd1d24c8086afb3b996ad4 - Path: Assets/Polytope Studio/Welcome_Screen/Editor/Textures/game1.png - Importer: ScriptedImporter/UnityEditor.QuickSearchModule:UnityEditor.Search:ASIAI0B -> (ImportResultId: 'c1e180ddc361b661516c36b39fc42052') in 0.0293728 seconds
[Worker1] Imported GUID: 632a57aaa44e49240a71dacd26348c8d - Path: Assets/Polytope Studio/Lowpoly_Environments/Prefabs/Mushrooms - Importer: ScriptedImporter/UnityEditor.QuickSearchModule:UnityEditor.Search:ASIAI0B -> (ImportResultId: '1dfacd390d0738bcfe020abe4b76f5e3') in 0.0077657 seconds
[Worker0] Imported GUID: c6a512d95615f534cbe31aba1aaa354c - Path: Assets/Polytope Studio/Lowpoly_Environments/Prefabs/Trees/PT_Fruit_Tree_01_dead.prefab - Importer: ScriptedImporter/UnityEditor.QuickSearchModule:UnityEditor.Search:ASIAI0B -> (ImportResultId: '88c17d033c9b4edaf213586b1f3dcea3') in 0.0097166 seconds
[Worker0] Imported GUID: b62637568d07eb141b948ab45ea8c3d4 - Path: Assets/Polytope Studio/Lowpoly_Environments/Prefabs/Trees/PT_Fruit_Tree_01_pears.prefab - Importer: ScriptedImporter/UnityEditor.QuickSearchModule:UnityEditor.Search:ASIAI0B -> (ImportResultId: 'd0843f7af07fd901ad09778b290eaea9') in 0.0097993 seconds
[Worker1] Imported GUID: ef8374d642969b14baa54045236c5fb0 - Path: Assets/Polytope Studio/Lowpoly_Environments/Prefabs/Shrubs/PT_Generic_Shrub_01_green.prefab - Importer: ScriptedImporter/UnityEditor.QuickSearchModule:UnityEditor.Search:ASIAI0B -> (ImportResultId: 'e8725f16dc7fbb158f35b3f3c9c0d815') in 0.0106283 seconds
[Worker0] Imported GUID: 5c2928345bc8a9f4793d01e4fcd0b64d - Path: Assets/Polytope Studio/Lowpoly_Demos/Environment_Free - Importer: ScriptedImporter/UnityEditor.QuickSearchModule:UnityEditor.Search:ASIAI0B -> (ImportResultId: '45ed9ea1b9239ae2820545fd1ce19ed9') in 0.0085564 seconds
[Worker1] Imported GUID: 0a8cb9de01d10dc45b2e1f6d52738d76 - Path: Assets/Polytope Studio/Welcome_Screen/Editor/PT_Welcome_Screen.cs - Importer: ScriptedImporter/UnityEditor.QuickSearchModule:UnityEditor.Search:ASIAI0B -> (ImportResultId: '82be437fad88b82a175d8db9dbc1054c') in 0.0095215 seconds
[Worker0] Imported GUID: 72f7e9b6836e7ee40b8f94a8acf784e6 - Path: Assets/Polytope Studio/Lowpoly_Environments/URP - Importer: ScriptedImporter/UnityEditor.QuickSearchModule:UnityEditor.Search:ASIAI0B -> (ImportResultId: 'bcbc83e81b8dfad5f2cc8957d91b6166') in 0.0090377 seconds
[Worker0] Imported GUID: 15516ce43a134df489bc4818fe4f56a0 - Path: Assets/Polytope Studio/Lowpoly_Village/Sources/Materials - Importer: ScriptedImporter/UnityEditor.QuickSearchModule:UnityEditor.Search:ASIAI0B -> (ImportResultId: '5845ee74a276deefe7f36ada3c4d1fec') in 0.0084707 seconds
[Worker0] Imported GUID: 63f20a75401bcd4418b3dbe0f81337bf - Path: Assets/Polytope Studio/Welcome_Screen/Editor/Textures/game4.png - Importer: ScriptedImporter/UnityEditor.QuickSearchModule:UnityEditor.Search:ASIAI0B -> (ImportResultId: 'f981965756cde56b9c7d56cc9ba4bc24') in 0.0121594 seconds
[Worker0] Imported GUID: c0fdfdeafe3a1404a8766f946dd531d0 - Path: Assets/Polytope Studio/Lowpoly_Environments/Prefabs/Trees/PT_Fruit_Tree_01_green_cut.prefab - Importer: ScriptedImporter/UnityEditor.QuickSearchModule:UnityEditor.Search:ASIAI0B -> (ImportResultId: '999530aa3a3286fa034235a8df3f2cc6') in 0.0169949 seconds
[Worker0] Imported GUID: 7e2eff97b59cb8845ae00eafc9d66d45 - Path: Assets/Polytope Studio/Welcome_Screen/Editor/Textures - Importer: ScriptedImporter/UnityEditor.QuickSearchModule:UnityEditor.Search:ASIAI0B -> (ImportResultId: '2deeaf70cc37229bbf9617f5e4dbcf00') in 0.0084902 seconds
[Worker0] MaterialLocation.External is obsolete. External Material Location is no longer supported. (Assets/Polytope Studio/Lowpoly_Environments/Sources/Meshes/Trees/PT_Pine_Tree_03_green_cut.fbx)
[Worker0] Imported GUID: 2a5e649cde00dd847885c694eb77f1fb - Path: Assets/Polytope Studio/Lowpoly_Environments/Sources/Meshes/Trees/PT_Pine_Tree_03_green_cut.fbx - Importer: ScriptedImporter/UnityEditor.QuickSearchModule:UnityEditor.Search:ASIAI0B -> (ImportResultId: '86675a5463dabe7c56d44eb5c790d4c3') in 0.016881 seconds
[Worker1] Imported GUID: 67c85a5a0248e2a4a98e653c8e7eeb9e - Path: Assets/Polytope Studio/Lowpoly_Environments/Sources/Materials/PT_Poppy_mat.mat - Importer: ScriptedImporter/UnityEditor.QuickSearchModule:UnityEditor.Search:ASIAI0B -> (ImportResultId: 'c258cbc5a3635c7b69b4b6b134fe87a9') in 0.0737278 seconds
[Worker0] Imported GUID: 1090dcf46ca02864fb89494b948e45c7 - Path: Assets/Polytope Studio/Lowpoly_Environments/Prefabs/Flowers - Importer: ScriptedImporter/UnityEditor.QuickSearchModule:UnityEditor.Search:ASIAI0B -> (ImportResultId: 'de6892801d7b3b68f5ef73b07b81843c') in 0.0085139 seconds
[Worker1] Imported GUID: fb070a2d31206d9499ecc8a77be0ebf0 - Path: Assets/Polytope Studio/Lowpoly_Environments/Prefabs/Trees/PT_Fruit_Tree_01_stump.prefab - Importer: ScriptedImporter/UnityEditor.QuickSearchModule:UnityEditor.Search:ASIAI0B -> (ImportResultId: '2cf36dc3cdc1637ac651f3332344a0f6') in 0.0114193 seconds
[Worker0] Imported GUID: a9129ae83f8faf646961b70c4b103833 - Path: Assets/Polytope Studio/Lowpoly_Environments/Sources/Meshes/Rocks/PT_Ore_Rock_01.fbx - Importer: ScriptedImporter/UnityEditor.QuickSearchModule:UnityEditor.Search:ASIAI0B -> (ImportResultId: '1822becc0eedfed7f6c67b68ca946f4d') in 0.0113828 seconds
[Worker0] MaterialLocation.External is obsolete. External Material Location is no longer supported. (Assets/Polytope Studio/Lowpoly_Environments/Sources/Meshes/Rocks/PT_Ore_Rock_01.fbx)
[Worker1] Imported GUID: 233be0623027421449b81f7423abaf79 - Path: Assets/Polytope Studio/Lowpoly_Environments/Sources/Shaders/PT_Vegetation_Plants_Shader.shader - Importer: ScriptedImporter/UnityEditor.QuickSearchModule:UnityEditor.Search:ASIAI0B -> (ImportResultId: 'c34f59effab48d39ac981d742b3aa0f5') in 0.0174251 seconds
[Worker0] Imported GUID: 34892be16c52f1948b4b5666052d6bf5 - Path: Assets/Polytope Studio/Lowpoly_Village/Sources/Textures/PT_Medieval_Buildings_Texture_01.png - Importer: ScriptedImporter/UnityEditor.QuickSearchModule:UnityEditor.Search:ASIAI0B -> (ImportResultId: 'a8789a8848e30a36a6d9968bd3ca572c') in 0.0110879 seconds
[Worker0] MaterialLocation.External is obsolete. External Material Location is no longer supported. (Assets/Polytope Studio/Lowpoly_Environments/Sources/Meshes/Trees/PT_Fruit_Tree_01_green.fbx)
[Worker0] Imported GUID: f222748f1796b2e49a56a2fbf7563247 - Path: Assets/Polytope Studio/Lowpoly_Environments/Sources/Meshes/Trees/PT_Fruit_Tree_01_green.fbx - Importer: ScriptedImporter/UnityEditor.QuickSearchModule:UnityEditor.Search:ASIAI0B -> (ImportResultId: '534cebce56cc9239011947fb047ef722') in 0.0126452 seconds
[Worker1] The tree PT_Pine_Tree_03_stump must use the Nature/Soft Occlusion shader. Otherwise billboarding/lighting will not work correctly.
UnityEngine.Debug:ExtractStackTraceNoAlloc (byte*,int,string)
UnityEngine.StackTraceUtility:ExtractStackTrace ()
UnityEditor.AssetDatabase:LoadMainAssetAtPath (string)
UnityEditor.Search.AssetIndexer:IndexProperties (int&,string&,bool&)
UnityEditor.Search.AssetIndexer:IndexDocument (string,bool)
UnityEditor.Search.SearchIndexArtifactImporter:OnImportAsset (UnityEditor.AssetImporters.AssetImportContext)
UnityEditor.AssetImporters.ScriptedImporter:GenerateAssetData (UnityEditor.AssetImporters.AssetImportContext)

[C:\build\output\unity\unity\Modules\Terrain\Public\TreeDatabase.cpp line 355]

[Worker0] Imported GUID: ae358aa425fe140409d8a560f4492730 - Path: Assets/Polytope Studio/Lowpoly_Village/Prefabs/Modular/Fence/PT_Modular_Fence_Wood_02.prefab - Importer: ScriptedImporter/UnityEditor.QuickSearchModule:UnityEditor.Search:ASIAI0B -> (ImportResultId: 'f27ad389e7038af7c5de0d3c8e721e2c') in 0.0149684 seconds
[Worker1] The tree PT_Fruit_Tree_01_logs must use the Nature/Soft Occlusion shader. Otherwise billboarding/lighting will not work correctly.
UnityEngine.Debug:ExtractStackTraceNoAlloc (byte*,int,string)
UnityEngine.StackTraceUtility:ExtractStackTrace ()
UnityEditor.AssetDatabase:LoadMainAssetAtPath (string)
UnityEditor.Search.AssetIndexer:IndexProperties (int&,string&,bool&)
UnityEditor.Search.AssetIndexer:IndexDocument (string,bool)
UnityEditor.Search.SearchIndexArtifactImporter:OnImportAsset (UnityEditor.AssetImporters.AssetImportContext)
UnityEditor.AssetImporters.ScriptedImporter:GenerateAssetData (UnityEditor.AssetImporters.AssetImportContext)

[C:\build\output\unity\unity\Modules\Terrain\Public\TreeDatabase.cpp line 355]

[Worker1] The tree PT_Caesars_Mushroom_01 must use the Nature/Soft Occlusion shader. Otherwise billboarding/lighting will not work correctly.
UnityEngine.Debug:ExtractStackTraceNoAlloc (byte*,int,string)
UnityEngine.StackTraceUtility:ExtractStackTrace ()
UnityEditor.AssetDatabase:LoadMainAssetAtPath (string)
UnityEditor.Search.AssetIndexer:IndexProperties (int&,string&,bool&)
UnityEditor.Search.AssetIndexer:IndexDocument (string,bool)
UnityEditor.Search.SearchIndexArtifactImporter:OnImportAsset (UnityEditor.AssetImporters.AssetImportContext)
UnityEditor.AssetImporters.ScriptedImporter:GenerateAssetData (UnityEditor.AssetImporters.AssetImportContext)

[C:\build\output\unity\unity\Modules\Terrain\Public\TreeDatabase.cpp line 355]

[Worker1] Imported GUID: e0829138c40f356458f259edb063d67a - Path: Assets/Polytope Studio/Lowpoly_Demos/Environment_Free/Helpers/Terrain/New Terrain.asset - Importer: ScriptedImporter/UnityEditor.QuickSearchModule:UnityEditor.Search:ASIAI0B -> (ImportResultId: '180f421a5c27558c11286bc6152c805f') in 0.0363084 seconds
[Worker0] Imported GUID: 3a80f621645a05340824ecc31bbef546 - Path: Assets/Polytope Studio/Lowpoly_Village/Sources/Meshes/Modular/Fence - Importer: ScriptedImporter/UnityEditor.QuickSearchModule:UnityEditor.Search:ASIAI0B -> (ImportResultId: '26dd35b62a711d26796e5ec2a23cf170') in 0.008194 seconds
[Worker0] Imported GUID: 5228c984e5be7284d8d83c18096254dd - Path: Assets/Polytope Studio/Lowpoly_Environments/Prefabs/Mushrooms/PT_Caesars_Mushroom_01.prefab - Importer: ScriptedImporter/UnityEditor.QuickSearchModule:UnityEditor.Search:ASIAI0B -> (ImportResultId: '36e045e2b754ae0d10399ee5dc8b3206') in 0.0119574 seconds
[Worker0] Imported GUID: 5f16d7f0deffe2d44a0db2c9b5f0c409 - Path: Assets/Polytope Studio/Lowpoly_Village/Prefabs/Modular - Importer: ScriptedImporter/UnityEditor.QuickSearchModule:UnityEditor.Search:ASIAI0B -> (ImportResultId: 'dde1e7dac9179c884b4877c7884df947') in 0.0096611 seconds
[Worker0] Imported GUID: 8c75ba30e5f76df4fb30725e4c9bf38a - Path: Assets/Polytope Studio/Lowpoly_Environments/Sources/Textures/PT_Ground_Grass_Green_01.png - Importer: ScriptedImporter/UnityEditor.QuickSearchModule:UnityEditor.Search:ASIAI0B -> (ImportResultId: 'f37c799bf917c43f9a9c88b7cdd0fcfc') in 0.0144773 seconds
[Worker0] Imported GUID: f2ee3ef6a109f0f4b8bfd6f7c1e310f4 - Path: Assets/Polytope Studio/Lowpoly_Environments/Sources/Textures/PT_Generic_Tree_Leaves_01.png - Importer: ScriptedImporter/UnityEditor.QuickSearchModule:UnityEditor.Search:ASIAI0B -> (ImportResultId: '752bf6d1d33a2119eac1611a41f55edb') in 0.0152493 seconds
[Worker1] Imported GUID: 823cb446423dd7747b7454d5cf133e75 - Path: Assets/Polytope Studio/Lowpoly_Environments/Sources/Materials/PT_Pine_Tree_Leaves_Mat.mat - Importer: ScriptedImporter/UnityEditor.QuickSearchModule:UnityEditor.Search:ASIAI0B -> (ImportResultId: '5a284df69e4cd2c313552422a9c0504f') in 0.0629685 seconds
[Worker0] Imported GUID: 9a9ed1d4f54a1ce4a9331c6a1a926976 - Path: Assets/Polytope Studio/Lowpoly_Environments/Sources/Textures/PT_Mushrooms_01.png - Importer: ScriptedImporter/UnityEditor.QuickSearchModule:UnityEditor.Search:ASIAI0B -> (ImportResultId: '491714a60d673801fbd793d5c0f71ef7') in 0.0126724 seconds
[Worker1] Imported GUID: 290c306efce63f0419ccb2974a325792 - Path: Assets/Polytope Studio/Lowpoly_Demos/Environment_Free/Helpers - Importer: ScriptedImporter/UnityEditor.QuickSearchModule:UnityEditor.Search:ASIAI0B -> (ImportResultId: '08a665004035939a9b0cdbaf2e725c12') in 0.0090206 seconds
[Worker0] Imported GUID: 4c216a70af6ef22419431af877580ddb - Path: Assets/Polytope Studio/Lowpoly_Demos/Environment_Free/Helpers/Plane mat.mat - Importer: ScriptedImporter/UnityEditor.QuickSearchModule:UnityEditor.Search:ASIAI0B -> (ImportResultId: '9af3a73828bc4d7042c1f97837e4c872') in 0.0120482 seconds
[Worker1] Imported GUID: 8cf2966042f7c2f44ac97cda7cc59eff - Path: Assets/Polytope Studio/Lowpoly_Environments/Prefabs/Shrubs/PT_Generic_Shrub_01_dead.prefab - Importer: ScriptedImporter/UnityEditor.QuickSearchModule:UnityEditor.Search:ASIAI0B -> (ImportResultId: 'e1d067a5fe946c4a85035557e04beafb') in 0.009432 seconds
[Worker1] Imported GUID: 5bc3cd71938c078458115fcd4b2ab6f1 - Path: Assets/Polytope Studio/Welcome_Screen/Editor/Textures/game3.png - Importer: ScriptedImporter/UnityEditor.QuickSearchModule:UnityEditor.Search:ASIAI0B -> (ImportResultId: '52aeb1a1c8ab187fd97a4894ad5eee22') in 0.0095915 seconds
[Worker0] Imported GUID: 16357eda3fc18dd459a8218b92769643 - Path: Assets/Polytope Studio/Lowpoly_Village/Sources/Textures/PT_texture.tga - Importer: ScriptedImporter/UnityEditor.QuickSearchModule:UnityEditor.Search:ASIAI0B -> (ImportResultId: '5b7b7f667568b48c5449c4118d9df1f8') in 0.0124259 seconds
[Worker1] Imported GUID: 23d085a7de850f946becfd79d8937027 - Path: Assets/Polytope Studio/Lowpoly_Village/Sources/Textures - Importer: ScriptedImporter/UnityEditor.QuickSearchModule:UnityEditor.Search:ASIAI0B -> (ImportResultId: 'bc40ce6bb4d57b8ee19f09cf2f3ea18a') in 0.0083382 seconds
[Worker0] Imported GUID: 50084c0ced59c5243b289606ec1aaa1d - Path: Assets/Polytope Studio/Lowpoly_Environments/Sources - Importer: ScriptedImporter/UnityEditor.QuickSearchModule:UnityEditor.Search:ASIAI0B -> (ImportResultId: '659abcff550ac96ede01c046b1d073d8') in 0.0100913 seconds
[Worker1] Imported GUID: c91055552562c3941a1c318e8d5bc5c5 - Path: Assets/Polytope Studio/Lowpoly_Village/Sources/Textures/PT_Medieval_Buildings_Texture_Mask_01.png - Importer: ScriptedImporter/UnityEditor.QuickSearchModule:UnityEditor.Search:ASIAI0B -> (ImportResultId: '35c4d5096bcea8a8070c87bdf0c2d730') in 0.0115564 seconds
[Worker0] Imported GUID: 3e36df56c6fa5f64085c14d9d4f6f8d9 - Path: Assets/Polytope Studio/Lowpoly_Environments/Sources/Materials/PT_Water_mat.mat - Importer: ScriptedImporter/UnityEditor.QuickSearchModule:UnityEditor.Search:ASIAI0B -> (ImportResultId: '67cd833856f0adbc4b5eb40cfe5891ca') in 0.0130065 seconds
[Worker1] Imported GUID: 3ba94cc50bb068c4bb427a52fdcb0038 - Path: Assets/Polytope Studio/Lowpoly_Environments/Prefabs - Importer: ScriptedImporter/UnityEditor.QuickSearchModule:UnityEditor.Search:ASIAI0B -> (ImportResultId: 'f2276b67c98720b6f1da50ab79ebf485') in 0.0091524 seconds
[Worker0] MaterialLocation.External is obsolete. External Material Location is no longer supported. (Assets/Polytope Studio/Lowpoly_Environments/Sources/Meshes/Mushrooms/PT_Caesars_Mushroom_01.fbx)
[Worker1] Imported GUID: 39cf68574afc7f248bd78a99c3800e00 - Path: Assets/Polytope Studio/Lowpoly_Environments/Sources/Shaders/PT_Water_Shader.shader - Importer: ScriptedImporter/UnityEditor.QuickSearchModule:UnityEditor.Search:ASIAI0B -> (ImportResultId: '1202877fee8b93dfb05d0232815a6c57') in 0.0090093 seconds
[Worker0] Imported GUID: 2ec966d90911a454c9760fa28789a4f8 - Path: Assets/Polytope Studio/Lowpoly_Environments/Sources/Meshes/Mushrooms/PT_Caesars_Mushroom_01.fbx - Importer: ScriptedImporter/UnityEditor.QuickSearchModule:UnityEditor.Search:ASIAI0B -> (ImportResultId: '5a15df97255283a138bc8dff1b3fb101') in 0.0141894 seconds
[Worker1] Imported GUID: 1a6585c188f2f4c4685a8a43c7f945c2 - Path: Assets/Polytope Studio/Lowpoly_Environments/Prefabs/Shrubs - Importer: ScriptedImporter/UnityEditor.QuickSearchModule:UnityEditor.Search:ASIAI0B -> (ImportResultId: '64f17f2fd9174f34e85ed007cce0b580') in 0.0080113 seconds
[Worker0] MaterialLocation.External is obsolete. External Material Location is no longer supported. (Assets/Polytope Studio/Lowpoly_Environments/Sources/Meshes/Flowers/PT_Poppy_02.fbx)
[Worker0] Imported GUID: 5c7de3ea78afce6468d2ebe76dd0bf6d - Path: Assets/Polytope Studio/Lowpoly_Environments/Sources/Meshes/Flowers/PT_Poppy_02.fbx - Importer: ScriptedImporter/UnityEditor.QuickSearchModule:UnityEditor.Search:ASIAI0B -> (ImportResultId: '04fd908843f1172cf41e29065d87591e') in 0.0119514 seconds
[Worker1] Imported GUID: 724a83e90c1cd7b4b9d1b71dd08962b6 - Path: Assets/Polytope Studio/Lowpoly_Environments/Sources/Textures/PT_Fruit_Tree_Flowers_01.png - Importer: ScriptedImporter/UnityEditor.QuickSearchModule:UnityEditor.Search:ASIAI0B -> (ImportResultId: '7cdf9d43c40524e1d6b03699ef5c6e49') in 0.013572 seconds
[Worker0] Imported GUID: f593bc20677ebf14abd27a4853408c68 - Path: Assets/Polytope Studio/Lowpoly_Environments/Prefabs/Flowers/PT_Poppy_02.prefab - Importer: ScriptedImporter/UnityEditor.QuickSearchModule:UnityEditor.Search:ASIAI0B -> (ImportResultId: '2a7f6bf0c67f3194dcdd7f2c37caae0e') in 0.0100237 seconds
[Worker1] Imported GUID: e0eab39b8993b684dbb9800cf1151d33 - Path: Assets/Polytope Studio/Lowpoly_Environments/Sources/Textures/PT_Poppy_01.png - Importer: ScriptedImporter/UnityEditor.QuickSearchModule:UnityEditor.Search:ASIAI0B -> (ImportResultId: '233cb1b71a40abcd33e65d94f5a68f5e') in 0.0121301 seconds
[Worker0] Imported GUID: 77e1a76a38ecd5a46a270afb12894dd5 - Path: Assets/Polytope Studio/Lowpoly_Environments/Sources/Shaders/PT_Vegetation_Foliage_Shader.shader - Importer: ScriptedImporter/UnityEditor.QuickSearchModule:UnityEditor.Search:ASIAI0B -> (ImportResultId: 'b4128295bbbba7c9a6b3f43fae876a3d') in 0.0136798 seconds
[Worker1] Imported GUID: dbe8ee5abb1344a4e8a8b80348f13db8 - Path: Assets/Polytope Studio/Lowpoly_Demos/Environment_Free/Helpers/Terrain/TerrainData_d3c37e8d-6092-48f4-b81e-93b97326e4d2.asset - Importer: ScriptedImporter/UnityEditor.QuickSearchModule:UnityEditor.Search:ASIAI0B -> (ImportResultId: '57db30ab88a42cca673b1ea818801347') in 0.0257001 seconds
[Worker1] Imported GUID: 4202bcf0261b7184381139880446dfd6 - Path: Assets/Polytope Studio/Lowpoly_Environments/Prefabs/Rocks/PT_Ore_Rock_01_split.prefab - Importer: ScriptedImporter/UnityEditor.QuickSearchModule:UnityEditor.Search:ASIAI0B -> (ImportResultId: 'd9c3ba026bce1e28c9b54a4d4fd34fee') in 0.0103277 seconds
[Worker0] The tree PT_Caesars_Mushroom_01 must use the Nature/Soft Occlusion shader. Otherwise billboarding/lighting will not work correctly.
UnityEngine.Debug:ExtractStackTraceNoAlloc (byte*,int,string)
UnityEngine.StackTraceUtility:ExtractStackTrace ()
UnityEditor.AssetDatabase:LoadMainAssetAtPath (string)
UnityEditor.Search.AssetIndexer:IndexProperties (int&,string&,bool&)
UnityEditor.Search.AssetIndexer:IndexDocument (string,bool)
UnityEditor.Search.SearchIndexArtifactImporter:OnImportAsset (UnityEditor.AssetImporters.AssetImportContext)
UnityEditor.AssetImporters.ScriptedImporter:GenerateAssetData (UnityEditor.AssetImporters.AssetImportContext)

[C:\build\output\unity\unity\Modules\Terrain\Public\TreeDatabase.cpp line 355]

[Worker0] Imported GUID: c40d5572f8d7d6843bd8d20c21f1c0be - Path: Assets/Polytope Studio/Lowpoly_Demos/Environment_Free/Helpers/Terrain/TerrainData_6dc76592-a48a-4163-91df-c29ec1a99c66.asset - Importer: ScriptedImporter/UnityEditor.QuickSearchModule:UnityEditor.Search:ASIAI0B -> (ImportResultId: 'e083278a9d8164413d328e375624cc97') in 0.0373411 seconds
[Worker1] Imported GUID: e0b09c625cee17a48b22b2cf949cd320 - Path: Assets/Polytope Studio/Lowpoly_Environments/Sources/Textures/PT_Ground_Generic_03.png - Importer: ScriptedImporter/UnityEditor.QuickSearchModule:UnityEditor.Search:ASIAI0B -> (ImportResultId: 'adfec72d5aa210ddf4b555389749f192') in 0.0121392 seconds
[Worker0] Imported GUID: 55a083d549e055045948e2083099df16 - Path: Assets/Polytope Studio/Lowpoly_Environments/Sources/Textures/PT_Generic_Leaves_01.png - Importer: ScriptedImporter/UnityEditor.QuickSearchModule:UnityEditor.Search:ASIAI0B -> (ImportResultId: 'b220aeee433681242c3802da3d562759') in 0.0145145 seconds
[Worker1] Imported GUID: 713ea1b84c2a9fc4d8c7f695ca916c8b - Path: Assets/Polytope Studio/Lowpoly_Environments/URP/PT_Nature_Free_URP_14.unitypackage - Importer: ScriptedImporter/UnityEditor.QuickSearchModule:UnityEditor.Search:ASIAI0B -> (ImportResultId: '318a226c5e1cae3c985221ef296b2f6f') in 0.0102197 seconds
[Worker0] MaterialLocation.External is obsolete. External Material Location is no longer supported. (Assets/Polytope Studio/Lowpoly_Environments/Sources/Meshes/Rocks/PT_Generic_Rock_01.fbx)
[Worker0] Imported GUID: f226223b3a11d2d4b980aaa520301583 - Path: Assets/Polytope Studio/Lowpoly_Environments/Sources/Meshes/Rocks/PT_Generic_Rock_01.fbx - Importer: ScriptedImporter/UnityEditor.QuickSearchModule:UnityEditor.Search:ASIAI0B -> (ImportResultId: '3b568e5de05d7811df233a5072c8c075') in 0.0125895 seconds
[Worker1] Imported GUID: 64b75df8359bb5441b4442d30015f8b8 - Path: Assets/Polytope Studio/Lowpoly_Demos/Environment_Free/Helpers/Terrain - Importer: ScriptedImporter/UnityEditor.QuickSearchModule:UnityEditor.Search:ASIAI0B -> (ImportResultId: '66d5a7dea89b7de29bd5d7528f04d021') in 0.0091036 seconds
[Worker1] MaterialLocation.External is obsolete. External Material Location is no longer supported. (Assets/Polytope Studio/Lowpoly_Village/Sources/Meshes/Modular/Fence/PT_Modular_Fence_Wood_02.fbx)
[Worker0] MaterialLocation.External is obsolete. External Material Location is no longer supported. (Assets/Polytope Studio/Lowpoly_Environments/Sources/Meshes/Trees/PT_Pine_Tree_03_logs.fbx)
[Worker0] Imported GUID: e9a01d2a3de15954eb2cccf4df7f3d5b - Path: Assets/Polytope Studio/Lowpoly_Environments/Sources/Meshes/Trees/PT_Pine_Tree_03_logs.fbx - Importer: ScriptedImporter/UnityEditor.QuickSearchModule:UnityEditor.Search:ASIAI0B -> (ImportResultId: 'dfc432a8e6e2b8a9d7347450945793a5') in 0.0137118 seconds
[Worker1] Imported GUID: b67d2b761d3397348831d776dbb33e03 - Path: Assets/Polytope Studio/Lowpoly_Village/Sources/Meshes/Modular/Fence/PT_Modular_Fence_Wood_02.fbx - Importer: ScriptedImporter/UnityEditor.QuickSearchModule:UnityEditor.Search:ASIAI0B -> (ImportResultId: '28f4c02d4605cf472c2bf56698819e2d') in 0.0136313 seconds
[Worker0] The tree PT_Fruit_Tree_01_logs must use the Nature/Soft Occlusion shader. Otherwise billboarding/lighting will not work correctly.
UnityEngine.Debug:ExtractStackTraceNoAlloc (byte*,int,string)
UnityEngine.StackTraceUtility:ExtractStackTrace ()
UnityEditor.AssetDatabase:LoadMainAssetAtPath (string)
UnityEditor.Search.AssetIndexer:IndexProperties (int&,string&,bool&)
UnityEditor.Search.AssetIndexer:IndexDocument (string,bool)
UnityEditor.Search.SearchIndexArtifactImporter:OnImportAsset (UnityEditor.AssetImporters.AssetImportContext)
UnityEditor.AssetImporters.ScriptedImporter:GenerateAssetData (UnityEditor.AssetImporters.AssetImportContext)

[C:\build\output\unity\unity\Modules\Terrain\Public\TreeDatabase.cpp line 355]

[Worker0] The tree PT_Caesars_Mushroom_01 must use the Nature/Soft Occlusion shader. Otherwise billboarding/lighting will not work correctly.
UnityEngine.Debug:ExtractStackTraceNoAlloc (byte*,int,string)
UnityEngine.StackTraceUtility:ExtractStackTrace ()
UnityEditor.AssetDatabase:LoadMainAssetAtPath (string)
UnityEditor.Search.AssetIndexer:IndexProperties (int&,string&,bool&)
UnityEditor.Search.AssetIndexer:IndexDocument (string,bool)
UnityEditor.Search.SearchIndexArtifactImporter:OnImportAsset (UnityEditor.AssetImporters.AssetImportContext)
UnityEditor.AssetImporters.ScriptedImporter:GenerateAssetData (UnityEditor.AssetImporters.AssetImportContext)

[C:\build\output\unity\unity\Modules\Terrain\Public\TreeDatabase.cpp line 355]

[Worker0] Imported GUID: abd9fc8a29ea3f549bf82c3d3b8c843f - Path: Assets/Polytope Studio/Lowpoly_Demos/Environment_Free/Helpers/Terrain/TerrainData_984456c3-d32f-475f-a118-27bb19f92a65.asset - Importer: ScriptedImporter/UnityEditor.QuickSearchModule:UnityEditor.Search:ASIAI0B -> (ImportResultId: '71fa0028017da0dc656859b28b1de740') in 0.0362748 seconds
[Worker0] Imported GUID: 3d254d49ff5ec1f458f7a2fbae9555d2 - Path: Assets/Polytope Studio/Lowpoly_Village/Prefabs/Modular/Fence - Importer: ScriptedImporter/UnityEditor.QuickSearchModule:UnityEditor.Search:ASIAI0B -> (ImportResultId: '7dbd5b8ae109a9c581e7531542cbe8aa') in 0.0093126 seconds
[Worker1] Imported GUID: e05ae677c7b3bc546bd36b488586fb0c - Path: Assets/Polytope Studio/Lowpoly_Environments/Prefabs/Trees/PT_Fruit_Tree_01_apples.prefab - Importer: ScriptedImporter/UnityEditor.QuickSearchModule:UnityEditor.Search:ASIAI0B -> (ImportResultId: '1b5c6fcf49d04e09aeadb17b4d0014ac') in 0.0124206 seconds
[Worker0] MaterialLocation.External is obsolete. External Material Location is no longer supported. (Assets/Polytope Studio/Lowpoly_Village/Sources/Meshes/Modular/Fence/PT_Modular_Fence_Wood_01.fbx)
[Worker0] Imported GUID: ed920bad5318ee347ad3e34dd82e273f - Path: Assets/Polytope Studio/Lowpoly_Village/Sources/Meshes/Modular/Fence/PT_Modular_Fence_Wood_01.fbx - Importer: ScriptedImporter/UnityEditor.QuickSearchModule:UnityEditor.Search:ASIAI0B -> (ImportResultId: '653a9815244239ad6463b6da264c8eac') in 0.013783 seconds
[Worker1] Imported GUID: 66d0615cc71cd48408b75ff3f99c97af - Path: Assets/Polytope Studio/Lowpoly_Environments/Prefabs/Trees/PT_Fruit_Tree_01_dead_cut.prefab - Importer: ScriptedImporter/UnityEditor.QuickSearchModule:UnityEditor.Search:ASIAI0B -> (ImportResultId: '6875e6dc0400eda4675b969528034dc2') in 0.0110261 seconds
[Worker1] Imported GUID: 36986a7ae10be8447a485caceba8c0ab - Path: Assets/a_low_poly_3D_model_o_0928225801_refine.fbx - Importer: ScriptedImporter/UnityEditor.QuickSearchModule:UnityEditor.Search:ASIAI0B -> (ImportResultId: '6fe6fa350ed2665275742d9c7bb1d7c7') in 0.0198315 seconds
[Worker1] Imported GUID: 9c4cb87f53ebd5c468c413df16c5ea33 - Path: Assets/Polytope Studio/Lowpoly_Village - Importer: ScriptedImporter/UnityEditor.QuickSearchModule:UnityEditor.Search:ASIAI0B -> (ImportResultId: 'bd620d125a6f7a963233650e39e1b9da') in 0.0083756 seconds
[Worker0] Imported GUID: 09473d06882d1414b84b1fdb7a095516 - Path: Assets/Polytope Studio/Lowpoly_Environments/Sources/Materials/PT_Grass_Mat.mat - Importer: ScriptedImporter/UnityEditor.QuickSearchModule:UnityEditor.Search:ASIAI0B -> (ImportResultId: '86860d43b99579081c04e84d190c310d') in 0.0545261 seconds
[Worker1] The tree PT_Fruit_Tree_01_logs must use the Nature/Soft Occlusion shader. Otherwise billboarding/lighting will not work correctly.
UnityEngine.Debug:ExtractStackTraceNoAlloc (byte*,int,string)
UnityEngine.StackTraceUtility:ExtractStackTrace ()
UnityEditor.AssetDatabase:LoadMainAssetAtPath (string)
UnityEditor.Search.AssetIndexer:IndexProperties (int&,string&,bool&)
UnityEditor.Search.AssetIndexer:IndexDocument (string,bool)
UnityEditor.Search.SearchIndexArtifactImporter:OnImportAsset (UnityEditor.AssetImporters.AssetImportContext)
UnityEditor.AssetImporters.ScriptedImporter:GenerateAssetData (UnityEditor.AssetImporters.AssetImportContext)

[C:\build\output\unity\unity\Modules\Terrain\Public\TreeDatabase.cpp line 355]

[Worker1] Imported GUID: 3349f3f4495a62f40895e095545b535e - Path: Assets/Polytope Studio/Lowpoly_Demos/Environment_Free/Helpers/Terrain/TerrainData_ff4b5190-b520-4d46-b960-ee1d0967df26.asset - Importer: ScriptedImporter/UnityEditor.QuickSearchModule:UnityEditor.Search:ASIAI0B -> (ImportResultId: 'dc8729845363c1d27b355e0f46213bd9') in 0.0319317 seconds
[Worker1] The tree PT_Caesars_Mushroom_01 must use the Nature/Soft Occlusion shader. Otherwise billboarding/lighting will not work correctly.
UnityEngine.Debug:ExtractStackTraceNoAlloc (byte*,int,string)
UnityEngine.StackTraceUtility:ExtractStackTrace ()
UnityEditor.AssetDatabase:LoadMainAssetAtPath (string)
UnityEditor.Search.AssetIndexer:IndexProperties (int&,string&,bool&)
UnityEditor.Search.AssetIndexer:IndexDocument (string,bool)
UnityEditor.Search.SearchIndexArtifactImporter:OnImportAsset (UnityEditor.AssetImporters.AssetImportContext)
UnityEditor.AssetImporters.ScriptedImporter:GenerateAssetData (UnityEditor.AssetImporters.AssetImportContext)

[C:\build\output\unity\unity\Modules\Terrain\Public\TreeDatabase.cpp line 355]

[Worker0] Imported GUID: 5733ec0c27e7c9d41a230d27ca7b85d4 - Path: Assets/Polytope Studio/Lowpoly_Environments/Sources/Textures/PT_Tree_Trunk_01.png - Importer: ScriptedImporter/UnityEditor.QuickSearchModule:UnityEditor.Search:ASIAI0B -> (ImportResultId: 'a0cb23d6f10e05e6cf80d76d0e5d2269') in 0.0106555 seconds
[Worker1] Imported GUID: aa8ea3d66a87ed449832e8709ec90517 - Path: Assets/Polytope Studio/Lowpoly_Demos/Environment_Free/Helpers/PT_High_Grass_02_v1.prefab - Importer: ScriptedImporter/UnityEditor.QuickSearchModule:UnityEditor.Search:ASIAI0B -> (ImportResultId: '956bada92be35603c7ed5f9ec487a1a7') in 0.0112718 seconds
[Worker0] Imported GUID: da4b5e2c1255f2e40bad4bd005f99f2c - Path: Assets/Polytope Studio/Lowpoly_Village/Sources/Textures/PT_Medieval_Buildings_Texture_01mask2.png - Importer: ScriptedImporter/UnityEditor.QuickSearchModule:UnityEditor.Search:ASIAI0B -> (ImportResultId: '90a014f8dca8755ec3c4dacf03cac4f9') in 0.0104961 seconds
[Worker1] Imported GUID: 46f8d17b9eeef754ebc1008196f84bdd - Path: Assets/Polytope Studio/Lowpoly_Village/Prefabs/Modular/Bridge/PT_Wooden_Bridge_02.prefab - Importer: ScriptedImporter/UnityEditor.QuickSearchModule:UnityEditor.Search:ASIAI0B -> (ImportResultId: '0abef190012b4afaa2020f324ed62751') in 0.0095443 seconds
[Worker0] MaterialLocation.External is obsolete. External Material Location is no longer supported. (Assets/Polytope Studio/Lowpoly_Environments/Sources/Meshes/Trees/PT_Fruit_Tree_01_dead_cut.fbx)
[Worker0] Imported GUID: ddcbcdd7a43212c4d86fe33f77dac074 - Path: Assets/Polytope Studio/Lowpoly_Environments/Sources/Meshes/Trees/PT_Fruit_Tree_01_dead_cut.fbx - Importer: ScriptedImporter/UnityEditor.QuickSearchModule:UnityEditor.Search:ASIAI0B -> (ImportResultId: '86542e4895bb45b6c3e23301e869396b') in 0.0132136 seconds
[Worker1] MaterialLocation.External is obsolete. External Material Location is no longer supported. (Assets/Polytope Studio/Lowpoly_Environments/Sources/Meshes/Shrubs/PT_Generic_Shrub_01_dead.fbx)
[Worker1] Imported GUID: 0101712be5ca1c7449afe15d548c8817 - Path: Assets/Polytope Studio/Lowpoly_Environments/Sources/Meshes/Shrubs/PT_Generic_Shrub_01_dead.fbx - Importer: ScriptedImporter/UnityEditor.QuickSearchModule:UnityEditor.Search:ASIAI0B -> (ImportResultId: '973ab9b5c1f9158529517a03af7cc4d3') in 0.0128081 seconds
[Worker0] Imported GUID: 8ce8268a24bfebc4ca972ae10f12aece - Path: Assets/Polytope Studio/Lowpoly_Demos/Environment_Free/Helpers/PT_Grass_Mat 1.mat - Importer: ScriptedImporter/UnityEditor.QuickSearchModule:UnityEditor.Search:ASIAI0B -> (ImportResultId: '6492c803b6f87f3bbc51b1b9c90fed2b') in 0.0118265 seconds
[Worker1] Imported GUID: 244ce2af788c0c346b86cbc0473811b0 - Path: Assets/Polytope Studio/Lowpoly_Environments/Prefabs/Trees/PT_Pine_Tree_03_logs.prefab - Importer: ScriptedImporter/UnityEditor.QuickSearchModule:UnityEditor.Search:ASIAI0B -> (ImportResultId: '664f6d1ae1b565524fd928e5c077e629') in 0.0106804 seconds
[Worker0] Imported GUID: b1d2d07a2fd7be646ab43c446a26a69e - Path: Assets/Polytope Studio/Welcome_Screen/Editor/Textures/banner_dark.png - Importer: ScriptedImporter/UnityEditor.QuickSearchModule:UnityEditor.Search:ASIAI0B -> (ImportResultId: '35176097dbbb9f67d57f9a18403df07f') in 0.0104368 seconds
[Worker1] Imported GUID: 367ab66e2689a8345a8fb8fd14a4f90c - Path: Assets/Polytope Studio/Lowpoly_Environments/Prefabs/Trees/PT_Fruit_Tree_01_plums.prefab - Importer: ScriptedImporter/UnityEditor.QuickSearchModule:UnityEditor.Search:ASIAI0B -> (ImportResultId: 'e386a18c5be8a9679d42f8f7734f1503') in 0.0107713 seconds
[Worker0] Imported GUID: 56532089e45dbc1479865e115cc8c637 - Path: Assets/Polytope Studio/Lowpoly_Village/Sources/Materials/PT_mat.mat - Importer: ScriptedImporter/UnityEditor.QuickSearchModule:UnityEditor.Search:ASIAI0B -> (ImportResultId: '6f168a8319366890e910908d0407ed33') in 0.0104416 seconds
[Worker0] Imported GUID: e4f62d5abc5742c4eabbbf96fe54193c - Path: Assets/Polytope Studio/Lowpoly_Demos/Environment_Free/Helpers/PT_River_Rock_Pile_02_v1.prefab - Importer: ScriptedImporter/UnityEditor.QuickSearchModule:UnityEditor.Search:ASIAI0B -> (ImportResultId: 'df303d72868c0033aec8536fb2eaa5ce') in 0.0145006 seconds
[Worker0] Imported GUID: d329461fd2714384088c78ea5f4c2765 - Path: Assets/Polytope Studio/Lowpoly_Environments/Sources/Textures/PT_Runes_02.png - Importer: ScriptedImporter/UnityEditor.QuickSearchModule:UnityEditor.Search:ASIAI0B -> (ImportResultId: 'fd8a67b0bd87f6aceebae7546a0227ba') in 0.0107214 seconds
[Worker0] Imported GUID: 46df1f2d8eb22a64fb03812d24ea1ffd - Path: Assets/Polytope Studio/Lowpoly_Village/Prefabs - Importer: ScriptedImporter/UnityEditor.QuickSearchModule:UnityEditor.Search:ASIAI0B -> (ImportResultId: '4ac297691fe999ea1292c2a9ed6b5065') in 0.0094632 seconds
[Worker1] Imported GUID: 93415edde47040648869ae6638d33ced - Path: Assets/Polytope Studio/Lowpoly_Environments/Sources/Materials/PT_Rocks_mat.mat - Importer: ScriptedImporter/UnityEditor.QuickSearchModule:UnityEditor.Search:ASIAI0B -> (ImportResultId: 'dcbe41bc12c69314ce00e603c51d62eb') in 0.0426598 seconds
[Worker0] Imported GUID: 96a08e9b3a862214b8c94c891f9b5a83 - Path: Assets/Polytope Studio/Lowpoly_Demos - Importer: ScriptedImporter/UnityEditor.QuickSearchModule:UnityEditor.Search:ASIAI0B -> (ImportResultId: '846078b673b10348592915298ce971bf') in 0.0087789 seconds
Worker ready: AssetImportWorkerHW2 2
[Worker0] MaterialLocation.External is obsolete. External Material Location is no longer supported. (Assets/Polytope Studio/Lowpoly_Environments/Sources/Meshes/Trees/PT_Fruit_Tree_01_pears.fbx)
[Worker0] Imported GUID: ab5654911e4a8494190af9551d81ea81 - Path: Assets/Polytope Studio/Lowpoly_Environments/Sources/Meshes/Trees/PT_Fruit_Tree_01_pears.fbx - Importer: ScriptedImporter/UnityEditor.QuickSearchModule:UnityEditor.Search:ASIAI0B -> (ImportResultId: 'f4beee3e4ef7258cc0d09f9ce1674c70') in 0.0123708 seconds
[Worker1] Imported GUID: d8b9a114dc91e7d4e9885d54ca9d957f - Path: Assets/Polytope Studio/Lowpoly_Environments/Sources/Textures/PT_Skybox_Texture_01.png - Importer: ScriptedImporter/UnityEditor.QuickSearchModule:UnityEditor.Search:ASIAI0B -> (ImportResultId: '7001d94540e6664da57cc4e7aaa19cc5') in 0.0224954 seconds
[Worker1] Imported GUID: 883dcf0a9b42c1e49bc88ef484e7030a - Path: Assets/Polytope Studio/Welcome_Screen/Editor/Textures/icon_Tiktok.png - Importer: ScriptedImporter/UnityEditor.QuickSearchModule:UnityEditor.Search:ASIAI0B -> (ImportResultId: 'e0a6c8e6e28e6299280a1399c76765b6') in 0.0096177 seconds
[Worker0] Imported GUID: a76d56770814df042a1b794d9ecb8972 - Path: Assets/Polytope Studio/Welcome_Screen/Editor/Textures/icon_Instagram.png - Importer: ScriptedImporter/UnityEditor.QuickSearchModule:UnityEditor.Search:ASIAI0B -> (ImportResultId: 'a86fc4607e95829847ca2d63aa214755') in 0.0116665 seconds
[Worker1] Imported GUID: 18b253117ba5d2f43955dc773b562525 - Path: Assets/Polytope Studio/Welcome_Screen - Importer: ScriptedImporter/UnityEditor.QuickSearchModule:UnityEditor.Search:ASIAI0B -> (ImportResultId: '4384df44eec15cde4ac13f9cef5827e7') in 0.0084855 seconds
[Worker0] Imported GUID: a4be55d94a4745c489dca6d060068259 - Path: Assets/Polytope Studio/Welcome_Screen/Editor/Textures/icon_facebook.png - Importer: ScriptedImporter/UnityEditor.QuickSearchModule:UnityEditor.Search:ASIAI0B -> (ImportResultId: '07ab30f69577d552988ae11770d58b02') in 0.0115681 seconds
[Worker1] Imported GUID: c8b350551fbedc84c8025d7d29f3a018 - Path: Assets/Polytope Studio/Lowpoly_Environments/Prefabs/Trees/PT_Pine_Tree_03_stump.prefab - Importer: ScriptedImporter/UnityEditor.QuickSearchModule:UnityEditor.Search:ASIAI0B -> (ImportResultId: '3226a16697550c30b17e7e4dda9cd3f6') in 0.0104066 seconds
[Worker0] Imported GUID: a3da565160a7367429bc2fd058201787 - Path: Assets/New Terrain.asset - Importer: ScriptedImporter/UnityEditor.QuickSearchModule:UnityEditor.Search:ASIAI0B -> (ImportResultId: '68d04c1c71ac45c16951cc1d6f65ba27') in 0.0121572 seconds
[Worker1] Imported GUID: 83479e57b987f8244994f67684484983 - Path: Assets/Polytope Studio/Welcome_Screen/Editor - Importer: ScriptedImporter/UnityEditor.QuickSearchModule:UnityEditor.Search:ASIAI0B -> (ImportResultId: 'b137827314f2365edd3be2d9d50b3357') in 0.0086792 seconds
[Worker1] Imported GUID: 270965b004462ae41bd125bc783c0fa6 - Path: Assets/Polytope Studio/Lowpoly_Environments/Sources/Shaders/PT_Vegetation_Opaque_Shader.shader - Importer: ScriptedImporter/UnityEditor.QuickSearchModule:UnityEditor.Search:ASIAI0B -> (ImportResultId: 'f94e9bb89b603fc777bc04dacd723157') in 0.0102308 seconds
[Worker1] MaterialLocation.External is obsolete. External Material Location is no longer supported. (Assets/Polytope Studio/Lowpoly_Environments/Sources/Meshes/Rocks/PT_Menhir_Rock_02.fbx)
[Worker1] Imported GUID: e0fe1b80592a0144babd1bf297ad32ad - Path: Assets/Polytope Studio/Lowpoly_Environments/Sources/Meshes/Rocks/PT_Menhir_Rock_02.fbx - Importer: ScriptedImporter/UnityEditor.QuickSearchModule:UnityEditor.Search:ASIAI0B -> (ImportResultId: '2276699677a67df1f5ce72e118433252') in 0.0127358 seconds
[Worker1] Imported GUID: c0c32672766a81647b04690fc9ed3595 - Path: Assets/Polytope Studio/Lowpoly_Environments/Prefabs/Trees/PT_Fruit_Tree_01_logs.prefab - Importer: ScriptedImporter/UnityEditor.QuickSearchModule:UnityEditor.Search:ASIAI0B -> (ImportResultId: 'de9d95cd3067bcda936fb4ad8ed45b80') in 0.0105667 seconds
[Worker1] MaterialLocation.External is obsolete. External Material Location is no longer supported. (Assets/Polytope Studio/Lowpoly_Environments/Sources/Meshes/Trees/PT_Pine_Tree_03_green.fbx)
[Worker1] Imported GUID: c2dcabc4d03cc9b4098225e59529d20d - Path: Assets/Polytope Studio/Lowpoly_Environments/Sources/Meshes/Trees/PT_Pine_Tree_03_green.fbx - Importer: ScriptedImporter/UnityEditor.QuickSearchModule:UnityEditor.Search:ASIAI0B -> (ImportResultId: 'af01f0fd5e6ae1527540f954c276063f') in 0.0146565 seconds
[Worker0] Imported GUID: 0a1f44318dd467a45bfef81ad0e8855a - Path: Assets/Polytope Studio/Lowpoly_Environments/Sources/Materials/PT_Fruit_Tree_Foliage_Mat.mat - Importer: ScriptedImporter/UnityEditor.QuickSearchModule:UnityEditor.Search:ASIAI0B -> (ImportResultId: '53a211cc9eb0794121eca9f448731a70') in 0.0582805 seconds
[Worker1] Imported GUID: 9c17ca59c125f404a92f9cf48eab6dab - Path: Assets/Polytope Studio/Lowpoly_Environments/Prefabs/Plants - Importer: ScriptedImporter/UnityEditor.QuickSearchModule:UnityEditor.Search:ASIAI0B -> (ImportResultId: '002a1ffc61b682476892dea98874fa2f') in 0.008642 seconds
[Worker0] Imported GUID: e4243f8d0fc95cf46b99b24ef7a05c79 - Path: Assets/Polytope Studio/Lowpoly_Environments/Prefabs/Trees - Importer: ScriptedImporter/UnityEditor.QuickSearchModule:UnityEditor.Search:ASIAI0B -> (ImportResultId: 'c2997fe38a5c6bdf3b14d46adef07a15') in 0.0087873 seconds
[Worker1] Imported GUID: 99c9720ab356a0642a771bea13969a05 - Path: Assets/Scenes/SampleScene.unity - Importer: ScriptedImporter/UnityEditor.QuickSearchModule:UnityEditor.Search:ASIAI0B -> (ImportResultId: '868528442948368352ba9632cfffcd66') in 0.0090645 seconds
[Worker0] Imported GUID: 38004d1b0c9563f4a9a518dcee0bb83d - Path: Assets/Polytope Studio/Lowpoly_Village/Sources/Shaders - Importer: ScriptedImporter/UnityEditor.QuickSearchModule:UnityEditor.Search:ASIAI0B -> (ImportResultId: 'e1a7aad43130b49451dcbfb7737f7c7f') in 0.0083613 seconds
[Worker1] Imported GUID: 5db93e6325024c749aa2663b9998053d - Path: Assets/Polytope Studio/Lowpoly_Village/Prefabs/Modular/Fence/PT_Modular_Gate_Wood_01.prefab - Importer: ScriptedImporter/UnityEditor.QuickSearchModule:UnityEditor.Search:ASIAI0B -> (ImportResultId: '3e4605653b04b56512900f7785eb9410') in 0.0097788 seconds
[Worker0] Imported GUID: c522ec7c62be0c145bc320ad11705a67 - Path: Assets/Polytope Studio/Lowpoly_Environments/Sources/Materials/PT_Mushrooms_mat.mat - Importer: ScriptedImporter/UnityEditor.QuickSearchModule:UnityEditor.Search:ASIAI0B -> (ImportResultId: 'ab935d87f7cc62157279a140d31a18a3') in 0.0111918 seconds
[Worker1] Imported GUID: cd18bd550ff6630468660d0150eed511 - Path: Assets/Polytope Studio/Lowpoly_Environments/Sources/Shaders/PT_Rock_Shader.shader - Importer: ScriptedImporter/UnityEditor.QuickSearchModule:UnityEditor.Search:ASIAI0B -> (ImportResultId: '7e5b7554d6077a122533abe998996874') in 0.0144224 seconds
[Worker1] Imported GUID: 59573b088aaea0442bf29e0a0e9d1339 - Path: Assets/Polytope Studio/Lowpoly_Environments/Sources/Materials/PT_Skybox_mat.mat - Importer: ScriptedImporter/UnityEditor.QuickSearchModule:UnityEditor.Search:ASIAI0B -> (ImportResultId: '05699df55187b50d3450a0c35f091513') in 0.0159483 seconds
[Worker0] The tree PT_Fruit_Tree_01_logs must use the Nature/Soft Occlusion shader. Otherwise billboarding/lighting will not work correctly.
UnityEngine.Debug:ExtractStackTraceNoAlloc (byte*,int,string)
UnityEngine.StackTraceUtility:ExtractStackTrace ()
UnityEditor.AssetDatabase:LoadMainAssetAtPath (string)
UnityEditor.Search.AssetIndexer:IndexProperties (int&,string&,bool&)
UnityEditor.Search.AssetIndexer:IndexDocument (string,bool)
UnityEditor.Search.SearchIndexArtifactImporter:OnImportAsset (UnityEditor.AssetImporters.AssetImportContext)
UnityEditor.AssetImporters.ScriptedImporter:GenerateAssetData (UnityEditor.AssetImporters.AssetImportContext)

[C:\build\output\unity\unity\Modules\Terrain\Public\TreeDatabase.cpp line 355]

[Worker1] Imported GUID: 6250bab4ccf188c4d97251a33d790370 - Path: Assets/Polytope Studio/Lowpoly_Village/Sources/Meshes - Importer: ScriptedImporter/UnityEditor.QuickSearchModule:UnityEditor.Search:ASIAI0B -> (ImportResultId: '21170fbb2693e00d2f194063accb63e2') in 0.009575 seconds
[Worker0] The tree PT_Caesars_Mushroom_01 must use the Nature/Soft Occlusion shader. Otherwise billboarding/lighting will not work correctly.
UnityEngine.Debug:ExtractStackTraceNoAlloc (byte*,int,string)
UnityEngine.StackTraceUtility:ExtractStackTrace ()
UnityEditor.AssetDatabase:LoadMainAssetAtPath (string)
UnityEditor.Search.AssetIndexer:IndexProperties (int&,string&,bool&)
UnityEditor.Search.AssetIndexer:IndexDocument (string,bool)
UnityEditor.Search.SearchIndexArtifactImporter:OnImportAsset (UnityEditor.AssetImporters.AssetImportContext)
UnityEditor.AssetImporters.ScriptedImporter:GenerateAssetData (UnityEditor.AssetImporters.AssetImportContext)

[C:\build\output\unity\unity\Modules\Terrain\Public\TreeDatabase.cpp line 355]

[Worker0] Imported GUID: b273ce15435a60644bcd2c174476a708 - Path: Assets/Polytope Studio/Lowpoly_Demos/Environment_Free/Helpers/Terrain/TerrainData_832163fb-b19c-4118-97c2-cf0a3b224fca.asset - Importer: ScriptedImporter/UnityEditor.QuickSearchModule:UnityEditor.Search:ASIAI0B -> (ImportResultId: '8e261b7c6f00e5520e46af52e8d5962c') in 0.0401345 seconds
[Worker1] Imported GUID: 516f5b8c780f050499e83e3e45588ae9 - Path: Assets/Polytope Studio/Lowpoly_Demos/Environment_Free/Helpers/Fence.prefab - Importer: ScriptedImporter/UnityEditor.QuickSearchModule:UnityEditor.Search:ASIAI0B -> (ImportResultId: 'ab59d4926a48dff14af3456f4d332842') in 0.0108862 seconds
[Worker0] MaterialLocation.External is obsolete. External Material Location is no longer supported. (Assets/Polytope Studio/Lowpoly_Environments/Sources/Meshes/Trees/PT_Fruit_Tree_01_green_cut.fbx)
[Worker0] Imported GUID: 1500a5535a073af4797d5ba960824cb3 - Path: Assets/Polytope Studio/Lowpoly_Environments/Sources/Meshes/Trees/PT_Fruit_Tree_01_green_cut.fbx - Importer: ScriptedImporter/UnityEditor.QuickSearchModule:UnityEditor.Search:ASIAI0B -> (ImportResultId: '6e249f17abedb9cf756703a253ad1f81') in 0.0162075 seconds
[Worker1] Imported GUID: 066ded06e6a8eb240893ea7b8efb66b4 - Path: Assets/Polytope Studio/Lowpoly_Environments/Sources/Materials/PT_Generic_Tree_Leaves_mat.mat - Importer: ScriptedImporter/UnityEditor.QuickSearchModule:UnityEditor.Search:ASIAI0B -> (ImportResultId: '5c989f52dc2d2fa8896a73f5f86a8d94') in 0.0146526 seconds
[Worker0] Imported GUID: 115939fafdaab3542ac9de578833169e - Path: Assets/Polytope Studio - Importer: ScriptedImporter/UnityEditor.QuickSearchModule:UnityEditor.Search:ASIAI0B -> (ImportResultId: 'f64e409a5f8b7c5c642f82bbf04c2d3b') in 0.0093354 seconds
[Worker1] Imported GUID: b458cb1c79cb9894196830046f2621fa - Path: Assets/Polytope Studio/Lowpoly_Environments/Sources/Textures/PT_Grass_High_01.png - Importer: ScriptedImporter/UnityEditor.QuickSearchModule:UnityEditor.Search:ASIAI0B -> (ImportResultId: '60e1adcd4fa31da1b1ddf2fd29e4a657') in 0.0121564 seconds
[Worker0] Imported GUID: 710655db3a8505840bbf816762a7887b - Path: Assets/Polytope Studio/Lowpoly_Environments/Sources/Meshes/Rocks - Importer: ScriptedImporter/UnityEditor.QuickSearchModule:UnityEditor.Search:ASIAI0B -> (ImportResultId: '2166b4003670a733f622562eb3787231') in 0.0093209 seconds
[Worker1] Imported GUID: d8296f87fe19df9428b94eeb6cc479c3 - Path: Assets/Polytope Studio/Lowpoly_Village/Sources/Meshes/Modular - Importer: ScriptedImporter/UnityEditor.QuickSearchModule:UnityEditor.Search:ASIAI0B -> (ImportResultId: '0820357736321773a0c68701680915a2') in 0.0085315 seconds
[Worker1] Imported GUID: 7a3bbc3a2bec9f747b42252d4c80a793 - Path: Assets/Polytope Studio/Lowpoly_Environments/Sources/Meshes/Mushrooms - Importer: ScriptedImporter/UnityEditor.QuickSearchModule:UnityEditor.Search:ASIAI0B -> (ImportResultId: '1061b78acb6e021a2370347f7f8df622') in 0.0089889 seconds
[Worker1] Imported GUID: f479e3fca277d3f43b3b0aaead6d1ed0 - Path: Assets/Polytope Studio/Lowpoly_Village/Prefabs/Modular/Bridge - Importer: ScriptedImporter/UnityEditor.QuickSearchModule:UnityEditor.Search:ASIAI0B -> (ImportResultId: 'a0d1c6e73b50a8147a7602797610911e') in 0.0087354 seconds
[Worker0] Imported GUID: 1587ce82db2499e4185b7701bf0d532b - Path: Assets/Polytope Studio/Lowpoly_Demos/Environment_Free/Helpers/Terrain/TerrainData_445999c2-5240-4b5c-9394-4cacb62d7eec.asset - Importer: ScriptedImporter/UnityEditor.QuickSearchModule:UnityEditor.Search:ASIAI0B -> (ImportResultId: 'cf5837acca4a41b01dd8f7c0c178ca9a') in 0.0311372 seconds
[Worker1] MaterialLocation.External is obsolete. External Material Location is no longer supported. (Assets/Polytope Studio/Lowpoly_Environments/Sources/Meshes/Shrubs/PT_Generic_Shrub_01_green.fbx)
[Worker1] Imported GUID: cc43ed905f6a9d24a86d3eb531265e85 - Path: Assets/Polytope Studio/Lowpoly_Environments/Sources/Meshes/Shrubs/PT_Generic_Shrub_01_green.fbx - Importer: ScriptedImporter/UnityEditor.QuickSearchModule:UnityEditor.Search:ASIAI0B -> (ImportResultId: 'a4c3f5dd6923c80aabfe8c82c214ec4c') in 0.0144993 seconds
[Worker1] MaterialLocation.External is obsolete. External Material Location is no longer supported. (Assets/Polytope Studio/Lowpoly_Environments/Sources/Meshes/Trees/PT_Fruit_Tree_01_apples.fbx)
[Worker1] Imported GUID: fb0559a36ae9650449b6e3c26d5076a5 - Path: Assets/Polytope Studio/Lowpoly_Environments/Sources/Meshes/Trees/PT_Fruit_Tree_01_apples.fbx - Importer: ScriptedImporter/UnityEditor.QuickSearchModule:UnityEditor.Search:ASIAI0B -> (ImportResultId: '70c481b4914c5930de4bc03d7d633884') in 0.0120215 seconds
[Worker1] Imported GUID: 51763bafdae3792488a76927e0169d7a - Path: Assets/Polytope Studio/Lowpoly_Demos/Environment_Free/Helpers/PT_MouseLook.cs - Importer: ScriptedImporter/UnityEditor.QuickSearchModule:UnityEditor.Search:ASIAI0B -> (ImportResultId: 'eeb4af2d568b9ce0a9c5842664b017b7') in 0.0090065 seconds
[Worker0] Imported GUID: 48c26796e9175d14a9b2eccded92bb92 - Path: Assets/Polytope Studio/Lowpoly_Environments/Sources/Materials/PT_Terrain_mat.mat - Importer: ScriptedImporter/UnityEditor.QuickSearchModule:UnityEditor.Search:ASIAI0B -> (ImportResultId: 'f8829043797ceb2c478db19f5db4fed3') in 0.0502739 seconds
Worker ready: AssetImportWorkerHW3 3
Starting new worker id: 4 with log in C:/Users/Vili/Desktop/github/Grass-Cutting-Simulator/Grass Cutting Simulator/Logs/AssetImportWorkerHW4.log
Starting new worker id: 5 with log in C:/Users/Vili/Desktop/github/Grass-Cutting-Simulator/Grass Cutting Simulator/Logs/AssetImportWorkerHW5.log
[Worker0] MaterialLocation.External is obsolete. External Material Location is no longer supported. (Assets/Polytope Studio/Lowpoly_Environments/Sources/Meshes/Trees/PT_Fruit_Tree_01_dead.fbx)
[Worker1] MaterialLocation.External is obsolete. External Material Location is no longer supported. (Assets/Polytope Studio/Lowpoly_Environments/Sources/Meshes/Trees/PT_Fruit_Tree_01_dead_cut.fbx)
[Worker2] MaterialLocation.External is obsolete. External Material Location is no longer supported. (Assets/Polytope Studio/Lowpoly_Environments/Sources/Meshes/Mushrooms/PT_Caesars_Mushroom_01.fbx)
[Worker3] MaterialLocation.External is obsolete. External Material Location is no longer supported. (Assets/Polytope Studio/Lowpoly_Environments/Sources/Meshes/Trees/PT_Fruit_Tree_01_apples.fbx)
[Worker0] Imported GUID: 3ebf65d3a6489594ca09a35d85d43b0a - Path: Assets/Polytope Studio/Lowpoly_Environments/Sources/Meshes/Trees/PT_Fruit_Tree_01_dead.fbx - Importer: PreviewImporter -> (ImportResultId: 'c9e7499144dd9c019eb9380be2bc1a66') in 0.0499242 seconds
[Worker0] MaterialLocation.External is obsolete. External Material Location is no longer supported. (Assets/Polytope Studio/Lowpoly_Environments/Sources/Meshes/Trees/PT_Fruit_Tree_01_stump.fbx)
[Worker0] Imported GUID: f42a2ed0c78e45643bba339ed33235d4 - Path: Assets/Polytope Studio/Lowpoly_Environments/Sources/Meshes/Trees/PT_Fruit_Tree_01_stump.fbx - Importer: PreviewImporter -> (ImportResultId: '1a8ae7a7c0932e52fef85dc2238fff83') in 0.0208756 seconds
[Worker0] MaterialLocation.External is obsolete. External Material Location is no longer supported. (Assets/Polytope Studio/Lowpoly_Village/Sources/Meshes/Modular/Fence/PT_Modular_Fence_Wood_03.fbx)
[Worker0] Imported GUID: 955f7ab7f12013b42b2aa2e494846f3a - Path: Assets/Polytope Studio/Lowpoly_Village/Sources/Meshes/Modular/Fence/PT_Modular_Fence_Wood_03.fbx - Importer: PreviewImporter -> (ImportResultId: '3cf673326cbc50bd2df4d54db826a662') in 0.0190693 seconds
[Worker0] MaterialLocation.External is obsolete. External Material Location is no longer supported. (Assets/Polytope Studio/Lowpoly_Environments/Sources/Meshes/Trees/PT_Pine_Tree_03_logs.fbx)
[Worker0] Imported GUID: e9a01d2a3de15954eb2cccf4df7f3d5b - Path: Assets/Polytope Studio/Lowpoly_Environments/Sources/Meshes/Trees/PT_Pine_Tree_03_logs.fbx - Importer: PreviewImporter -> (ImportResultId: '7e24c59df8722a69d5399d1464262a8e') in 0.021855 seconds
[Worker0] MaterialLocation.External is obsolete. External Material Location is no longer supported. (Assets/Polytope Studio/Lowpoly_Environments/Sources/Meshes/Trees/PT_Fruit_Tree_01_plums.fbx)
[Worker0] Imported GUID: 0ef9f3b550a8ffd40ab0be1ae6034fe1 - Path: Assets/Polytope Studio/Lowpoly_Environments/Sources/Meshes/Trees/PT_Fruit_Tree_01_plums.fbx - Importer: PreviewImporter -> (ImportResultId: '47f3d2cfac074dbc9a5df56964335783') in 0.0456781 seconds
[Worker0] MaterialLocation.External is obsolete. External Material Location is no longer supported. (Assets/Polytope Studio/Lowpoly_Environments/Sources/Meshes/Trees/PT_Pine_Tree_03_green_cut.fbx)
[Worker0] Imported GUID: 2a5e649cde00dd847885c694eb77f1fb - Path: Assets/Polytope Studio/Lowpoly_Environments/Sources/Meshes/Trees/PT_Pine_Tree_03_green_cut.fbx - Importer: PreviewImporter -> (ImportResultId: '98651359d9144eb8d9504dee5bf81b59') in 0.0242939 seconds
[Worker0] MaterialLocation.External is obsolete. External Material Location is no longer supported. (Assets/Polytope Studio/Lowpoly_Environments/Sources/Meshes/Rocks/PT_Menhir_Rock_02.fbx)
[Worker0] Imported GUID: e0fe1b80592a0144babd1bf297ad32ad - Path: Assets/Polytope Studio/Lowpoly_Environments/Sources/Meshes/Rocks/PT_Menhir_Rock_02.fbx - Importer: PreviewImporter -> (ImportResultId: 'db12b2267a7f8ac8a10a3a38e25d78f3') in 0.0660728 seconds
[Worker0] MaterialLocation.External is obsolete. External Material Location is no longer supported. (Assets/Polytope Studio/Lowpoly_Environments/Sources/Meshes/Shrubs/PT_Generic_Shrub_01_green.fbx)
[Worker0] Imported GUID: cc43ed905f6a9d24a86d3eb531265e85 - Path: Assets/Polytope Studio/Lowpoly_Environments/Sources/Meshes/Shrubs/PT_Generic_Shrub_01_green.fbx - Importer: PreviewImporter -> (ImportResultId: '0944d26b9c9f4398cad31681af4e6df2') in 0.0443021 seconds
[Worker0] MaterialLocation.External is obsolete. External Material Location is no longer supported. (Assets/Polytope Studio/Lowpoly_Environments/Sources/Meshes/Shrubs/PT_Generic_Shrub_01_dead.fbx)
[Worker0] Imported GUID: 0101712be5ca1c7449afe15d548c8817 - Path: Assets/Polytope Studio/Lowpoly_Environments/Sources/Meshes/Shrubs/PT_Generic_Shrub_01_dead.fbx - Importer: PreviewImporter -> (ImportResultId: 'b15d9106113e8efad1f66250077bdf2e') in 0.0399434 seconds
[Worker0] MaterialLocation.External is obsolete. External Material Location is no longer supported. (Assets/Polytope Studio/Lowpoly_Environments/Sources/Meshes/Trees/PT_Pine_Tree_03_dead_cut.fbx)
[Worker0] Imported GUID: 3b8d3c0077d69eb4db5ee5754518f067 - Path: Assets/Polytope Studio/Lowpoly_Environments/Sources/Meshes/Trees/PT_Pine_Tree_03_dead_cut.fbx - Importer: PreviewImporter -> (ImportResultId: '45c146cfd1fe17f204dffb1aae009e98') in 0.018411 seconds
[Worker0] MaterialLocation.External is obsolete. External Material Location is no longer supported. (Assets/Polytope Studio/Lowpoly_Village/Sources/Meshes/Modular/Fence/PT_Modular_Fence_Wood_01.fbx)
[Worker0] Imported GUID: ed920bad5318ee347ad3e34dd82e273f - Path: Assets/Polytope Studio/Lowpoly_Village/Sources/Meshes/Modular/Fence/PT_Modular_Fence_Wood_01.fbx - Importer: PreviewImporter -> (ImportResultId: '8e5d58e28a209941bd8a901ce82812bb') in 0.0203338 seconds
[Worker0] MaterialLocation.External is obsolete. External Material Location is no longer supported. (Assets/Polytope Studio/Lowpoly_Environments/Sources/Meshes/Trees/PT_Fruit_Tree_01_green.fbx)
[Worker1] Imported GUID: ddcbcdd7a43212c4d86fe33f77dac074 - Path: Assets/Polytope Studio/Lowpoly_Environments/Sources/Meshes/Trees/PT_Fruit_Tree_01_dead_cut.fbx - Importer: PreviewImporter -> (ImportResultId: '4af27184db0acd9dd4d2e39335f7da75') in 0.391354 seconds
[Worker1] MaterialLocation.External is obsolete. External Material Location is no longer supported. (Assets/Polytope Studio/Lowpoly_Village/Sources/Meshes/Modular/Fence/PT_Modular_Fence_Wood_02.fbx)
[Worker2] Imported GUID: 2ec966d90911a454c9760fa28789a4f8 - Path: Assets/Polytope Studio/Lowpoly_Environments/Sources/Meshes/Mushrooms/PT_Caesars_Mushroom_01.fbx - Importer: PreviewImporter -> (ImportResultId: 'a860e3df960807d6d7574eccc985ae76') in 0.4026908 seconds
[Worker1] Imported GUID: b67d2b761d3397348831d776dbb33e03 - Path: Assets/Polytope Studio/Lowpoly_Village/Sources/Meshes/Modular/Fence/PT_Modular_Fence_Wood_02.fbx - Importer: PreviewImporter -> (ImportResultId: '5992708562a32347f21ef956542359b5') in 0.0209619 seconds
[Worker2] MaterialLocation.External is obsolete. External Material Location is no longer supported. (Assets/Polytope Studio/Lowpoly_Environments/Sources/Meshes/Trees/PT_Pine_Tree_03_stump.fbx)
[Worker2] Imported GUID: 13bd9962aed9bef41bc2dd73a559c317 - Path: Assets/Polytope Studio/Lowpoly_Environments/Sources/Meshes/Trees/PT_Pine_Tree_03_stump.fbx - Importer: PreviewImporter -> (ImportResultId: '0f6775b6a441457c25cf390264b34dd8') in 0.021892 seconds
[Worker0] Imported GUID: f222748f1796b2e49a56a2fbf7563247 - Path: Assets/Polytope Studio/Lowpoly_Environments/Sources/Meshes/Trees/PT_Fruit_Tree_01_green.fbx - Importer: PreviewImporter -> (ImportResultId: '3f24db1095064ef4d4f0a351c5a7efca') in 0.0461925 seconds
[Worker1] MaterialLocation.External is obsolete. External Material Location is no longer supported. (Assets/Polytope Studio/Lowpoly_Environments/Sources/Meshes/Plants/PT_Grass_02.fbx)
[Worker2] MaterialLocation.External is obsolete. External Material Location is no longer supported. (Assets/Polytope Studio/Lowpoly_Village/Sources/Meshes/Modular/Fence/PT_Modular_Gate_Wood_01.fbx)
[Worker0] MaterialLocation.External is obsolete. External Material Location is no longer supported. (Assets/Polytope Studio/Lowpoly_Environments/Sources/Meshes/Trees/PT_Pine_Tree_03_green.fbx)
[Worker2] Imported GUID: be10e17a73c475f41849cedee3245fd3 - Path: Assets/Polytope Studio/Lowpoly_Village/Sources/Meshes/Modular/Fence/PT_Modular_Gate_Wood_01.fbx - Importer: PreviewImporter -> (ImportResultId: 'e8b75c4fb0f95731b79c9670aa27eb49') in 0.040411 seconds
[Worker0] Imported GUID: c2dcabc4d03cc9b4098225e59529d20d - Path: Assets/Polytope Studio/Lowpoly_Environments/Sources/Meshes/Trees/PT_Pine_Tree_03_green.fbx - Importer: PreviewImporter -> (ImportResultId: '0a194dbadc302b4eb2d16a5eeaff0ce9') in 0.0437929 seconds
[Worker2] MaterialLocation.External is obsolete. External Material Location is no longer supported. (Assets/Polytope Studio/Lowpoly_Environments/Sources/Meshes/Flowers/PT_Poppy_02.fbx)
[Worker0] MaterialLocation.External is obsolete. External Material Location is no longer supported. (Assets/Polytope Studio/Lowpoly_Environments/Sources/Meshes/Rocks/PT_Ore_Rock_01_split.fbx)
[Worker3] Imported GUID: fb0559a36ae9650449b6e3c26d5076a5 - Path: Assets/Polytope Studio/Lowpoly_Environments/Sources/Meshes/Trees/PT_Fruit_Tree_01_apples.fbx - Importer: PreviewImporter -> (ImportResultId: '1b10b6899402c92811a433bad35db6a9') in 0.4883061 seconds
[Worker1] Imported GUID: 8c71f03fcb0c13644a30696cafc5cda8 - Path: Assets/Polytope Studio/Lowpoly_Environments/Sources/Meshes/Plants/PT_Grass_02.fbx - Importer: PreviewImporter -> (ImportResultId: 'fc49de13c835e16cbf438dd556cdd3dc') in 0.075602 seconds
[Worker3] MaterialLocation.External is obsolete. External Material Location is no longer supported. (Assets/Polytope Studio/Lowpoly_Village/Sources/Meshes/Modular/Bridge/PT_Wooden_Bridge_02.fbx)
[Worker1] MaterialLocation.External is obsolete. External Material Location is no longer supported. (Assets/Polytope Studio/Lowpoly_Environments/Sources/Meshes/Rocks/PT_Generic_Rock_01.fbx)
[Worker0] Imported GUID: e011a827265c38e44baeae9310a2a9e2 - Path: Assets/Polytope Studio/Lowpoly_Environments/Sources/Meshes/Rocks/PT_Ore_Rock_01_split.fbx - Importer: PreviewImporter -> (ImportResultId: '60e03b9211218b8333df8d9581e96ef8') in 0.0426845 seconds
[Worker3] Imported GUID: 06585c4a497d08f4591a54ccfdb05bcf - Path: Assets/Polytope Studio/Lowpoly_Village/Sources/Meshes/Modular/Bridge/PT_Wooden_Bridge_02.fbx - Importer: PreviewImporter -> (ImportResultId: '39424d15a90d4d4398c81c9ea3043a70') in 0.0341177 seconds
[Worker0] MaterialLocation.External is obsolete. External Material Location is no longer supported. (Assets/Polytope Studio/Lowpoly_Environments/Sources/Meshes/Rocks/PT_River_Rock_Pile_02.fbx)
[Worker3] MaterialLocation.External is obsolete. External Material Location is no longer supported. (Assets/Polytope Studio/Lowpoly_Environments/Sources/Meshes/Rocks/PT_Ore_Rock_01.fbx)
[Worker1] Imported GUID: f226223b3a11d2d4b980aaa520301583 - Path: Assets/Polytope Studio/Lowpoly_Environments/Sources/Meshes/Rocks/PT_Generic_Rock_01.fbx - Importer: PreviewImporter -> (ImportResultId: '8776857ae9c927dd8034ce8f6a82b828') in 0.0423501 seconds
[Worker1] MaterialLocation.External is obsolete. External Material Location is no longer supported. (Assets/Polytope Studio/Lowpoly_Environments/Sources/Meshes/Trees/PT_Fruit_Tree_01_pears.fbx)
[Worker0] Imported GUID: e5e1b3c0d2be60b47981235187af0936 - Path: Assets/Polytope Studio/Lowpoly_Environments/Sources/Meshes/Rocks/PT_River_Rock_Pile_02.fbx - Importer: PreviewImporter -> (ImportResultId: '9cc03053888fbe5d68e07e28b15dc248') in 0.0549326 seconds
[Worker2] Imported GUID: 5c7de3ea78afce6468d2ebe76dd0bf6d - Path: Assets/Polytope Studio/Lowpoly_Environments/Sources/Meshes/Flowers/PT_Poppy_02.fbx - Importer: PreviewImporter -> (ImportResultId: '7828544811a9eadd33cdf6d54b700b02') in 0.1120037 seconds
[Worker0] MaterialLocation.External is obsolete. External Material Location is no longer supported. (Assets/Polytope Studio/Lowpoly_Environments/Sources/Meshes/Trees/PT_Fruit_Tree_01_logs.fbx)
[Worker2] MaterialLocation.External is obsolete. External Material Location is no longer supported. (Assets/Polytope Studio/Lowpoly_Environments/Sources/Meshes/Trees/PT_Fruit_Tree_01_green_cut.fbx)
[Worker0] Imported GUID: 268a14e7ef45f1542a7d335b0a20d200 - Path: Assets/Polytope Studio/Lowpoly_Environments/Sources/Meshes/Trees/PT_Fruit_Tree_01_logs.fbx - Importer: PreviewImporter -> (ImportResultId: 'e2d25f471de49ecad1e017fbb3aa0b9b') in 0.0219716 seconds
[Worker1] Imported GUID: ab5654911e4a8494190af9551d81ea81 - Path: Assets/Polytope Studio/Lowpoly_Environments/Sources/Meshes/Trees/PT_Fruit_Tree_01_pears.fbx - Importer: PreviewImporter -> (ImportResultId: '7cc1009e218c13ce45c3bf09f549bac4') in 0.0595026 seconds
[Worker3] Imported GUID: a9129ae83f8faf646961b70c4b103833 - Path: Assets/Polytope Studio/Lowpoly_Environments/Sources/Meshes/Rocks/PT_Ore_Rock_01.fbx - Importer: PreviewImporter -> (ImportResultId: '84e1628986d408197932b6784358aa59') in 0.0728347 seconds
[Worker0] MaterialLocation.External is obsolete. External Material Location is no longer supported. (Assets/Polytope Studio/Lowpoly_Environments/Sources/Meshes/Trees/PT_Pine_Tree_03_dead.fbx)
[Worker0] Imported GUID: 021e9eaa88033da4c94bcdeddffe6562 - Path: Assets/Polytope Studio/Lowpoly_Environments/Sources/Meshes/Trees/PT_Pine_Tree_03_dead.fbx - Importer: PreviewImporter -> (ImportResultId: '0a2564b513ccee49282402e9ac3a805b') in 0.0496713 seconds
[Worker2] Imported GUID: 1500a5535a073af4797d5ba960824cb3 - Path: Assets/Polytope Studio/Lowpoly_Environments/Sources/Meshes/Trees/PT_Fruit_Tree_01_green_cut.fbx - Importer: PreviewImporter -> (ImportResultId: '4f021a4af4ae3e9147cdb3f1a8dd1018') in 0.0710826 seconds
Worker ready: AssetImportWorkerHW4 4
Worker ready: AssetImportWorkerHW5 5
[Worker4] Imported GUID: 96a08e9b3a862214b8c94c891f9b5a83 - Path: Assets/Polytope Studio/Lowpoly_Demos - Importer: PreviewImporter -> (ImportResultId: '45de257783bc10c6b40df984b6fa4abd') in 0.0126442 seconds
[Worker4] Imported GUID: 5c2928345bc8a9f4793d01e4fcd0b64d - Path: Assets/Polytope Studio/Lowpoly_Demos/Environment_Free - Importer: PreviewImporter -> (ImportResultId: 'd1615c696d3bbf6016d0468928bab802') in 0.0079113 seconds
[Worker4] Imported GUID: 290c306efce63f0419ccb2974a325792 - Path: Assets/Polytope Studio/Lowpoly_Demos/Environment_Free/Helpers - Importer: PreviewImporter -> (ImportResultId: 'ba95add45d46eeb4f544f62a197dfa24') in 0.0073231 seconds
[Worker0] Imported GUID: 53083e9d6ba91ba4cad309a95b8c8f20 - Path: Assets/Polytope Studio/Lowpoly_Demos/Environment_Free/Helpers/PT_Grass_02_v1.prefab - Importer: PreviewImporter -> (ImportResultId: 'f7f37c636207d93b08113fcd8a38cc12') in 0.0174881 seconds
[Worker1] Imported GUID: 3ade7fcf53c8246418eb3c493d6d2178 - Path: Assets/Polytope Studio/Lowpoly_Demos/Environment_Free/Helpers/PT_Grass_02_v2.prefab - Importer: PreviewImporter -> (ImportResultId: '4892948ec08ded26544367c6ac1d0ccd') in 0.0173331 seconds
[Worker3] Imported GUID: f7ce30ec9b280b34cacb1a1005349890 - Path: Assets/Polytope Studio/Lowpoly_Demos/Environment_Free/Helpers/Ground_Layer_02.terrainlayer - Importer: PreviewImporter -> (ImportResultId: '1bba970ea39f5147bf4e5ec1c1af5f88') in 0.0272439 seconds
[Worker2] Imported GUID: 52ac57c2c14c60b4d88913beb57dce00 - Path: Assets/Polytope Studio/Lowpoly_Demos/Environment_Free/Helpers/Ground_Layer_01.terrainlayer - Importer: PreviewImporter -> (ImportResultId: 'cf0f35fcb33fdb6b2b82f8c22039d160') in 0.0279259 seconds
[Worker0] Imported GUID: 33e92b212d568b844ae30511d6c23987 - Path: Assets/Polytope Studio/Lowpoly_Demos/Environment_Free/Helpers/PT_High_Grass_Mat.mat - Importer: PreviewImporter -> (ImportResultId: '0ac746540f23ffd2b30d7b515b697990') in 0.0164968 seconds
[Worker1] Imported GUID: 8ce8268a24bfebc4ca972ae10f12aece - Path: Assets/Polytope Studio/Lowpoly_Demos/Environment_Free/Helpers/PT_Grass_Mat 1.mat - Importer: PreviewImporter -> (ImportResultId: '77433fe3d9266b6a6828405a9b50f4a5') in 0.0308492 seconds
[Worker0] Imported GUID: e4f62d5abc5742c4eabbbf96fe54193c - Path: Assets/Polytope Studio/Lowpoly_Demos/Environment_Free/Helpers/PT_River_Rock_Pile_02_v1.prefab - Importer: PreviewImporter -> (ImportResultId: '6055301ebb3da8f395514e93dde4e8b9') in 0.0190689 seconds
[Worker2] Imported GUID: aa8ea3d66a87ed449832e8709ec90517 - Path: Assets/Polytope Studio/Lowpoly_Demos/Environment_Free/Helpers/PT_High_Grass_02_v1.prefab - Importer: PreviewImporter -> (ImportResultId: '6be93dcb833a31805c4e90e75692ac92') in 0.0585197 seconds
[Worker3] Imported GUID: 7917e70f5baa68944aad80732cb08b3d - Path: Assets/Polytope Studio/Lowpoly_Demos/Environment_Free/Helpers/PT_Poppy_02_v1.prefab - Importer: PreviewImporter -> (ImportResultId: 'c877f8c1fdb4050f7123e296f49dd43e') in 0.0693664 seconds
[Worker4] Imported GUID: 516f5b8c780f050499e83e3e45588ae9 - Path: Assets/Polytope Studio/Lowpoly_Demos/Environment_Free/Helpers/Fence.prefab - Importer: PreviewImporter -> (ImportResultId: '1b6354e9bf232c7d6588324e78763d88') in 0.2893631 seconds
[Worker5] Imported GUID: 4c216a70af6ef22419431af877580ddb - Path: Assets/Polytope Studio/Lowpoly_Demos/Environment_Free/Helpers/Plane mat.mat - Importer: PreviewImporter -> (ImportResultId: 'ce8f17a85e1ea9a0a976569ccd8d59b6') in 0.3316121 seconds
Could not create a custom UI for the shader 'Polytope Studio/PT_Vegetation_Plants_Shader'. The shader has the following: 'CustomEditor = ASEMaterialInspector'. Does the custom editor specified include its namespace? And does the class either derive from ShaderGUI or MaterialEditor?
UnityEngine.Debug:ExtractStackTraceNoAlloc (byte*,int,string)
UnityEngine.StackTraceUtility:ExtractStackTrace ()
UnityEngine.DebugLogHandler:Internal_Log (UnityEngine.LogType,UnityEngine.LogOption,string,UnityEngine.Object)
UnityEngine.DebugLogHandler:LogFormat (UnityEngine.LogType,UnityEngine.Object,string,object[])
UnityEngine.Logger:LogFormat (UnityEngine.LogType,string,object[])
UnityEngine.Debug:LogWarningFormat (string,object[])
UnityEditor.MaterialEditor:CheckSetup ()
UnityEditor.MaterialEditor:OnInspectorGUI ()
UnityEditor.UIElements.InspectorElement/<>c__DisplayClass88_0:<CreateInspectorElementUsingIMGUI>b__2 ()
UnityEngine.UIElements.IMGUIContainer:DoOnGUI (UnityEngine.Event,UnityEngine.Matrix4x4,UnityEngine.Rect,bool,UnityEngine.Rect,System.Action,bool)
UnityEngine.UIElements.IMGUIContainer:DoMeasure (single,UnityEngine.UIElements.VisualElement/MeasureMode,single,UnityEngine.UIElements.VisualElement/MeasureMode)
UnityEngine.UIElements.VisualElement:Measure (UnityEngine.UIElements.Layout.LayoutNode&,single,UnityEngine.UIElements.Layout.LayoutMeasureMode,single,UnityEngine.UIElements.Layout.LayoutMeasureMode,UnityEngine.UIElements.Layout.LayoutSize&)
UnityEngine.UIElements.Layout.LayoutDelegates:InvokeMeasureFunction (UnityEngine.UIElements.Layout.LayoutNode&,single,UnityEngine.UIElements.Layout.LayoutMeasureMode,single,UnityEngine.UIElements.Layout.LayoutMeasureMode,intptr&,UnityEngine.UIElements.Layout.LayoutSize&)
UnityEngine.UIElements.Layout.LayoutProcessorNative:UnityEngine.UIElements.Layout.ILayoutProcessor.CalculateLayout (UnityEngine.UIElements.Layout.LayoutNode,single,single,UnityEngine.UIElements.Layout.LayoutDirection)
UnityEngine.UIElements.Layout.LayoutProcessor:CalculateLayout (UnityEngine.UIElements.Layout.LayoutNode,single,single,UnityEngine.UIElements.Layout.LayoutDirection)
UnityEngine.UIElements.Layout.LayoutNode:CalculateLayout (single,single)
UnityEngine.UIElements.VisualTreeLayoutUpdater:Update ()
UnityEngine.UIElements.VisualTreeUpdater:UpdateVisualTreePhase (UnityEngine.UIElements.VisualTreeUpdatePhase)
UnityEngine.UIElements.Panel:UpdateForRepaint ()
UnityEditor.UIElements.EditorPanel:UpdateForRepaint ()
UnityEngine.UIElements.Panel:Repaint ()
UnityEditor.UIElements.EditorEventDispatchUtility:DoDispatch (UnityEngine.UIElements.BaseVisualElementPanel,UnityEngine.Event)
UnityEditor.UIElements.DefaultWindowBackend:ProcessEvent (UnityEngine.Event)
UnityEditor.GUIView:ProcessEvent (UnityEngine.EntityId,intptr,bool&)

[Worker4] Imported GUID: b458cb1c79cb9894196830046f2621fa - Path: Assets/Polytope Studio/Lowpoly_Environments/Sources/Textures/PT_Grass_High_01.png - Importer: PreviewImporter -> (ImportResultId: '941d6c4d8dd706125289c119a6ed9150') in 0.0292766 seconds
TrimDiskCacheJob: Current cache size 0mb
MaterialLocation.External is obsolete. External Material Location is no longer supported. (Assets/Polytope Studio/Lowpoly_Environments/Sources/Meshes/Trees/PT_Fruit_Tree_01_green_cut.fbx)
MaterialLocation.External is obsolete. External Material Location is no longer supported. (Assets/Polytope Studio/Lowpoly_Environments/Sources/Meshes/Trees/PT_Pine_Tree_03_dead_cut.fbx)
Request Asset Garbage Collect because used heap size increased from 472.8 MB to 0.72 GB, exceeding the threshold of 256.0 MB.
Unloading 72 Unused Serialized files (Serialized files now loaded: 0)
Unloading 140 unused Assets / (6.5 MB). Loaded Objects now: 9205.
Memory consumption went from 0.71 GB to 0.70 GB.
Total: 11.898900 ms (FindLiveObjects: 0.648500 ms CreateObjectMapping: 0.251500 ms MarkObjects: 8.912400 ms  DeleteObjects: 1.831100 ms)

MaterialLocation.External is obsolete. External Material Location is no longer supported. (Assets/Polytope Studio/Lowpoly_Environments/Sources/Meshes/Trees/PT_Pine_Tree_03_dead_cut.fbx)
[Worker4] Imported GUID: 5228c984e5be7284d8d83c18096254dd - Path: Assets/Polytope Studio/Lowpoly_Environments/Prefabs/Mushrooms/PT_Caesars_Mushroom_01.prefab - Importer: PreviewImporter -> (ImportResultId: '2ca32fbad21f96f2c674a9c38813be7c') in 0.0172904 seconds
[Worker4] Imported GUID: c6a512d95615f534cbe31aba1aaa354c - Path: Assets/Polytope Studio/Lowpoly_Environments/Prefabs/Trees/PT_Fruit_Tree_01_dead.prefab - Importer: PreviewImporter -> (ImportResultId: '0f2f21c6bdf0e652eea51fa986edd5de') in 0.0140146 seconds
[Worker5] Imported GUID: e05ae677c7b3bc546bd36b488586fb0c - Path: Assets/Polytope Studio/Lowpoly_Environments/Prefabs/Trees/PT_Fruit_Tree_01_apples.prefab - Importer: PreviewImporter -> (ImportResultId: '4ca181bacefe8bc59088fa55300f1ba7') in 0.0371851 seconds
[Worker4] Imported GUID: 66d0615cc71cd48408b75ff3f99c97af - Path: Assets/Polytope Studio/Lowpoly_Environments/Prefabs/Trees/PT_Fruit_Tree_01_dead_cut.prefab - Importer: PreviewImporter -> (ImportResultId: 'fcda5d72adf639a7fb5e5a3faad79f1f') in 0.0148474 seconds
[Worker4] Imported GUID: c31bf8ec8e29cd74f9fb9a970fde7a53 - Path: Assets/Polytope Studio/Lowpoly_Environments/Prefabs/Trees/PT_Fruit_Tree_01_green.prefab - Importer: PreviewImporter -> (ImportResultId: '136f1f00c680cc754f28a5d00bc4f4b0') in 0.0173917 seconds
[Worker4] Imported GUID: c0fdfdeafe3a1404a8766f946dd531d0 - Path: Assets/Polytope Studio/Lowpoly_Environments/Prefabs/Trees/PT_Fruit_Tree_01_green_cut.prefab - Importer: PreviewImporter -> (ImportResultId: '4f8c0f5b3ff3685819542564e7370c70') in 0.0153558 seconds
[Worker4] Imported GUID: c0c32672766a81647b04690fc9ed3595 - Path: Assets/Polytope Studio/Lowpoly_Environments/Prefabs/Trees/PT_Fruit_Tree_01_logs.prefab - Importer: PreviewImporter -> (ImportResultId: 'e2d4bfe94856ba6e39d075de5862ee9f') in 0.014485 seconds
[Worker4] Imported GUID: b62637568d07eb141b948ab45ea8c3d4 - Path: Assets/Polytope Studio/Lowpoly_Environments/Prefabs/Trees/PT_Fruit_Tree_01_pears.prefab - Importer: PreviewImporter -> (ImportResultId: 'ecfa4e36f68974588b5e6882de1566ab') in 0.0158114 seconds
[Worker4] Imported GUID: 367ab66e2689a8345a8fb8fd14a4f90c - Path: Assets/Polytope Studio/Lowpoly_Environments/Prefabs/Trees/PT_Fruit_Tree_01_plums.prefab - Importer: PreviewImporter -> (ImportResultId: 'b66abbebd9bf6393b068184117f8219a') in 0.0172643 seconds
[Worker5] Imported GUID: fb070a2d31206d9499ecc8a77be0ebf0 - Path: Assets/Polytope Studio/Lowpoly_Environments/Prefabs/Trees/PT_Fruit_Tree_01_stump.prefab - Importer: PreviewImporter -> (ImportResultId: '44260e966817f8d4396b2e55d5a75261') in 0.0155416 seconds
[Worker4] Imported GUID: 58cd8dc8c2359174baa15aa31e302c8b - Path: Assets/Polytope Studio/Lowpoly_Environments/Prefabs/Rocks/PT_Generic_Rock_01.prefab - Importer: PreviewImporter -> (ImportResultId: 'b5d4061127610199e9244a6bf0be1273') in 0.0190621 seconds
[Worker4] Imported GUID: 8cf2966042f7c2f44ac97cda7cc59eff - Path: Assets/Polytope Studio/Lowpoly_Environments/Prefabs/Shrubs/PT_Generic_Shrub_01_dead.prefab - Importer: PreviewImporter -> (ImportResultId: '6cb4006a54dd588f1ed6c40bdfe6911a') in 0.0140123 seconds
[Worker4] Imported GUID: ef8374d642969b14baa54045236c5fb0 - Path: Assets/Polytope Studio/Lowpoly_Environments/Prefabs/Shrubs/PT_Generic_Shrub_01_green.prefab - Importer: PreviewImporter -> (ImportResultId: 'de34fa0ad91bbf59bc4de8120f7662d9') in 0.0200285 seconds
Importing 'GUID: 00000000000000009000000000000000 - Path: ProjectSettings/QualitySettings.asset' with importer (LibraryAssetImporter)
Imported 'GUID: 00000000000000009000000000000000' -> (Import Result ID: '8151b601d05d3e12de314c2aa1f82962') in 0.001 seconds [static dependencies only]. Details - ImportResultOutputID=2a108b3da874f726c62fbe5f12be4a8a DependenciesID=6180c49ef29638684367d2893c04e070 StaticDependenciesID=5b19720d9149525484b40148944c8e26 
Importing 'GUID: a3da565160a7367429bc2fd058201787 - Path: Assets/New Terrain.asset' with importer (NativeFormatImporter)
Imported 'GUID: a3da565160a7367429bc2fd058201787' -> (Import Result ID: '67fad3a4ad70005d1e54f93c1247deca') in 0.001 seconds [static dependencies only]. Details - ImportResultOutputID=9167deb9f2db7403b81a30efa77e0b45 DependenciesID=12e1da0861d5396ce23519497a273296 StaticDependenciesID=67cbb1e123d94417c8ad94291c31389d 
Asset Pipeline Refresh (id=7a6bf74fd006b2e42b8bb620cb5d2956): Total: 0.036 seconds - Initiated by StopAssetImportingV2(NoUpdateAssetOptions)
Importing 'GUID: 99c9720ab356a0642a771bea13969a05 - Path: Assets/Scenes/SampleScene.unity' with importer (DefaultImporter)
Imported 'GUID: 99c9720ab356a0642a771bea13969a05' -> (Import Result ID: 'cbeb7838badab8e1030913f30378aede') in 0.001 seconds [static dependencies only]. Details - ImportResultOutputID=b4491ddbae88a879b6308480a6079ca7 DependenciesID=b12a4479dc9086c55e0e52fb73fadc7b StaticDependenciesID=1da2992115ee9d36beac481125899795 
Asset Pipeline Refresh (id=e293d33dc9aea244480141ea1e4cbab8): Total: 0.025 seconds - Initiated by StopAssetImportingV2(NoUpdateAssetOptions)
[Worker4] Imported GUID: 99c9720ab356a0642a771bea13969a05 - Path: Assets/Scenes/SampleScene.unity - Importer: ScriptedImporter/UnityEditor.QuickSearchModule:UnityEditor.Search:ASIAI0B -> (ImportResultId: '6cee6aa2692dc09718b5c3479e045c2e') in 0.0511019 seconds
[Worker5] Imported GUID: a3da565160a7367429bc2fd058201787 - Path: Assets/New Terrain.asset - Importer: ScriptedImporter/UnityEditor.QuickSearchModule:UnityEditor.Search:ASIAI0B -> (ImportResultId: 'e1d98fa7a2afe6a8d5e2e9020a6b1b86') in 0.0740712 seconds
Asset Pipeline Refresh (id=ebaf3f57d03d5a74f8f318663fe1be12): Total: 0.008 seconds - Initiated by RefreshV2(AllowForceSynchronousImport)
MonoPathRemapper: Attempts to remap: 36206; Successful remaps: 18958
Serialized file version minimum: 22, current 23
[LAYOUT] About to save layout C:\Users\Vili\Desktop\github\Grass-Cutting-Simulator\Grass Cutting Simulator\UserSettings\Layouts\default-6000.dwlt
[LAYOUT] About to save layout C:/Users/Vili/AppData/Roaming/Unity/Editor-5.x/Preferences\Layouts\current\default-6000.dwlt
GPU Resident Drawer disposed.
Input System module state changed to: ShutdownInProgress.
Input Polling Thread exited.
Input System module state changed to: Shutdown.
[Physics::Module] Cleanup current backend.
[Physics::Module] Id: 0xf2b8ea05
[Licensing::IpcConnector] LicenseClient-Vili-6000.6.3-notifications channel disconnected successfully.
[Licensing::IpcConnector] LicenseClient-Vili-6000.6.3 channel disconnected successfully.
Shut down.
Lingering sessions upon destruction of worker manager
Unity Data Store service was successfully shut down
UDS shutting down local client system
Shut down UDS service system complete
AcceleratorClientConnectionCallback - disconnected - :0
Cleanup mono
CodeReloadManager destroyed
abort_threads: Failed aborting id: 0000000000007900, mono_thread_manage will ignore it

abort_threads: Failed aborting id: 0000000000004CE8, mono_thread_manage will ignore it

abort_threads: Failed aborting id: 0000000000007900, mono_thread_manage will ignore it

abort_threads: Failed aborting id: 0000000000004CE8, mono_thread_manage will ignore it

debugger-agent: Unable to listen on 4556
VBCSCompilerPreWarmer: requested VBCSCompiler shutdown
Checking for leaked weakptr:
  Found no leaked weakptrs.
[Package Manager] Server process was shutdown
##utp:{"type":"MemoryLeaks","version":2,"phase":"Immediate","time":1790875715181,"processId":21032,"allocatedMemory":22205210,"memoryLabels":[{"Default":225020},{"Permanent":15516},{"NewDelete":75033},{"Thread":4197984},{"Manager":2340797},{"VertexData":8},{"Geometry":816},{"Shader":859617},{"Material":68},{"TextureCache":12160},{"GfxDevice":55968},{"Animation":952},{"Audio":984},{"FreeType":8},{"FontEngine":736},{"Physics":1970},{"Physics2D":16},{"Serialization":33688},{"Input":45280},{"JobScheduler":256},{"TextLib":27478},{"Mono":48},{"MonoCode":64},{"ScriptingNativeRuntime":1304736},{"BaseObject":46608},{"Resource":1252},{"Renderer":2384},{"Transform":4685},{"File":51988},{"WebCam":616},{"Culling":32},{"Terrain":11442},{"Wind":24},{"STL":40},{"String":972871},{"StaticString":3808},{"Utility":2675495},{"PoolAlloc":2840},{"AI":80},{"TypeTree":14869},{"ScriptManager":12656},{"CodeReload":448},{"RuntimeInitializeOnLoadManager":64},{"Sprites":102},{"SpriteAtlas":120},{"GI":7816},{"Director":8296},{"CloudService":7584},{"WebRequest":15626},{"VR":49650},{"SceneManager":608},{"Video":208},{"LazyScriptCache":32},{"NativeArray":540},{"Camera":729},{"Secure":265},{"SerializationCache":9256},{"APIUpdating":10320},{"Subsystems":336},{"VirtualTexturing":57888},{"StaticSafetyDebugInfo":278528},{"Analytics":592},{"Hierarchy":1188},{"UIElements":40},{"CoreStats":14456},{"Identifiers":7152},{"Gui":268482},{"EditorUtility":3744551},{"VersionControl":8},{"Undo":931},{"AssetDatabase":4678133},{"AssetImporter":40},{"EditorGi":328},{"UnityConnect":37750},{"Upm":1988},{"UpmDiagnostics":8},{"AssetCompliance":96},{"DrivenProperties":72},{"LocalIPC":210},{"ProfilerEditor":9746},{"CoreBusinessMetrics":3598},{"Windowing":456},{"Licensing":696},{"AssetReference":32},{"IPCStream":32}]}
